protein_name,mutations,model_prediction
aligned_single_processed_HA,wt,-0.0
aligned_single_processed_HA,M1A,1.8024178
aligned_single_processed_HA,M1C,1.8647118
aligned_single_processed_HA,M1D,1.4852219
aligned_single_processed_HA,M1E,1.774765
aligned_single_processed_HA,M1F,1.5343094
aligned_single_processed_HA,M1G,1.5869789
aligned_single_processed_HA,M1H,1.6232376
aligned_single_processed_HA,M1I,1.6281891
aligned_single_processed_HA,M1K,1.9534492
aligned_single_processed_HA,M1L,1.7655754
aligned_single_processed_HA,M1N,1.8873329
aligned_single_processed_HA,M1P,1.9411697
aligned_single_processed_HA,M1Q,1.8873062
aligned_single_processed_HA,M1R,1.7601204
aligned_single_processed_HA,M1S,1.6910744
aligned_single_processed_HA,M1T,1.713314
aligned_single_processed_HA,M1V,1.5243874
aligned_single_processed_HA,M1W,1.8255043
aligned_single_processed_HA,M1Y,1.7089005
aligned_single_processed_HA,K2A,1.2241402
aligned_single_processed_HA,K2C,1.568821
aligned_single_processed_HA,K2D,1.209713
aligned_single_processed_HA,K2E,0.6175766
aligned_single_processed_HA,K2F,1.1765022
aligned_single_processed_HA,K2G,1.3195267
aligned_single_processed_HA,K2H,1.7515717
aligned_single_processed_HA,K2I,1.1651306
aligned_single_processed_HA,K2L,1.4336319
aligned_single_processed_HA,K2M,1.1886787
aligned_single_processed_HA,K2N,1.2792587
aligned_single_processed_HA,K2P,1.4252167
aligned_single_processed_HA,K2Q,1.3581047
aligned_single_processed_HA,K2R,0.84664536
aligned_single_processed_HA,K2S,1.2133675
aligned_single_processed_HA,K2T,1.2074661
aligned_single_processed_HA,K2V,1.474617
aligned_single_processed_HA,K2W,1.4639015
aligned_single_processed_HA,K2Y,1.3880272
aligned_single_processed_HA,A3C,1.9106979
aligned_single_processed_HA,A3D,1.5293236
aligned_single_processed_HA,A3E,1.9484787
aligned_single_processed_HA,A3F,1.8689842
aligned_single_processed_HA,A3G,1.639637
aligned_single_processed_HA,A3H,2.082489
aligned_single_processed_HA,A3I,1.3742065
aligned_single_processed_HA,A3K,1.7016602
aligned_single_processed_HA,A3L,1.8078308
aligned_single_processed_HA,A3M,1.6589737
aligned_single_processed_HA,A3N,2.0677986
aligned_single_processed_HA,A3P,1.9795799
aligned_single_processed_HA,A3Q,1.767662
aligned_single_processed_HA,A3R,1.7481918
aligned_single_processed_HA,A3S,1.9174232
aligned_single_processed_HA,A3T,1.1521492
aligned_single_processed_HA,A3V,1.7717896
aligned_single_processed_HA,A3W,1.8824463
aligned_single_processed_HA,A3Y,1.9383659
aligned_single_processed_HA,K4A,0.7328377
aligned_single_processed_HA,K4C,1.2124443
aligned_single_processed_HA,K4D,0.9276047
aligned_single_processed_HA,K4E,1.0238495
aligned_single_processed_HA,K4F,1.0999489
aligned_single_processed_HA,K4G,0.91939545
aligned_single_processed_HA,K4H,1.0879173
aligned_single_processed_HA,K4I,0.061367035
aligned_single_processed_HA,K4L,0.78923416
aligned_single_processed_HA,K4M,1.2079468
aligned_single_processed_HA,K4N,0.7014084
aligned_single_processed_HA,K4P,0.9410782
aligned_single_processed_HA,K4Q,0.6729622
aligned_single_processed_HA,K4R,0.58852386
aligned_single_processed_HA,K4S,0.8531532
aligned_single_processed_HA,K4T,0.58929443
aligned_single_processed_HA,K4V,1.0391731
aligned_single_processed_HA,K4W,1.1576042
aligned_single_processed_HA,K4Y,1.0062485
aligned_single_processed_HA,L5A,1.7600479
aligned_single_processed_HA,L5C,1.7416229
aligned_single_processed_HA,L5D,1.8223991
aligned_single_processed_HA,L5E,1.4964676
aligned_single_processed_HA,L5F,1.4076042
aligned_single_processed_HA,L5G,1.7079277
aligned_single_processed_HA,L5H,1.6776123
aligned_single_processed_HA,L5I,0.839489
aligned_single_processed_HA,L5K,1.7201767
aligned_single_processed_HA,L5M,1.2975769
aligned_single_processed_HA,L5N,1.6231232
aligned_single_processed_HA,L5P,1.4792862
aligned_single_processed_HA,L5Q,1.7421265
aligned_single_processed_HA,L5R,1.4241066
aligned_single_processed_HA,L5S,1.399353
aligned_single_processed_HA,L5T,1.298378
aligned_single_processed_HA,L5V,1.5407944
aligned_single_processed_HA,L5W,1.7335548
aligned_single_processed_HA,L5Y,1.658287
aligned_single_processed_HA,L6A,1.360775
aligned_single_processed_HA,L6C,1.607624
aligned_single_processed_HA,L6D,1.5312157
aligned_single_processed_HA,L6E,1.6269608
aligned_single_processed_HA,L6F,1.3228302
aligned_single_processed_HA,L6G,1.5793839
aligned_single_processed_HA,L6H,1.7422523
aligned_single_processed_HA,L6I,1.2178955
aligned_single_processed_HA,L6K,1.757164
aligned_single_processed_HA,L6M,1.267765
aligned_single_processed_HA,L6N,1.352787
aligned_single_processed_HA,L6P,1.7927666
aligned_single_processed_HA,L6Q,1.6553574
aligned_single_processed_HA,L6R,1.5733871
aligned_single_processed_HA,L6S,1.6079025
aligned_single_processed_HA,L6T,1.4214325
aligned_single_processed_HA,L6V,1.4046516
aligned_single_processed_HA,L6W,1.6245422
aligned_single_processed_HA,L6Y,1.6822662
aligned_single_processed_HA,V7A,1.3617821
aligned_single_processed_HA,V7C,1.6022911
aligned_single_processed_HA,V7D,1.5017357
aligned_single_processed_HA,V7E,1.5510712
aligned_single_processed_HA,V7F,1.4664383
aligned_single_processed_HA,V7G,1.4690819
aligned_single_processed_HA,V7H,1.5859833
aligned_single_processed_HA,V7I,0.36580276
aligned_single_processed_HA,V7K,1.5646896
aligned_single_processed_HA,V7L,1.1166534
aligned_single_processed_HA,V7M,1.3946724
aligned_single_processed_HA,V7N,1.1320572
aligned_single_processed_HA,V7P,1.6122627
aligned_single_processed_HA,V7Q,1.5542984
aligned_single_processed_HA,V7R,1.3917999
aligned_single_processed_HA,V7S,1.4893913
aligned_single_processed_HA,V7T,1.2947426
aligned_single_processed_HA,V7W,1.5657501
aligned_single_processed_HA,V7Y,1.3715324
aligned_single_processed_HA,L8A,1.5844116
aligned_single_processed_HA,L8C,1.7924461
aligned_single_processed_HA,L8D,1.6605072
aligned_single_processed_HA,L8E,1.7512741
aligned_single_processed_HA,L8F,1.5822067
aligned_single_processed_HA,L8G,1.5620651
aligned_single_processed_HA,L8H,1.8183289
aligned_single_processed_HA,L8I,1.3995667
aligned_single_processed_HA,L8K,1.5557251
aligned_single_processed_HA,L8M,1.5366173
aligned_single_processed_HA,L8N,1.3986397
aligned_single_processed_HA,L8P,1.6700287
aligned_single_processed_HA,L8Q,1.3429527
aligned_single_processed_HA,L8R,1.6820908
aligned_single_processed_HA,L8S,1.5188141
aligned_single_processed_HA,L8T,1.4914398
aligned_single_processed_HA,L8V,1.2772522
aligned_single_processed_HA,L8W,1.7962036
aligned_single_processed_HA,L8Y,1.6303177
aligned_single_processed_HA,L9A,1.4537239
aligned_single_processed_HA,L9C,1.6542015
aligned_single_processed_HA,L9D,1.6007195
aligned_single_processed_HA,L9E,1.3929634
aligned_single_processed_HA,L9F,0.62273407
aligned_single_processed_HA,L9G,1.4153557
aligned_single_processed_HA,L9H,1.6076355
aligned_single_processed_HA,L9I,1.277916
aligned_single_processed_HA,L9K,1.6410942
aligned_single_processed_HA,L9M,1.1338997
aligned_single_processed_HA,L9N,1.5860405
aligned_single_processed_HA,L9P,1.4699326
aligned_single_processed_HA,L9Q,1.5250778
aligned_single_processed_HA,L9R,1.3943901
aligned_single_processed_HA,L9S,1.523346
aligned_single_processed_HA,L9T,1.221508
aligned_single_processed_HA,L9V,1.5145035
aligned_single_processed_HA,L9W,1.5387917
aligned_single_processed_HA,L9Y,1.5646057
aligned_single_processed_HA,Y10A,0.019527435
aligned_single_processed_HA,Y10C,-1.4376907
aligned_single_processed_HA,Y10D,-0.047893524
aligned_single_processed_HA,Y10E,0.01777649
aligned_single_processed_HA,Y10F,0.14194107
aligned_single_processed_HA,Y10G,0.13338089
aligned_single_processed_HA,Y10H,0.20778656
aligned_single_processed_HA,Y10I,-0.034053802
aligned_single_processed_HA,Y10K,0.3867035
aligned_single_processed_HA,Y10L,-0.23463821
aligned_single_processed_HA,Y10M,0.057357788
aligned_single_processed_HA,Y10N,0.31569672
aligned_single_processed_HA,Y10P,0.34659576
aligned_single_processed_HA,Y10Q,0.11750412
aligned_single_processed_HA,Y10R,0.13830566
aligned_single_processed_HA,Y10S,0.09693146
aligned_single_processed_HA,Y10T,0.10286713
aligned_single_processed_HA,Y10V,0.1820755
aligned_single_processed_HA,Y10W,0.3354149
aligned_single_processed_HA,A11C,1.5633507
aligned_single_processed_HA,A11D,1.1393547
aligned_single_processed_HA,A11E,1.0498009
aligned_single_processed_HA,A11F,1.5476608
aligned_single_processed_HA,A11G,1.2591896
aligned_single_processed_HA,A11H,1.2741508
aligned_single_processed_HA,A11I,1.2987251
aligned_single_processed_HA,A11K,1.210762
aligned_single_processed_HA,A11L,1.0668297
aligned_single_processed_HA,A11M,0.73487854
aligned_single_processed_HA,A11N,1.2400017
aligned_single_processed_HA,A11P,1.5374107
aligned_single_processed_HA,A11Q,1.2708168
aligned_single_processed_HA,A11R,1.1191864
aligned_single_processed_HA,A11S,1.0739326
aligned_single_processed_HA,A11T,0.46204376
aligned_single_processed_HA,A11V,1.0772705
aligned_single_processed_HA,A11W,1.378006
aligned_single_processed_HA,A11Y,1.3602905
aligned_single_processed_HA,F12A,0.43606186
aligned_single_processed_HA,F12C,1.1389275
aligned_single_processed_HA,F12D,1.0009232
aligned_single_processed_HA,F12E,1.2902908
aligned_single_processed_HA,F12G,1.0450516
aligned_single_processed_HA,F12H,1.0404205
aligned_single_processed_HA,F12I,0.4222641
aligned_single_processed_HA,F12K,0.91477966
aligned_single_processed_HA,F12L,-0.1630249
aligned_single_processed_HA,F12M,0.7129135
aligned_single_processed_HA,F12N,0.7706032
aligned_single_processed_HA,F12P,1.0343285
aligned_single_processed_HA,F12Q,1.2288437
aligned_single_processed_HA,F12R,0.9143257
aligned_single_processed_HA,F12S,0.89222336
aligned_single_processed_HA,F12T,1.0798912
aligned_single_processed_HA,F12V,0.5874481
aligned_single_processed_HA,F12W,0.9841652
aligned_single_processed_HA,F12Y,0.77189255
aligned_single_processed_HA,V13A,-0.93971634
aligned_single_processed_HA,V13C,0.47462845
aligned_single_processed_HA,V13D,0.09805679
aligned_single_processed_HA,V13E,0.6600418
aligned_single_processed_HA,V13F,0.3780403
aligned_single_processed_HA,V13G,0.37759018
aligned_single_processed_HA,V13H,0.38634872
aligned_single_processed_HA,V13I,0.12459564
aligned_single_processed_HA,V13K,0.5284996
aligned_single_processed_HA,V13L,0.27776718
aligned_single_processed_HA,V13M,0.5147629
aligned_single_processed_HA,V13N,0.32239532
aligned_single_processed_HA,V13P,0.66695786
aligned_single_processed_HA,V13Q,0.641304
aligned_single_processed_HA,V13R,0.2838745
aligned_single_processed_HA,V13S,-0.43191147
aligned_single_processed_HA,V13T,0.09371948
aligned_single_processed_HA,V13W,0.5568886
aligned_single_processed_HA,V13Y,0.33567047
aligned_single_processed_HA,A14C,1.6825294
aligned_single_processed_HA,A14D,1.5946045
aligned_single_processed_HA,A14E,1.3631172
aligned_single_processed_HA,A14F,1.6425629
aligned_single_processed_HA,A14G,1.564846
aligned_single_processed_HA,A14H,1.7117043
aligned_single_processed_HA,A14I,1.4771118
aligned_single_processed_HA,A14K,1.2133827
aligned_single_processed_HA,A14L,1.6504593
aligned_single_processed_HA,A14M,1.6353226
aligned_single_processed_HA,A14N,1.4080505
aligned_single_processed_HA,A14P,1.634079
aligned_single_processed_HA,A14Q,1.4508171
aligned_single_processed_HA,A14R,1.5906372
aligned_single_processed_HA,A14S,1.0712624
aligned_single_processed_HA,A14T,1.3136749
aligned_single_processed_HA,A14V,1.1651878
aligned_single_processed_HA,A14W,1.8796043
aligned_single_processed_HA,A14Y,1.6524811
aligned_single_processed_HA,T15A,-0.0035247803
aligned_single_processed_HA,T15C,1.1441765
aligned_single_processed_HA,T15D,0.88157654
aligned_single_processed_HA,T15E,1.1089668
aligned_single_processed_HA,T15F,1.2026176
aligned_single_processed_HA,T15G,0.99741745
aligned_single_processed_HA,T15H,0.9730072
aligned_single_processed_HA,T15I,0.5498314
aligned_single_processed_HA,T15K,0.97281265
aligned_single_processed_HA,T15L,0.77228165
aligned_single_processed_HA,T15M,0.7370224
aligned_single_processed_HA,T15N,0.7892227
aligned_single_processed_HA,T15P,1.102314
aligned_single_processed_HA,T15Q,1.3333893
aligned_single_processed_HA,T15R,0.8979416
aligned_single_processed_HA,T15S,0.76057434
aligned_single_processed_HA,T15V,0.6588135
aligned_single_processed_HA,T15W,1.0588646
aligned_single_processed_HA,T15Y,1.0567131
aligned_single_processed_HA,D16A,0.6588516
aligned_single_processed_HA,D16C,1.1680489
aligned_single_processed_HA,D16E,0.6855583
aligned_single_processed_HA,D16F,0.9784508
aligned_single_processed_HA,D16G,0.9264183
aligned_single_processed_HA,D16H,0.9720421
aligned_single_processed_HA,D16I,0.8792572
aligned_single_processed_HA,D16K,0.52786255
aligned_single_processed_HA,D16L,1.1116486
aligned_single_processed_HA,D16M,0.9958153
aligned_single_processed_HA,D16N,0.28657532
aligned_single_processed_HA,D16P,0.9686737
aligned_single_processed_HA,D16Q,0.8540611
aligned_single_processed_HA,D16R,0.8506088
aligned_single_processed_HA,D16S,0.6280365
aligned_single_processed_HA,D16T,0.8620186
aligned_single_processed_HA,D16V,0.7654114
aligned_single_processed_HA,D16W,0.85341644
aligned_single_processed_HA,D16Y,0.429142
aligned_single_processed_HA,A17C,1.7536507
aligned_single_processed_HA,A17D,1.6477509
aligned_single_processed_HA,A17E,1.6883736
aligned_single_processed_HA,A17F,1.7857704
aligned_single_processed_HA,A17G,1.5132294
aligned_single_processed_HA,A17H,1.8332329
aligned_single_processed_HA,A17I,1.8737373
aligned_single_processed_HA,A17K,1.7212563
aligned_single_processed_HA,A17L,1.8151093
aligned_single_processed_HA,A17M,1.9781227
aligned_single_processed_HA,A17N,1.7126236
aligned_single_processed_HA,A17P,1.7765312
aligned_single_processed_HA,A17Q,1.7844849
aligned_single_processed_HA,A17R,1.5909843
aligned_single_processed_HA,A17S,1.7234802
aligned_single_processed_HA,A17T,1.2681236
aligned_single_processed_HA,A17V,1.6249809
aligned_single_processed_HA,A17W,1.6461258
aligned_single_processed_HA,A17Y,1.9413452
aligned_single_processed_HA,D18A,1.6856117
aligned_single_processed_HA,D18C,1.7194862
aligned_single_processed_HA,D18E,1.7134438
aligned_single_processed_HA,D18F,1.5805206
aligned_single_processed_HA,D18G,1.4971199
aligned_single_processed_HA,D18H,1.8374939
aligned_single_processed_HA,D18I,1.7398834
aligned_single_processed_HA,D18K,1.8058052
aligned_single_processed_HA,D18L,1.8677979
aligned_single_processed_HA,D18M,1.9167938
aligned_single_processed_HA,D18N,1.4815025
aligned_single_processed_HA,D18P,1.792717
aligned_single_processed_HA,D18Q,2.1898193
aligned_single_processed_HA,D18R,2.0409508
aligned_single_processed_HA,D18S,1.8530006
aligned_single_processed_HA,D18T,1.6691246
aligned_single_processed_HA,D18V,1.8770027
aligned_single_processed_HA,D18W,1.6328354
aligned_single_processed_HA,D18Y,1.9433403
aligned_single_processed_HA,T19A,1.8492699
aligned_single_processed_HA,T19C,1.9599991
aligned_single_processed_HA,T19D,1.8298645
aligned_single_processed_HA,T19E,1.9013863
aligned_single_processed_HA,T19F,1.749382
aligned_single_processed_HA,T19G,1.8210335
aligned_single_processed_HA,T19H,2.0069542
aligned_single_processed_HA,T19I,1.4274635
aligned_single_processed_HA,T19K,1.6517792
aligned_single_processed_HA,T19L,1.8179855
aligned_single_processed_HA,T19M,1.6616783
aligned_single_processed_HA,T19N,1.8386154
aligned_single_processed_HA,T19P,1.9052238
aligned_single_processed_HA,T19Q,1.8661957
aligned_single_processed_HA,T19R,1.7593117
aligned_single_processed_HA,T19S,1.751358
aligned_single_processed_HA,T19V,1.9463043
aligned_single_processed_HA,T19W,1.8354492
aligned_single_processed_HA,T19Y,1.7336311
aligned_single_processed_HA,I20A,1.8102531
aligned_single_processed_HA,I20C,2.101307
aligned_single_processed_HA,I20D,1.9275551
aligned_single_processed_HA,I20E,1.8788872
aligned_single_processed_HA,I20F,2.002304
aligned_single_processed_HA,I20G,1.9772453
aligned_single_processed_HA,I20H,2.068615
aligned_single_processed_HA,I20K,1.8821602
aligned_single_processed_HA,I20L,1.447506
aligned_single_processed_HA,I20M,1.9532967
aligned_single_processed_HA,I20N,1.8370438
aligned_single_processed_HA,I20P,1.8095741
aligned_single_processed_HA,I20Q,2.1708336
aligned_single_processed_HA,I20R,1.7424927
aligned_single_processed_HA,I20S,2.1903725
aligned_single_processed_HA,I20T,1.7900391
aligned_single_processed_HA,I20V,1.5508575
aligned_single_processed_HA,I20W,1.8797646
aligned_single_processed_HA,I20Y,1.7387314
aligned_single_processed_HA,C21A,2.2931824
aligned_single_processed_HA,C21D,1.9815369
aligned_single_processed_HA,C21E,2.081932
aligned_single_processed_HA,C21F,1.9351311
aligned_single_processed_HA,C21G,2.1159897
aligned_single_processed_HA,C21H,2.055481
aligned_single_processed_HA,C21I,1.9663544
aligned_single_processed_HA,C21K,1.9118233
aligned_single_processed_HA,C21L,2.2701569
aligned_single_processed_HA,C21M,2.0224
aligned_single_processed_HA,C21N,2.1451416
aligned_single_processed_HA,C21P,2.0343323
aligned_single_processed_HA,C21Q,1.9542694
aligned_single_processed_HA,C21R,2.1486435
aligned_single_processed_HA,C21S,2.0374718
aligned_single_processed_HA,C21T,2.1087837
aligned_single_processed_HA,C21V,2.275982
aligned_single_processed_HA,C21W,2.049614
aligned_single_processed_HA,C21Y,2.0697594
aligned_single_processed_HA,I22A,1.9434738
aligned_single_processed_HA,I22C,2.0067558
aligned_single_processed_HA,I22D,2.151867
aligned_single_processed_HA,I22E,1.6984901
aligned_single_processed_HA,I22F,1.8269272
aligned_single_processed_HA,I22G,1.7855988
aligned_single_processed_HA,I22H,1.9766006
aligned_single_processed_HA,I22K,1.9456444
aligned_single_processed_HA,I22L,2.0903587
aligned_single_processed_HA,I22M,1.7807121
aligned_single_processed_HA,I22N,1.8386459
aligned_single_processed_HA,I22P,1.9236794
aligned_single_processed_HA,I22Q,1.8826828
aligned_single_processed_HA,I22R,1.9629517
aligned_single_processed_HA,I22S,2.043129
aligned_single_processed_HA,I22T,1.8404617
aligned_single_processed_HA,I22V,1.2653809
aligned_single_processed_HA,I22W,1.8000069
aligned_single_processed_HA,I22Y,1.8152237
aligned_single_processed_HA,G23A,1.8173409
aligned_single_processed_HA,G23C,1.9357834
aligned_single_processed_HA,G23D,1.9327583
aligned_single_processed_HA,G23E,2.1306725
aligned_single_processed_HA,G23F,2.0247421
aligned_single_processed_HA,G23H,1.9470177
aligned_single_processed_HA,G23I,1.6802635
aligned_single_processed_HA,G23K,2.15971
aligned_single_processed_HA,G23L,1.8934937
aligned_single_processed_HA,G23M,2.1488953
aligned_single_processed_HA,G23N,1.9473953
aligned_single_processed_HA,G23P,2.0985374
aligned_single_processed_HA,G23Q,2.1541367
aligned_single_processed_HA,G23R,2.0862503
aligned_single_processed_HA,G23S,1.9797363
aligned_single_processed_HA,G23T,2.227436
aligned_single_processed_HA,G23V,2.2586784
aligned_single_processed_HA,G23W,1.9335938
aligned_single_processed_HA,G23Y,1.6406364
aligned_single_processed_HA,Y24A,2.030548
aligned_single_processed_HA,Y24C,1.9741898
aligned_single_processed_HA,Y24D,1.779026
aligned_single_processed_HA,Y24E,1.9333115
aligned_single_processed_HA,Y24F,1.8033829
aligned_single_processed_HA,Y24G,1.6791878
aligned_single_processed_HA,Y24H,2.0130577
aligned_single_processed_HA,Y24I,1.9486885
aligned_single_processed_HA,Y24K,2.0914726
aligned_single_processed_HA,Y24L,1.8925247
aligned_single_processed_HA,Y24M,1.7992249
aligned_single_processed_HA,Y24N,2.0080223
aligned_single_processed_HA,Y24P,1.9256859
aligned_single_processed_HA,Y24Q,1.9600754
aligned_single_processed_HA,Y24R,1.990509
aligned_single_processed_HA,Y24S,1.7938232
aligned_single_processed_HA,Y24T,1.9579849
aligned_single_processed_HA,Y24V,1.9129868
aligned_single_processed_HA,Y24W,1.6932144
aligned_single_processed_HA,H25A,2.0096092
aligned_single_processed_HA,H25C,2.0240402
aligned_single_processed_HA,H25D,1.8878708
aligned_single_processed_HA,H25E,1.9739342
aligned_single_processed_HA,H25F,2.0218315
aligned_single_processed_HA,H25G,1.9931488
aligned_single_processed_HA,H25I,1.8478584
aligned_single_processed_HA,H25K,2.0546074
aligned_single_processed_HA,H25L,1.8060837
aligned_single_processed_HA,H25M,2.1403923
aligned_single_processed_HA,H25N,2.0356445
aligned_single_processed_HA,H25P,1.928791
aligned_single_processed_HA,H25Q,2.2918358
aligned_single_processed_HA,H25R,1.8774567
aligned_single_processed_HA,H25S,1.8355141
aligned_single_processed_HA,H25T,2.010601
aligned_single_processed_HA,H25V,2.294239
aligned_single_processed_HA,H25W,2.1831093
aligned_single_processed_HA,H25Y,2.0340233
aligned_single_processed_HA,A26C,2.0124245
aligned_single_processed_HA,A26D,1.6379738
aligned_single_processed_HA,A26E,1.9553795
aligned_single_processed_HA,A26F,1.7744293
aligned_single_processed_HA,A26G,1.773674
aligned_single_processed_HA,A26H,1.8494186
aligned_single_processed_HA,A26I,1.8034859
aligned_single_processed_HA,A26K,1.7403374
aligned_single_processed_HA,A26L,1.8029404
aligned_single_processed_HA,A26M,1.8557243
aligned_single_processed_HA,A26N,1.5234146
aligned_single_processed_HA,A26P,1.959755
aligned_single_processed_HA,A26Q,1.9585953
aligned_single_processed_HA,A26R,1.7623901
aligned_single_processed_HA,A26S,1.3396072
aligned_single_processed_HA,A26T,1.55476
aligned_single_processed_HA,A26V,1.8901024
aligned_single_processed_HA,A26W,1.8951874
aligned_single_processed_HA,A26Y,1.9456253
aligned_single_processed_HA,N27A,2.045662
aligned_single_processed_HA,N27C,1.9224701
aligned_single_processed_HA,N27D,2.0028954
aligned_single_processed_HA,N27E,2.0064697
aligned_single_processed_HA,N27F,2.0299797
aligned_single_processed_HA,N27G,1.9168243
aligned_single_processed_HA,N27H,1.8882141
aligned_single_processed_HA,N27I,2.3120613
aligned_single_processed_HA,N27K,2.0878906
aligned_single_processed_HA,N27L,1.958313
aligned_single_processed_HA,N27M,2.1321983
aligned_single_processed_HA,N27P,2.0991287
aligned_single_processed_HA,N27Q,1.8887177
aligned_single_processed_HA,N27R,1.7466698
aligned_single_processed_HA,N27S,1.9838715
aligned_single_processed_HA,N27T,1.8725166
aligned_single_processed_HA,N27V,2.0216064
aligned_single_processed_HA,N27W,1.9840736
aligned_single_processed_HA,N27Y,1.9463463
aligned_single_processed_HA,N28A,2.0210419
aligned_single_processed_HA,N28C,1.9103622
aligned_single_processed_HA,N28D,2.047058
aligned_single_processed_HA,N28E,2.1394653
aligned_single_processed_HA,N28F,2.2219086
aligned_single_processed_HA,N28G,2.0774078
aligned_single_processed_HA,N28H,2.075531
aligned_single_processed_HA,N28I,2.0444603
aligned_single_processed_HA,N28K,2.1535454
aligned_single_processed_HA,N28L,2.0512543
aligned_single_processed_HA,N28M,1.993515
aligned_single_processed_HA,N28P,2.0533066
aligned_single_processed_HA,N28Q,1.9326401
aligned_single_processed_HA,N28R,2.140499
aligned_single_processed_HA,N28S,2.052082
aligned_single_processed_HA,N28T,1.7762184
aligned_single_processed_HA,N28V,2.0311737
aligned_single_processed_HA,N28W,1.8684578
aligned_single_processed_HA,N28Y,1.9811783
aligned_single_processed_HA,S29A,2.033516
aligned_single_processed_HA,S29C,2.1598206
aligned_single_processed_HA,S29D,2.0531807
aligned_single_processed_HA,S29E,1.9759979
aligned_single_processed_HA,S29F,2.0549278
aligned_single_processed_HA,S29G,2.0608063
aligned_single_processed_HA,S29H,1.6527557
aligned_single_processed_HA,S29I,2.1001701
aligned_single_processed_HA,S29K,1.8400955
aligned_single_processed_HA,S29L,2.050541
aligned_single_processed_HA,S29M,1.9621239
aligned_single_processed_HA,S29N,1.9257622
aligned_single_processed_HA,S29P,2.0127716
aligned_single_processed_HA,S29Q,2.0887756
aligned_single_processed_HA,S29R,1.9821854
aligned_single_processed_HA,S29T,1.9437294
aligned_single_processed_HA,S29V,1.72995
aligned_single_processed_HA,S29W,1.9106789
aligned_single_processed_HA,S29Y,1.9489784
aligned_single_processed_HA,T30A,1.980629
aligned_single_processed_HA,T30C,2.0095177
aligned_single_processed_HA,T30D,1.8282738
aligned_single_processed_HA,T30E,1.9040413
aligned_single_processed_HA,T30F,1.9398537
aligned_single_processed_HA,T30G,2.0727196
aligned_single_processed_HA,T30H,2.0806465
aligned_single_processed_HA,T30I,2.0621643
aligned_single_processed_HA,T30K,2.0315094
aligned_single_processed_HA,T30L,1.9935989
aligned_single_processed_HA,T30M,2.085949
aligned_single_processed_HA,T30N,1.9868164
aligned_single_processed_HA,T30P,1.8347588
aligned_single_processed_HA,T30Q,1.8868675
aligned_single_processed_HA,T30R,2.0023575
aligned_single_processed_HA,T30S,1.8649025
aligned_single_processed_HA,T30V,1.9697227
aligned_single_processed_HA,T30W,2.0060883
aligned_single_processed_HA,T30Y,2.0598145
aligned_single_processed_HA,D31A,1.7986107
aligned_single_processed_HA,D31C,1.6715546
aligned_single_processed_HA,D31E,1.4067307
aligned_single_processed_HA,D31F,1.7633209
aligned_single_processed_HA,D31G,1.6614685
aligned_single_processed_HA,D31H,1.6935501
aligned_single_processed_HA,D31I,1.7781143
aligned_single_processed_HA,D31K,1.811245
aligned_single_processed_HA,D31L,1.6512909
aligned_single_processed_HA,D31M,1.6989708
aligned_single_processed_HA,D31N,1.7769318
aligned_single_processed_HA,D31P,1.7765884
aligned_single_processed_HA,D31Q,1.6903458
aligned_single_processed_HA,D31R,1.6511192
aligned_single_processed_HA,D31S,1.7905884
aligned_single_processed_HA,D31T,1.753315
aligned_single_processed_HA,D31V,1.871273
aligned_single_processed_HA,D31W,1.8446541
aligned_single_processed_HA,D31Y,1.907856
aligned_single_processed_HA,T32A,1.9286003
aligned_single_processed_HA,T32C,1.9075394
aligned_single_processed_HA,T32D,1.9612007
aligned_single_processed_HA,T32E,2.0714493
aligned_single_processed_HA,T32F,1.8677635
aligned_single_processed_HA,T32G,1.913929
aligned_single_processed_HA,T32H,1.8434563
aligned_single_processed_HA,T32I,1.5797768
aligned_single_processed_HA,T32K,1.8067894
aligned_single_processed_HA,T32L,1.8505592
aligned_single_processed_HA,T32M,1.8986778
aligned_single_processed_HA,T32N,1.8908653
aligned_single_processed_HA,T32P,1.9935799
aligned_single_processed_HA,T32Q,1.7933693
aligned_single_processed_HA,T32R,1.8281403
aligned_single_processed_HA,T32S,1.9124794
aligned_single_processed_HA,T32V,1.5615234
aligned_single_processed_HA,T32W,1.933857
aligned_single_processed_HA,T32Y,1.8926773
aligned_single_processed_HA,V33A,1.9541855
aligned_single_processed_HA,V33C,1.7450676
aligned_single_processed_HA,V33D,1.8310432
aligned_single_processed_HA,V33E,1.8990593
aligned_single_processed_HA,V33F,2.0132713
aligned_single_processed_HA,V33G,1.7929688
aligned_single_processed_HA,V33H,2.0106163
aligned_single_processed_HA,V33I,1.300209
aligned_single_processed_HA,V33K,1.796814
aligned_single_processed_HA,V33L,1.799099
aligned_single_processed_HA,V33M,1.828701
aligned_single_processed_HA,V33N,1.7891922
aligned_single_processed_HA,V33P,1.888298
aligned_single_processed_HA,V33Q,1.621048
aligned_single_processed_HA,V33R,1.8360329
aligned_single_processed_HA,V33S,1.8967171
aligned_single_processed_HA,V33T,1.6807175
aligned_single_processed_HA,V33W,1.8955994
aligned_single_processed_HA,V33Y,1.7944946
aligned_single_processed_HA,D34A,2.0018806
aligned_single_processed_HA,D34C,1.9920158
aligned_single_processed_HA,D34E,1.983551
aligned_single_processed_HA,D34F,1.8969498
aligned_single_processed_HA,D34G,1.8555756
aligned_single_processed_HA,D34H,1.7880898
aligned_single_processed_HA,D34I,1.7641487
aligned_single_processed_HA,D34K,1.9091644
aligned_single_processed_HA,D34L,2.1378174
aligned_single_processed_HA,D34M,1.7316589
aligned_single_processed_HA,D34N,1.6493416
aligned_single_processed_HA,D34P,2.058525
aligned_single_processed_HA,D34Q,1.84095
aligned_single_processed_HA,D34R,2.003086
aligned_single_processed_HA,D34S,1.7987518
aligned_single_processed_HA,D34T,1.9105949
aligned_single_processed_HA,D34V,1.7126007
aligned_single_processed_HA,D34W,1.8497391
aligned_single_processed_HA,D34Y,1.7572327
aligned_single_processed_HA,T35A,1.9233665
aligned_single_processed_HA,T35C,1.9571571
aligned_single_processed_HA,T35D,1.7304573
aligned_single_processed_HA,T35E,1.9800987
aligned_single_processed_HA,T35F,1.738575
aligned_single_processed_HA,T35G,1.7356071
aligned_single_processed_HA,T35H,1.9454994
aligned_single_processed_HA,T35I,1.9847031
aligned_single_processed_HA,T35K,1.9231339
aligned_single_processed_HA,T35L,1.7604599
aligned_single_processed_HA,T35M,1.7764435
aligned_single_processed_HA,T35N,1.960434
aligned_single_processed_HA,T35P,1.9789009
aligned_single_processed_HA,T35Q,1.9056511
aligned_single_processed_HA,T35R,1.8317757
aligned_single_processed_HA,T35S,1.7149506
aligned_single_processed_HA,T35V,2.123806
aligned_single_processed_HA,T35W,1.5994492
aligned_single_processed_HA,T35Y,1.9666748
aligned_single_processed_HA,I36A,0.9041405
aligned_single_processed_HA,I36C,0.75175476
aligned_single_processed_HA,I36D,0.9818001
aligned_single_processed_HA,I36E,0.7408142
aligned_single_processed_HA,I36F,0.7887573
aligned_single_processed_HA,I36G,0.6686859
aligned_single_processed_HA,I36H,1.0008392
aligned_single_processed_HA,I36K,0.92891693
aligned_single_processed_HA,I36L,0.5147438
aligned_single_processed_HA,I36M,0.59955597
aligned_single_processed_HA,I36N,0.71871185
aligned_single_processed_HA,I36P,0.7352371
aligned_single_processed_HA,I36Q,0.68556595
aligned_single_processed_HA,I36R,0.80838394
aligned_single_processed_HA,I36S,0.7641945
aligned_single_processed_HA,I36T,0.5517578
aligned_single_processed_HA,I36V,-1.0537415
aligned_single_processed_HA,I36W,0.6712227
aligned_single_processed_HA,I36Y,0.7710686
aligned_single_processed_HA,L37A,1.8295403
aligned_single_processed_HA,L37C,1.9317894
aligned_single_processed_HA,L37D,1.6072235
aligned_single_processed_HA,L37E,1.9024086
aligned_single_processed_HA,L37F,1.7505074
aligned_single_processed_HA,L37G,1.6440773
aligned_single_processed_HA,L37H,1.6590424
aligned_single_processed_HA,L37I,1.7295609
aligned_single_processed_HA,L37K,1.6546631
aligned_single_processed_HA,L37M,1.3286934
aligned_single_processed_HA,L37N,1.5201187
aligned_single_processed_HA,L37P,1.6997147
aligned_single_processed_HA,L37Q,1.6032982
aligned_single_processed_HA,L37R,1.6496582
aligned_single_processed_HA,L37S,1.7056465
aligned_single_processed_HA,L37T,1.7404633
aligned_single_processed_HA,L37V,1.5370483
aligned_single_processed_HA,L37W,1.8131485
aligned_single_processed_HA,L37Y,1.7386475
aligned_single_processed_HA,E38A,1.7598953
aligned_single_processed_HA,E38C,1.8836937
aligned_single_processed_HA,E38D,1.8942337
aligned_single_processed_HA,E38F,1.9014664
aligned_single_processed_HA,E38G,1.846695
aligned_single_processed_HA,E38H,2.132763
aligned_single_processed_HA,E38I,2.0309067
aligned_single_processed_HA,E38K,1.6981926
aligned_single_processed_HA,E38L,1.7989502
aligned_single_processed_HA,E38M,1.9194565
aligned_single_processed_HA,E38N,2.1141129
aligned_single_processed_HA,E38P,2.0676765
aligned_single_processed_HA,E38Q,1.9928703
aligned_single_processed_HA,E38R,1.9547539
aligned_single_processed_HA,E38S,2.081955
aligned_single_processed_HA,E38T,2.1480904
aligned_single_processed_HA,E38V,1.9756584
aligned_single_processed_HA,E38W,2.1825752
aligned_single_processed_HA,E38Y,1.9146996
aligned_single_processed_HA,K39A,1.9791641
aligned_single_processed_HA,K39C,1.9360619
aligned_single_processed_HA,K39D,1.8681526
aligned_single_processed_HA,K39E,1.7506485
aligned_single_processed_HA,K39F,1.9587135
aligned_single_processed_HA,K39G,1.794281
aligned_single_processed_HA,K39H,1.9944687
aligned_single_processed_HA,K39I,2.0245628
aligned_single_processed_HA,K39L,1.7762299
aligned_single_processed_HA,K39M,1.7952385
aligned_single_processed_HA,K39N,1.7580986
aligned_single_processed_HA,K39P,2.0515175
aligned_single_processed_HA,K39Q,1.6246147
aligned_single_processed_HA,K39R,1.4385071
aligned_single_processed_HA,K39S,2.0109215
aligned_single_processed_HA,K39T,2.0249329
aligned_single_processed_HA,K39V,2.0522194
aligned_single_processed_HA,K39W,1.8856316
aligned_single_processed_HA,K39Y,1.9039268
aligned_single_processed_HA,N40A,1.9515038
aligned_single_processed_HA,N40C,2.0319252
aligned_single_processed_HA,N40D,1.9455223
aligned_single_processed_HA,N40E,2.0250359
aligned_single_processed_HA,N40F,1.9032211
aligned_single_processed_HA,N40G,1.8948364
aligned_single_processed_HA,N40H,2.156227
aligned_single_processed_HA,N40I,1.9123535
aligned_single_processed_HA,N40K,1.8281822
aligned_single_processed_HA,N40L,2.1809158
aligned_single_processed_HA,N40M,2.0549583
aligned_single_processed_HA,N40P,1.9925957
aligned_single_processed_HA,N40Q,2.082737
aligned_single_processed_HA,N40R,2.1270142
aligned_single_processed_HA,N40S,2.168171
aligned_single_processed_HA,N40T,2.0230484
aligned_single_processed_HA,N40V,1.8331413
aligned_single_processed_HA,N40W,2.2336807
aligned_single_processed_HA,N40Y,2.0295334
aligned_single_processed_HA,V41A,1.9599953
aligned_single_processed_HA,V41C,1.9710007
aligned_single_processed_HA,V41D,1.9746628
aligned_single_processed_HA,V41E,1.7821426
aligned_single_processed_HA,V41F,2.0199432
aligned_single_processed_HA,V41G,1.9470558
aligned_single_processed_HA,V41H,2.1142654
aligned_single_processed_HA,V41I,1.690506
aligned_single_processed_HA,V41K,1.7373734
aligned_single_processed_HA,V41L,1.6230049
aligned_single_processed_HA,V41M,1.8896599
aligned_single_processed_HA,V41N,1.7724915
aligned_single_processed_HA,V41P,1.8873444
aligned_single_processed_HA,V41Q,1.9318161
aligned_single_processed_HA,V41R,1.8062973
aligned_single_processed_HA,V41S,1.9036942
aligned_single_processed_HA,V41T,1.8194656
aligned_single_processed_HA,V41W,2.1557274
aligned_single_processed_HA,V41Y,2.0180397
aligned_single_processed_HA,A42C,0.47786713
aligned_single_processed_HA,A42D,0.4555626
aligned_single_processed_HA,A42E,0.20413208
aligned_single_processed_HA,A42F,0.3551407
aligned_single_processed_HA,A42G,0.3948288
aligned_single_processed_HA,A42H,0.41961288
aligned_single_processed_HA,A42I,0.41134262
aligned_single_processed_HA,A42K,0.29133987
aligned_single_processed_HA,A42L,0.40167236
aligned_single_processed_HA,A42M,0.46224213
aligned_single_processed_HA,A42N,0.34428787
aligned_single_processed_HA,A42P,0.44877243
aligned_single_processed_HA,A42Q,0.55524826
aligned_single_processed_HA,A42R,0.5708046
aligned_single_processed_HA,A42S,0.37826538
aligned_single_processed_HA,A42T,-1.3494873
aligned_single_processed_HA,A42V,0.3047104
aligned_single_processed_HA,A42W,0.32714462
aligned_single_processed_HA,A42Y,0.32445908
aligned_single_processed_HA,V43A,1.8889465
aligned_single_processed_HA,V43C,1.9968452
aligned_single_processed_HA,V43D,1.895031
aligned_single_processed_HA,V43E,1.870533
aligned_single_processed_HA,V43F,1.7524643
aligned_single_processed_HA,V43G,2.1079216
aligned_single_processed_HA,V43H,2.1835594
aligned_single_processed_HA,V43I,1.8940392
aligned_single_processed_HA,V43K,2.105938
aligned_single_processed_HA,V43L,2.082859
aligned_single_processed_HA,V43M,1.963829
aligned_single_processed_HA,V43N,2.0047684
aligned_single_processed_HA,V43P,2.1033783
aligned_single_processed_HA,V43Q,1.8138237
aligned_single_processed_HA,V43R,2.0248756
aligned_single_processed_HA,V43S,1.9189873
aligned_single_processed_HA,V43T,1.8718834
aligned_single_processed_HA,V43W,1.9774895
aligned_single_processed_HA,V43Y,2.0462112
aligned_single_processed_HA,T44A,1.8671379
aligned_single_processed_HA,T44C,1.9687881
aligned_single_processed_HA,T44D,1.8910904
aligned_single_processed_HA,T44E,1.8489037
aligned_single_processed_HA,T44F,1.8889809
aligned_single_processed_HA,T44G,1.8410606
aligned_single_processed_HA,T44H,1.7157516
aligned_single_processed_HA,T44I,1.8748779
aligned_single_processed_HA,T44K,1.9423103
aligned_single_processed_HA,T44L,1.990345
aligned_single_processed_HA,T44M,1.9559784
aligned_single_processed_HA,T44N,1.873249
aligned_single_processed_HA,T44P,2.0116196
aligned_single_processed_HA,T44Q,1.8320656
aligned_single_processed_HA,T44R,1.8269272
aligned_single_processed_HA,T44S,1.8256073
aligned_single_processed_HA,T44V,1.8244896
aligned_single_processed_HA,T44W,2.0537071
aligned_single_processed_HA,T44Y,1.8623734
aligned_single_processed_HA,H45A,2.0656548
aligned_single_processed_HA,H45C,2.0707817
aligned_single_processed_HA,H45D,1.8590317
aligned_single_processed_HA,H45E,1.8645859
aligned_single_processed_HA,H45F,1.9928284
aligned_single_processed_HA,H45G,2.0284767
aligned_single_processed_HA,H45I,2.0350647
aligned_single_processed_HA,H45K,2.0768242
aligned_single_processed_HA,H45L,2.1578712
aligned_single_processed_HA,H45M,2.0270462
aligned_single_processed_HA,H45N,2.0812988
aligned_single_processed_HA,H45P,1.9746437
aligned_single_processed_HA,H45Q,1.9301414
aligned_single_processed_HA,H45R,1.9675407
aligned_single_processed_HA,H45S,1.8980789
aligned_single_processed_HA,H45T,1.7892036
aligned_single_processed_HA,H45V,1.9243851
aligned_single_processed_HA,H45W,2.0859756
aligned_single_processed_HA,H45Y,1.829998
aligned_single_processed_HA,S46A,1.9381294
aligned_single_processed_HA,S46C,2.0741005
aligned_single_processed_HA,S46D,2.1506233
aligned_single_processed_HA,S46E,1.9657364
aligned_single_processed_HA,S46F,2.0063667
aligned_single_processed_HA,S46G,1.9544716
aligned_single_processed_HA,S46H,2.0196838
aligned_single_processed_HA,S46I,2.066124
aligned_single_processed_HA,S46K,1.8292198
aligned_single_processed_HA,S46L,2.1140823
aligned_single_processed_HA,S46M,1.9165916
aligned_single_processed_HA,S46N,2.0962868
aligned_single_processed_HA,S46P,2.1818733
aligned_single_processed_HA,S46Q,2.1675072
aligned_single_processed_HA,S46R,2.1265793
aligned_single_processed_HA,S46T,1.7621841
aligned_single_processed_HA,S46V,2.0137367
aligned_single_processed_HA,S46W,2.013916
aligned_single_processed_HA,S46Y,1.9210243
aligned_single_processed_HA,V47A,1.9038544
aligned_single_processed_HA,V47C,2.1629868
aligned_single_processed_HA,V47D,1.964901
aligned_single_processed_HA,V47E,1.934864
aligned_single_processed_HA,V47F,2.1130905
aligned_single_processed_HA,V47G,1.8365898
aligned_single_processed_HA,V47H,1.9263611
aligned_single_processed_HA,V47I,1.5696487
aligned_single_processed_HA,V47K,1.9347038
aligned_single_processed_HA,V47L,2.030014
aligned_single_processed_HA,V47M,1.936367
aligned_single_processed_HA,V47N,1.8544273
aligned_single_processed_HA,V47P,2.0425224
aligned_single_processed_HA,V47Q,2.0569687
aligned_single_processed_HA,V47R,1.8708
aligned_single_processed_HA,V47S,1.6814499
aligned_single_processed_HA,V47T,1.8346825
aligned_single_processed_HA,V47W,2.0630379
aligned_single_processed_HA,V47Y,1.8696327
aligned_single_processed_HA,N48A,2.0704918
aligned_single_processed_HA,N48C,1.8956757
aligned_single_processed_HA,N48D,1.915657
aligned_single_processed_HA,N48E,1.905716
aligned_single_processed_HA,N48F,1.9018326
aligned_single_processed_HA,N48G,1.9998093
aligned_single_processed_HA,N48H,2.071415
aligned_single_processed_HA,N48I,2.0331306
aligned_single_processed_HA,N48K,1.7843704
aligned_single_processed_HA,N48L,1.9952812
aligned_single_processed_HA,N48M,1.957016
aligned_single_processed_HA,N48P,2.013115
aligned_single_processed_HA,N48Q,1.9200325
aligned_single_processed_HA,N48R,1.9461632
aligned_single_processed_HA,N48S,1.8806953
aligned_single_processed_HA,N48T,2.0346107
aligned_single_processed_HA,N48V,2.0067406
aligned_single_processed_HA,N48W,1.8251266
aligned_single_processed_HA,N48Y,1.8559151
aligned_single_processed_HA,L49A,1.9521217
aligned_single_processed_HA,L49C,1.8307381
aligned_single_processed_HA,L49D,2.0516129
aligned_single_processed_HA,L49E,1.7475853
aligned_single_processed_HA,L49F,1.779541
aligned_single_processed_HA,L49G,1.7762451
aligned_single_processed_HA,L49H,1.5169258
aligned_single_processed_HA,L49I,1.8901176
aligned_single_processed_HA,L49K,1.8570099
aligned_single_processed_HA,L49M,1.7502174
aligned_single_processed_HA,L49N,1.8017731
aligned_single_processed_HA,L49P,1.9361877
aligned_single_processed_HA,L49Q,1.9683189
aligned_single_processed_HA,L49R,1.6978798
aligned_single_processed_HA,L49S,1.9707146
aligned_single_processed_HA,L49T,1.7664337
aligned_single_processed_HA,L49V,1.8680992
aligned_single_processed_HA,L49W,1.922184
aligned_single_processed_HA,L49Y,1.9269066
aligned_single_processed_HA,L50A,1.8409576
aligned_single_processed_HA,L50C,1.9242859
aligned_single_processed_HA,L50D,1.8964653
aligned_single_processed_HA,L50E,1.8186188
aligned_single_processed_HA,L50F,1.9125252
aligned_single_processed_HA,L50G,1.8795891
aligned_single_processed_HA,L50H,1.8073082
aligned_single_processed_HA,L50I,1.8200493
aligned_single_processed_HA,L50K,1.8285675
aligned_single_processed_HA,L50M,1.7639809
aligned_single_processed_HA,L50N,2.0482292
aligned_single_processed_HA,L50P,1.8056526
aligned_single_processed_HA,L50Q,1.8158379
aligned_single_processed_HA,L50R,1.8094177
aligned_single_processed_HA,L50S,1.9763565
aligned_single_processed_HA,L50T,1.9918098
aligned_single_processed_HA,L50V,1.729126
aligned_single_processed_HA,L50W,1.9521523
aligned_single_processed_HA,L50Y,1.9471817
aligned_single_processed_HA,E51A,1.7888031
aligned_single_processed_HA,E51C,1.9499168
aligned_single_processed_HA,E51D,1.5657196
aligned_single_processed_HA,E51F,1.9077606
aligned_single_processed_HA,E51G,1.8138885
aligned_single_processed_HA,E51H,1.8932228
aligned_single_processed_HA,E51I,1.8358536
aligned_single_processed_HA,E51K,1.9646873
aligned_single_processed_HA,E51L,1.9705086
aligned_single_processed_HA,E51M,1.7677383
aligned_single_processed_HA,E51N,1.8131485
aligned_single_processed_HA,E51P,1.9389725
aligned_single_processed_HA,E51Q,1.7474174
aligned_single_processed_HA,E51R,1.8923988
aligned_single_processed_HA,E51S,1.8193893
aligned_single_processed_HA,E51T,1.751049
aligned_single_processed_HA,E51V,1.825428
aligned_single_processed_HA,E51W,1.9377785
aligned_single_processed_HA,E51Y,1.9495811
aligned_single_processed_HA,D52A,1.5477982
aligned_single_processed_HA,D52C,1.675457
aligned_single_processed_HA,D52E,0.8474579
aligned_single_processed_HA,D52F,1.6615944
aligned_single_processed_HA,D52G,1.3480911
aligned_single_processed_HA,D52H,1.66008
aligned_single_processed_HA,D52I,1.4019585
aligned_single_processed_HA,D52K,1.7117615
aligned_single_processed_HA,D52L,1.494957
aligned_single_processed_HA,D52M,1.4402122
aligned_single_processed_HA,D52N,0.68177795
aligned_single_processed_HA,D52P,1.7585335
aligned_single_processed_HA,D52Q,1.473526
aligned_single_processed_HA,D52R,1.5596123
aligned_single_processed_HA,D52S,1.1329498
aligned_single_processed_HA,D52T,1.0428963
aligned_single_processed_HA,D52V,1.7299423
aligned_single_processed_HA,D52W,1.5304413
aligned_single_processed_HA,D52Y,1.5147057
aligned_single_processed_HA,S53A,1.1936188
aligned_single_processed_HA,S53C,1.3122673
aligned_single_processed_HA,S53D,1.0823021
aligned_single_processed_HA,S53E,1.2256126
aligned_single_processed_HA,S53F,1.2175522
aligned_single_processed_HA,S53G,1.0390816
aligned_single_processed_HA,S53H,1.4270248
aligned_single_processed_HA,S53I,1.1857986
aligned_single_processed_HA,S53K,0.752903
aligned_single_processed_HA,S53L,1.1825752
aligned_single_processed_HA,S53M,1.094326
aligned_single_processed_HA,S53N,0.5140877
aligned_single_processed_HA,S53P,1.1270332
aligned_single_processed_HA,S53Q,0.9839859
aligned_single_processed_HA,S53R,0.8898506
aligned_single_processed_HA,S53T,0.9559326
aligned_single_processed_HA,S53V,0.8672981
aligned_single_processed_HA,S53W,1.1572227
aligned_single_processed_HA,S53Y,1.0235825
aligned_single_processed_HA,H54A,1.9239311
aligned_single_processed_HA,H54C,1.932457
aligned_single_processed_HA,H54D,1.8421364
aligned_single_processed_HA,H54E,1.7991714
aligned_single_processed_HA,H54F,1.8098831
aligned_single_processed_HA,H54G,1.7472496
aligned_single_processed_HA,H54I,2.054882
aligned_single_processed_HA,H54K,1.807476
aligned_single_processed_HA,H54L,2.0484543
aligned_single_processed_HA,H54M,1.9390182
aligned_single_processed_HA,H54N,1.6616287
aligned_single_processed_HA,H54P,1.9578323
aligned_single_processed_HA,H54Q,2.0344505
aligned_single_processed_HA,H54R,1.7700539
aligned_single_processed_HA,H54S,1.8030891
aligned_single_processed_HA,H54T,1.6822662
aligned_single_processed_HA,H54V,1.6993027
aligned_single_processed_HA,H54W,1.9554367
aligned_single_processed_HA,H54Y,1.8240814
aligned_single_processed_HA,N55A,1.8878937
aligned_single_processed_HA,N55C,1.8670654
aligned_single_processed_HA,N55D,1.7502937
aligned_single_processed_HA,N55E,1.8458748
aligned_single_processed_HA,N55F,1.8553085
aligned_single_processed_HA,N55G,1.9307442
aligned_single_processed_HA,N55H,1.8915787
aligned_single_processed_HA,N55I,1.9770317
aligned_single_processed_HA,N55K,1.977066
aligned_single_processed_HA,N55L,1.7331314
aligned_single_processed_HA,N55M,1.9530487
aligned_single_processed_HA,N55P,2.0749435
aligned_single_processed_HA,N55Q,1.8352661
aligned_single_processed_HA,N55R,1.8768692
aligned_single_processed_HA,N55S,1.8060532
aligned_single_processed_HA,N55T,1.7321815
aligned_single_processed_HA,N55V,1.8493767
aligned_single_processed_HA,N55W,2.061512
aligned_single_processed_HA,N55Y,1.8971901
aligned_single_processed_HA,G56A,2.081192
aligned_single_processed_HA,G56C,1.9060593
aligned_single_processed_HA,G56D,1.8102493
aligned_single_processed_HA,G56E,1.5703545
aligned_single_processed_HA,G56F,1.8635445
aligned_single_processed_HA,G56H,2.0168152
aligned_single_processed_HA,G56I,2.003933
aligned_single_processed_HA,G56K,1.8352547
aligned_single_processed_HA,G56L,2.0623894
aligned_single_processed_HA,G56M,1.9593811
aligned_single_processed_HA,G56N,2.0214462
aligned_single_processed_HA,G56P,1.9849815
aligned_single_processed_HA,G56Q,1.7682533
aligned_single_processed_HA,G56R,2.0435944
aligned_single_processed_HA,G56S,1.9400291
aligned_single_processed_HA,G56T,1.8330688
aligned_single_processed_HA,G56V,1.8068619
aligned_single_processed_HA,G56W,1.9108162
aligned_single_processed_HA,G56Y,1.953125
aligned_single_processed_HA,K57A,1.7729759
aligned_single_processed_HA,K57C,1.7641411
aligned_single_processed_HA,K57D,2.0813103
aligned_single_processed_HA,K57E,1.7200546
aligned_single_processed_HA,K57F,1.9569321
aligned_single_processed_HA,K57G,1.7063255
aligned_single_processed_HA,K57H,1.613842
aligned_single_processed_HA,K57I,1.8761711
aligned_single_processed_HA,K57L,1.9982948
aligned_single_processed_HA,K57M,1.7470245
aligned_single_processed_HA,K57N,1.754879
aligned_single_processed_HA,K57P,1.8687592
aligned_single_processed_HA,K57Q,1.7298317
aligned_single_processed_HA,K57R,1.3050156
aligned_single_processed_HA,K57S,1.8471794
aligned_single_processed_HA,K57T,1.8319321
aligned_single_processed_HA,K57V,1.827961
aligned_single_processed_HA,K57W,1.7195969
aligned_single_processed_HA,K57Y,1.8936081
aligned_single_processed_HA,L58A,2.0309486
aligned_single_processed_HA,L58C,1.784874
aligned_single_processed_HA,L58D,1.8970871
aligned_single_processed_HA,L58E,2.1046333
aligned_single_processed_HA,L58F,1.8319397
aligned_single_processed_HA,L58G,1.6951561
aligned_single_processed_HA,L58H,1.7308617
aligned_single_processed_HA,L58I,1.6746254
aligned_single_processed_HA,L58K,1.8742905
aligned_single_processed_HA,L58M,1.8661308
aligned_single_processed_HA,L58N,1.844677
aligned_single_processed_HA,L58P,1.8637695
aligned_single_processed_HA,L58Q,1.7473068
aligned_single_processed_HA,L58R,1.6744881
aligned_single_processed_HA,L58S,1.9443398
aligned_single_processed_HA,L58T,1.7774391
aligned_single_processed_HA,L58V,1.7003365
aligned_single_processed_HA,L58W,1.8013992
aligned_single_processed_HA,L58Y,1.9379311
aligned_single_processed_HA,C59A,1.965435
aligned_single_processed_HA,C59D,1.8048706
aligned_single_processed_HA,C59E,1.9085426
aligned_single_processed_HA,C59F,1.9890175
aligned_single_processed_HA,C59G,1.855259
aligned_single_processed_HA,C59H,2.0014877
aligned_single_processed_HA,C59I,1.8687172
aligned_single_processed_HA,C59K,1.9106407
aligned_single_processed_HA,C59L,2.0247993
aligned_single_processed_HA,C59M,1.9630241
aligned_single_processed_HA,C59N,1.8735085
aligned_single_processed_HA,C59P,1.9001007
aligned_single_processed_HA,C59Q,1.8705559
aligned_single_processed_HA,C59R,1.9060707
aligned_single_processed_HA,C59S,2.0018158
aligned_single_processed_HA,C59T,2.232212
aligned_single_processed_HA,C59V,1.859314
aligned_single_processed_HA,C59W,2.0564575
aligned_single_processed_HA,C59Y,2.013176
aligned_single_processed_HA,K60A,0.94472885
aligned_single_processed_HA,K60C,1.1253395
aligned_single_processed_HA,K60D,0.7996063
aligned_single_processed_HA,K60E,1.0320892
aligned_single_processed_HA,K60F,1.0706902
aligned_single_processed_HA,K60G,0.9790535
aligned_single_processed_HA,K60H,1.0989914
aligned_single_processed_HA,K60I,1.0493126
aligned_single_processed_HA,K60L,0.84957886
aligned_single_processed_HA,K60M,1.0465736
aligned_single_processed_HA,K60N,0.6734581
aligned_single_processed_HA,K60P,1.3123207
aligned_single_processed_HA,K60Q,0.6426735
aligned_single_processed_HA,K60R,0.060382843
aligned_single_processed_HA,K60S,0.6764412
aligned_single_processed_HA,K60T,0.92886734
aligned_single_processed_HA,K60V,0.95233154
aligned_single_processed_HA,K60W,1.1917915
aligned_single_processed_HA,K60Y,1.1958656
aligned_single_processed_HA,L61A,1.5516319
aligned_single_processed_HA,L61C,1.8635216
aligned_single_processed_HA,L61D,1.6510391
aligned_single_processed_HA,L61E,1.7463303
aligned_single_processed_HA,L61F,1.4956245
aligned_single_processed_HA,L61G,1.7989426
aligned_single_processed_HA,L61H,1.6510162
aligned_single_processed_HA,L61I,1.4631271
aligned_single_processed_HA,L61K,1.8245621
aligned_single_processed_HA,L61M,1.5719643
aligned_single_processed_HA,L61N,1.6104164
aligned_single_processed_HA,L61P,1.732235
aligned_single_processed_HA,L61Q,1.5233994
aligned_single_processed_HA,L61R,1.3902893
aligned_single_processed_HA,L61S,1.5096169
aligned_single_processed_HA,L61T,1.7090645
aligned_single_processed_HA,L61V,1.4891739
aligned_single_processed_HA,L61W,1.7686081
aligned_single_processed_HA,L61Y,1.7372475
aligned_single_processed_HA,K62A,0.992733
aligned_single_processed_HA,K62C,1.3292694
aligned_single_processed_HA,K62D,0.817482
aligned_single_processed_HA,K62E,0.77423096
aligned_single_processed_HA,K62F,1.1541176
aligned_single_processed_HA,K62G,0.9769211
aligned_single_processed_HA,K62H,1.2557106
aligned_single_processed_HA,K62I,0.99798584
aligned_single_processed_HA,K62L,1.1508598
aligned_single_processed_HA,K62M,1.1983948
aligned_single_processed_HA,K62N,0.22203827
aligned_single_processed_HA,K62P,1.1043816
aligned_single_processed_HA,K62Q,1.2585602
aligned_single_processed_HA,K62R,0.5013962
aligned_single_processed_HA,K62S,0.88352966
aligned_single_processed_HA,K62T,0.65694046
aligned_single_processed_HA,K62V,1.059452
aligned_single_processed_HA,K62W,1.2734947
aligned_single_processed_HA,K62Y,1.1274185
aligned_single_processed_HA,G63A,1.9244499
aligned_single_processed_HA,G63C,1.9619827
aligned_single_processed_HA,G63D,1.7049065
aligned_single_processed_HA,G63E,1.7986565
aligned_single_processed_HA,G63F,2.0389328
aligned_single_processed_HA,G63H,2.0352669
aligned_single_processed_HA,G63I,1.96632
aligned_single_processed_HA,G63K,1.5767288
aligned_single_processed_HA,G63L,1.8244553
aligned_single_processed_HA,G63M,2.0539246
aligned_single_processed_HA,G63N,1.9234009
aligned_single_processed_HA,G63P,1.95298
aligned_single_processed_HA,G63Q,2.0515022
aligned_single_processed_HA,G63R,1.7763824
aligned_single_processed_HA,G63S,2.0197601
aligned_single_processed_HA,G63T,1.935009
aligned_single_processed_HA,G63V,2.171566
aligned_single_processed_HA,G63W,2.1111488
aligned_single_processed_HA,G63Y,2.0104523
aligned_single_processed_HA,I64A,1.4629402
aligned_single_processed_HA,I64C,1.4081955
aligned_single_processed_HA,I64D,1.5282822
aligned_single_processed_HA,I64E,1.3986626
aligned_single_processed_HA,I64F,1.6193352
aligned_single_processed_HA,I64G,1.2992287
aligned_single_processed_HA,I64H,1.4716148
aligned_single_processed_HA,I64K,1.1106491
aligned_single_processed_HA,I64L,1.3675385
aligned_single_processed_HA,I64M,0.89557266
aligned_single_processed_HA,I64N,1.41185
aligned_single_processed_HA,I64P,1.4983826
aligned_single_processed_HA,I64Q,1.5007477
aligned_single_processed_HA,I64R,1.4080315
aligned_single_processed_HA,I64S,1.3061142
aligned_single_processed_HA,I64T,1.0374489
aligned_single_processed_HA,I64V,0.5705452
aligned_single_processed_HA,I64W,1.5893745
aligned_single_processed_HA,I64Y,1.3635712
aligned_single_processed_HA,A65C,1.455761
aligned_single_processed_HA,A65D,1.420414
aligned_single_processed_HA,A65E,1.0296669
aligned_single_processed_HA,A65F,1.570549
aligned_single_processed_HA,A65G,1.3314819
aligned_single_processed_HA,A65H,1.545681
aligned_single_processed_HA,A65I,1.2886238
aligned_single_processed_HA,A65K,1.4119377
aligned_single_processed_HA,A65L,1.5225449
aligned_single_processed_HA,A65M,1.4169884
aligned_single_processed_HA,A65N,1.4913673
aligned_single_processed_HA,A65P,1.0765495
aligned_single_processed_HA,A65Q,1.4719391
aligned_single_processed_HA,A65R,1.4492455
aligned_single_processed_HA,A65S,0.9546623
aligned_single_processed_HA,A65T,0.9250107
aligned_single_processed_HA,A65V,1.1002312
aligned_single_processed_HA,A65W,1.450016
aligned_single_processed_HA,A65Y,1.3873634
aligned_single_processed_HA,P66A,2.1268654
aligned_single_processed_HA,P66C,1.7464142
aligned_single_processed_HA,P66D,1.9523735
aligned_single_processed_HA,P66E,1.7382393
aligned_single_processed_HA,P66F,1.8728447
aligned_single_processed_HA,P66G,1.5699005
aligned_single_processed_HA,P66H,1.9860611
aligned_single_processed_HA,P66I,2.0435448
aligned_single_processed_HA,P66K,1.8629684
aligned_single_processed_HA,P66L,1.830616
aligned_single_processed_HA,P66M,1.9871483
aligned_single_processed_HA,P66N,2.065876
aligned_single_processed_HA,P66Q,1.8438454
aligned_single_processed_HA,P66R,1.9640121
aligned_single_processed_HA,P66S,1.8907852
aligned_single_processed_HA,P66T,1.8361092
aligned_single_processed_HA,P66V,1.5632591
aligned_single_processed_HA,P66W,1.7789307
aligned_single_processed_HA,P66Y,1.8827057
aligned_single_processed_HA,L67A,1.8916321
aligned_single_processed_HA,L67C,1.9138832
aligned_single_processed_HA,L67D,1.9122581
aligned_single_processed_HA,L67E,1.641552
aligned_single_processed_HA,L67F,1.836689
aligned_single_processed_HA,L67G,1.6223946
aligned_single_processed_HA,L67H,1.5582962
aligned_single_processed_HA,L67I,1.4405098
aligned_single_processed_HA,L67K,1.9765015
aligned_single_processed_HA,L67M,1.4523468
aligned_single_processed_HA,L67N,1.7598648
aligned_single_processed_HA,L67P,1.4040604
aligned_single_processed_HA,L67Q,1.7790756
aligned_single_processed_HA,L67R,1.5736046
aligned_single_processed_HA,L67S,1.6882782
aligned_single_processed_HA,L67T,1.5532494
aligned_single_processed_HA,L67V,1.7740211
aligned_single_processed_HA,L67W,1.5016937
aligned_single_processed_HA,L67Y,1.8391151
aligned_single_processed_HA,Q68A,1.4981728
aligned_single_processed_HA,Q68C,1.5893631
aligned_single_processed_HA,Q68D,1.2639275
aligned_single_processed_HA,Q68E,1.2329826
aligned_single_processed_HA,Q68F,1.343998
aligned_single_processed_HA,Q68G,1.3266792
aligned_single_processed_HA,Q68H,1.4687767
aligned_single_processed_HA,Q68I,1.678791
aligned_single_processed_HA,Q68K,1.4151611
aligned_single_processed_HA,Q68L,1.3387566
aligned_single_processed_HA,Q68M,1.7544937
aligned_single_processed_HA,Q68N,1.2005539
aligned_single_processed_HA,Q68P,1.4729424
aligned_single_processed_HA,Q68R,1.4113235
aligned_single_processed_HA,Q68S,1.5738487
aligned_single_processed_HA,Q68T,1.4162102
aligned_single_processed_HA,Q68V,1.4426079
aligned_single_processed_HA,Q68W,1.6873741
aligned_single_processed_HA,Q68Y,1.4788399
aligned_single_processed_HA,L69A,1.9849358
aligned_single_processed_HA,L69C,1.6842575
aligned_single_processed_HA,L69D,1.8527145
aligned_single_processed_HA,L69E,2.017807
aligned_single_processed_HA,L69F,1.7632217
aligned_single_processed_HA,L69G,1.8955307
aligned_single_processed_HA,L69H,2.0763664
aligned_single_processed_HA,L69I,1.4519577
aligned_single_processed_HA,L69K,1.7844772
aligned_single_processed_HA,L69M,1.7216339
aligned_single_processed_HA,L69N,1.8114738
aligned_single_processed_HA,L69P,2.0040894
aligned_single_processed_HA,L69Q,1.8977356
aligned_single_processed_HA,L69R,1.8772354
aligned_single_processed_HA,L69S,1.8035393
aligned_single_processed_HA,L69T,1.8901901
aligned_single_processed_HA,L69V,1.6573296
aligned_single_processed_HA,L69W,1.9926109
aligned_single_processed_HA,L69Y,1.7930832
aligned_single_processed_HA,G70A,2.0447273
aligned_single_processed_HA,G70C,1.9148941
aligned_single_processed_HA,G70D,2.12574
aligned_single_processed_HA,G70E,1.8144455
aligned_single_processed_HA,G70F,2.0131645
aligned_single_processed_HA,G70H,2.0505524
aligned_single_processed_HA,G70I,2.0287437
aligned_single_processed_HA,G70K,1.7217941
aligned_single_processed_HA,G70L,1.7869987
aligned_single_processed_HA,G70M,2.2587166
aligned_single_processed_HA,G70N,2.0227432
aligned_single_processed_HA,G70P,2.086876
aligned_single_processed_HA,G70Q,2.076641
aligned_single_processed_HA,G70R,1.758194
aligned_single_processed_HA,G70S,1.9239922
aligned_single_processed_HA,G70T,1.9788017
aligned_single_processed_HA,G70V,2.115181
aligned_single_processed_HA,G70W,2.1203232
aligned_single_processed_HA,G70Y,2.1389885
aligned_single_processed_HA,K71A,1.72509
aligned_single_processed_HA,K71C,1.3948708
aligned_single_processed_HA,K71D,1.2496986
aligned_single_processed_HA,K71E,1.2529755
aligned_single_processed_HA,K71F,1.6818581
aligned_single_processed_HA,K71G,1.5035248
aligned_single_processed_HA,K71H,1.6260643
aligned_single_processed_HA,K71I,1.5482254
aligned_single_processed_HA,K71L,1.4798698
aligned_single_processed_HA,K71M,1.4116516
aligned_single_processed_HA,K71N,1.0632362
aligned_single_processed_HA,K71P,1.6673775
aligned_single_processed_HA,K71Q,1.4907761
aligned_single_processed_HA,K71R,0.779541
aligned_single_processed_HA,K71S,1.4898415
aligned_single_processed_HA,K71T,1.661541
aligned_single_processed_HA,K71V,1.666748
aligned_single_processed_HA,K71W,1.7684784
aligned_single_processed_HA,K71Y,1.4727135
aligned_single_processed_HA,C72A,2.1708984
aligned_single_processed_HA,C72D,1.9463081
aligned_single_processed_HA,C72E,1.8797913
aligned_single_processed_HA,C72F,1.9076653
aligned_single_processed_HA,C72G,1.9483299
aligned_single_processed_HA,C72H,2.0680237
aligned_single_processed_HA,C72I,1.846592
aligned_single_processed_HA,C72K,1.792984
aligned_single_processed_HA,C72L,2.0269852
aligned_single_processed_HA,C72M,1.945961
aligned_single_processed_HA,C72N,2.0050697
aligned_single_processed_HA,C72P,1.9222412
aligned_single_processed_HA,C72Q,2.0086899
aligned_single_processed_HA,C72R,2.0228462
aligned_single_processed_HA,C72S,1.8897934
aligned_single_processed_HA,C72T,2.0118408
aligned_single_processed_HA,C72V,1.9361839
aligned_single_processed_HA,C72W,2.1365623
aligned_single_processed_HA,C72Y,2.0324974
aligned_single_processed_HA,N73A,1.3971558
aligned_single_processed_HA,N73C,1.5282059
aligned_single_processed_HA,N73D,1.0184784
aligned_single_processed_HA,N73E,1.3632088
aligned_single_processed_HA,N73F,1.1403542
aligned_single_processed_HA,N73G,1.4038239
aligned_single_processed_HA,N73H,1.4241409
aligned_single_processed_HA,N73I,1.3871956
aligned_single_processed_HA,N73K,1.2772255
aligned_single_processed_HA,N73L,1.3822479
aligned_single_processed_HA,N73M,1.4992561
aligned_single_processed_HA,N73P,1.355259
aligned_single_processed_HA,N73Q,1.3339844
aligned_single_processed_HA,N73R,1.4515266
aligned_single_processed_HA,N73S,0.6552124
aligned_single_processed_HA,N73T,1.1392632
aligned_single_processed_HA,N73V,1.2279396
aligned_single_processed_HA,N73W,1.317234
aligned_single_processed_HA,N73Y,1.3593979
aligned_single_processed_HA,I74A,1.2819786
aligned_single_processed_HA,I74C,1.5256729
aligned_single_processed_HA,I74D,1.6232414
aligned_single_processed_HA,I74E,1.5664978
aligned_single_processed_HA,I74F,1.4388809
aligned_single_processed_HA,I74G,1.5910187
aligned_single_processed_HA,I74H,1.5882645
aligned_single_processed_HA,I74K,1.4883041
aligned_single_processed_HA,I74L,1.7037926
aligned_single_processed_HA,I74M,1.3783646
aligned_single_processed_HA,I74N,1.4653397
aligned_single_processed_HA,I74P,1.5953407
aligned_single_processed_HA,I74Q,1.7365036
aligned_single_processed_HA,I74R,1.6219254
aligned_single_processed_HA,I74S,1.9426041
aligned_single_processed_HA,I74T,1.5870361
aligned_single_processed_HA,I74V,0.34223175
aligned_single_processed_HA,I74W,1.5471878
aligned_single_processed_HA,I74Y,1.4776268
aligned_single_processed_HA,T75A,-1.4219284
aligned_single_processed_HA,T75C,0.3665924
aligned_single_processed_HA,T75D,0.34055328
aligned_single_processed_HA,T75E,0.17670822
aligned_single_processed_HA,T75F,0.235363
aligned_single_processed_HA,T75G,0.38145447
aligned_single_processed_HA,T75H,0.3860016
aligned_single_processed_HA,T75I,0.16091919
aligned_single_processed_HA,T75K,0.46448898
aligned_single_processed_HA,T75L,0.13888168
aligned_single_processed_HA,T75M,0.18759537
aligned_single_processed_HA,T75N,0.17290497
aligned_single_processed_HA,T75P,0.32072067
aligned_single_processed_HA,T75Q,0.5119858
aligned_single_processed_HA,T75R,0.34088898
aligned_single_processed_HA,T75S,0.54722595
aligned_single_processed_HA,T75V,0.24460602
aligned_single_processed_HA,T75W,0.1366005
aligned_single_processed_HA,T75Y,0.26595688
aligned_single_processed_HA,G76A,1.9817162
aligned_single_processed_HA,G76C,1.8419342
aligned_single_processed_HA,G76D,1.9104462
aligned_single_processed_HA,G76E,1.8974457
aligned_single_processed_HA,G76F,1.9959259
aligned_single_processed_HA,G76H,1.9443779
aligned_single_processed_HA,G76I,2.1069756
aligned_single_processed_HA,G76K,1.8731079
aligned_single_processed_HA,G76L,1.953701
aligned_single_processed_HA,G76M,1.8651505
aligned_single_processed_HA,G76N,1.9587708
aligned_single_processed_HA,G76P,1.9297523
aligned_single_processed_HA,G76Q,2.0296364
aligned_single_processed_HA,G76R,1.8756828
aligned_single_processed_HA,G76S,2.12986
aligned_single_processed_HA,G76T,1.9455986
aligned_single_processed_HA,G76V,2.1694183
aligned_single_processed_HA,G76W,1.7084961
aligned_single_processed_HA,G76Y,2.0309753
aligned_single_processed_HA,W77A,2.2228775
aligned_single_processed_HA,W77C,2.1275063
aligned_single_processed_HA,W77D,2.0404205
aligned_single_processed_HA,W77E,2.0065308
aligned_single_processed_HA,W77F,2.0415115
aligned_single_processed_HA,W77G,1.9330254
aligned_single_processed_HA,W77H,2.126152
aligned_single_processed_HA,W77I,2.288231
aligned_single_processed_HA,W77K,2.0328827
aligned_single_processed_HA,W77L,1.8781395
aligned_single_processed_HA,W77M,2.1018562
aligned_single_processed_HA,W77N,1.8380508
aligned_single_processed_HA,W77P,2.1665192
aligned_single_processed_HA,W77Q,2.1524582
aligned_single_processed_HA,W77R,1.6022606
aligned_single_processed_HA,W77S,2.0014954
aligned_single_processed_HA,W77T,2.0506248
aligned_single_processed_HA,W77V,2.152588
aligned_single_processed_HA,W77Y,2.1163445
aligned_single_processed_HA,L78A,1.3894615
aligned_single_processed_HA,L78C,1.1557999
aligned_single_processed_HA,L78D,1.5468445
aligned_single_processed_HA,L78E,1.3277245
aligned_single_processed_HA,L78F,1.4000244
aligned_single_processed_HA,L78G,1.5459671
aligned_single_processed_HA,L78H,1.3951492
aligned_single_processed_HA,L78I,0.33340836
aligned_single_processed_HA,L78K,1.5817413
aligned_single_processed_HA,L78M,1.1584511
aligned_single_processed_HA,L78N,1.5335083
aligned_single_processed_HA,L78P,1.6396103
aligned_single_processed_HA,L78Q,1.4522171
aligned_single_processed_HA,L78R,1.1644478
aligned_single_processed_HA,L78S,1.5339165
aligned_single_processed_HA,L78T,1.4509315
aligned_single_processed_HA,L78V,1.125248
aligned_single_processed_HA,L78W,1.2341423
aligned_single_processed_HA,L78Y,1.4452782
aligned_single_processed_HA,L79A,2.139717
aligned_single_processed_HA,L79C,2.0042343
aligned_single_processed_HA,L79D,1.7825508
aligned_single_processed_HA,L79E,1.7634544
aligned_single_processed_HA,L79F,2.012249
aligned_single_processed_HA,L79G,1.862957
aligned_single_processed_HA,L79H,2.0091248
aligned_single_processed_HA,L79I,1.9602203
aligned_single_processed_HA,L79K,1.9257736
aligned_single_processed_HA,L79M,1.9179611
aligned_single_processed_HA,L79N,1.8048973
aligned_single_processed_HA,L79P,2.1712646
aligned_single_processed_HA,L79Q,2.0684814
aligned_single_processed_HA,L79R,2.0316467
aligned_single_processed_HA,L79S,1.8117409
aligned_single_processed_HA,L79T,2.0340614
aligned_single_processed_HA,L79V,1.9217072
aligned_single_processed_HA,L79W,2.0186005
aligned_single_processed_HA,L79Y,1.831871
aligned_single_processed_HA,G80A,1.820507
aligned_single_processed_HA,G80C,2.0263672
aligned_single_processed_HA,G80D,2.1150742
aligned_single_processed_HA,G80E,2.1369057
aligned_single_processed_HA,G80F,1.9627228
aligned_single_processed_HA,G80H,2.1111984
aligned_single_processed_HA,G80I,1.8981857
aligned_single_processed_HA,G80K,2.2220726
aligned_single_processed_HA,G80L,2.0377197
aligned_single_processed_HA,G80M,1.9995575
aligned_single_processed_HA,G80N,1.9855194
aligned_single_processed_HA,G80P,2.1345978
aligned_single_processed_HA,G80Q,2.0815315
aligned_single_processed_HA,G80R,2.0271034
aligned_single_processed_HA,G80S,2.0843925
aligned_single_processed_HA,G80T,2.0359993
aligned_single_processed_HA,G80V,1.8458939
aligned_single_processed_HA,G80W,1.9793243
aligned_single_processed_HA,G80Y,1.9606361
aligned_single_processed_HA,N81A,1.6240234
aligned_single_processed_HA,N81C,1.9003716
aligned_single_processed_HA,N81D,1.6685295
aligned_single_processed_HA,N81E,1.7855835
aligned_single_processed_HA,N81F,1.892601
aligned_single_processed_HA,N81G,1.8103371
aligned_single_processed_HA,N81H,1.7357826
aligned_single_processed_HA,N81I,2.019802
aligned_single_processed_HA,N81K,1.9068642
aligned_single_processed_HA,N81L,1.8320122
aligned_single_processed_HA,N81M,1.788948
aligned_single_processed_HA,N81P,2.114891
aligned_single_processed_HA,N81Q,1.975441
aligned_single_processed_HA,N81R,1.7359009
aligned_single_processed_HA,N81S,1.7149162
aligned_single_processed_HA,N81T,1.8865585
aligned_single_processed_HA,N81V,1.7807198
aligned_single_processed_HA,N81W,1.9545784
aligned_single_processed_HA,N81Y,1.8919029
aligned_single_processed_HA,P82A,2.0624962
aligned_single_processed_HA,P82C,2.1569214
aligned_single_processed_HA,P82D,2.0303612
aligned_single_processed_HA,P82E,1.9804115
aligned_single_processed_HA,P82F,2.1545753
aligned_single_processed_HA,P82G,1.913105
aligned_single_processed_HA,P82H,1.9370918
aligned_single_processed_HA,P82I,1.8287392
aligned_single_processed_HA,P82K,1.7718239
aligned_single_processed_HA,P82L,2.0589256
aligned_single_processed_HA,P82M,2.100174
aligned_single_processed_HA,P82N,1.9594193
aligned_single_processed_HA,P82Q,2.007824
aligned_single_processed_HA,P82R,1.8034325
aligned_single_processed_HA,P82S,2.023487
aligned_single_processed_HA,P82T,2.0820198
aligned_single_processed_HA,P82V,1.6249619
aligned_single_processed_HA,P82W,2.026474
aligned_single_processed_HA,P82Y,1.7579231
aligned_single_processed_HA,E83A,1.2911034
aligned_single_processed_HA,E83C,1.5286865
aligned_single_processed_HA,E83D,1.3852158
aligned_single_processed_HA,E83F,1.6424141
aligned_single_processed_HA,E83G,1.4864731
aligned_single_processed_HA,E83H,1.7114105
aligned_single_processed_HA,E83I,1.5485878
aligned_single_processed_HA,E83K,0.9868736
aligned_single_processed_HA,E83L,1.3502274
aligned_single_processed_HA,E83M,1.627121
aligned_single_processed_HA,E83N,1.6025658
aligned_single_processed_HA,E83P,1.5773048
aligned_single_processed_HA,E83Q,1.6348724
aligned_single_processed_HA,E83R,1.6095161
aligned_single_processed_HA,E83S,1.426506
aligned_single_processed_HA,E83T,1.5269089
aligned_single_processed_HA,E83V,1.3836021
aligned_single_processed_HA,E83W,1.442173
aligned_single_processed_HA,E83Y,1.6852379
aligned_single_processed_HA,C84A,1.9871063
aligned_single_processed_HA,C84D,2.1882286
aligned_single_processed_HA,C84E,1.992939
aligned_single_processed_HA,C84F,1.9958725
aligned_single_processed_HA,C84G,1.9508209
aligned_single_processed_HA,C84H,2.1369057
aligned_single_processed_HA,C84I,1.9270821
aligned_single_processed_HA,C84K,1.9392967
aligned_single_processed_HA,C84L,2.019535
aligned_single_processed_HA,C84M,2.149578
aligned_single_processed_HA,C84N,1.9793091
aligned_single_processed_HA,C84P,2.0781708
aligned_single_processed_HA,C84Q,2.0636253
aligned_single_processed_HA,C84R,1.9724312
aligned_single_processed_HA,C84S,1.9329033
aligned_single_processed_HA,C84T,1.9674225
aligned_single_processed_HA,C84V,2.0989723
aligned_single_processed_HA,C84W,2.1132126
aligned_single_processed_HA,C84Y,2.0436668
aligned_single_processed_HA,D85A,0.9352226
aligned_single_processed_HA,D85C,0.8947525
aligned_single_processed_HA,D85E,-0.1458931
aligned_single_processed_HA,D85F,1.0435677
aligned_single_processed_HA,D85G,0.92004013
aligned_single_processed_HA,D85H,1.013134
aligned_single_processed_HA,D85I,1.1337891
aligned_single_processed_HA,D85K,0.81874084
aligned_single_processed_HA,D85L,0.89113617
aligned_single_processed_HA,D85M,1.2313995
aligned_single_processed_HA,D85N,0.770607
aligned_single_processed_HA,D85P,1.0313606
aligned_single_processed_HA,D85Q,1.0839157
aligned_single_processed_HA,D85R,1.0308533
aligned_single_processed_HA,D85S,0.7990761
aligned_single_processed_HA,D85T,0.9870491
aligned_single_processed_HA,D85V,0.9355736
aligned_single_processed_HA,D85W,1.1771812
aligned_single_processed_HA,D85Y,1.161377
aligned_single_processed_HA,S86A,0.9216118
aligned_single_processed_HA,S86C,0.9456215
aligned_single_processed_HA,S86D,0.8343582
aligned_single_processed_HA,S86E,0.93234634
aligned_single_processed_HA,S86F,0.6569443
aligned_single_processed_HA,S86G,0.8637085
aligned_single_processed_HA,S86H,0.98218536
aligned_single_processed_HA,S86I,0.6339989
aligned_single_processed_HA,S86K,1.1444283
aligned_single_processed_HA,S86L,0.24018478
aligned_single_processed_HA,S86M,0.5900078
aligned_single_processed_HA,S86N,0.94646835
aligned_single_processed_HA,S86P,0.5392227
aligned_single_processed_HA,S86Q,0.9306755
aligned_single_processed_HA,S86R,0.80506516
aligned_single_processed_HA,S86T,0.8952942
aligned_single_processed_HA,S86V,0.66571045
aligned_single_processed_HA,S86W,1.127533
aligned_single_processed_HA,S86Y,1.0882187
aligned_single_processed_HA,L87A,1.3734131
aligned_single_processed_HA,L87C,1.5877266
aligned_single_processed_HA,L87D,1.2219734
aligned_single_processed_HA,L87E,1.5779419
aligned_single_processed_HA,L87F,1.07547
aligned_single_processed_HA,L87G,1.3830833
aligned_single_processed_HA,L87H,1.5572624
aligned_single_processed_HA,L87I,1.3189735
aligned_single_processed_HA,L87K,1.5582352
aligned_single_processed_HA,L87M,1.0046196
aligned_single_processed_HA,L87N,1.4745865
aligned_single_processed_HA,L87P,1.6037827
aligned_single_processed_HA,L87Q,1.3107986
aligned_single_processed_HA,L87R,1.5645943
aligned_single_processed_HA,L87S,1.5031357
aligned_single_processed_HA,L87T,1.0022011
aligned_single_processed_HA,L87V,1.0716896
aligned_single_processed_HA,L87W,1.7974663
aligned_single_processed_HA,L87Y,1.5999069
aligned_single_processed_HA,L88A,1.0582008
aligned_single_processed_HA,L88C,1.5104866
aligned_single_processed_HA,L88D,0.7788353
aligned_single_processed_HA,L88E,0.993351
aligned_single_processed_HA,L88F,0.20693588
aligned_single_processed_HA,L88G,1.090126
aligned_single_processed_HA,L88H,1.1835938
aligned_single_processed_HA,L88I,0.756485
aligned_single_processed_HA,L88K,1.0469589
aligned_single_processed_HA,L88M,0.82297516
aligned_single_processed_HA,L88N,1.1347885
aligned_single_processed_HA,L88P,1.0610313
aligned_single_processed_HA,L88Q,1.1631584
aligned_single_processed_HA,L88R,0.94135666
aligned_single_processed_HA,L88S,0.52913284
aligned_single_processed_HA,L88T,0.6079254
aligned_single_processed_HA,L88V,0.61981964
aligned_single_processed_HA,L88W,0.9504318
aligned_single_processed_HA,L88Y,1.4090157
aligned_single_processed_HA,P89A,0.22640228
aligned_single_processed_HA,P89C,0.5922966
aligned_single_processed_HA,P89D,0.40518188
aligned_single_processed_HA,P89E,0.11501694
aligned_single_processed_HA,P89F,0.5326843
aligned_single_processed_HA,P89G,0.48197937
aligned_single_processed_HA,P89H,0.46684265
aligned_single_processed_HA,P89I,0.4482231
aligned_single_processed_HA,P89K,0.26148605
aligned_single_processed_HA,P89L,0.5339966
aligned_single_processed_HA,P89M,0.38768005
aligned_single_processed_HA,P89N,0.42713547
aligned_single_processed_HA,P89Q,0.6535835
aligned_single_processed_HA,P89R,0.47010422
aligned_single_processed_HA,P89S,-0.62255096
aligned_single_processed_HA,P89T,-0.20281601
aligned_single_processed_HA,P89V,0.17826462
aligned_single_processed_HA,P89W,0.66319275
aligned_single_processed_HA,P89Y,0.5294914
aligned_single_processed_HA,A90C,1.379158
aligned_single_processed_HA,A90D,1.2229843
aligned_single_processed_HA,A90E,1.0374413
aligned_single_processed_HA,A90F,1.3285065
aligned_single_processed_HA,A90G,1.0119667
aligned_single_processed_HA,A90H,1.2556725
aligned_single_processed_HA,A90I,1.0803947
aligned_single_processed_HA,A90K,0.6980591
aligned_single_processed_HA,A90L,1.1198349
aligned_single_processed_HA,A90M,1.2986908
aligned_single_processed_HA,A90N,1.4130707
aligned_single_processed_HA,A90P,1.1415367
aligned_single_processed_HA,A90Q,1.2401237
aligned_single_processed_HA,A90R,0.7427559
aligned_single_processed_HA,A90S,1.146492
aligned_single_processed_HA,A90T,0.69127274
aligned_single_processed_HA,A90V,0.5609703
aligned_single_processed_HA,A90W,1.277195
aligned_single_processed_HA,A90Y,1.0042953
aligned_single_processed_HA,R91A,0.8852043
aligned_single_processed_HA,R91C,0.8578148
aligned_single_processed_HA,R91D,0.50748825
aligned_single_processed_HA,R91E,0.2125206
aligned_single_processed_HA,R91F,0.805542
aligned_single_processed_HA,R91G,0.8098297
aligned_single_processed_HA,R91H,0.8520279
aligned_single_processed_HA,R91I,0.9231987
aligned_single_processed_HA,R91K,0.25950623
aligned_single_processed_HA,R91L,0.83073425
aligned_single_processed_HA,R91M,0.7105255
aligned_single_processed_HA,R91N,0.14531708
aligned_single_processed_HA,R91P,0.94332886
aligned_single_processed_HA,R91Q,0.7659073
aligned_single_processed_HA,R91S,0.23971558
aligned_single_processed_HA,R91T,0.6172447
aligned_single_processed_HA,R91V,0.781456
aligned_single_processed_HA,R91W,0.9070816
aligned_single_processed_HA,R91Y,0.8958397
aligned_single_processed_HA,S92A,2.0655746
aligned_single_processed_HA,S92C,1.9708786
aligned_single_processed_HA,S92D,1.7797127
aligned_single_processed_HA,S92E,1.9657745
aligned_single_processed_HA,S92F,1.9851952
aligned_single_processed_HA,S92G,1.9896584
aligned_single_processed_HA,S92H,2.026371
aligned_single_processed_HA,S92I,2.1582527
aligned_single_processed_HA,S92K,1.9676666
aligned_single_processed_HA,S92L,1.9109154
aligned_single_processed_HA,S92M,2.0269432
aligned_single_processed_HA,S92N,2.1337318
aligned_single_processed_HA,S92P,2.0092926
aligned_single_processed_HA,S92Q,1.8409042
aligned_single_processed_HA,S92R,2.1294632
aligned_single_processed_HA,S92T,1.9725418
aligned_single_processed_HA,S92V,1.9656868
aligned_single_processed_HA,S92W,2.0271645
aligned_single_processed_HA,S92Y,1.9414749
aligned_single_processed_HA,W93A,2.1049118
aligned_single_processed_HA,W93C,2.052761
aligned_single_processed_HA,W93D,1.8551788
aligned_single_processed_HA,W93E,1.8829956
aligned_single_processed_HA,W93F,1.9603958
aligned_single_processed_HA,W93G,1.9926872
aligned_single_processed_HA,W93H,2.1137848
aligned_single_processed_HA,W93I,2.1023788
aligned_single_processed_HA,W93K,2.2186089
aligned_single_processed_HA,W93L,2.0125504
aligned_single_processed_HA,W93M,2.068592
aligned_single_processed_HA,W93N,1.8639145
aligned_single_processed_HA,W93P,1.8647232
aligned_single_processed_HA,W93Q,1.9215088
aligned_single_processed_HA,W93R,1.8309975
aligned_single_processed_HA,W93S,1.9041748
aligned_single_processed_HA,W93T,1.8983078
aligned_single_processed_HA,W93V,1.8447456
aligned_single_processed_HA,W93Y,2.2075653
aligned_single_processed_HA,S94A,1.8074188
aligned_single_processed_HA,S94C,1.8683128
aligned_single_processed_HA,S94D,2.0472603
aligned_single_processed_HA,S94E,1.9251328
aligned_single_processed_HA,S94F,1.9427757
aligned_single_processed_HA,S94G,2.0208092
aligned_single_processed_HA,S94H,2.0854073
aligned_single_processed_HA,S94I,1.862648
aligned_single_processed_HA,S94K,1.9338531
aligned_single_processed_HA,S94L,2.1499672
aligned_single_processed_HA,S94M,1.9713974
aligned_single_processed_HA,S94N,1.9864311
aligned_single_processed_HA,S94P,1.7768135
aligned_single_processed_HA,S94Q,1.9227486
aligned_single_processed_HA,S94R,1.7792702
aligned_single_processed_HA,S94T,1.9068031
aligned_single_processed_HA,S94V,1.8820839
aligned_single_processed_HA,S94W,1.7449493
aligned_single_processed_HA,S94Y,1.8547401
aligned_single_processed_HA,Y95A,2.0338898
aligned_single_processed_HA,Y95C,1.7504234
aligned_single_processed_HA,Y95D,1.8333092
aligned_single_processed_HA,Y95E,2.2293625
aligned_single_processed_HA,Y95F,2.1251411
aligned_single_processed_HA,Y95G,1.9895973
aligned_single_processed_HA,Y95H,1.8777122
aligned_single_processed_HA,Y95I,2.0061035
aligned_single_processed_HA,Y95K,2.0125618
aligned_single_processed_HA,Y95L,2.0009155
aligned_single_processed_HA,Y95M,2.0568924
aligned_single_processed_HA,Y95N,1.9413338
aligned_single_processed_HA,Y95P,1.9906502
aligned_single_processed_HA,Y95Q,2.1259766
aligned_single_processed_HA,Y95R,1.9779816
aligned_single_processed_HA,Y95S,1.9057426
aligned_single_processed_HA,Y95T,1.8587341
aligned_single_processed_HA,Y95V,2.1086502
aligned_single_processed_HA,Y95W,2.1853104
aligned_single_processed_HA,I96A,1.8545227
aligned_single_processed_HA,I96C,2.051941
aligned_single_processed_HA,I96D,1.734932
aligned_single_processed_HA,I96E,1.8801537
aligned_single_processed_HA,I96F,1.8738403
aligned_single_processed_HA,I96G,1.8222923
aligned_single_processed_HA,I96H,1.6819801
aligned_single_processed_HA,I96K,1.9675789
aligned_single_processed_HA,I96L,1.4783936
aligned_single_processed_HA,I96M,1.6433525
aligned_single_processed_HA,I96N,1.9451599
aligned_single_processed_HA,I96P,1.5998306
aligned_single_processed_HA,I96Q,1.8601532
aligned_single_processed_HA,I96R,1.6881676
aligned_single_processed_HA,I96S,1.9671478
aligned_single_processed_HA,I96T,1.8699379
aligned_single_processed_HA,I96V,1.5597191
aligned_single_processed_HA,I96W,1.8698425
aligned_single_processed_HA,I96Y,1.964138
aligned_single_processed_HA,V97A,0.4098816
aligned_single_processed_HA,V97C,1.180912
aligned_single_processed_HA,V97D,1.1911125
aligned_single_processed_HA,V97E,1.2550468
aligned_single_processed_HA,V97F,1.2550697
aligned_single_processed_HA,V97G,1.179306
aligned_single_processed_HA,V97H,1.1153069
aligned_single_processed_HA,V97I,0.0682106
aligned_single_processed_HA,V97K,1.3019753
aligned_single_processed_HA,V97L,1.2121086
aligned_single_processed_HA,V97M,1.1404533
aligned_single_processed_HA,V97N,1.0834274
aligned_single_processed_HA,V97P,1.1003876
aligned_single_processed_HA,V97Q,1.0886154
aligned_single_processed_HA,V97R,1.1178894
aligned_single_processed_HA,V97S,1.1206741
aligned_single_processed_HA,V97T,0.97553635
aligned_single_processed_HA,V97W,1.1634903
aligned_single_processed_HA,V97Y,1.1493683
aligned_single_processed_HA,E98A,1.4483185
aligned_single_processed_HA,E98C,1.7617645
aligned_single_processed_HA,E98D,1.4442406
aligned_single_processed_HA,E98F,1.750721
aligned_single_processed_HA,E98G,1.5653801
aligned_single_processed_HA,E98H,1.4349823
aligned_single_processed_HA,E98I,1.7506218
aligned_single_processed_HA,E98K,1.6735802
aligned_single_processed_HA,E98L,1.7862244
aligned_single_processed_HA,E98M,1.6400948
aligned_single_processed_HA,E98N,1.5909538
aligned_single_processed_HA,E98P,1.6362152
aligned_single_processed_HA,E98Q,1.7963066
aligned_single_processed_HA,E98R,1.6547279
aligned_single_processed_HA,E98S,1.5982857
aligned_single_processed_HA,E98T,1.8063965
aligned_single_processed_HA,E98V,1.5483398
aligned_single_processed_HA,E98W,1.6877403
aligned_single_processed_HA,E98Y,1.7284164
aligned_single_processed_HA,T99A,0.3339653
aligned_single_processed_HA,T99C,1.581913
aligned_single_processed_HA,T99D,1.2378082
aligned_single_processed_HA,T99E,1.3571243
aligned_single_processed_HA,T99F,1.5794029
aligned_single_processed_HA,T99G,1.3899841
aligned_single_processed_HA,T99H,1.3639412
aligned_single_processed_HA,T99I,1.119854
aligned_single_processed_HA,T99K,1.0779533
aligned_single_processed_HA,T99L,1.3968582
aligned_single_processed_HA,T99M,1.296257
aligned_single_processed_HA,T99N,1.1600952
aligned_single_processed_HA,T99P,1.3519287
aligned_single_processed_HA,T99Q,1.2390099
aligned_single_processed_HA,T99R,1.1543999
aligned_single_processed_HA,T99S,1.2346687
aligned_single_processed_HA,T99V,1.0280952
aligned_single_processed_HA,T99W,1.15765
aligned_single_processed_HA,T99Y,1.3293152
aligned_single_processed_HA,P100A,1.0722313
aligned_single_processed_HA,P100C,1.3005219
aligned_single_processed_HA,P100D,1.0838966
aligned_single_processed_HA,P100E,1.465126
aligned_single_processed_HA,P100F,1.4794502
aligned_single_processed_HA,P100G,1.4888649
aligned_single_processed_HA,P100H,1.5178642
aligned_single_processed_HA,P100I,1.2003479
aligned_single_processed_HA,P100K,1.494194
aligned_single_processed_HA,P100L,1.1980705
aligned_single_processed_HA,P100M,1.2712364
aligned_single_processed_HA,P100N,1.201973
aligned_single_processed_HA,P100Q,1.3507462
aligned_single_processed_HA,P100R,1.1379051
aligned_single_processed_HA,P100S,0.18938828
aligned_single_processed_HA,P100T,1.1451874
aligned_single_processed_HA,P100V,1.2820663
aligned_single_processed_HA,P100W,1.4358711
aligned_single_processed_HA,P100Y,1.5025826
aligned_single_processed_HA,N101A,1.2926445
aligned_single_processed_HA,N101C,1.6992416
aligned_single_processed_HA,N101D,0.74129105
aligned_single_processed_HA,N101E,1.0948524
aligned_single_processed_HA,N101F,1.5823288
aligned_single_processed_HA,N101G,1.1547165
aligned_single_processed_HA,N101H,1.3328552
aligned_single_processed_HA,N101I,1.2541351
aligned_single_processed_HA,N101K,1.1107788
aligned_single_processed_HA,N101L,1.4186974
aligned_single_processed_HA,N101M,1.4054413
aligned_single_processed_HA,N101P,1.5744286
aligned_single_processed_HA,N101Q,1.2172089
aligned_single_processed_HA,N101R,1.315052
aligned_single_processed_HA,N101S,0.9703903
aligned_single_processed_HA,N101T,1.2280159
aligned_single_processed_HA,N101V,1.1965828
aligned_single_processed_HA,N101W,1.5243187
aligned_single_processed_HA,N101Y,1.5368652
aligned_single_processed_HA,S102A,1.1179161
aligned_single_processed_HA,S102C,1.8293686
aligned_single_processed_HA,S102D,1.4842644
aligned_single_processed_HA,S102E,1.6731339
aligned_single_processed_HA,S102F,1.6381493
aligned_single_processed_HA,S102G,1.5298576
aligned_single_processed_HA,S102H,1.7205505
aligned_single_processed_HA,S102I,1.4334488
aligned_single_processed_HA,S102K,1.7324333
aligned_single_processed_HA,S102L,1.609127
aligned_single_processed_HA,S102M,1.6867943
aligned_single_processed_HA,S102N,1.6474724
aligned_single_processed_HA,S102P,0.923336
aligned_single_processed_HA,S102Q,1.9271507
aligned_single_processed_HA,S102R,1.713417
aligned_single_processed_HA,S102T,1.649231
aligned_single_processed_HA,S102V,1.3756828
aligned_single_processed_HA,S102W,1.7609901
aligned_single_processed_HA,S102Y,1.6195602
aligned_single_processed_HA,E103A,0.84656143
aligned_single_processed_HA,E103C,1.3890572
aligned_single_processed_HA,E103D,0.4646454
aligned_single_processed_HA,E103F,1.361805
aligned_single_processed_HA,E103G,1.0089569
aligned_single_processed_HA,E103H,1.1853065
aligned_single_processed_HA,E103I,1.108757
aligned_single_processed_HA,E103K,0.8055115
aligned_single_processed_HA,E103L,1.2719765
aligned_single_processed_HA,E103M,1.210556
aligned_single_processed_HA,E103N,0.9271736
aligned_single_processed_HA,E103P,1.3591995
aligned_single_processed_HA,E103Q,1.3124046
aligned_single_processed_HA,E103R,0.8809891
aligned_single_processed_HA,E103S,1.1809044
aligned_single_processed_HA,E103T,1.1496239
aligned_single_processed_HA,E103V,0.9140854
aligned_single_processed_HA,E103W,1.2442131
aligned_single_processed_HA,E103Y,1.3488121
aligned_single_processed_HA,N104A,1.2340164
aligned_single_processed_HA,N104C,1.719635
aligned_single_processed_HA,N104D,1.2471313
aligned_single_processed_HA,N104E,1.2892418
aligned_single_processed_HA,N104F,1.6600075
aligned_single_processed_HA,N104G,1.3640747
aligned_single_processed_HA,N104H,1.8922119
aligned_single_processed_HA,N104I,1.6469498
aligned_single_processed_HA,N104K,1.4034691
aligned_single_processed_HA,N104L,1.8249092
aligned_single_processed_HA,N104M,1.7720337
aligned_single_processed_HA,N104P,1.7491798
aligned_single_processed_HA,N104Q,1.5528183
aligned_single_processed_HA,N104R,1.381607
aligned_single_processed_HA,N104S,1.4853973
aligned_single_processed_HA,N104T,1.3408203
aligned_single_processed_HA,N104V,1.5452995
aligned_single_processed_HA,N104W,1.6197548
aligned_single_processed_HA,N104Y,1.6743393
aligned_single_processed_HA,G105A,1.7878952
aligned_single_processed_HA,G105C,1.9331665
aligned_single_processed_HA,G105D,1.737999
aligned_single_processed_HA,G105E,1.7077065
aligned_single_processed_HA,G105F,2.0887413
aligned_single_processed_HA,G105H,2.06818
aligned_single_processed_HA,G105I,1.7964134
aligned_single_processed_HA,G105K,2.044567
aligned_single_processed_HA,G105L,2.0622559
aligned_single_processed_HA,G105M,2.0005836
aligned_single_processed_HA,G105N,1.7380333
aligned_single_processed_HA,G105P,1.9674149
aligned_single_processed_HA,G105Q,2.0083618
aligned_single_processed_HA,G105R,1.8222961
aligned_single_processed_HA,G105S,1.8949661
aligned_single_processed_HA,G105T,1.8548431
aligned_single_processed_HA,G105V,2.0043068
aligned_single_processed_HA,G105W,2.0999603
aligned_single_processed_HA,G105Y,2.0205421
aligned_single_processed_HA,A106C,0.76932144
aligned_single_processed_HA,A106D,0.7479973
aligned_single_processed_HA,A106E,0.3119011
aligned_single_processed_HA,A106F,0.8376579
aligned_single_processed_HA,A106G,0.6842613
aligned_single_processed_HA,A106H,0.7825546
aligned_single_processed_HA,A106I,-0.19617462
aligned_single_processed_HA,A106K,0.57255936
aligned_single_processed_HA,A106L,0.5723686
aligned_single_processed_HA,A106M,0.682621
aligned_single_processed_HA,A106N,0.6217537
aligned_single_processed_HA,A106P,0.88776016
aligned_single_processed_HA,A106Q,0.7363167
aligned_single_processed_HA,A106R,0.79140854
aligned_single_processed_HA,A106S,0.79063416
aligned_single_processed_HA,A106T,-0.42321014
aligned_single_processed_HA,A106V,0.4042282
aligned_single_processed_HA,A106W,0.8320923
aligned_single_processed_HA,A106Y,0.69036484
aligned_single_processed_HA,C107A,1.9744377
aligned_single_processed_HA,C107D,1.9028015
aligned_single_processed_HA,C107E,2.0241623
aligned_single_processed_HA,C107F,2.3232155
aligned_single_processed_HA,C107G,2.0344238
aligned_single_processed_HA,C107H,2.0009842
aligned_single_processed_HA,C107I,2.0053024
aligned_single_processed_HA,C107K,2.1327438
aligned_single_processed_HA,C107L,2.2034378
aligned_single_processed_HA,C107M,1.7036171
aligned_single_processed_HA,C107N,1.8876343
aligned_single_processed_HA,C107P,2.3150444
aligned_single_processed_HA,C107Q,1.943119
aligned_single_processed_HA,C107R,2.040432
aligned_single_processed_HA,C107S,1.9273338
aligned_single_processed_HA,C107T,2.1739464
aligned_single_processed_HA,C107V,2.0733986
aligned_single_processed_HA,C107W,2.0604744
aligned_single_processed_HA,C107Y,2.190113
aligned_single_processed_HA,Y108A,2.2028084
aligned_single_processed_HA,Y108C,2.1006317
aligned_single_processed_HA,Y108D,2.0506325
aligned_single_processed_HA,Y108E,1.9180756
aligned_single_processed_HA,Y108F,1.981781
aligned_single_processed_HA,Y108G,1.8834724
aligned_single_processed_HA,Y108H,1.879406
aligned_single_processed_HA,Y108I,1.8888016
aligned_single_processed_HA,Y108K,1.9272995
aligned_single_processed_HA,Y108L,2.0312004
aligned_single_processed_HA,Y108M,1.9988976
aligned_single_processed_HA,Y108N,1.9694557
aligned_single_processed_HA,Y108P,2.0402756
aligned_single_processed_HA,Y108Q,2.1679382
aligned_single_processed_HA,Y108R,1.9323578
aligned_single_processed_HA,Y108S,2.0758057
aligned_single_processed_HA,Y108T,1.8199997
aligned_single_processed_HA,Y108V,2.0073586
aligned_single_processed_HA,Y108W,2.067131
aligned_single_processed_HA,P109A,1.8923569
aligned_single_processed_HA,P109C,2.0263062
aligned_single_processed_HA,P109D,2.0764084
aligned_single_processed_HA,P109E,1.902111
aligned_single_processed_HA,P109F,2.0550652
aligned_single_processed_HA,P109G,2.0228195
aligned_single_processed_HA,P109H,1.9375954
aligned_single_processed_HA,P109I,1.7835808
aligned_single_processed_HA,P109K,1.6796608
aligned_single_processed_HA,P109L,2.0567017
aligned_single_processed_HA,P109M,2.0929337
aligned_single_processed_HA,P109N,1.845398
aligned_single_processed_HA,P109Q,1.9651871
aligned_single_processed_HA,P109R,1.9700127
aligned_single_processed_HA,P109S,1.980381
aligned_single_processed_HA,P109T,2.077076
aligned_single_processed_HA,P109V,2.0782166
aligned_single_processed_HA,P109W,2.156456
aligned_single_processed_HA,P109Y,2.110073
aligned_single_processed_HA,G110A,2.062313
aligned_single_processed_HA,G110C,1.926117
aligned_single_processed_HA,G110D,1.9391251
aligned_single_processed_HA,G110E,2.0143585
aligned_single_processed_HA,G110F,2.0298958
aligned_single_processed_HA,G110H,2.073677
aligned_single_processed_HA,G110I,2.0508232
aligned_single_processed_HA,G110K,1.811058
aligned_single_processed_HA,G110L,1.9261589
aligned_single_processed_HA,G110M,2.1415977
aligned_single_processed_HA,G110N,2.0125237
aligned_single_processed_HA,G110P,1.9339523
aligned_single_processed_HA,G110Q,2.0184402
aligned_single_processed_HA,G110R,1.9550552
aligned_single_processed_HA,G110S,1.9549675
aligned_single_processed_HA,G110T,1.7705231
aligned_single_processed_HA,G110V,1.913208
aligned_single_processed_HA,G110W,2.193287
aligned_single_processed_HA,G110Y,1.9412308
aligned_single_processed_HA,D111A,0.9928589
aligned_single_processed_HA,D111C,0.94076157
aligned_single_processed_HA,D111E,0.2112236
aligned_single_processed_HA,D111F,0.9178772
aligned_single_processed_HA,D111G,0.8671608
aligned_single_processed_HA,D111H,0.99193573
aligned_single_processed_HA,D111I,1.1482201
aligned_single_processed_HA,D111K,1.0003357
aligned_single_processed_HA,D111L,0.9772415
aligned_single_processed_HA,D111M,0.97856903
aligned_single_processed_HA,D111N,0.6587715
aligned_single_processed_HA,D111P,0.8517113
aligned_single_processed_HA,D111Q,0.6324959
aligned_single_processed_HA,D111R,0.7239151
aligned_single_processed_HA,D111S,0.6083565
aligned_single_processed_HA,D111T,0.75032425
aligned_single_processed_HA,D111V,0.86759186
aligned_single_processed_HA,D111W,0.9500313
aligned_single_processed_HA,D111Y,0.7176857
aligned_single_processed_HA,L112A,0.2350769
aligned_single_processed_HA,L112C,0.22491455
aligned_single_processed_HA,L112D,0.26020813
aligned_single_processed_HA,L112E,0.39048767
aligned_single_processed_HA,L112F,-1.473774
aligned_single_processed_HA,L112G,0.3893814
aligned_single_processed_HA,L112H,0.33148193
aligned_single_processed_HA,L112I,0.36279678
aligned_single_processed_HA,L112K,0.32149506
aligned_single_processed_HA,L112M,0.1732254
aligned_single_processed_HA,L112N,0.18174362
aligned_single_processed_HA,L112P,0.2751274
aligned_single_processed_HA,L112Q,0.21533585
aligned_single_processed_HA,L112R,-0.0107040405
aligned_single_processed_HA,L112S,-0.041641235
aligned_single_processed_HA,L112T,-0.029491425
aligned_single_processed_HA,L112V,0.19020844
aligned_single_processed_HA,L112W,0.34518814
aligned_single_processed_HA,L112Y,0.18167877
aligned_single_processed_HA,I113A,0.3461609
aligned_single_processed_HA,I113C,1.4510231
aligned_single_processed_HA,I113D,1.3582039
aligned_single_processed_HA,I113E,1.1319122
aligned_single_processed_HA,I113F,1.1012421
aligned_single_processed_HA,I113G,1.1484528
aligned_single_processed_HA,I113H,1.3567696
aligned_single_processed_HA,I113K,1.3486938
aligned_single_processed_HA,I113L,1.3346748
aligned_single_processed_HA,I113M,0.95295715
aligned_single_processed_HA,I113N,1.1153412
aligned_single_processed_HA,I113P,1.4633789
aligned_single_processed_HA,I113Q,1.175354
aligned_single_processed_HA,I113R,1.170166
aligned_single_processed_HA,I113S,0.7793999
aligned_single_processed_HA,I113T,0.5621605
aligned_single_processed_HA,I113V,0.9926071
aligned_single_processed_HA,I113W,1.2498817
aligned_single_processed_HA,I113Y,1.3461151
aligned_single_processed_HA,D114A,1.4243965
aligned_single_processed_HA,D114C,1.8244553
aligned_single_processed_HA,D114E,1.4924736
aligned_single_processed_HA,D114F,1.6254196
aligned_single_processed_HA,D114G,1.4215355
aligned_single_processed_HA,D114H,1.3756409
aligned_single_processed_HA,D114I,1.4122086
aligned_single_processed_HA,D114K,1.3328934
aligned_single_processed_HA,D114L,1.3755226
aligned_single_processed_HA,D114M,1.2146454
aligned_single_processed_HA,D114N,0.48780823
aligned_single_processed_HA,D114P,1.2524757
aligned_single_processed_HA,D114Q,1.4942741
aligned_single_processed_HA,D114R,1.5678482
aligned_single_processed_HA,D114S,0.9978485
aligned_single_processed_HA,D114T,1.4132652
aligned_single_processed_HA,D114V,1.5602989
aligned_single_processed_HA,D114W,1.5118446
aligned_single_processed_HA,D114Y,1.5530434
aligned_single_processed_HA,Y115A,2.0122795
aligned_single_processed_HA,Y115C,1.6964798
aligned_single_processed_HA,Y115D,1.9948578
aligned_single_processed_HA,Y115E,1.9325066
aligned_single_processed_HA,Y115F,1.9230652
aligned_single_processed_HA,Y115G,1.8564491
aligned_single_processed_HA,Y115H,1.9753914
aligned_single_processed_HA,Y115I,1.9470329
aligned_single_processed_HA,Y115K,2.06781
aligned_single_processed_HA,Y115L,2.032528
aligned_single_processed_HA,Y115M,2.069706
aligned_single_processed_HA,Y115N,1.9534378
aligned_single_processed_HA,Y115P,1.8904686
aligned_single_processed_HA,Y115Q,1.9963989
aligned_single_processed_HA,Y115R,2.1043625
aligned_single_processed_HA,Y115S,1.7342339
aligned_single_processed_HA,Y115T,1.7823105
aligned_single_processed_HA,Y115V,2.0732841
aligned_single_processed_HA,Y115W,2.0296898
aligned_single_processed_HA,E116A,1.9168663
aligned_single_processed_HA,E116C,1.7657738
aligned_single_processed_HA,E116D,1.944725
aligned_single_processed_HA,E116F,2.0524292
aligned_single_processed_HA,E116G,1.8197708
aligned_single_processed_HA,E116H,2.0887642
aligned_single_processed_HA,E116I,1.9075165
aligned_single_processed_HA,E116K,1.615757
aligned_single_processed_HA,E116L,1.8862839
aligned_single_processed_HA,E116M,1.8055611
aligned_single_processed_HA,E116N,1.9073563
aligned_single_processed_HA,E116P,1.9694557
aligned_single_processed_HA,E116Q,2.1130524
aligned_single_processed_HA,E116R,1.8967476
aligned_single_processed_HA,E116S,1.8201523
aligned_single_processed_HA,E116T,1.904808
aligned_single_processed_HA,E116V,1.8810196
aligned_single_processed_HA,E116W,2.081337
aligned_single_processed_HA,E116Y,1.8688812
aligned_single_processed_HA,E117A,1.8846092
aligned_single_processed_HA,E117C,1.8753586
aligned_single_processed_HA,E117D,2.0890007
aligned_single_processed_HA,E117F,1.7263794
aligned_single_processed_HA,E117G,1.7357674
aligned_single_processed_HA,E117H,1.8546104
aligned_single_processed_HA,E117I,1.9433708
aligned_single_processed_HA,E117K,1.8046112
aligned_single_processed_HA,E117L,1.8021393
aligned_single_processed_HA,E117M,1.8797989
aligned_single_processed_HA,E117N,1.5718842
aligned_single_processed_HA,E117P,1.7895927
aligned_single_processed_HA,E117Q,1.9439278
aligned_single_processed_HA,E117R,1.8918724
aligned_single_processed_HA,E117S,1.9339485
aligned_single_processed_HA,E117T,1.9223557
aligned_single_processed_HA,E117V,2.0432777
aligned_single_processed_HA,E117W,1.9420891
aligned_single_processed_HA,E117Y,1.927185
aligned_single_processed_HA,L118A,1.9446144
aligned_single_processed_HA,L118C,1.9054184
aligned_single_processed_HA,L118D,1.8350334
aligned_single_processed_HA,L118E,1.9240837
aligned_single_processed_HA,L118F,2.0171127
aligned_single_processed_HA,L118G,1.8708954
aligned_single_processed_HA,L118H,1.8029213
aligned_single_processed_HA,L118I,1.7955742
aligned_single_processed_HA,L118K,1.8279266
aligned_single_processed_HA,L118M,1.9364586
aligned_single_processed_HA,L118N,1.7872086
aligned_single_processed_HA,L118P,2.0805206
aligned_single_processed_HA,L118Q,2.0235367
aligned_single_processed_HA,L118R,1.7367249
aligned_single_processed_HA,L118S,1.9783707
aligned_single_processed_HA,L118T,1.8567581
aligned_single_processed_HA,L118V,1.9115562
aligned_single_processed_HA,L118W,1.9242401
aligned_single_processed_HA,L118Y,1.9703522
aligned_single_processed_HA,R119A,2.0419579
aligned_single_processed_HA,R119C,2.0303307
aligned_single_processed_HA,R119D,1.759079
aligned_single_processed_HA,R119E,1.90345
aligned_single_processed_HA,R119F,1.8935127
aligned_single_processed_HA,R119G,1.8363419
aligned_single_processed_HA,R119H,1.9128151
aligned_single_processed_HA,R119I,1.7583504
aligned_single_processed_HA,R119K,1.5795975
aligned_single_processed_HA,R119L,1.9142494
aligned_single_processed_HA,R119M,2.0496902
aligned_single_processed_HA,R119N,2.057846
aligned_single_processed_HA,R119P,1.8928604
aligned_single_processed_HA,R119Q,1.672802
aligned_single_processed_HA,R119S,1.8626366
aligned_single_processed_HA,R119T,1.9560966
aligned_single_processed_HA,R119V,1.9340057
aligned_single_processed_HA,R119W,1.8732147
aligned_single_processed_HA,R119Y,1.9880104
aligned_single_processed_HA,E120A,1.8857384
aligned_single_processed_HA,E120C,2.0040321
aligned_single_processed_HA,E120D,1.9707031
aligned_single_processed_HA,E120F,1.9046936
aligned_single_processed_HA,E120G,1.5362282
aligned_single_processed_HA,E120H,2.0154724
aligned_single_processed_HA,E120I,1.7867737
aligned_single_processed_HA,E120K,2.0573502
aligned_single_processed_HA,E120L,1.8729477
aligned_single_processed_HA,E120M,1.9196663
aligned_single_processed_HA,E120N,1.7878609
aligned_single_processed_HA,E120P,1.8687744
aligned_single_processed_HA,E120Q,1.8108025
aligned_single_processed_HA,E120R,2.09169
aligned_single_processed_HA,E120S,1.8371849
aligned_single_processed_HA,E120T,2.1388092
aligned_single_processed_HA,E120V,1.8498573
aligned_single_processed_HA,E120W,2.0039902
aligned_single_processed_HA,E120Y,1.8427162
aligned_single_processed_HA,Q121A,2.0381165
aligned_single_processed_HA,Q121C,1.7193832
aligned_single_processed_HA,Q121D,1.732357
aligned_single_processed_HA,Q121E,1.5459175
aligned_single_processed_HA,Q121F,1.7017021
aligned_single_processed_HA,Q121G,1.6582947
aligned_single_processed_HA,Q121H,1.5793533
aligned_single_processed_HA,Q121I,1.7143517
aligned_single_processed_HA,Q121K,1.8237648
aligned_single_processed_HA,Q121L,1.707531
aligned_single_processed_HA,Q121M,1.6480141
aligned_single_processed_HA,Q121N,1.8252983
aligned_single_processed_HA,Q121P,1.8310165
aligned_single_processed_HA,Q121R,1.6070251
aligned_single_processed_HA,Q121S,1.8526268
aligned_single_processed_HA,Q121T,1.7427826
aligned_single_processed_HA,Q121V,1.7805748
aligned_single_processed_HA,Q121W,1.9785576
aligned_single_processed_HA,Q121Y,1.8858299
aligned_single_processed_HA,L122A,1.6061821
aligned_single_processed_HA,L122C,2.0182228
aligned_single_processed_HA,L122D,2.0142517
aligned_single_processed_HA,L122E,1.9996147
aligned_single_processed_HA,L122F,1.7643661
aligned_single_processed_HA,L122G,1.9890022
aligned_single_processed_HA,L122H,1.8524933
aligned_single_processed_HA,L122I,1.7141037
aligned_single_processed_HA,L122K,2.0606232
aligned_single_processed_HA,L122M,1.5922661
aligned_single_processed_HA,L122N,1.9358978
aligned_single_processed_HA,L122P,2.0325851
aligned_single_processed_HA,L122Q,1.7557297
aligned_single_processed_HA,L122R,1.8173447
aligned_single_processed_HA,L122S,1.7111664
aligned_single_processed_HA,L122T,1.9131737
aligned_single_processed_HA,L122V,1.5419655
aligned_single_processed_HA,L122W,1.7839088
aligned_single_processed_HA,L122Y,1.956253
aligned_single_processed_HA,S123A,2.027523
aligned_single_processed_HA,S123C,1.8543167
aligned_single_processed_HA,S123D,1.9917374
aligned_single_processed_HA,S123E,1.8293953
aligned_single_processed_HA,S123F,2.0717926
aligned_single_processed_HA,S123G,1.9702492
aligned_single_processed_HA,S123H,2.2166557
aligned_single_processed_HA,S123I,1.9116402
aligned_single_processed_HA,S123K,2.124298
aligned_single_processed_HA,S123L,1.8235703
aligned_single_processed_HA,S123M,1.8931465
aligned_single_processed_HA,S123N,1.962265
aligned_single_processed_HA,S123P,1.8739815
aligned_single_processed_HA,S123Q,1.9209747
aligned_single_processed_HA,S123R,1.8988838
aligned_single_processed_HA,S123T,1.8898697
aligned_single_processed_HA,S123V,1.6217499
aligned_single_processed_HA,S123W,2.0619125
aligned_single_processed_HA,S123Y,1.995327
aligned_single_processed_HA,S124A,1.8754349
aligned_single_processed_HA,S124C,2.3468437
aligned_single_processed_HA,S124D,2.0742378
aligned_single_processed_HA,S124E,1.9829826
aligned_single_processed_HA,S124F,1.8409576
aligned_single_processed_HA,S124G,1.8328362
aligned_single_processed_HA,S124H,2.1391945
aligned_single_processed_HA,S124I,2.075348
aligned_single_processed_HA,S124K,1.8354416
aligned_single_processed_HA,S124L,1.8591232
aligned_single_processed_HA,S124M,2.22192
aligned_single_processed_HA,S124N,2.0611992
aligned_single_processed_HA,S124P,2.1196976
aligned_single_processed_HA,S124Q,1.9472237
aligned_single_processed_HA,S124R,1.7765694
aligned_single_processed_HA,S124T,1.9243622
aligned_single_processed_HA,S124V,1.8259621
aligned_single_processed_HA,S124W,1.938652
aligned_single_processed_HA,S124Y,2.0464592
aligned_single_processed_HA,V125A,1.7485161
aligned_single_processed_HA,V125C,2.230156
aligned_single_processed_HA,V125D,2.0552483
aligned_single_processed_HA,V125E,1.9017258
aligned_single_processed_HA,V125F,1.943325
aligned_single_processed_HA,V125G,1.9653358
aligned_single_processed_HA,V125H,1.8878479
aligned_single_processed_HA,V125I,1.5232086
aligned_single_processed_HA,V125K,1.8461647
aligned_single_processed_HA,V125L,2.0297394
aligned_single_processed_HA,V125M,1.7954216
aligned_single_processed_HA,V125N,1.7718506
aligned_single_processed_HA,V125P,1.7597122
aligned_single_processed_HA,V125Q,1.8482742
aligned_single_processed_HA,V125R,2.1419106
aligned_single_processed_HA,V125S,1.9322586
aligned_single_processed_HA,V125T,2.1305084
aligned_single_processed_HA,V125W,1.8304176
aligned_single_processed_HA,V125Y,2.0999641
aligned_single_processed_HA,S126A,2.004486
aligned_single_processed_HA,S126C,2.0745811
aligned_single_processed_HA,S126D,1.9184074
aligned_single_processed_HA,S126E,1.931942
aligned_single_processed_HA,S126F,1.9914589
aligned_single_processed_HA,S126G,2.0824966
aligned_single_processed_HA,S126H,1.9943619
aligned_single_processed_HA,S126I,1.9452171
aligned_single_processed_HA,S126K,1.8461876
aligned_single_processed_HA,S126L,2.0657425
aligned_single_processed_HA,S126M,1.8935966
aligned_single_processed_HA,S126N,1.7631874
aligned_single_processed_HA,S126P,1.8454285
aligned_single_processed_HA,S126Q,1.8009453
aligned_single_processed_HA,S126R,1.9643898
aligned_single_processed_HA,S126T,2.0399551
aligned_single_processed_HA,S126V,1.8585663
aligned_single_processed_HA,S126W,1.8916855
aligned_single_processed_HA,S126Y,2.1633224
aligned_single_processed_HA,S127A,2.0271034
aligned_single_processed_HA,S127C,2.0795898
aligned_single_processed_HA,S127D,2.0654144
aligned_single_processed_HA,S127E,2.0298424
aligned_single_processed_HA,S127F,2.0295944
aligned_single_processed_HA,S127G,1.9455299
aligned_single_processed_HA,S127H,1.9888725
aligned_single_processed_HA,S127I,2.1782646
aligned_single_processed_HA,S127K,2.106041
aligned_single_processed_HA,S127L,2.0478363
aligned_single_processed_HA,S127M,1.8995323
aligned_single_processed_HA,S127N,1.9398422
aligned_single_processed_HA,S127P,2.0465126
aligned_single_processed_HA,S127Q,1.922432
aligned_single_processed_HA,S127R,1.8785362
aligned_single_processed_HA,S127T,1.7615585
aligned_single_processed_HA,S127V,1.9864006
aligned_single_processed_HA,S127W,2.0042648
aligned_single_processed_HA,S127Y,1.9240189
aligned_single_processed_HA,L128A,0.21653748
aligned_single_processed_HA,L128C,0.3080368
aligned_single_processed_HA,L128D,0.24711609
aligned_single_processed_HA,L128E,0.2768669
aligned_single_processed_HA,L128F,-1.8292809
aligned_single_processed_HA,L128G,0.090660095
aligned_single_processed_HA,L128H,0.30221176
aligned_single_processed_HA,L128I,0.114406586
aligned_single_processed_HA,L128K,0.3046379
aligned_single_processed_HA,L128M,0.24629974
aligned_single_processed_HA,L128N,0.29626846
aligned_single_processed_HA,L128P,0.28440094
aligned_single_processed_HA,L128Q,0.40517426
aligned_single_processed_HA,L128R,0.2208023
aligned_single_processed_HA,L128S,0.2043953
aligned_single_processed_HA,L128T,0.21382523
aligned_single_processed_HA,L128V,0.22151566
aligned_single_processed_HA,L128W,0.23055267
aligned_single_processed_HA,L128Y,0.27217484
aligned_single_processed_HA,E129A,1.6903038
aligned_single_processed_HA,E129C,1.6071739
aligned_single_processed_HA,E129D,1.6094627
aligned_single_processed_HA,E129F,1.7109413
aligned_single_processed_HA,E129G,1.5129509
aligned_single_processed_HA,E129H,1.6301689
aligned_single_processed_HA,E129I,1.582058
aligned_single_processed_HA,E129K,1.15728
aligned_single_processed_HA,E129L,1.8102341
aligned_single_processed_HA,E129M,1.8425522
aligned_single_processed_HA,E129N,1.7366295
aligned_single_processed_HA,E129P,1.7338295
aligned_single_processed_HA,E129Q,1.7290115
aligned_single_processed_HA,E129R,1.6419067
aligned_single_processed_HA,E129S,1.6057243
aligned_single_processed_HA,E129T,1.6088066
aligned_single_processed_HA,E129V,1.7058716
aligned_single_processed_HA,E129W,1.8303757
aligned_single_processed_HA,E129Y,1.669796
aligned_single_processed_HA,R130A,1.4298286
aligned_single_processed_HA,R130C,1.7746811
aligned_single_processed_HA,R130D,1.6642265
aligned_single_processed_HA,R130E,1.5428543
aligned_single_processed_HA,R130F,1.754467
aligned_single_processed_HA,R130G,1.4546127
aligned_single_processed_HA,R130H,1.8341827
aligned_single_processed_HA,R130I,1.489296
aligned_single_processed_HA,R130K,0.5679245
aligned_single_processed_HA,R130L,1.6815491
aligned_single_processed_HA,R130M,1.6162491
aligned_single_processed_HA,R130N,1.6549759
aligned_single_processed_HA,R130P,1.7402573
aligned_single_processed_HA,R130Q,1.63237
aligned_single_processed_HA,R130S,1.6835365
aligned_single_processed_HA,R130T,1.61969
aligned_single_processed_HA,R130V,1.5676155
aligned_single_processed_HA,R130W,1.7624702
aligned_single_processed_HA,R130Y,1.6710739
aligned_single_processed_HA,F131A,1.9048157
aligned_single_processed_HA,F131C,2.1690292
aligned_single_processed_HA,F131D,2.190525
aligned_single_processed_HA,F131E,1.9939461
aligned_single_processed_HA,F131G,2.052929
aligned_single_processed_HA,F131H,1.9306717
aligned_single_processed_HA,F131I,1.7923203
aligned_single_processed_HA,F131K,2.067337
aligned_single_processed_HA,F131L,2.089779
aligned_single_processed_HA,F131M,2.0779343
aligned_single_processed_HA,F131N,2.0886917
aligned_single_processed_HA,F131P,2.003521
aligned_single_processed_HA,F131Q,1.9834213
aligned_single_processed_HA,F131R,2.221367
aligned_single_processed_HA,F131S,2.0788307
aligned_single_processed_HA,F131T,1.9943581
aligned_single_processed_HA,F131V,1.9868393
aligned_single_processed_HA,F131W,2.062664
aligned_single_processed_HA,F131Y,2.0584984
aligned_single_processed_HA,E132A,1.9062157
aligned_single_processed_HA,E132C,1.7258301
aligned_single_processed_HA,E132D,1.7689819
aligned_single_processed_HA,E132F,1.6397133
aligned_single_processed_HA,E132G,1.9293289
aligned_single_processed_HA,E132H,1.8318558
aligned_single_processed_HA,E132I,1.9600449
aligned_single_processed_HA,E132K,1.6726952
aligned_single_processed_HA,E132L,1.9826851
aligned_single_processed_HA,E132M,1.9692879
aligned_single_processed_HA,E132N,1.72155
aligned_single_processed_HA,E132P,1.9004974
aligned_single_processed_HA,E132Q,1.9568329
aligned_single_processed_HA,E132R,1.8336258
aligned_single_processed_HA,E132S,1.8092384
aligned_single_processed_HA,E132T,1.9328842
aligned_single_processed_HA,E132V,1.9194298
aligned_single_processed_HA,E132W,2.2238426
aligned_single_processed_HA,E132Y,1.9571838
aligned_single_processed_HA,I133A,1.8261414
aligned_single_processed_HA,I133C,1.8410301
aligned_single_processed_HA,I133D,1.8132019
aligned_single_processed_HA,I133E,1.5524406
aligned_single_processed_HA,I133F,1.8633766
aligned_single_processed_HA,I133G,1.6315727
aligned_single_processed_HA,I133H,1.813961
aligned_single_processed_HA,I133K,1.5417824
aligned_single_processed_HA,I133L,1.3339882
aligned_single_processed_HA,I133M,1.481636
aligned_single_processed_HA,I133N,1.6457062
aligned_single_processed_HA,I133P,1.6428337
aligned_single_processed_HA,I133Q,1.6271706
aligned_single_processed_HA,I133R,1.7845612
aligned_single_processed_HA,I133S,1.6357613
aligned_single_processed_HA,I133T,1.636425
aligned_single_processed_HA,I133V,1.2291794
aligned_single_processed_HA,I133W,1.4626808
aligned_single_processed_HA,I133Y,1.6707916
aligned_single_processed_HA,F134A,1.9929962
aligned_single_processed_HA,F134C,1.8753204
aligned_single_processed_HA,F134D,2.0891953
aligned_single_processed_HA,F134E,2.0598373
aligned_single_processed_HA,F134G,2.154045
aligned_single_processed_HA,F134H,1.8516998
aligned_single_processed_HA,F134I,2.0270119
aligned_single_processed_HA,F134K,1.9585495
aligned_single_processed_HA,F134L,1.932106
aligned_single_processed_HA,F134M,1.9608421
aligned_single_processed_HA,F134N,1.8728409
aligned_single_processed_HA,F134P,2.1496162
aligned_single_processed_HA,F134Q,2.0854454
aligned_single_processed_HA,F134R,1.8183403
aligned_single_processed_HA,F134S,1.7325745
aligned_single_processed_HA,F134T,2.04319
aligned_single_processed_HA,F134V,1.796814
aligned_single_processed_HA,F134W,2.0518417
aligned_single_processed_HA,F134Y,2.1396065
aligned_single_processed_HA,P135A,1.8861084
aligned_single_processed_HA,P135C,1.8161049
aligned_single_processed_HA,P135D,2.0659142
aligned_single_processed_HA,P135E,1.8957558
aligned_single_processed_HA,P135F,2.068348
aligned_single_processed_HA,P135G,1.9062653
aligned_single_processed_HA,P135H,1.975071
aligned_single_processed_HA,P135I,1.9984665
aligned_single_processed_HA,P135K,1.6396904
aligned_single_processed_HA,P135L,2.047081
aligned_single_processed_HA,P135M,2.005371
aligned_single_processed_HA,P135N,1.9329338
aligned_single_processed_HA,P135Q,1.9482689
aligned_single_processed_HA,P135R,2.1734657
aligned_single_processed_HA,P135S,1.9679375
aligned_single_processed_HA,P135T,1.794548
aligned_single_processed_HA,P135V,2.006031
aligned_single_processed_HA,P135W,1.9708939
aligned_single_processed_HA,P135Y,1.9766006
aligned_single_processed_HA,K136A,1.2568893
aligned_single_processed_HA,K136C,1.763958
aligned_single_processed_HA,K136D,1.502449
aligned_single_processed_HA,K136E,1.2863426
aligned_single_processed_HA,K136F,1.624466
aligned_single_processed_HA,K136G,1.3703308
aligned_single_processed_HA,K136H,1.549099
aligned_single_processed_HA,K136I,1.2705917
aligned_single_processed_HA,K136L,1.5733109
aligned_single_processed_HA,K136M,1.3297424
aligned_single_processed_HA,K136N,1.1598892
aligned_single_processed_HA,K136P,1.6469498
aligned_single_processed_HA,K136Q,1.5385132
aligned_single_processed_HA,K136R,0.9542618
aligned_single_processed_HA,K136S,1.4562149
aligned_single_processed_HA,K136T,1.5368919
aligned_single_processed_HA,K136V,1.4068146
aligned_single_processed_HA,K136W,1.364315
aligned_single_processed_HA,K136Y,1.59441
aligned_single_processed_HA,E137A,0.49777985
aligned_single_processed_HA,E137C,1.066433
aligned_single_processed_HA,E137D,0.7427292
aligned_single_processed_HA,E137F,1.1417313
aligned_single_processed_HA,E137G,1.0496521
aligned_single_processed_HA,E137H,1.2985802
aligned_single_processed_HA,E137I,0.8876343
aligned_single_processed_HA,E137K,0.66962814
aligned_single_processed_HA,E137L,1.3540459
aligned_single_processed_HA,E137M,1.2234535
aligned_single_processed_HA,E137N,0.9330025
aligned_single_processed_HA,E137P,1.3204994
aligned_single_processed_HA,E137Q,1.2478752
aligned_single_processed_HA,E137R,1.0501328
aligned_single_processed_HA,E137S,1.2939072
aligned_single_processed_HA,E137T,0.7635689
aligned_single_processed_HA,E137V,1.17033
aligned_single_processed_HA,E137W,1.2649689
aligned_single_processed_HA,E137Y,1.080677
aligned_single_processed_HA,S138A,1.4923592
aligned_single_processed_HA,S138C,1.5751038
aligned_single_processed_HA,S138D,1.3844719
aligned_single_processed_HA,S138E,1.2770576
aligned_single_processed_HA,S138F,1.497467
aligned_single_processed_HA,S138G,1.3600578
aligned_single_processed_HA,S138H,1.6577911
aligned_single_processed_HA,S138I,1.5787506
aligned_single_processed_HA,S138K,1.4613342
aligned_single_processed_HA,S138L,1.640213
aligned_single_processed_HA,S138M,1.7044334
aligned_single_processed_HA,S138N,1.0742035
aligned_single_processed_HA,S138P,1.5733185
aligned_single_processed_HA,S138Q,1.5327301
aligned_single_processed_HA,S138R,1.35606
aligned_single_processed_HA,S138T,1.0771332
aligned_single_processed_HA,S138V,1.3784027
aligned_single_processed_HA,S138W,1.4934616
aligned_single_processed_HA,S138Y,1.7137337
aligned_single_processed_HA,S139A,1.5832939
aligned_single_processed_HA,S139C,1.8129005
aligned_single_processed_HA,S139D,1.7948723
aligned_single_processed_HA,S139E,1.7792778
aligned_single_processed_HA,S139F,1.9045715
aligned_single_processed_HA,S139G,1.8217506
aligned_single_processed_HA,S139H,1.7906837
aligned_single_processed_HA,S139I,1.6765518
aligned_single_processed_HA,S139K,1.6797104
aligned_single_processed_HA,S139L,1.7255974
aligned_single_processed_HA,S139M,2.0459366
aligned_single_processed_HA,S139N,1.7188606
aligned_single_processed_HA,S139P,1.582859
aligned_single_processed_HA,S139Q,2.013256
aligned_single_processed_HA,S139R,1.8521957
aligned_single_processed_HA,S139T,1.5917854
aligned_single_processed_HA,S139V,1.785656
aligned_single_processed_HA,S139W,1.7621231
aligned_single_processed_HA,S139Y,1.8631172
aligned_single_processed_HA,W140A,1.6829758
aligned_single_processed_HA,W140C,2.0404282
aligned_single_processed_HA,W140D,1.9269485
aligned_single_processed_HA,W140E,1.9819489
aligned_single_processed_HA,W140F,1.9260521
aligned_single_processed_HA,W140G,1.8391533
aligned_single_processed_HA,W140H,2.0131378
aligned_single_processed_HA,W140I,1.958355
aligned_single_processed_HA,W140K,1.6954651
aligned_single_processed_HA,W140L,1.8125038
aligned_single_processed_HA,W140M,2.320301
aligned_single_processed_HA,W140N,1.969677
aligned_single_processed_HA,W140P,1.9921913
aligned_single_processed_HA,W140Q,1.6363411
aligned_single_processed_HA,W140R,1.8809547
aligned_single_processed_HA,W140S,1.9722977
aligned_single_processed_HA,W140T,1.7190018
aligned_single_processed_HA,W140V,2.0145226
aligned_single_processed_HA,W140Y,1.821537
aligned_single_processed_HA,P141A,1.6035995
aligned_single_processed_HA,P141C,1.7941246
aligned_single_processed_HA,P141D,1.7380142
aligned_single_processed_HA,P141E,1.8970985
aligned_single_processed_HA,P141F,2.1025352
aligned_single_processed_HA,P141G,2.0298233
aligned_single_processed_HA,P141H,1.7538414
aligned_single_processed_HA,P141I,1.8263359
aligned_single_processed_HA,P141K,1.5158081
aligned_single_processed_HA,P141L,1.8486023
aligned_single_processed_HA,P141M,2.0559921
aligned_single_processed_HA,P141N,1.8823586
aligned_single_processed_HA,P141Q,1.921814
aligned_single_processed_HA,P141R,1.9396858
aligned_single_processed_HA,P141S,1.0730896
aligned_single_processed_HA,P141T,1.6477432
aligned_single_processed_HA,P141V,1.7461853
aligned_single_processed_HA,P141W,1.7762909
aligned_single_processed_HA,P141Y,1.6518822
aligned_single_processed_HA,N142A,1.0706253
aligned_single_processed_HA,N142C,1.2218704
aligned_single_processed_HA,N142D,0.71121216
aligned_single_processed_HA,N142E,1.3349457
aligned_single_processed_HA,N142F,1.3293076
aligned_single_processed_HA,N142G,1.4364815
aligned_single_processed_HA,N142H,1.3263168
aligned_single_processed_HA,N142I,1.2267876
aligned_single_processed_HA,N142K,0.4386406
aligned_single_processed_HA,N142L,1.1355057
aligned_single_processed_HA,N142M,1.4039574
aligned_single_processed_HA,N142P,1.1735611
aligned_single_processed_HA,N142Q,1.15382
aligned_single_processed_HA,N142R,1.0880585
aligned_single_processed_HA,N142S,1.4115562
aligned_single_processed_HA,N142T,1.0754776
aligned_single_processed_HA,N142V,1.2682495
aligned_single_processed_HA,N142W,1.233551
aligned_single_processed_HA,N142Y,1.4531212
aligned_single_processed_HA,H143A,2.0010147
aligned_single_processed_HA,H143C,2.0135727
aligned_single_processed_HA,H143D,1.5600243
aligned_single_processed_HA,H143E,1.7672653
aligned_single_processed_HA,H143F,1.9199829
aligned_single_processed_HA,H143G,1.9439201
aligned_single_processed_HA,H143I,1.9386063
aligned_single_processed_HA,H143K,1.7675133
aligned_single_processed_HA,H143L,1.8186035
aligned_single_processed_HA,H143M,2.0702744
aligned_single_processed_HA,H143N,1.7833328
aligned_single_processed_HA,H143P,2.192688
aligned_single_processed_HA,H143Q,2.0258331
aligned_single_processed_HA,H143R,2.128212
aligned_single_processed_HA,H143S,2.2253838
aligned_single_processed_HA,H143T,2.0440826
aligned_single_processed_HA,H143V,1.8330078
aligned_single_processed_HA,H143W,2.1170921
aligned_single_processed_HA,H143Y,1.4842415
aligned_single_processed_HA,T144A,0.6944771
aligned_single_processed_HA,T144C,1.107254
aligned_single_processed_HA,T144D,0.24144745
aligned_single_processed_HA,T144E,0.47675323
aligned_single_processed_HA,T144F,0.77259064
aligned_single_processed_HA,T144G,0.7166481
aligned_single_processed_HA,T144H,0.93915176
aligned_single_processed_HA,T144I,0.87773895
aligned_single_processed_HA,T144K,0.7204857
aligned_single_processed_HA,T144L,1.1832542
aligned_single_processed_HA,T144M,0.75139236
aligned_single_processed_HA,T144N,0.4458313
aligned_single_processed_HA,T144P,0.7825165
aligned_single_processed_HA,T144Q,1.0009003
aligned_single_processed_HA,T144R,0.6888733
aligned_single_processed_HA,T144S,0.061481476
aligned_single_processed_HA,T144V,0.53121567
aligned_single_processed_HA,T144W,0.9883156
aligned_single_processed_HA,T144Y,0.86219025
aligned_single_processed_HA,F145A,-0.38404846
aligned_single_processed_HA,F145C,0.12931061
aligned_single_processed_HA,F145D,-0.26601028
aligned_single_processed_HA,F145E,-0.13039398
aligned_single_processed_HA,F145G,-0.08382416
aligned_single_processed_HA,F145H,-0.1366272
aligned_single_processed_HA,F145I,-0.98194504
aligned_single_processed_HA,F145K,-0.17980194
aligned_single_processed_HA,F145L,-0.08773804
aligned_single_processed_HA,F145M,-0.44999313
aligned_single_processed_HA,F145N,-0.09643555
aligned_single_processed_HA,F145P,-0.24979782
aligned_single_processed_HA,F145Q,-0.017799377
aligned_single_processed_HA,F145R,0.018341064
aligned_single_processed_HA,F145S,-0.3804283
aligned_single_processed_HA,F145T,-0.77687454
aligned_single_processed_HA,F145V,-1.1107063
aligned_single_processed_HA,F145W,-0.050685883
aligned_single_processed_HA,F145Y,-0.008975983
aligned_single_processed_HA,N146A,0.4485855
aligned_single_processed_HA,N146C,0.80010223
aligned_single_processed_HA,N146D,0.27271652
aligned_single_processed_HA,N146E,0.6101761
aligned_single_processed_HA,N146F,0.85515594
aligned_single_processed_HA,N146G,0.53697586
aligned_single_processed_HA,N146H,0.851902
aligned_single_processed_HA,N146I,0.5190773
aligned_single_processed_HA,N146K,0.04421997
aligned_single_processed_HA,N146L,0.79146194
aligned_single_processed_HA,N146M,0.6233444
aligned_single_processed_HA,N146P,0.7179756
aligned_single_processed_HA,N146Q,0.48827362
aligned_single_processed_HA,N146R,0.18401718
aligned_single_processed_HA,N146S,0.44717407
aligned_single_processed_HA,N146T,-0.09193802
aligned_single_processed_HA,N146V,0.46863174
aligned_single_processed_HA,N146W,0.9109497
aligned_single_processed_HA,N146Y,0.66270447
aligned_single_processed_HA,G147A,1.7675781
aligned_single_processed_HA,G147C,1.7492561
aligned_single_processed_HA,G147D,1.5703087
aligned_single_processed_HA,G147E,2.0016823
aligned_single_processed_HA,G147F,2.0245552
aligned_single_processed_HA,G147H,1.999691
aligned_single_processed_HA,G147I,1.7560425
aligned_single_processed_HA,G147K,1.4895668
aligned_single_processed_HA,G147L,1.7760048
aligned_single_processed_HA,G147M,1.6903648
aligned_single_processed_HA,G147N,1.5083122
aligned_single_processed_HA,G147P,2.1031647
aligned_single_processed_HA,G147Q,2.102581
aligned_single_processed_HA,G147R,1.8132057
aligned_single_processed_HA,G147S,2.1541824
aligned_single_processed_HA,G147T,1.7998314
aligned_single_processed_HA,G147V,1.9106293
aligned_single_processed_HA,G147W,1.9790192
aligned_single_processed_HA,G147Y,2.1773186
aligned_single_processed_HA,V148A,0.76016617
aligned_single_processed_HA,V148C,1.5534477
aligned_single_processed_HA,V148D,1.1763725
aligned_single_processed_HA,V148E,0.9449425
aligned_single_processed_HA,V148F,1.349575
aligned_single_processed_HA,V148G,1.2588615
aligned_single_processed_HA,V148H,1.3444824
aligned_single_processed_HA,V148I,1.364357
aligned_single_processed_HA,V148K,0.87036896
aligned_single_processed_HA,V148L,1.3822594
aligned_single_processed_HA,V148M,1.3973923
aligned_single_processed_HA,V148N,1.1354523
aligned_single_processed_HA,V148P,1.5152435
aligned_single_processed_HA,V148Q,1.6434937
aligned_single_processed_HA,V148R,1.3656273
aligned_single_processed_HA,V148S,1.3473129
aligned_single_processed_HA,V148T,0.82704544
aligned_single_processed_HA,V148W,1.5359459
aligned_single_processed_HA,V148Y,1.34301
aligned_single_processed_HA,T149A,0.97724915
aligned_single_processed_HA,T149C,1.6952591
aligned_single_processed_HA,T149D,1.5634499
aligned_single_processed_HA,T149E,1.3423653
aligned_single_processed_HA,T149F,1.5173569
aligned_single_processed_HA,T149G,1.2788048
aligned_single_processed_HA,T149H,1.5766869
aligned_single_processed_HA,T149I,1.3701286
aligned_single_processed_HA,T149K,1.0401115
aligned_single_processed_HA,T149L,1.550003
aligned_single_processed_HA,T149M,1.268631
aligned_single_processed_HA,T149N,1.2742844
aligned_single_processed_HA,T149P,1.6048508
aligned_single_processed_HA,T149Q,1.594387
aligned_single_processed_HA,T149R,1.3297195
aligned_single_processed_HA,T149S,1.1963425
aligned_single_processed_HA,T149V,1.144783
aligned_single_processed_HA,T149W,1.6599464
aligned_single_processed_HA,T149Y,1.5922813
aligned_single_processed_HA,V150A,-0.97662735
aligned_single_processed_HA,V150C,0.6468315
aligned_single_processed_HA,V150D,0.4403839
aligned_single_processed_HA,V150E,0.58675003
aligned_single_processed_HA,V150F,0.6290245
aligned_single_processed_HA,V150G,0.39321518
aligned_single_processed_HA,V150H,0.50694275
aligned_single_processed_HA,V150I,0.5268135
aligned_single_processed_HA,V150K,0.32622528
aligned_single_processed_HA,V150L,0.54574966
aligned_single_processed_HA,V150M,0.43587875
aligned_single_processed_HA,V150N,0.32920456
aligned_single_processed_HA,V150P,0.26680374
aligned_single_processed_HA,V150Q,0.40402603
aligned_single_processed_HA,V150R,0.33773422
aligned_single_processed_HA,V150S,0.62179184
aligned_single_processed_HA,V150T,-0.1293335
aligned_single_processed_HA,V150W,0.6272507
aligned_single_processed_HA,V150Y,0.6159401
aligned_single_processed_HA,S151A,-0.105587006
aligned_single_processed_HA,S151C,1.0061951
aligned_single_processed_HA,S151D,1.0221481
aligned_single_processed_HA,S151E,0.8830223
aligned_single_processed_HA,S151F,1.0463715
aligned_single_processed_HA,S151G,0.77713394
aligned_single_processed_HA,S151H,1.0106697
aligned_single_processed_HA,S151I,1.095581
aligned_single_processed_HA,S151K,1.0385704
aligned_single_processed_HA,S151L,1.101677
aligned_single_processed_HA,S151M,1.3492966
aligned_single_processed_HA,S151N,0.8480339
aligned_single_processed_HA,S151P,0.8506775
aligned_single_processed_HA,S151Q,0.9669342
aligned_single_processed_HA,S151R,0.997982
aligned_single_processed_HA,S151T,0.5165825
aligned_single_processed_HA,S151V,0.7719002
aligned_single_processed_HA,S151W,1.1264343
aligned_single_processed_HA,S151Y,0.88869095
aligned_single_processed_HA,C152A,1.8746529
aligned_single_processed_HA,C152D,2.0778503
aligned_single_processed_HA,C152E,2.1018257
aligned_single_processed_HA,C152F,2.1788406
aligned_single_processed_HA,C152G,2.0070915
aligned_single_processed_HA,C152H,1.9585075
aligned_single_processed_HA,C152I,2.3328476
aligned_single_processed_HA,C152K,2.1069984
aligned_single_processed_HA,C152L,1.8870125
aligned_single_processed_HA,C152M,2.1588783
aligned_single_processed_HA,C152N,1.8479652
aligned_single_processed_HA,C152P,2.0266457
aligned_single_processed_HA,C152Q,1.7895813
aligned_single_processed_HA,C152R,1.9912186
aligned_single_processed_HA,C152S,2.1955605
aligned_single_processed_HA,C152T,1.90168
aligned_single_processed_HA,C152V,2.0217552
aligned_single_processed_HA,C152W,2.190796
aligned_single_processed_HA,C152Y,1.9184914
aligned_single_processed_HA,S153A,1.3085632
aligned_single_processed_HA,S153C,1.4959946
aligned_single_processed_HA,S153D,1.4169235
aligned_single_processed_HA,S153E,1.595459
aligned_single_processed_HA,S153F,1.4638901
aligned_single_processed_HA,S153G,1.378933
aligned_single_processed_HA,S153H,1.4405937
aligned_single_processed_HA,S153I,1.3590584
aligned_single_processed_HA,S153K,1.4020157
aligned_single_processed_HA,S153L,1.2645988
aligned_single_processed_HA,S153M,1.143673
aligned_single_processed_HA,S153N,1.4019585
aligned_single_processed_HA,S153P,0.84666824
aligned_single_processed_HA,S153Q,1.3538208
aligned_single_processed_HA,S153R,1.3802071
aligned_single_processed_HA,S153T,1.2405739
aligned_single_processed_HA,S153V,1.3094101
aligned_single_processed_HA,S153W,1.4833145
aligned_single_processed_HA,S153Y,1.4451027
aligned_single_processed_HA,H154A,1.1131973
aligned_single_processed_HA,H154C,1.5884285
aligned_single_processed_HA,H154D,0.8965683
aligned_single_processed_HA,H154E,1.0689011
aligned_single_processed_HA,H154F,1.5623741
aligned_single_processed_HA,H154G,1.3032074
aligned_single_processed_HA,H154I,1.431694
aligned_single_processed_HA,H154K,0.5371742
aligned_single_processed_HA,H154L,1.200367
aligned_single_processed_HA,H154M,1.3400688
aligned_single_processed_HA,H154N,1.5482979
aligned_single_processed_HA,H154P,1.3901672
aligned_single_processed_HA,H154Q,1.0656586
aligned_single_processed_HA,H154R,1.1418076
aligned_single_processed_HA,H154S,1.3520622
aligned_single_processed_HA,H154T,1.2226448
aligned_single_processed_HA,H154V,1.4087944
aligned_single_processed_HA,H154W,1.3576736
aligned_single_processed_HA,H154Y,0.81705475
aligned_single_processed_HA,R155A,-0.29836655
aligned_single_processed_HA,R155C,0.34851837
aligned_single_processed_HA,R155D,0.08037186
aligned_single_processed_HA,R155E,0.06677246
aligned_single_processed_HA,R155F,0.5745392
aligned_single_processed_HA,R155G,0.17765808
aligned_single_processed_HA,R155H,0.27854156
aligned_single_processed_HA,R155I,0.29457855
aligned_single_processed_HA,R155K,-0.431736
aligned_single_processed_HA,R155L,0.5015373
aligned_single_processed_HA,R155M,0.50128174
aligned_single_processed_HA,R155N,-0.19457626
aligned_single_processed_HA,R155P,0.5218811
aligned_single_processed_HA,R155Q,-0.27495575
aligned_single_processed_HA,R155S,-0.15521622
aligned_single_processed_HA,R155T,-0.05947113
aligned_single_processed_HA,R155V,0.50758743
aligned_single_processed_HA,R155W,0.31053162
aligned_single_processed_HA,R155Y,0.56539154
aligned_single_processed_HA,G156A,1.8994026
aligned_single_processed_HA,G156C,1.7056313
aligned_single_processed_HA,G156D,1.7278519
aligned_single_processed_HA,G156E,1.3402481
aligned_single_processed_HA,G156F,1.9463081
aligned_single_processed_HA,G156H,1.9499321
aligned_single_processed_HA,G156I,1.6079865
aligned_single_processed_HA,G156K,1.6065559
aligned_single_processed_HA,G156L,1.9195633
aligned_single_processed_HA,G156M,2.0312233
aligned_single_processed_HA,G156N,1.7496986
aligned_single_processed_HA,G156P,2.0352936
aligned_single_processed_HA,G156Q,1.7282486
aligned_single_processed_HA,G156R,1.9946175
aligned_single_processed_HA,G156S,1.9023895
aligned_single_processed_HA,G156T,1.6760063
aligned_single_processed_HA,G156V,1.7059479
aligned_single_processed_HA,G156W,2.0369072
aligned_single_processed_HA,G156Y,2.0194817
aligned_single_processed_HA,K157A,0.33214188
aligned_single_processed_HA,K157C,1.2330818
aligned_single_processed_HA,K157D,1.0279007
aligned_single_processed_HA,K157E,0.7944069
aligned_single_processed_HA,K157F,1.2902374
aligned_single_processed_HA,K157G,1.0284119
aligned_single_processed_HA,K157H,1.1528969
aligned_single_processed_HA,K157I,0.8718643
aligned_single_processed_HA,K157L,0.95148087
aligned_single_processed_HA,K157M,0.9160156
aligned_single_processed_HA,K157N,0.8650322
aligned_single_processed_HA,K157P,1.2362175
aligned_single_processed_HA,K157Q,1.1718712
aligned_single_processed_HA,K157R,0.5042038
aligned_single_processed_HA,K157S,0.96333694
aligned_single_processed_HA,K157T,0.6876564
aligned_single_processed_HA,K157V,1.0337105
aligned_single_processed_HA,K157W,1.3543739
aligned_single_processed_HA,K157Y,1.1608124
aligned_single_processed_HA,S158A,1.2624092
aligned_single_processed_HA,S158C,1.3030586
aligned_single_processed_HA,S158D,1.2570152
aligned_single_processed_HA,S158E,0.9500618
aligned_single_processed_HA,S158F,1.0828705
aligned_single_processed_HA,S158G,0.8809509
aligned_single_processed_HA,S158H,1.1528587
aligned_single_processed_HA,S158I,1.0325584
aligned_single_processed_HA,S158K,0.6682396
aligned_single_processed_HA,S158L,1.1922836
aligned_single_processed_HA,S158M,1.108715
aligned_single_processed_HA,S158N,0.7026558
aligned_single_processed_HA,S158P,1.3642693
aligned_single_processed_HA,S158Q,1.2565765
aligned_single_processed_HA,S158R,0.60902786
aligned_single_processed_HA,S158T,0.95148087
aligned_single_processed_HA,S158V,1.2110481
aligned_single_processed_HA,S158W,1.3924675
aligned_single_processed_HA,S158Y,1.2196579
aligned_single_processed_HA,S159A,1.8469315
aligned_single_processed_HA,S159C,1.7796059
aligned_single_processed_HA,S159D,1.7252808
aligned_single_processed_HA,S159E,1.6611481
aligned_single_processed_HA,S159F,2.047371
aligned_single_processed_HA,S159G,1.4714851
aligned_single_processed_HA,S159H,2.068367
aligned_single_processed_HA,S159I,1.745594
aligned_single_processed_HA,S159K,1.8780365
aligned_single_processed_HA,S159L,1.8290329
aligned_single_processed_HA,S159M,1.7276611
aligned_single_processed_HA,S159N,1.3857765
aligned_single_processed_HA,S159P,1.7191353
aligned_single_processed_HA,S159Q,1.8176498
aligned_single_processed_HA,S159R,1.7998314
aligned_single_processed_HA,S159T,1.7143784
aligned_single_processed_HA,S159V,1.864048
aligned_single_processed_HA,S159W,1.9411964
aligned_single_processed_HA,S159Y,1.8267059
aligned_single_processed_HA,F160A,2.092102
aligned_single_processed_HA,F160C,1.9313087
aligned_single_processed_HA,F160D,1.8951378
aligned_single_processed_HA,F160E,1.7338715
aligned_single_processed_HA,F160G,1.7805443
aligned_single_processed_HA,F160H,2.0002174
aligned_single_processed_HA,F160I,1.7161026
aligned_single_processed_HA,F160K,1.9204903
aligned_single_processed_HA,F160L,2.1166039
aligned_single_processed_HA,F160M,2.0041199
aligned_single_processed_HA,F160N,1.8153801
aligned_single_processed_HA,F160P,1.9039116
aligned_single_processed_HA,F160Q,1.8546982
aligned_single_processed_HA,F160R,1.7891426
aligned_single_processed_HA,F160S,1.8746529
aligned_single_processed_HA,F160T,1.6906204
aligned_single_processed_HA,F160V,1.8414078
aligned_single_processed_HA,F160W,1.9711647
aligned_single_processed_HA,F160Y,1.8285141
aligned_single_processed_HA,Y161A,1.7065125
aligned_single_processed_HA,Y161C,1.9319649
aligned_single_processed_HA,Y161D,1.696991
aligned_single_processed_HA,Y161E,1.8253975
aligned_single_processed_HA,Y161F,1.7634811
aligned_single_processed_HA,Y161G,1.6814575
aligned_single_processed_HA,Y161H,1.8516502
aligned_single_processed_HA,Y161I,1.5841866
aligned_single_processed_HA,Y161K,1.887207
aligned_single_processed_HA,Y161L,1.6582375
aligned_single_processed_HA,Y161M,1.7306824
aligned_single_processed_HA,Y161N,1.696167
aligned_single_processed_HA,Y161P,2.014431
aligned_single_processed_HA,Y161Q,1.7172661
aligned_single_processed_HA,Y161R,1.8234978
aligned_single_processed_HA,Y161S,1.7861748
aligned_single_processed_HA,Y161T,1.7495918
aligned_single_processed_HA,Y161V,1.7556
aligned_single_processed_HA,Y161W,1.9404259
aligned_single_processed_HA,R162A,1.540638
aligned_single_processed_HA,R162C,1.8037682
aligned_single_processed_HA,R162D,1.6399269
aligned_single_processed_HA,R162E,1.3576698
aligned_single_processed_HA,R162F,1.368763
aligned_single_processed_HA,R162G,1.682991
aligned_single_processed_HA,R162H,1.660778
aligned_single_processed_HA,R162I,1.4706917
aligned_single_processed_HA,R162K,0.6428108
aligned_single_processed_HA,R162L,1.5433273
aligned_single_processed_HA,R162M,1.5982132
aligned_single_processed_HA,R162N,1.4029655
aligned_single_processed_HA,R162P,1.7058563
aligned_single_processed_HA,R162Q,1.287384
aligned_single_processed_HA,R162S,1.4297295
aligned_single_processed_HA,R162T,1.0596886
aligned_single_processed_HA,R162V,1.623127
aligned_single_processed_HA,R162W,1.8369102
aligned_single_processed_HA,R162Y,1.4706917
aligned_single_processed_HA,N163A,1.8902168
aligned_single_processed_HA,N163C,1.954361
aligned_single_processed_HA,N163D,1.6930084
aligned_single_processed_HA,N163E,1.518467
aligned_single_processed_HA,N163F,1.728096
aligned_single_processed_HA,N163G,1.6697578
aligned_single_processed_HA,N163H,1.9696541
aligned_single_processed_HA,N163I,1.5848465
aligned_single_processed_HA,N163K,1.7771072
aligned_single_processed_HA,N163L,1.7620201
aligned_single_processed_HA,N163M,1.7931824
aligned_single_processed_HA,N163P,1.882019
aligned_single_processed_HA,N163Q,1.7412834
aligned_single_processed_HA,N163R,1.6621246
aligned_single_processed_HA,N163S,1.3548279
aligned_single_processed_HA,N163T,1.6924782
aligned_single_processed_HA,N163V,1.788578
aligned_single_processed_HA,N163W,1.7841072
aligned_single_processed_HA,N163Y,2.0061378
aligned_single_processed_HA,L164A,1.8687973
aligned_single_processed_HA,L164C,1.6924629
aligned_single_processed_HA,L164D,1.9165344
aligned_single_processed_HA,L164E,1.6526337
aligned_single_processed_HA,L164F,1.9359436
aligned_single_processed_HA,L164G,1.7672539
aligned_single_processed_HA,L164H,1.9705963
aligned_single_processed_HA,L164I,1.3449783
aligned_single_processed_HA,L164K,1.9929504
aligned_single_processed_HA,L164M,1.6027756
aligned_single_processed_HA,L164N,1.7289162
aligned_single_processed_HA,L164P,1.7258492
aligned_single_processed_HA,L164Q,1.8394814
aligned_single_processed_HA,L164R,1.7904587
aligned_single_processed_HA,L164S,1.7111893
aligned_single_processed_HA,L164T,1.9899216
aligned_single_processed_HA,L164V,1.7225647
aligned_single_processed_HA,L164W,1.8247185
aligned_single_processed_HA,L164Y,1.8897438
aligned_single_processed_HA,L165A,1.3402405
aligned_single_processed_HA,L165C,1.5460129
aligned_single_processed_HA,L165D,1.4942207
aligned_single_processed_HA,L165E,1.4021072
aligned_single_processed_HA,L165F,1.3671646
aligned_single_processed_HA,L165G,1.5784645
aligned_single_processed_HA,L165H,1.3708
aligned_single_processed_HA,L165I,0.6750412
aligned_single_processed_HA,L165K,1.5996704
aligned_single_processed_HA,L165M,0.9533119
aligned_single_processed_HA,L165N,1.2830925
aligned_single_processed_HA,L165P,1.4812508
aligned_single_processed_HA,L165Q,1.34552
aligned_single_processed_HA,L165R,1.2438583
aligned_single_processed_HA,L165S,1.3946953
aligned_single_processed_HA,L165T,1.5097885
aligned_single_processed_HA,L165V,1.0770912
aligned_single_processed_HA,L165W,1.47089
aligned_single_processed_HA,L165Y,1.4595985
aligned_single_processed_HA,W166A,2.0925293
aligned_single_processed_HA,W166C,1.8792152
aligned_single_processed_HA,W166D,1.7074394
aligned_single_processed_HA,W166E,1.932087
aligned_single_processed_HA,W166F,2.0376892
aligned_single_processed_HA,W166G,2.0621643
aligned_single_processed_HA,W166H,1.6362724
aligned_single_processed_HA,W166I,1.7585602
aligned_single_processed_HA,W166K,1.7208176
aligned_single_processed_HA,W166L,1.9072113
aligned_single_processed_HA,W166M,1.8191795
aligned_single_processed_HA,W166N,1.7731247
aligned_single_processed_HA,W166P,2.065319
aligned_single_processed_HA,W166Q,1.9356728
aligned_single_processed_HA,W166R,1.8338966
aligned_single_processed_HA,W166S,1.8496742
aligned_single_processed_HA,W166T,1.9761543
aligned_single_processed_HA,W166V,1.6887016
aligned_single_processed_HA,W166Y,2.1727753
aligned_single_processed_HA,L167A,1.5857048
aligned_single_processed_HA,L167C,1.4588737
aligned_single_processed_HA,L167D,1.4544868
aligned_single_processed_HA,L167E,1.3529243
aligned_single_processed_HA,L167F,1.3383713
aligned_single_processed_HA,L167G,1.4743118
aligned_single_processed_HA,L167H,1.5641708
aligned_single_processed_HA,L167I,0.55207443
aligned_single_processed_HA,L167K,1.260437
aligned_single_processed_HA,L167M,1.1510963
aligned_single_processed_HA,L167N,1.444004
aligned_single_processed_HA,L167P,1.511158
aligned_single_processed_HA,L167Q,1.2439613
aligned_single_processed_HA,L167R,1.2262421
aligned_single_processed_HA,L167S,1.5965385
aligned_single_processed_HA,L167T,1.1326065
aligned_single_processed_HA,L167V,1.0422592
aligned_single_processed_HA,L167W,1.5746727
aligned_single_processed_HA,L167Y,1.303608
aligned_single_processed_HA,T168A,1.3753815
aligned_single_processed_HA,T168C,1.3488312
aligned_single_processed_HA,T168D,1.296032
aligned_single_processed_HA,T168E,1.2392426
aligned_single_processed_HA,T168F,1.4127731
aligned_single_processed_HA,T168G,1.2660446
aligned_single_processed_HA,T168H,1.4047813
aligned_single_processed_HA,T168I,1.1521797
aligned_single_processed_HA,T168K,1.4269218
aligned_single_processed_HA,T168L,1.1545792
aligned_single_processed_HA,T168M,1.4347916
aligned_single_processed_HA,T168N,1.3453598
aligned_single_processed_HA,T168P,1.6251755
aligned_single_processed_HA,T168Q,1.4364662
aligned_single_processed_HA,T168R,1.1783676
aligned_single_processed_HA,T168S,1.2927818
aligned_single_processed_HA,T168V,0.6000099
aligned_single_processed_HA,T168W,1.4148407
aligned_single_processed_HA,T168Y,1.6379623
aligned_single_processed_HA,K169A,0.8009224
aligned_single_processed_HA,K169C,1.0969315
aligned_single_processed_HA,K169D,0.6007652
aligned_single_processed_HA,K169E,-0.3328743
aligned_single_processed_HA,K169F,0.9002991
aligned_single_processed_HA,K169G,0.52648926
aligned_single_processed_HA,K169H,0.8008499
aligned_single_processed_HA,K169I,0.88807297
aligned_single_processed_HA,K169L,1.0122032
aligned_single_processed_HA,K169M,0.83919525
aligned_single_processed_HA,K169N,0.8061714
aligned_single_processed_HA,K169P,1.0899239
aligned_single_processed_HA,K169Q,0.63295364
aligned_single_processed_HA,K169R,0.49813843
aligned_single_processed_HA,K169S,0.5303955
aligned_single_processed_HA,K169T,0.93377304
aligned_single_processed_HA,K169V,0.8017082
aligned_single_processed_HA,K169W,0.5990486
aligned_single_processed_HA,K169Y,1.132267
aligned_single_processed_HA,K170A,1.4039688
aligned_single_processed_HA,K170C,1.5649033
aligned_single_processed_HA,K170D,0.97255325
aligned_single_processed_HA,K170E,1.0558815
aligned_single_processed_HA,K170F,1.2561226
aligned_single_processed_HA,K170G,1.3017235
aligned_single_processed_HA,K170H,1.7540321
aligned_single_processed_HA,K170I,1.3762817
aligned_single_processed_HA,K170L,1.3909073
aligned_single_processed_HA,K170M,1.2338905
aligned_single_processed_HA,K170N,1.4792213
aligned_single_processed_HA,K170P,1.3625069
aligned_single_processed_HA,K170Q,1.1521568
aligned_single_processed_HA,K170R,1.0719147
aligned_single_processed_HA,K170S,1.1170044
aligned_single_processed_HA,K170T,1.3111229
aligned_single_processed_HA,K170V,1.3658447
aligned_single_processed_HA,K170W,1.3808517
aligned_single_processed_HA,K170Y,1.5630188
aligned_single_processed_HA,G171A,0.022853851
aligned_single_processed_HA,G171C,0.78881073
aligned_single_processed_HA,G171D,-0.11323929
aligned_single_processed_HA,G171E,0.039260864
aligned_single_processed_HA,G171F,0.61655426
aligned_single_processed_HA,G171H,0.624794
aligned_single_processed_HA,G171I,0.6043968
aligned_single_processed_HA,G171K,0.4479332
aligned_single_processed_HA,G171L,0.23744965
aligned_single_processed_HA,G171M,0.43280792
aligned_single_processed_HA,G171N,-0.4572525
aligned_single_processed_HA,G171P,0.5714874
aligned_single_processed_HA,G171Q,0.5124588
aligned_single_processed_HA,G171R,0.0018043518
aligned_single_processed_HA,G171S,0.4895401
aligned_single_processed_HA,G171T,0.20224762
aligned_single_processed_HA,G171V,0.46619797
aligned_single_processed_HA,G171W,0.84223557
aligned_single_processed_HA,G171Y,0.75917435
aligned_single_processed_HA,D172A,0.10471344
aligned_single_processed_HA,D172C,0.5426674
aligned_single_processed_HA,D172E,0.18119049
aligned_single_processed_HA,D172F,0.6072159
aligned_single_processed_HA,D172G,-0.6400261
aligned_single_processed_HA,D172H,0.44893646
aligned_single_processed_HA,D172I,0.43083954
aligned_single_processed_HA,D172K,0.51966095
aligned_single_processed_HA,D172L,0.5673523
aligned_single_processed_HA,D172M,0.55529404
aligned_single_processed_HA,D172N,0.05387497
aligned_single_processed_HA,D172P,0.5721321
aligned_single_processed_HA,D172Q,0.4350624
aligned_single_processed_HA,D172R,0.4240265
aligned_single_processed_HA,D172S,0.016059875
aligned_single_processed_HA,D172T,0.14035416
aligned_single_processed_HA,D172V,0.3807869
aligned_single_processed_HA,D172W,0.65668106
aligned_single_processed_HA,D172Y,0.6517143
aligned_single_processed_HA,S173A,1.4974098
aligned_single_processed_HA,S173C,1.6967583
aligned_single_processed_HA,S173D,1.5848427
aligned_single_processed_HA,S173E,1.7468529
aligned_single_processed_HA,S173F,1.7867203
aligned_single_processed_HA,S173G,1.6553421
aligned_single_processed_HA,S173H,1.6005287
aligned_single_processed_HA,S173I,1.1690712
aligned_single_processed_HA,S173K,1.4216766
aligned_single_processed_HA,S173L,1.3568535
aligned_single_processed_HA,S173M,1.4447212
aligned_single_processed_HA,S173N,1.7188339
aligned_single_processed_HA,S173P,1.619194
aligned_single_processed_HA,S173Q,1.5072479
aligned_single_processed_HA,S173R,1.396904
aligned_single_processed_HA,S173T,1.4437408
aligned_single_processed_HA,S173V,1.5614738
aligned_single_processed_HA,S173W,1.7652397
aligned_single_processed_HA,S173Y,1.7655449
aligned_single_processed_HA,Y174A,1.9531174
aligned_single_processed_HA,Y174C,1.746315
aligned_single_processed_HA,Y174D,1.6282959
aligned_single_processed_HA,Y174E,1.8015633
aligned_single_processed_HA,Y174F,1.4829483
aligned_single_processed_HA,Y174G,1.7541237
aligned_single_processed_HA,Y174H,1.4625778
aligned_single_processed_HA,Y174I,1.6551704
aligned_single_processed_HA,Y174K,1.7359505
aligned_single_processed_HA,Y174L,1.8121986
aligned_single_processed_HA,Y174M,1.6729546
aligned_single_processed_HA,Y174N,1.8873672
aligned_single_processed_HA,Y174P,1.7723465
aligned_single_processed_HA,Y174Q,1.7046089
aligned_single_processed_HA,Y174R,1.4669151
aligned_single_processed_HA,Y174S,1.5540695
aligned_single_processed_HA,Y174T,1.7614021
aligned_single_processed_HA,Y174V,1.8293571
aligned_single_processed_HA,Y174W,1.7373238
aligned_single_processed_HA,P175A,1.8681412
aligned_single_processed_HA,P175C,1.8610992
aligned_single_processed_HA,P175D,1.7127457
aligned_single_processed_HA,P175E,1.925808
aligned_single_processed_HA,P175F,2.126316
aligned_single_processed_HA,P175G,1.7384682
aligned_single_processed_HA,P175H,1.8515205
aligned_single_processed_HA,P175I,2.0760994
aligned_single_processed_HA,P175K,1.7663002
aligned_single_processed_HA,P175L,2.0180168
aligned_single_processed_HA,P175M,2.0255814
aligned_single_processed_HA,P175N,1.9632835
aligned_single_processed_HA,P175Q,1.9567833
aligned_single_processed_HA,P175R,1.8689194
aligned_single_processed_HA,P175S,1.4972076
aligned_single_processed_HA,P175T,2.0803452
aligned_single_processed_HA,P175V,2.0122147
aligned_single_processed_HA,P175W,1.8516159
aligned_single_processed_HA,P175Y,1.9455757
aligned_single_processed_HA,K176A,1.2416153
aligned_single_processed_HA,K176C,1.3870697
aligned_single_processed_HA,K176D,1.2104301
aligned_single_processed_HA,K176E,1.1397667
aligned_single_processed_HA,K176F,1.132061
aligned_single_processed_HA,K176G,1.2208824
aligned_single_processed_HA,K176H,1.334732
aligned_single_processed_HA,K176I,1.1323891
aligned_single_processed_HA,K176L,1.117836
aligned_single_processed_HA,K176M,1.11837
aligned_single_processed_HA,K176N,0.30498123
aligned_single_processed_HA,K176P,1.1908531
aligned_single_processed_HA,K176Q,1.2882843
aligned_single_processed_HA,K176R,0.84059143
aligned_single_processed_HA,K176S,0.9015999
aligned_single_processed_HA,K176T,1.1356049
aligned_single_processed_HA,K176V,0.99079514
aligned_single_processed_HA,K176W,1.4169426
aligned_single_processed_HA,K176Y,1.0881882
aligned_single_processed_HA,L177A,1.1135483
aligned_single_processed_HA,L177C,1.3407593
aligned_single_processed_HA,L177D,1.3122787
aligned_single_processed_HA,L177E,1.3161774
aligned_single_processed_HA,L177F,1.0480194
aligned_single_processed_HA,L177G,1.3634987
aligned_single_processed_HA,L177H,1.355442
aligned_single_processed_HA,L177I,0.62078094
aligned_single_processed_HA,L177K,1.4913902
aligned_single_processed_HA,L177M,1.1670151
aligned_single_processed_HA,L177N,1.3712311
aligned_single_processed_HA,L177P,1.3136253
aligned_single_processed_HA,L177Q,1.2416573
aligned_single_processed_HA,L177R,1.097332
aligned_single_processed_HA,L177S,1.4537354
aligned_single_processed_HA,L177T,1.1265259
aligned_single_processed_HA,L177V,0.8809395
aligned_single_processed_HA,L177W,1.2334747
aligned_single_processed_HA,L177Y,1.3605766
aligned_single_processed_HA,T178A,0.6628914
aligned_single_processed_HA,T178C,0.8784752
aligned_single_processed_HA,T178D,0.30303192
aligned_single_processed_HA,T178E,0.29093933
aligned_single_processed_HA,T178F,0.5484276
aligned_single_processed_HA,T178G,0.5481529
aligned_single_processed_HA,T178H,0.8007927
aligned_single_processed_HA,T178I,0.36504745
aligned_single_processed_HA,T178K,0.30342102
aligned_single_processed_HA,T178L,0.5948677
aligned_single_processed_HA,T178M,0.61424637
aligned_single_processed_HA,T178N,-0.16424942
aligned_single_processed_HA,T178P,0.8051491
aligned_single_processed_HA,T178Q,0.48561478
aligned_single_processed_HA,T178R,0.23944855
aligned_single_processed_HA,T178S,-0.5032158
aligned_single_processed_HA,T178V,0.3376732
aligned_single_processed_HA,T178W,0.7119942
aligned_single_processed_HA,T178Y,0.57798004
aligned_single_processed_HA,N179A,0.53918076
aligned_single_processed_HA,N179C,0.5715599
aligned_single_processed_HA,N179D,0.31707382
aligned_single_processed_HA,N179E,0.275692
aligned_single_processed_HA,N179F,0.66923904
aligned_single_processed_HA,N179G,0.53035355
aligned_single_processed_HA,N179H,0.7530327
aligned_single_processed_HA,N179I,0.03882599
aligned_single_processed_HA,N179K,-0.49940872
aligned_single_processed_HA,N179L,0.64904785
aligned_single_processed_HA,N179M,0.119125366
aligned_single_processed_HA,N179P,0.56505203
aligned_single_processed_HA,N179Q,0.38588715
aligned_single_processed_HA,N179R,0.13263702
aligned_single_processed_HA,N179S,0.61335754
aligned_single_processed_HA,N179T,0.17772293
aligned_single_processed_HA,N179V,0.19023895
aligned_single_processed_HA,N179W,0.625885
aligned_single_processed_HA,N179Y,0.6942673
aligned_single_processed_HA,S180A,1.5147476
aligned_single_processed_HA,S180C,1.658371
aligned_single_processed_HA,S180D,1.254631
aligned_single_processed_HA,S180E,1.4381981
aligned_single_processed_HA,S180F,1.8013496
aligned_single_processed_HA,S180G,1.4787903
aligned_single_processed_HA,S180H,1.5079155
aligned_single_processed_HA,S180I,1.3937111
aligned_single_processed_HA,S180K,1.6125984
aligned_single_processed_HA,S180L,1.6195908
aligned_single_processed_HA,S180M,1.3210373
aligned_single_processed_HA,S180N,1.2664413
aligned_single_processed_HA,S180P,1.6920357
aligned_single_processed_HA,S180Q,1.4695244
aligned_single_processed_HA,S180R,1.4121742
aligned_single_processed_HA,S180T,1.087162
aligned_single_processed_HA,S180V,1.3864403
aligned_single_processed_HA,S180W,1.5877876
aligned_single_processed_HA,S180Y,1.2751808
aligned_single_processed_HA,Y181A,1.7782936
aligned_single_processed_HA,Y181C,1.70578
aligned_single_processed_HA,Y181D,1.4099312
aligned_single_processed_HA,Y181E,1.3855629
aligned_single_processed_HA,Y181F,1.5273628
aligned_single_processed_HA,Y181G,1.5340462
aligned_single_processed_HA,Y181H,1.4596901
aligned_single_processed_HA,Y181I,1.3702583
aligned_single_processed_HA,Y181K,1.4986649
aligned_single_processed_HA,Y181L,1.4508438
aligned_single_processed_HA,Y181M,1.5084953
aligned_single_processed_HA,Y181N,1.4141083
aligned_single_processed_HA,Y181P,1.7490921
aligned_single_processed_HA,Y181Q,1.8428078
aligned_single_processed_HA,Y181R,1.7407608
aligned_single_processed_HA,Y181S,1.5365906
aligned_single_processed_HA,Y181T,1.3416443
aligned_single_processed_HA,Y181V,1.5269318
aligned_single_processed_HA,Y181W,1.8752632
aligned_single_processed_HA,V182A,0.8069229
aligned_single_processed_HA,V182C,1.4178467
aligned_single_processed_HA,V182D,0.9551811
aligned_single_processed_HA,V182E,0.59277344
aligned_single_processed_HA,V182F,1.0845566
aligned_single_processed_HA,V182G,1.0011482
aligned_single_processed_HA,V182H,1.1339378
aligned_single_processed_HA,V182I,0.4813652
aligned_single_processed_HA,V182K,0.6224289
aligned_single_processed_HA,V182L,1.304676
aligned_single_processed_HA,V182M,0.70850754
aligned_single_processed_HA,V182N,0.900074
aligned_single_processed_HA,V182P,1.0229988
aligned_single_processed_HA,V182Q,1.1688957
aligned_single_processed_HA,V182R,0.8334427
aligned_single_processed_HA,V182S,1.10495
aligned_single_processed_HA,V182T,0.21980667
aligned_single_processed_HA,V182W,1.0693359
aligned_single_processed_HA,V182Y,1.0030403
aligned_single_processed_HA,N183A,1.7006836
aligned_single_processed_HA,N183C,1.7962265
aligned_single_processed_HA,N183D,1.615921
aligned_single_processed_HA,N183E,1.4757767
aligned_single_processed_HA,N183F,1.7865448
aligned_single_processed_HA,N183G,1.8647385
aligned_single_processed_HA,N183H,1.8590393
aligned_single_processed_HA,N183I,1.8194695
aligned_single_processed_HA,N183K,1.7963791
aligned_single_processed_HA,N183L,1.8031998
aligned_single_processed_HA,N183M,2.037384
aligned_single_processed_HA,N183P,1.844841
aligned_single_processed_HA,N183Q,2.0028343
aligned_single_processed_HA,N183R,1.6182976
aligned_single_processed_HA,N183S,1.565834
aligned_single_processed_HA,N183T,1.580864
aligned_single_processed_HA,N183V,1.5746078
aligned_single_processed_HA,N183W,1.9512672
aligned_single_processed_HA,N183Y,1.6694756
aligned_single_processed_HA,N184A,0.93299866
aligned_single_processed_HA,N184C,1.402401
aligned_single_processed_HA,N184D,0.30715942
aligned_single_processed_HA,N184E,0.79413605
aligned_single_processed_HA,N184F,1.1936569
aligned_single_processed_HA,N184G,0.8708267
aligned_single_processed_HA,N184H,1.1784248
aligned_single_processed_HA,N184I,0.98578644
aligned_single_processed_HA,N184K,0.62991714
aligned_single_processed_HA,N184L,1.1886559
aligned_single_processed_HA,N184M,1.1897202
aligned_single_processed_HA,N184P,1.2747955
aligned_single_processed_HA,N184Q,1.1785164
aligned_single_processed_HA,N184R,1.0869789
aligned_single_processed_HA,N184S,0.977684
aligned_single_processed_HA,N184T,0.6423569
aligned_single_processed_HA,N184V,0.94627
aligned_single_processed_HA,N184W,1.4478645
aligned_single_processed_HA,N184Y,1.0796432
aligned_single_processed_HA,K185A,1.6779747
aligned_single_processed_HA,K185C,1.5579376
aligned_single_processed_HA,K185D,1.2930336
aligned_single_processed_HA,K185E,1.523323
aligned_single_processed_HA,K185F,1.5977173
aligned_single_processed_HA,K185G,1.4047508
aligned_single_processed_HA,K185H,1.6746063
aligned_single_processed_HA,K185I,1.5803185
aligned_single_processed_HA,K185L,1.3172302
aligned_single_processed_HA,K185M,1.5175285
aligned_single_processed_HA,K185N,1.5399017
aligned_single_processed_HA,K185P,1.4366455
aligned_single_processed_HA,K185Q,1.1523743
aligned_single_processed_HA,K185R,0.8032341
aligned_single_processed_HA,K185S,1.450386
aligned_single_processed_HA,K185T,1.235611
aligned_single_processed_HA,K185V,1.2684059
aligned_single_processed_HA,K185W,1.438858
aligned_single_processed_HA,K185Y,1.5984039
aligned_single_processed_HA,G186A,1.2963676
aligned_single_processed_HA,G186C,1.3602905
aligned_single_processed_HA,G186D,0.611763
aligned_single_processed_HA,G186E,0.24686813
aligned_single_processed_HA,G186F,1.3828049
aligned_single_processed_HA,G186H,1.2537231
aligned_single_processed_HA,G186I,1.3429756
aligned_single_processed_HA,G186K,0.8411598
aligned_single_processed_HA,G186L,1.4240837
aligned_single_processed_HA,G186M,1.0534935
aligned_single_processed_HA,G186N,1.2114563
aligned_single_processed_HA,G186P,1.3294258
aligned_single_processed_HA,G186Q,1.2402954
aligned_single_processed_HA,G186R,1.2352409
aligned_single_processed_HA,G186S,0.9259491
aligned_single_processed_HA,G186T,1.3374748
aligned_single_processed_HA,G186V,0.93627167
aligned_single_processed_HA,G186W,1.3196907
aligned_single_processed_HA,G186Y,1.3110466
aligned_single_processed_HA,K187A,1.5937004
aligned_single_processed_HA,K187C,1.7018356
aligned_single_processed_HA,K187D,1.6345062
aligned_single_processed_HA,K187E,1.1076546
aligned_single_processed_HA,K187F,1.8264313
aligned_single_processed_HA,K187G,1.6222916
aligned_single_processed_HA,K187H,1.6491547
aligned_single_processed_HA,K187I,1.4731522
aligned_single_processed_HA,K187L,1.7435837
aligned_single_processed_HA,K187M,1.2536812
aligned_single_processed_HA,K187N,1.5272026
aligned_single_processed_HA,K187P,1.7453728
aligned_single_processed_HA,K187Q,1.6138916
aligned_single_processed_HA,K187R,0.77689743
aligned_single_processed_HA,K187S,1.4287338
aligned_single_processed_HA,K187T,1.547226
aligned_single_processed_HA,K187V,1.4877815
aligned_single_processed_HA,K187W,1.7443733
aligned_single_processed_HA,K187Y,1.6063766
aligned_single_processed_HA,E188A,1.5530434
aligned_single_processed_HA,E188C,1.6905289
aligned_single_processed_HA,E188D,1.5120468
aligned_single_processed_HA,E188F,1.6228218
aligned_single_processed_HA,E188G,1.4158707
aligned_single_processed_HA,E188H,1.7698822
aligned_single_processed_HA,E188I,1.586319
aligned_single_processed_HA,E188K,1.1164474
aligned_single_processed_HA,E188L,1.5922661
aligned_single_processed_HA,E188M,1.4870148
aligned_single_processed_HA,E188N,1.8695297
aligned_single_processed_HA,E188P,1.7390823
aligned_single_processed_HA,E188Q,1.5249901
aligned_single_processed_HA,E188R,1.6042671
aligned_single_processed_HA,E188S,1.62883
aligned_single_processed_HA,E188T,1.6997185
aligned_single_processed_HA,E188V,1.2393341
aligned_single_processed_HA,E188W,1.773716
aligned_single_processed_HA,E188Y,1.6550446
aligned_single_processed_HA,V189A,1.9508705
aligned_single_processed_HA,V189C,1.8944626
aligned_single_processed_HA,V189D,1.8975601
aligned_single_processed_HA,V189E,1.9224205
aligned_single_processed_HA,V189F,1.8311272
aligned_single_processed_HA,V189G,1.8958588
aligned_single_processed_HA,V189H,1.8249817
aligned_single_processed_HA,V189I,1.169651
aligned_single_processed_HA,V189K,2.068756
aligned_single_processed_HA,V189L,1.7245102
aligned_single_processed_HA,V189M,1.7154655
aligned_single_processed_HA,V189N,1.6112022
aligned_single_processed_HA,V189P,1.8043022
aligned_single_processed_HA,V189Q,1.6851654
aligned_single_processed_HA,V189R,1.9498634
aligned_single_processed_HA,V189S,1.8474617
aligned_single_processed_HA,V189T,1.6976166
aligned_single_processed_HA,V189W,1.6370125
aligned_single_processed_HA,V189Y,2.1460953
aligned_single_processed_HA,L190A,1.9152069
aligned_single_processed_HA,L190C,1.6012077
aligned_single_processed_HA,L190D,1.8287086
aligned_single_processed_HA,L190E,1.809166
aligned_single_processed_HA,L190F,1.5464325
aligned_single_processed_HA,L190G,1.5989075
aligned_single_processed_HA,L190H,1.8992538
aligned_single_processed_HA,L190I,1.6878586
aligned_single_processed_HA,L190K,1.6780281
aligned_single_processed_HA,L190M,1.75
aligned_single_processed_HA,L190N,1.619976
aligned_single_processed_HA,L190P,1.6911392
aligned_single_processed_HA,L190Q,1.7818718
aligned_single_processed_HA,L190R,1.9253769
aligned_single_processed_HA,L190S,2.0023537
aligned_single_processed_HA,L190T,1.6674728
aligned_single_processed_HA,L190V,1.5348892
aligned_single_processed_HA,L190W,1.7297363
aligned_single_processed_HA,L190Y,1.7841072
aligned_single_processed_HA,V191A,1.6818275
aligned_single_processed_HA,V191C,1.6693649
aligned_single_processed_HA,V191D,1.5673866
aligned_single_processed_HA,V191E,1.5859413
aligned_single_processed_HA,V191F,1.7076149
aligned_single_processed_HA,V191G,1.5756683
aligned_single_processed_HA,V191H,1.5734329
aligned_single_processed_HA,V191I,0.72498703
aligned_single_processed_HA,V191K,1.7340508
aligned_single_processed_HA,V191L,1.430542
aligned_single_processed_HA,V191M,1.5011902
aligned_single_processed_HA,V191N,1.5074234
aligned_single_processed_HA,V191P,1.7722015
aligned_single_processed_HA,V191Q,1.7285576
aligned_single_processed_HA,V191R,1.7496834
aligned_single_processed_HA,V191S,1.3987617
aligned_single_processed_HA,V191T,1.4594154
aligned_single_processed_HA,V191W,1.6332474
aligned_single_processed_HA,V191Y,1.6945343
aligned_single_processed_HA,L192A,1.973896
aligned_single_processed_HA,L192C,1.5959854
aligned_single_processed_HA,L192D,1.9404831
aligned_single_processed_HA,L192E,1.7664337
aligned_single_processed_HA,L192F,1.8688698
aligned_single_processed_HA,L192G,1.8708534
aligned_single_processed_HA,L192H,1.858387
aligned_single_processed_HA,L192I,1.0888367
aligned_single_processed_HA,L192K,1.8480759
aligned_single_processed_HA,L192M,1.5207863
aligned_single_processed_HA,L192N,1.7848434
aligned_single_processed_HA,L192P,1.8875046
aligned_single_processed_HA,L192Q,2.0221672
aligned_single_processed_HA,L192R,1.7796593
aligned_single_processed_HA,L192S,1.6735268
aligned_single_processed_HA,L192T,1.7630577
aligned_single_processed_HA,L192V,1.5024796
aligned_single_processed_HA,L192W,1.6889839
aligned_single_processed_HA,L192Y,1.8020782
aligned_single_processed_HA,W193A,1.7134285
aligned_single_processed_HA,W193C,1.8746033
aligned_single_processed_HA,W193D,2.061245
aligned_single_processed_HA,W193E,2.302929
aligned_single_processed_HA,W193F,2.097332
aligned_single_processed_HA,W193G,2.0536194
aligned_single_processed_HA,W193H,2.148079
aligned_single_processed_HA,W193I,1.8437157
aligned_single_processed_HA,W193K,2.0006866
aligned_single_processed_HA,W193L,2.1829224
aligned_single_processed_HA,W193M,2.1288567
aligned_single_processed_HA,W193N,2.1828194
aligned_single_processed_HA,W193P,2.1080856
aligned_single_processed_HA,W193Q,2.159298
aligned_single_processed_HA,W193R,1.922596
aligned_single_processed_HA,W193S,2.3989716
aligned_single_processed_HA,W193T,1.9759865
aligned_single_processed_HA,W193V,2.193634
aligned_single_processed_HA,W193Y,2.0994797
aligned_single_processed_HA,G194A,1.6824951
aligned_single_processed_HA,G194C,1.9888268
aligned_single_processed_HA,G194D,1.7013931
aligned_single_processed_HA,G194E,1.887577
aligned_single_processed_HA,G194F,1.8125496
aligned_single_processed_HA,G194H,1.8091125
aligned_single_processed_HA,G194I,1.6516991
aligned_single_processed_HA,G194K,2.1050758
aligned_single_processed_HA,G194L,1.9550819
aligned_single_processed_HA,G194M,1.7459908
aligned_single_processed_HA,G194N,1.9574432
aligned_single_processed_HA,G194P,1.875824
aligned_single_processed_HA,G194Q,1.876606
aligned_single_processed_HA,G194R,1.8889503
aligned_single_processed_HA,G194S,1.8033829
aligned_single_processed_HA,G194T,1.6362419
aligned_single_processed_HA,G194V,1.8544159
aligned_single_processed_HA,G194W,1.9787483
aligned_single_processed_HA,G194Y,1.8874779
aligned_single_processed_HA,V195A,1.4767151
aligned_single_processed_HA,V195C,1.4110107
aligned_single_processed_HA,V195D,1.263771
aligned_single_processed_HA,V195E,1.4428787
aligned_single_processed_HA,V195F,1.4354134
aligned_single_processed_HA,V195G,1.31633
aligned_single_processed_HA,V195H,1.3991394
aligned_single_processed_HA,V195I,0.26163483
aligned_single_processed_HA,V195K,1.4953117
aligned_single_processed_HA,V195L,1.4462585
aligned_single_processed_HA,V195M,1.244133
aligned_single_processed_HA,V195N,1.3352051
aligned_single_processed_HA,V195P,1.3548851
aligned_single_processed_HA,V195Q,1.4686584
aligned_single_processed_HA,V195R,1.2474899
aligned_single_processed_HA,V195S,1.4530296
aligned_single_processed_HA,V195T,1.256527
aligned_single_processed_HA,V195W,1.4151573
aligned_single_processed_HA,V195Y,1.3378258
aligned_single_processed_HA,H196A,2.1793404
aligned_single_processed_HA,H196C,2.2498817
aligned_single_processed_HA,H196D,2.1292076
aligned_single_processed_HA,H196E,2.1008492
aligned_single_processed_HA,H196F,2.2275658
aligned_single_processed_HA,H196G,1.8448448
aligned_single_processed_HA,H196I,1.9229202
aligned_single_processed_HA,H196K,2.200634
aligned_single_processed_HA,H196L,2.0629616
aligned_single_processed_HA,H196M,1.9290504
aligned_single_processed_HA,H196N,2.1069603
aligned_single_processed_HA,H196P,2.084465
aligned_single_processed_HA,H196Q,2.0173912
aligned_single_processed_HA,H196R,2.195877
aligned_single_processed_HA,H196S,1.9528618
aligned_single_processed_HA,H196T,1.7902298
aligned_single_processed_HA,H196V,2.0140533
aligned_single_processed_HA,H196W,2.1209068
aligned_single_processed_HA,H196Y,2.1839867
aligned_single_processed_HA,H197A,1.6804008
aligned_single_processed_HA,H197C,1.9815407
aligned_single_processed_HA,H197D,1.7682571
aligned_single_processed_HA,H197E,1.8729248
aligned_single_processed_HA,H197F,1.7455673
aligned_single_processed_HA,H197G,1.9274673
aligned_single_processed_HA,H197I,1.9808807
aligned_single_processed_HA,H197K,1.8551903
aligned_single_processed_HA,H197L,1.8929482
aligned_single_processed_HA,H197M,2.0138435
aligned_single_processed_HA,H197N,1.8235397
aligned_single_processed_HA,H197P,1.9447899
aligned_single_processed_HA,H197Q,1.9959831
aligned_single_processed_HA,H197R,2.083538
aligned_single_processed_HA,H197S,2.0710945
aligned_single_processed_HA,H197T,1.829216
aligned_single_processed_HA,H197V,1.8145065
aligned_single_processed_HA,H197W,1.9775734
aligned_single_processed_HA,H197Y,1.9484901
aligned_single_processed_HA,P198A,1.7051773
aligned_single_processed_HA,P198C,1.7389488
aligned_single_processed_HA,P198D,2.0798569
aligned_single_processed_HA,P198E,2.054676
aligned_single_processed_HA,P198F,2.075676
aligned_single_processed_HA,P198G,1.872448
aligned_single_processed_HA,P198H,2.02285
aligned_single_processed_HA,P198I,1.906395
aligned_single_processed_HA,P198K,2.011856
aligned_single_processed_HA,P198L,1.9530563
aligned_single_processed_HA,P198M,2.0142975
aligned_single_processed_HA,P198N,1.9370995
aligned_single_processed_HA,P198Q,1.9572754
aligned_single_processed_HA,P198R,2.1650734
aligned_single_processed_HA,P198S,1.4898643
aligned_single_processed_HA,P198T,1.8341675
aligned_single_processed_HA,P198V,1.788971
aligned_single_processed_HA,P198W,1.8889351
aligned_single_processed_HA,P198Y,1.9739189
aligned_single_processed_HA,S199A,1.0582466
aligned_single_processed_HA,S199C,1.468235
aligned_single_processed_HA,S199D,1.30653
aligned_single_processed_HA,S199E,1.5208168
aligned_single_processed_HA,S199F,1.5958824
aligned_single_processed_HA,S199G,1.2947693
aligned_single_processed_HA,S199H,1.5145073
aligned_single_processed_HA,S199I,1.2393646
aligned_single_processed_HA,S199K,1.4367256
aligned_single_processed_HA,S199L,1.5502281
aligned_single_processed_HA,S199M,1.4208374
aligned_single_processed_HA,S199N,1.3848648
aligned_single_processed_HA,S199P,0.7063141
aligned_single_processed_HA,S199Q,1.4228745
aligned_single_processed_HA,S199R,1.2385216
aligned_single_processed_HA,S199T,1.2237015
aligned_single_processed_HA,S199V,1.1129761
aligned_single_processed_HA,S199W,1.5409203
aligned_single_processed_HA,S199Y,1.5235672
aligned_single_processed_HA,S200A,0.31705093
aligned_single_processed_HA,S200C,0.84617233
aligned_single_processed_HA,S200D,0.23511124
aligned_single_processed_HA,S200E,0.8528366
aligned_single_processed_HA,S200F,1.1098251
aligned_single_processed_HA,S200G,0.5937691
aligned_single_processed_HA,S200H,0.6672363
aligned_single_processed_HA,S200I,0.49611664
aligned_single_processed_HA,S200K,0.57074356
aligned_single_processed_HA,S200L,0.53707504
aligned_single_processed_HA,S200M,0.57632446
aligned_single_processed_HA,S200N,-0.30924988
aligned_single_processed_HA,S200P,0.7886658
aligned_single_processed_HA,S200Q,0.6978874
aligned_single_processed_HA,S200R,0.7039757
aligned_single_processed_HA,S200T,-0.22141266
aligned_single_processed_HA,S200V,0.3516121
aligned_single_processed_HA,S200W,0.8027077
aligned_single_processed_HA,S200Y,0.59510803
aligned_single_processed_HA,S201A,0.5371704
aligned_single_processed_HA,S201C,1.1406746
aligned_single_processed_HA,S201D,0.9874153
aligned_single_processed_HA,S201E,0.90254974
aligned_single_processed_HA,S201F,1.1590538
aligned_single_processed_HA,S201G,1.0290756
aligned_single_processed_HA,S201H,1.0128441
aligned_single_processed_HA,S201I,0.3674736
aligned_single_processed_HA,S201K,0.981678
aligned_single_processed_HA,S201L,0.9285736
aligned_single_processed_HA,S201M,0.54937744
aligned_single_processed_HA,S201N,1.0092468
aligned_single_processed_HA,S201P,1.0296669
aligned_single_processed_HA,S201Q,1.1275215
aligned_single_processed_HA,S201R,0.70905304
aligned_single_processed_HA,S201T,0.39476776
aligned_single_processed_HA,S201V,0.5929527
aligned_single_processed_HA,S201W,1.1445923
aligned_single_processed_HA,S201Y,0.8755989
aligned_single_processed_HA,D202A,0.14867783
aligned_single_processed_HA,D202C,0.3831253
aligned_single_processed_HA,D202E,-0.53040314
aligned_single_processed_HA,D202F,0.44821167
aligned_single_processed_HA,D202G,0.21073914
aligned_single_processed_HA,D202H,0.63241196
aligned_single_processed_HA,D202I,0.3386879
aligned_single_processed_HA,D202K,-0.14139557
aligned_single_processed_HA,D202L,0.5949364
aligned_single_processed_HA,D202M,0.40745163
aligned_single_processed_HA,D202N,0.032482147
aligned_single_processed_HA,D202P,0.38279343
aligned_single_processed_HA,D202Q,0.23131561
aligned_single_processed_HA,D202R,0.14481735
aligned_single_processed_HA,D202S,-0.34112167
aligned_single_processed_HA,D202T,0.08147049
aligned_single_processed_HA,D202V,0.38926697
aligned_single_processed_HA,D202W,0.6384735
aligned_single_processed_HA,D202Y,0.50567245
aligned_single_processed_HA,E203A,1.0976219
aligned_single_processed_HA,E203C,0.8559036
aligned_single_processed_HA,E203D,-0.1921997
aligned_single_processed_HA,E203F,0.8966255
aligned_single_processed_HA,E203G,0.6821327
aligned_single_processed_HA,E203H,0.941391
aligned_single_processed_HA,E203I,1.0608788
aligned_single_processed_HA,E203K,0.7643242
aligned_single_processed_HA,E203L,1.0078583
aligned_single_processed_HA,E203M,0.96406937
aligned_single_processed_HA,E203N,0.5286865
aligned_single_processed_HA,E203P,0.99531555
aligned_single_processed_HA,E203Q,0.92193604
aligned_single_processed_HA,E203R,0.86561584
aligned_single_processed_HA,E203S,0.91770935
aligned_single_processed_HA,E203T,0.7803993
aligned_single_processed_HA,E203V,0.8243828
aligned_single_processed_HA,E203W,1.092083
aligned_single_processed_HA,E203Y,1.2319336
aligned_single_processed_HA,Q204A,1.6243286
aligned_single_processed_HA,Q204C,1.7449493
aligned_single_processed_HA,Q204D,1.324337
aligned_single_processed_HA,Q204E,1.6658058
aligned_single_processed_HA,Q204F,1.5617561
aligned_single_processed_HA,Q204G,1.5211563
aligned_single_processed_HA,Q204H,1.4941292
aligned_single_processed_HA,Q204I,1.62566
aligned_single_processed_HA,Q204K,1.4213219
aligned_single_processed_HA,Q204L,1.6873894
aligned_single_processed_HA,Q204M,1.3223801
aligned_single_processed_HA,Q204N,1.2027893
aligned_single_processed_HA,Q204P,1.7808037
aligned_single_processed_HA,Q204R,1.2159882
aligned_single_processed_HA,Q204S,1.5015068
aligned_single_processed_HA,Q204T,1.2561569
aligned_single_processed_HA,Q204V,1.5588531
aligned_single_processed_HA,Q204W,1.6543236
aligned_single_processed_HA,Q204Y,1.3907661
aligned_single_processed_HA,Q205A,0.8012352
aligned_single_processed_HA,Q205C,0.99233246
aligned_single_processed_HA,Q205D,0.7629318
aligned_single_processed_HA,Q205E,0.8949318
aligned_single_processed_HA,Q205F,1.0283127
aligned_single_processed_HA,Q205G,1.2158089
aligned_single_processed_HA,Q205H,0.8787956
aligned_single_processed_HA,Q205I,1.0169868
aligned_single_processed_HA,Q205K,0.038440704
aligned_single_processed_HA,Q205L,0.9598732
aligned_single_processed_HA,Q205M,0.8039284
aligned_single_processed_HA,Q205N,0.84739685
aligned_single_processed_HA,Q205P,1.197155
aligned_single_processed_HA,Q205R,-0.16075134
aligned_single_processed_HA,Q205S,0.9504051
aligned_single_processed_HA,Q205T,0.6183281
aligned_single_processed_HA,Q205V,1.0677986
aligned_single_processed_HA,Q205W,1.0095749
aligned_single_processed_HA,Q205Y,1.0502357
aligned_single_processed_HA,S206A,-0.11975098
aligned_single_processed_HA,S206C,1.0599594
aligned_single_processed_HA,S206D,0.8110542
aligned_single_processed_HA,S206E,1.0348892
aligned_single_processed_HA,S206F,1.1098328
aligned_single_processed_HA,S206G,1.0575409
aligned_single_processed_HA,S206H,0.82297516
aligned_single_processed_HA,S206I,0.9257164
aligned_single_processed_HA,S206K,0.55212784
aligned_single_processed_HA,S206L,1.0037155
aligned_single_processed_HA,S206M,0.7351265
aligned_single_processed_HA,S206N,0.8014488
aligned_single_processed_HA,S206P,0.86149216
aligned_single_processed_HA,S206Q,0.9138832
aligned_single_processed_HA,S206R,0.7599449
aligned_single_processed_HA,S206T,-0.028865814
aligned_single_processed_HA,S206V,0.7539978
aligned_single_processed_HA,S206W,1.1924286
aligned_single_processed_HA,S206Y,1.107727
aligned_single_processed_HA,L207A,1.1640663
aligned_single_processed_HA,L207C,1.601429
aligned_single_processed_HA,L207D,1.475441
aligned_single_processed_HA,L207E,1.4124489
aligned_single_processed_HA,L207F,1.3043976
aligned_single_processed_HA,L207G,1.291748
aligned_single_processed_HA,L207H,1.409584
aligned_single_processed_HA,L207I,0.7500572
aligned_single_processed_HA,L207K,1.2676964
aligned_single_processed_HA,L207M,1.115654
aligned_single_processed_HA,L207N,1.5090523
aligned_single_processed_HA,L207P,1.251873
aligned_single_processed_HA,L207Q,1.359211
aligned_single_processed_HA,L207R,1.4115257
aligned_single_processed_HA,L207S,1.033432
aligned_single_processed_HA,L207T,1.2779083
aligned_single_processed_HA,L207V,0.898098
aligned_single_processed_HA,L207W,1.4215584
aligned_single_processed_HA,L207Y,1.1703758
aligned_single_processed_HA,Y208A,1.7114372
aligned_single_processed_HA,Y208C,1.8772736
aligned_single_processed_HA,Y208D,1.5759392
aligned_single_processed_HA,Y208E,2.077385
aligned_single_processed_HA,Y208F,1.8222008
aligned_single_processed_HA,Y208G,1.7149239
aligned_single_processed_HA,Y208H,1.7475891
aligned_single_processed_HA,Y208I,1.8366661
aligned_single_processed_HA,Y208K,1.4229622
aligned_single_processed_HA,Y208L,1.8564377
aligned_single_processed_HA,Y208M,1.7422981
aligned_single_processed_HA,Y208N,1.6398354
aligned_single_processed_HA,Y208P,1.9377251
aligned_single_processed_HA,Y208Q,1.8246574
aligned_single_processed_HA,Y208R,1.5722771
aligned_single_processed_HA,Y208S,1.7139168
aligned_single_processed_HA,Y208T,2.0204315
aligned_single_processed_HA,Y208V,1.6847153
aligned_single_processed_HA,Y208W,1.6152687
aligned_single_processed_HA,S209A,-0.17289352
aligned_single_processed_HA,S209C,0.19914627
aligned_single_processed_HA,S209D,-0.35095978
aligned_single_processed_HA,S209E,0.06278992
aligned_single_processed_HA,S209F,-0.092185974
aligned_single_processed_HA,S209G,0.09762573
aligned_single_processed_HA,S209H,-0.49237442
aligned_single_processed_HA,S209I,-0.13114929
aligned_single_processed_HA,S209K,-0.6881981
aligned_single_processed_HA,S209L,0.23975754
aligned_single_processed_HA,S209M,-0.15697098
aligned_single_processed_HA,S209N,-0.15493393
aligned_single_processed_HA,S209P,0.1416626
aligned_single_processed_HA,S209Q,-1.0129089
aligned_single_processed_HA,S209R,-0.775692
aligned_single_processed_HA,S209T,0.13923264
aligned_single_processed_HA,S209V,-0.020587921
aligned_single_processed_HA,S209W,0.045368195
aligned_single_processed_HA,S209Y,-0.106349945
aligned_single_processed_HA,N210A,0.93424225
aligned_single_processed_HA,N210C,1.4108009
aligned_single_processed_HA,N210D,1.0103302
aligned_single_processed_HA,N210E,0.80353165
aligned_single_processed_HA,N210F,1.1279068
aligned_single_processed_HA,N210G,1.0830002
aligned_single_processed_HA,N210H,1.2432327
aligned_single_processed_HA,N210I,0.8001404
aligned_single_processed_HA,N210K,0.62905884
aligned_single_processed_HA,N210L,1.6288834
aligned_single_processed_HA,N210M,0.91674805
aligned_single_processed_HA,N210P,1.362381
aligned_single_processed_HA,N210Q,0.8865433
aligned_single_processed_HA,N210R,0.74144745
aligned_single_processed_HA,N210S,1.2441063
aligned_single_processed_HA,N210T,0.38075638
aligned_single_processed_HA,N210V,0.943573
aligned_single_processed_HA,N210W,1.2803535
aligned_single_processed_HA,N210Y,1.3271751
aligned_single_processed_HA,G211A,-0.47650146
aligned_single_processed_HA,G211C,0.437809
aligned_single_processed_HA,G211D,-0.11331177
aligned_single_processed_HA,G211E,-0.73298264
aligned_single_processed_HA,G211F,0.5877228
aligned_single_processed_HA,G211H,0.45005035
aligned_single_processed_HA,G211I,0.12266159
aligned_single_processed_HA,G211K,0.42541504
aligned_single_processed_HA,G211L,0.68346405
aligned_single_processed_HA,G211M,0.0058250427
aligned_single_processed_HA,G211N,-0.12663269
aligned_single_processed_HA,G211P,0.27849197
aligned_single_processed_HA,G211Q,0.4118843
aligned_single_processed_HA,G211R,0.21023178
aligned_single_processed_HA,G211S,0.5397148
aligned_single_processed_HA,G211T,-0.093307495
aligned_single_processed_HA,G211V,0.2539177
aligned_single_processed_HA,G211W,0.5777931
aligned_single_processed_HA,G211Y,0.4590454
aligned_single_processed_HA,N212A,0.7872696
aligned_single_processed_HA,N212C,1.3009338
aligned_single_processed_HA,N212D,0.2958374
aligned_single_processed_HA,N212E,0.8928299
aligned_single_processed_HA,N212F,1.1532745
aligned_single_processed_HA,N212G,0.99243546
aligned_single_processed_HA,N212H,1.142479
aligned_single_processed_HA,N212I,1.1276398
aligned_single_processed_HA,N212K,1.2375908
aligned_single_processed_HA,N212L,1.3351784
aligned_single_processed_HA,N212M,1.1111717
aligned_single_processed_HA,N212P,1.1029854
aligned_single_processed_HA,N212Q,1.1005516
aligned_single_processed_HA,N212R,0.9860077
aligned_single_processed_HA,N212S,1.0624046
aligned_single_processed_HA,N212T,0.5912323
aligned_single_processed_HA,N212V,0.9364891
aligned_single_processed_HA,N212W,1.1992149
aligned_single_processed_HA,N212Y,1.254364
aligned_single_processed_HA,A213C,1.4525414
aligned_single_processed_HA,A213D,1.482441
aligned_single_processed_HA,A213E,1.3562241
aligned_single_processed_HA,A213F,1.7312813
aligned_single_processed_HA,A213G,1.3131676
aligned_single_processed_HA,A213H,1.5225754
aligned_single_processed_HA,A213I,1.5041466
aligned_single_processed_HA,A213K,1.4745903
aligned_single_processed_HA,A213L,1.3731499
aligned_single_processed_HA,A213M,1.7219086
aligned_single_processed_HA,A213N,1.5794258
aligned_single_processed_HA,A213P,1.4754333
aligned_single_processed_HA,A213Q,1.6982231
aligned_single_processed_HA,A213R,1.6682129
aligned_single_processed_HA,A213S,1.3416901
aligned_single_processed_HA,A213T,0.79925156
aligned_single_processed_HA,A213V,1.4167557
aligned_single_processed_HA,A213W,1.6219025
aligned_single_processed_HA,A213Y,1.405201
aligned_single_processed_HA,Y214A,1.6989746
aligned_single_processed_HA,Y214C,1.6725578
aligned_single_processed_HA,Y214D,1.6472664
aligned_single_processed_HA,Y214E,1.763504
aligned_single_processed_HA,Y214F,1.6540451
aligned_single_processed_HA,Y214G,1.9707031
aligned_single_processed_HA,Y214H,1.6640816
aligned_single_processed_HA,Y214I,1.7234459
aligned_single_processed_HA,Y214K,1.7747688
aligned_single_processed_HA,Y214L,1.8829308
aligned_single_processed_HA,Y214M,1.7702408
aligned_single_processed_HA,Y214N,1.8682289
aligned_single_processed_HA,Y214P,1.794178
aligned_single_processed_HA,Y214Q,1.5395851
aligned_single_processed_HA,Y214R,1.5507469
aligned_single_processed_HA,Y214S,1.7211723
aligned_single_processed_HA,Y214T,1.8494186
aligned_single_processed_HA,Y214V,1.5804253
aligned_single_processed_HA,Y214W,1.791275
aligned_single_processed_HA,V215A,1.7695808
aligned_single_processed_HA,V215C,1.4287338
aligned_single_processed_HA,V215D,1.8805275
aligned_single_processed_HA,V215E,1.8401489
aligned_single_processed_HA,V215F,1.8648682
aligned_single_processed_HA,V215G,1.993267
aligned_single_processed_HA,V215H,1.8548546
aligned_single_processed_HA,V215I,1.1392174
aligned_single_processed_HA,V215K,1.8465958
aligned_single_processed_HA,V215L,1.7664604
aligned_single_processed_HA,V215M,1.8109474
aligned_single_processed_HA,V215N,1.7886238
aligned_single_processed_HA,V215P,1.7594452
aligned_single_processed_HA,V215Q,2.1098785
aligned_single_processed_HA,V215R,1.6554756
aligned_single_processed_HA,V215S,1.9781532
aligned_single_processed_HA,V215T,1.6847725
aligned_single_processed_HA,V215W,1.8548393
aligned_single_processed_HA,V215Y,1.6852226
aligned_single_processed_HA,S216A,1.250042
aligned_single_processed_HA,S216C,1.5025444
aligned_single_processed_HA,S216D,1.857296
aligned_single_processed_HA,S216E,1.5383492
aligned_single_processed_HA,S216F,1.3541412
aligned_single_processed_HA,S216G,1.4668503
aligned_single_processed_HA,S216H,1.618248
aligned_single_processed_HA,S216I,1.3452606
aligned_single_processed_HA,S216K,1.3481064
aligned_single_processed_HA,S216L,1.2494507
aligned_single_processed_HA,S216M,1.4032364
aligned_single_processed_HA,S216N,1.2409172
aligned_single_processed_HA,S216P,1.8988533
aligned_single_processed_HA,S216Q,1.5638466
aligned_single_processed_HA,S216R,1.4306984
aligned_single_processed_HA,S216T,1.3209724
aligned_single_processed_HA,S216V,1.2944946
aligned_single_processed_HA,S216W,1.4563522
aligned_single_processed_HA,S216Y,1.6840363
aligned_single_processed_HA,V217A,1.8390236
aligned_single_processed_HA,V217C,1.7653313
aligned_single_processed_HA,V217D,1.7827797
aligned_single_processed_HA,V217E,1.8632927
aligned_single_processed_HA,V217F,1.6684914
aligned_single_processed_HA,V217G,1.5318604
aligned_single_processed_HA,V217H,1.8163338
aligned_single_processed_HA,V217I,1.3872643
aligned_single_processed_HA,V217K,1.6167336
aligned_single_processed_HA,V217L,1.4147224
aligned_single_processed_HA,V217M,1.3336792
aligned_single_processed_HA,V217N,1.8702202
aligned_single_processed_HA,V217P,1.9498787
aligned_single_processed_HA,V217Q,1.5641594
aligned_single_processed_HA,V217R,1.575798
aligned_single_processed_HA,V217S,1.7598267
aligned_single_processed_HA,V217T,1.5545006
aligned_single_processed_HA,V217W,1.7440834
aligned_single_processed_HA,V217Y,1.6214333
aligned_single_processed_HA,A218C,0.61904144
aligned_single_processed_HA,A218D,0.25390625
aligned_single_processed_HA,A218E,0.3020439
aligned_single_processed_HA,A218F,0.44812775
aligned_single_processed_HA,A218G,-0.042312622
aligned_single_processed_HA,A218H,0.383667
aligned_single_processed_HA,A218I,-0.07448959
aligned_single_processed_HA,A218K,0.57162476
aligned_single_processed_HA,A218L,0.12532806
aligned_single_processed_HA,A218M,-0.16758728
aligned_single_processed_HA,A218N,0.50387573
aligned_single_processed_HA,A218P,0.4467659
aligned_single_processed_HA,A218Q,0.322834
aligned_single_processed_HA,A218R,0.14905167
aligned_single_processed_HA,A218S,0.43714523
aligned_single_processed_HA,A218T,0.050457
aligned_single_processed_HA,A218V,-0.54206085
aligned_single_processed_HA,A218W,0.4674797
aligned_single_processed_HA,A218Y,0.36253357
aligned_single_processed_HA,S219A,0.8909149
aligned_single_processed_HA,S219C,1.1416321
aligned_single_processed_HA,S219D,1.2851982
aligned_single_processed_HA,S219E,1.1574783
aligned_single_processed_HA,S219F,1.3403893
aligned_single_processed_HA,S219G,1.2251511
aligned_single_processed_HA,S219H,1.2387161
aligned_single_processed_HA,S219I,1.2484283
aligned_single_processed_HA,S219K,1.3695564
aligned_single_processed_HA,S219L,1.3787537
aligned_single_processed_HA,S219M,1.4045029
aligned_single_processed_HA,S219N,1.3567848
aligned_single_processed_HA,S219P,1.296341
aligned_single_processed_HA,S219Q,1.4231796
aligned_single_processed_HA,S219R,1.3011436
aligned_single_processed_HA,S219T,0.2922325
aligned_single_processed_HA,S219V,1.0759392
aligned_single_processed_HA,S219W,1.3582115
aligned_single_processed_HA,S219Y,1.2132759
aligned_single_processed_HA,S220A,1.6171341
aligned_single_processed_HA,S220C,1.6793175
aligned_single_processed_HA,S220D,1.6467323
aligned_single_processed_HA,S220E,1.4637909
aligned_single_processed_HA,S220F,1.5894585
aligned_single_processed_HA,S220G,1.4418983
aligned_single_processed_HA,S220H,1.596798
aligned_single_processed_HA,S220I,1.5649147
aligned_single_processed_HA,S220K,1.4180145
aligned_single_processed_HA,S220L,1.6623459
aligned_single_processed_HA,S220M,1.5065613
aligned_single_processed_HA,S220N,1.5336227
aligned_single_processed_HA,S220P,1.4973145
aligned_single_processed_HA,S220Q,1.657589
aligned_single_processed_HA,S220R,1.4916039
aligned_single_processed_HA,S220T,1.2086754
aligned_single_processed_HA,S220V,1.5715866
aligned_single_processed_HA,S220W,1.5618019
aligned_single_processed_HA,S220Y,1.6036491
aligned_single_processed_HA,N221A,0.81838226
aligned_single_processed_HA,N221C,0.63371277
aligned_single_processed_HA,N221D,0.41997147
aligned_single_processed_HA,N221E,0.6847725
aligned_single_processed_HA,N221F,0.7385063
aligned_single_processed_HA,N221G,0.65460205
aligned_single_processed_HA,N221H,-0.15893936
aligned_single_processed_HA,N221I,0.51156235
aligned_single_processed_HA,N221K,-0.13363266
aligned_single_processed_HA,N221L,0.6991348
aligned_single_processed_HA,N221M,0.5821991
aligned_single_processed_HA,N221P,0.8353691
aligned_single_processed_HA,N221Q,0.78448486
aligned_single_processed_HA,N221R,0.47420502
aligned_single_processed_HA,N221S,0.86550903
aligned_single_processed_HA,N221T,0.37782288
aligned_single_processed_HA,N221V,0.4576912
aligned_single_processed_HA,N221W,0.8670044
aligned_single_processed_HA,N221Y,0.67723083
aligned_single_processed_HA,Y222A,1.5414085
aligned_single_processed_HA,Y222C,1.4759445
aligned_single_processed_HA,Y222D,1.5335693
aligned_single_processed_HA,Y222E,1.6795883
aligned_single_processed_HA,Y222F,1.2070618
aligned_single_processed_HA,Y222G,1.62426
aligned_single_processed_HA,Y222H,1.4173965
aligned_single_processed_HA,Y222I,1.2804794
aligned_single_processed_HA,Y222K,1.2973824
aligned_single_processed_HA,Y222L,1.5887299
aligned_single_processed_HA,Y222M,1.2428856
aligned_single_processed_HA,Y222N,1.2207603
aligned_single_processed_HA,Y222P,1.5998154
aligned_single_processed_HA,Y222Q,1.4095573
aligned_single_processed_HA,Y222R,1.4755363
aligned_single_processed_HA,Y222S,1.6916275
aligned_single_processed_HA,Y222T,1.5174294
aligned_single_processed_HA,Y222V,1.4152641
aligned_single_processed_HA,Y222W,1.4902802
aligned_single_processed_HA,N223A,1.5133896
aligned_single_processed_HA,N223C,1.4180756
aligned_single_processed_HA,N223D,1.3551521
aligned_single_processed_HA,N223E,1.3914452
aligned_single_processed_HA,N223F,1.488121
aligned_single_processed_HA,N223G,1.4221573
aligned_single_processed_HA,N223H,1.6401825
aligned_single_processed_HA,N223I,1.4797287
aligned_single_processed_HA,N223K,1.4256401
aligned_single_processed_HA,N223L,1.5867233
aligned_single_processed_HA,N223M,1.4037743
aligned_single_processed_HA,N223P,1.2777939
aligned_single_processed_HA,N223Q,1.4080276
aligned_single_processed_HA,N223R,1.3395233
aligned_single_processed_HA,N223S,0.52225876
aligned_single_processed_HA,N223T,1.185833
aligned_single_processed_HA,N223V,1.3603745
aligned_single_processed_HA,N223W,1.5665588
aligned_single_processed_HA,N223Y,1.2184258
aligned_single_processed_HA,R224A,1.7374992
aligned_single_processed_HA,R224C,1.7322121
aligned_single_processed_HA,R224D,1.7795448
aligned_single_processed_HA,R224E,1.2316589
aligned_single_processed_HA,R224F,1.7899399
aligned_single_processed_HA,R224G,1.4002533
aligned_single_processed_HA,R224H,1.5394592
aligned_single_processed_HA,R224I,1.387413
aligned_single_processed_HA,R224K,0.55610657
aligned_single_processed_HA,R224L,1.7505455
aligned_single_processed_HA,R224M,1.8845177
aligned_single_processed_HA,R224N,1.2478333
aligned_single_processed_HA,R224P,1.8554497
aligned_single_processed_HA,R224Q,1.4308243
aligned_single_processed_HA,R224S,1.6020775
aligned_single_processed_HA,R224T,1.5408058
aligned_single_processed_HA,R224V,1.5868073
aligned_single_processed_HA,R224W,1.5881271
aligned_single_processed_HA,R224Y,1.9054108
aligned_single_processed_HA,R225A,1.5382614
aligned_single_processed_HA,R225C,1.7135963
aligned_single_processed_HA,R225D,1.7683983
aligned_single_processed_HA,R225E,1.4496193
aligned_single_processed_HA,R225F,1.6698265
aligned_single_processed_HA,R225G,1.5574379
aligned_single_processed_HA,R225H,1.477066
aligned_single_processed_HA,R225I,1.5619087
aligned_single_processed_HA,R225K,0.7552147
aligned_single_processed_HA,R225L,1.906887
aligned_single_processed_HA,R225M,1.7898903
aligned_single_processed_HA,R225N,1.5869408
aligned_single_processed_HA,R225P,1.7147903
aligned_single_processed_HA,R225Q,1.6051865
aligned_single_processed_HA,R225S,1.6258736
aligned_single_processed_HA,R225T,1.5409508
aligned_single_processed_HA,R225V,1.6441727
aligned_single_processed_HA,R225W,1.696846
aligned_single_processed_HA,R225Y,1.6179657
aligned_single_processed_HA,F226A,1.5733604
aligned_single_processed_HA,F226C,1.687973
aligned_single_processed_HA,F226D,1.934021
aligned_single_processed_HA,F226E,1.8025475
aligned_single_processed_HA,F226G,1.886261
aligned_single_processed_HA,F226H,1.9329185
aligned_single_processed_HA,F226I,1.66605
aligned_single_processed_HA,F226K,2.006115
aligned_single_processed_HA,F226L,1.9478912
aligned_single_processed_HA,F226M,1.7924271
aligned_single_processed_HA,F226N,1.735466
aligned_single_processed_HA,F226P,2.01297
aligned_single_processed_HA,F226Q,1.9753265
aligned_single_processed_HA,F226R,1.743576
aligned_single_processed_HA,F226S,1.9838066
aligned_single_processed_HA,F226T,1.7454605
aligned_single_processed_HA,F226V,1.7707863
aligned_single_processed_HA,F226W,1.9221611
aligned_single_processed_HA,F226Y,1.7712364
aligned_single_processed_HA,T227A,0.8120842
aligned_single_processed_HA,T227C,1.5260086
aligned_single_processed_HA,T227D,1.4778328
aligned_single_processed_HA,T227E,1.2088661
aligned_single_processed_HA,T227F,1.4775505
aligned_single_processed_HA,T227G,1.4001579
aligned_single_processed_HA,T227H,1.6927338
aligned_single_processed_HA,T227I,0.9387245
aligned_single_processed_HA,T227K,1.2916031
aligned_single_processed_HA,T227L,1.6916084
aligned_single_processed_HA,T227M,1.1717911
aligned_single_processed_HA,T227N,1.2936592
aligned_single_processed_HA,T227P,1.418663
aligned_single_processed_HA,T227Q,1.6408234
aligned_single_processed_HA,T227R,1.1745834
aligned_single_processed_HA,T227S,1.063034
aligned_single_processed_HA,T227V,1.1743698
aligned_single_processed_HA,T227W,1.7900963
aligned_single_processed_HA,T227Y,1.5373001
aligned_single_processed_HA,P228A,1.8531685
aligned_single_processed_HA,P228C,2.0101547
aligned_single_processed_HA,P228D,1.8426628
aligned_single_processed_HA,P228E,1.7892914
aligned_single_processed_HA,P228F,2.014515
aligned_single_processed_HA,P228G,1.9398232
aligned_single_processed_HA,P228H,2.0444565
aligned_single_processed_HA,P228I,1.759449
aligned_single_processed_HA,P228K,1.7281685
aligned_single_processed_HA,P228L,1.936039
aligned_single_processed_HA,P228M,1.8022499
aligned_single_processed_HA,P228N,1.6960602
aligned_single_processed_HA,P228Q,1.8664742
aligned_single_processed_HA,P228R,1.8753967
aligned_single_processed_HA,P228S,1.8604164
aligned_single_processed_HA,P228T,1.631504
aligned_single_processed_HA,P228V,1.8564415
aligned_single_processed_HA,P228W,1.8052483
aligned_single_processed_HA,P228Y,1.9308739
aligned_single_processed_HA,E229A,1.8122177
aligned_single_processed_HA,E229C,1.7091331
aligned_single_processed_HA,E229D,1.7142982
aligned_single_processed_HA,E229F,1.9129257
aligned_single_processed_HA,E229G,1.7317238
aligned_single_processed_HA,E229H,1.7897415
aligned_single_processed_HA,E229I,1.6455994
aligned_single_processed_HA,E229K,1.6907272
aligned_single_processed_HA,E229L,1.6369362
aligned_single_processed_HA,E229M,1.7119789
aligned_single_processed_HA,E229N,1.5854301
aligned_single_processed_HA,E229P,1.6733437
aligned_single_processed_HA,E229Q,1.5682564
aligned_single_processed_HA,E229R,1.8402519
aligned_single_processed_HA,E229S,1.6816483
aligned_single_processed_HA,E229T,1.8249245
aligned_single_processed_HA,E229V,1.7577705
aligned_single_processed_HA,E229W,1.8002205
aligned_single_processed_HA,E229Y,1.6371536
aligned_single_processed_HA,I230A,1.334549
aligned_single_processed_HA,I230C,1.6027603
aligned_single_processed_HA,I230D,1.7820435
aligned_single_processed_HA,I230E,1.509121
aligned_single_processed_HA,I230F,1.6371765
aligned_single_processed_HA,I230G,1.5826454
aligned_single_processed_HA,I230H,1.7557602
aligned_single_processed_HA,I230K,1.6155968
aligned_single_processed_HA,I230L,1.567955
aligned_single_processed_HA,I230M,1.3802452
aligned_single_processed_HA,I230N,1.8107605
aligned_single_processed_HA,I230P,1.8311462
aligned_single_processed_HA,I230Q,1.6129112
aligned_single_processed_HA,I230R,1.3766212
aligned_single_processed_HA,I230S,1.6777344
aligned_single_processed_HA,I230T,1.4528503
aligned_single_processed_HA,I230V,1.0434456
aligned_single_processed_HA,I230W,1.814434
aligned_single_processed_HA,I230Y,1.4889259
aligned_single_processed_HA,A231C,1.3509865
aligned_single_processed_HA,A231D,1.3084335
aligned_single_processed_HA,A231E,1.4896202
aligned_single_processed_HA,A231F,1.3460884
aligned_single_processed_HA,A231G,1.6114044
aligned_single_processed_HA,A231H,1.4330482
aligned_single_processed_HA,A231I,1.2883072
aligned_single_processed_HA,A231K,1.5428314
aligned_single_processed_HA,A231L,1.5248451
aligned_single_processed_HA,A231M,1.4312592
aligned_single_processed_HA,A231N,1.2578049
aligned_single_processed_HA,A231P,1.5955544
aligned_single_processed_HA,A231Q,1.5444374
aligned_single_processed_HA,A231R,1.392376
aligned_single_processed_HA,A231S,1.0749397
aligned_single_processed_HA,A231T,0.81329346
aligned_single_processed_HA,A231V,1.1854286
aligned_single_processed_HA,A231W,1.4679909
aligned_single_processed_HA,A231Y,1.5330734
aligned_single_processed_HA,A232C,0.9531746
aligned_single_processed_HA,A232D,0.8793793
aligned_single_processed_HA,A232E,-0.04080963
aligned_single_processed_HA,A232F,0.8443413
aligned_single_processed_HA,A232G,0.76169586
aligned_single_processed_HA,A232H,0.99404144
aligned_single_processed_HA,A232I,0.7100525
aligned_single_processed_HA,A232K,0.21491241
aligned_single_processed_HA,A232L,0.87794113
aligned_single_processed_HA,A232M,1.1462822
aligned_single_processed_HA,A232N,0.60020065
aligned_single_processed_HA,A232P,0.83589554
aligned_single_processed_HA,A232Q,1.0691566
aligned_single_processed_HA,A232R,0.4025116
aligned_single_processed_HA,A232S,0.7559204
aligned_single_processed_HA,A232T,0.3024063
aligned_single_processed_HA,A232V,0.7392311
aligned_single_processed_HA,A232W,0.9713516
aligned_single_processed_HA,A232Y,0.95113754
aligned_single_processed_HA,R233A,1.7348251
aligned_single_processed_HA,R233C,1.6607246
aligned_single_processed_HA,R233D,1.9520187
aligned_single_processed_HA,R233E,1.7621574
aligned_single_processed_HA,R233F,1.8306732
aligned_single_processed_HA,R233G,1.6553802
aligned_single_processed_HA,R233H,2.1135635
aligned_single_processed_HA,R233I,1.6414871
aligned_single_processed_HA,R233K,1.7900543
aligned_single_processed_HA,R233L,1.8035812
aligned_single_processed_HA,R233M,1.6805649
aligned_single_processed_HA,R233N,1.7270203
aligned_single_processed_HA,R233P,1.7990761
aligned_single_processed_HA,R233Q,1.9701042
aligned_single_processed_HA,R233S,1.5952988
aligned_single_processed_HA,R233T,1.8086243
aligned_single_processed_HA,R233V,1.7062035
aligned_single_processed_HA,R233W,1.951683
aligned_single_processed_HA,R233Y,1.8977547
aligned_single_processed_HA,P234A,1.8557739
aligned_single_processed_HA,P234C,2.1059532
aligned_single_processed_HA,P234D,1.7605934
aligned_single_processed_HA,P234E,1.8306084
aligned_single_processed_HA,P234F,1.9345703
aligned_single_processed_HA,P234G,1.9193039
aligned_single_processed_HA,P234H,1.9162407
aligned_single_processed_HA,P234I,1.7370949
aligned_single_processed_HA,P234K,1.9062767
aligned_single_processed_HA,P234L,1.6388016
aligned_single_processed_HA,P234M,1.6964989
aligned_single_processed_HA,P234N,1.7355766
aligned_single_processed_HA,P234Q,1.9119987
aligned_single_processed_HA,P234R,1.7563744
aligned_single_processed_HA,P234S,1.6453285
aligned_single_processed_HA,P234T,1.766346
aligned_single_processed_HA,P234V,1.8049164
aligned_single_processed_HA,P234W,1.545002
aligned_single_processed_HA,P234Y,1.9456291
aligned_single_processed_HA,K235A,1.5665588
aligned_single_processed_HA,K235C,1.3941956
aligned_single_processed_HA,K235D,1.6116791
aligned_single_processed_HA,K235E,1.0505295
aligned_single_processed_HA,K235F,1.3978043
aligned_single_processed_HA,K235G,1.265583
aligned_single_processed_HA,K235H,1.3313293
aligned_single_processed_HA,K235I,1.37957
aligned_single_processed_HA,K235L,1.5763092
aligned_single_processed_HA,K235M,1.7498245
aligned_single_processed_HA,K235N,1.3320007
aligned_single_processed_HA,K235P,1.452034
aligned_single_processed_HA,K235Q,1.4359131
aligned_single_processed_HA,K235R,1.009407
aligned_single_processed_HA,K235S,1.5553627
aligned_single_processed_HA,K235T,1.5120087
aligned_single_processed_HA,K235V,1.234623
aligned_single_processed_HA,K235W,1.4666557
aligned_single_processed_HA,K235Y,1.6209755
aligned_single_processed_HA,V236A,1.3919373
aligned_single_processed_HA,V236C,1.8405151
aligned_single_processed_HA,V236D,1.7169724
aligned_single_processed_HA,V236E,1.7606277
aligned_single_processed_HA,V236F,1.6329918
aligned_single_processed_HA,V236G,1.7600975
aligned_single_processed_HA,V236H,1.8018913
aligned_single_processed_HA,V236I,1.0193176
aligned_single_processed_HA,V236K,1.5307198
aligned_single_processed_HA,V236L,2.0110092
aligned_single_processed_HA,V236M,1.8145447
aligned_single_processed_HA,V236N,1.6693459
aligned_single_processed_HA,V236P,1.801342
aligned_single_processed_HA,V236Q,1.8379288
aligned_single_processed_HA,V236R,1.7498894
aligned_single_processed_HA,V236S,1.6937943
aligned_single_processed_HA,V236T,1.7487564
aligned_single_processed_HA,V236W,1.7760391
aligned_single_processed_HA,V236Y,1.8899994
aligned_single_processed_HA,R237A,1.8749542
aligned_single_processed_HA,R237C,1.9576797
aligned_single_processed_HA,R237D,1.9304619
aligned_single_processed_HA,R237E,1.8376007
aligned_single_processed_HA,R237F,1.8800697
aligned_single_processed_HA,R237G,1.734623
aligned_single_processed_HA,R237H,1.9625549
aligned_single_processed_HA,R237I,1.9049835
aligned_single_processed_HA,R237K,1.1388664
aligned_single_processed_HA,R237L,1.7774849
aligned_single_processed_HA,R237M,1.9359436
aligned_single_processed_HA,R237N,2.001175
aligned_single_processed_HA,R237P,2.070816
aligned_single_processed_HA,R237Q,1.908989
aligned_single_processed_HA,R237S,2.075325
aligned_single_processed_HA,R237T,1.6859283
aligned_single_processed_HA,R237V,2.0668068
aligned_single_processed_HA,R237W,1.8860359
aligned_single_processed_HA,R237Y,1.923954
aligned_single_processed_HA,D238A,0.974205
aligned_single_processed_HA,D238C,1.0945778
aligned_single_processed_HA,D238E,0.72597885
aligned_single_processed_HA,D238F,1.1518059
aligned_single_processed_HA,D238G,0.33795166
aligned_single_processed_HA,D238H,0.9747963
aligned_single_processed_HA,D238I,1.0620003
aligned_single_processed_HA,D238K,0.84819794
aligned_single_processed_HA,D238L,1.0233116
aligned_single_processed_HA,D238M,1.0760155
aligned_single_processed_HA,D238N,0.6308174
aligned_single_processed_HA,D238P,1.2683449
aligned_single_processed_HA,D238Q,0.9453583
aligned_single_processed_HA,D238R,0.5585518
aligned_single_processed_HA,D238S,0.75941086
aligned_single_processed_HA,D238T,0.8563423
aligned_single_processed_HA,D238V,0.83913803
aligned_single_processed_HA,D238W,1.230278
aligned_single_processed_HA,D238Y,0.9237366
aligned_single_processed_HA,Q239A,1.131588
aligned_single_processed_HA,Q239C,1.8414078
aligned_single_processed_HA,Q239D,1.4972458
aligned_single_processed_HA,Q239E,1.4359932
aligned_single_processed_HA,Q239F,1.3007393
aligned_single_processed_HA,Q239G,1.139595
aligned_single_processed_HA,Q239H,1.5319366
aligned_single_processed_HA,Q239I,1.5490913
aligned_single_processed_HA,Q239K,1.4039421
aligned_single_processed_HA,Q239L,1.3907089
aligned_single_processed_HA,Q239M,1.459671
aligned_single_processed_HA,Q239N,1.41885
aligned_single_processed_HA,Q239P,1.579071
aligned_single_processed_HA,Q239R,1.2018738
aligned_single_processed_HA,Q239S,1.4276657
aligned_single_processed_HA,Q239T,1.5073891
aligned_single_processed_HA,Q239V,1.3272324
aligned_single_processed_HA,Q239W,1.5460167
aligned_single_processed_HA,Q239Y,1.5961342
aligned_single_processed_HA,H240A,-1.0697823
aligned_single_processed_HA,H240C,0.02388382
aligned_single_processed_HA,H240D,-0.021083832
aligned_single_processed_HA,H240E,-0.73628235
aligned_single_processed_HA,H240F,0.013286591
aligned_single_processed_HA,H240G,-0.0667038
aligned_single_processed_HA,H240I,0.120838165
aligned_single_processed_HA,H240K,-0.050346375
aligned_single_processed_HA,H240L,0.09988022
aligned_single_processed_HA,H240M,-0.17095566
aligned_single_processed_HA,H240N,0.08918381
aligned_single_processed_HA,H240P,0.052196503
aligned_single_processed_HA,H240Q,-0.041110992
aligned_single_processed_HA,H240R,-0.02998352
aligned_single_processed_HA,H240S,-0.40113068
aligned_single_processed_HA,H240T,-0.5941124
aligned_single_processed_HA,H240V,-0.25351715
aligned_single_processed_HA,H240W,-0.020874023
aligned_single_processed_HA,H240Y,-0.055999756
aligned_single_processed_HA,G241A,1.9670601
aligned_single_processed_HA,G241C,1.9684563
aligned_single_processed_HA,G241D,1.9635582
aligned_single_processed_HA,G241E,1.9494286
aligned_single_processed_HA,G241F,1.9436607
aligned_single_processed_HA,G241H,2.0510635
aligned_single_processed_HA,G241I,1.9812088
aligned_single_processed_HA,G241K,1.771225
aligned_single_processed_HA,G241L,1.8304977
aligned_single_processed_HA,G241M,1.9470291
aligned_single_processed_HA,G241N,1.927166
aligned_single_processed_HA,G241P,1.9073982
aligned_single_processed_HA,G241Q,1.8860779
aligned_single_processed_HA,G241R,1.7694626
aligned_single_processed_HA,G241S,1.8143463
aligned_single_processed_HA,G241T,1.95187
aligned_single_processed_HA,G241V,1.8458481
aligned_single_processed_HA,G241W,2.0902672
aligned_single_processed_HA,G241Y,1.9171066
aligned_single_processed_HA,R242A,1.879158
aligned_single_processed_HA,R242C,1.9271317
aligned_single_processed_HA,R242D,2.0502396
aligned_single_processed_HA,R242E,2.1075516
aligned_single_processed_HA,R242F,2.227707
aligned_single_processed_HA,R242G,1.9337234
aligned_single_processed_HA,R242H,2.0345116
aligned_single_processed_HA,R242I,2.0947723
aligned_single_processed_HA,R242K,2.1545105
aligned_single_processed_HA,R242L,1.9431839
aligned_single_processed_HA,R242M,2.0522919
aligned_single_processed_HA,R242N,1.8110161
aligned_single_processed_HA,R242P,2.0037727
aligned_single_processed_HA,R242Q,1.9287453
aligned_single_processed_HA,R242S,2.0559196
aligned_single_processed_HA,R242T,1.7902489
aligned_single_processed_HA,R242V,1.7918091
aligned_single_processed_HA,R242W,2.0954208
aligned_single_processed_HA,R242Y,2.0665321
aligned_single_processed_HA,M243A,1.286644
aligned_single_processed_HA,M243C,1.2346191
aligned_single_processed_HA,M243D,1.4074249
aligned_single_processed_HA,M243E,1.1708183
aligned_single_processed_HA,M243F,1.1395378
aligned_single_processed_HA,M243G,0.9278488
aligned_single_processed_HA,M243H,1.4173126
aligned_single_processed_HA,M243I,0.21969604
aligned_single_processed_HA,M243K,1.1275406
aligned_single_processed_HA,M243L,1.2673149
aligned_single_processed_HA,M243N,1.2271538
aligned_single_processed_HA,M243P,1.2130432
aligned_single_processed_HA,M243Q,1.3497124
aligned_single_processed_HA,M243R,1.2309074
aligned_single_processed_HA,M243S,1.3730965
aligned_single_processed_HA,M243T,1.3690872
aligned_single_processed_HA,M243V,1.2915726
aligned_single_processed_HA,M243W,1.2042007
aligned_single_processed_HA,M243Y,1.3337402
aligned_single_processed_HA,N244A,1.6874504
aligned_single_processed_HA,N244C,1.7817726
aligned_single_processed_HA,N244D,1.1105423
aligned_single_processed_HA,N244E,1.5239067
aligned_single_processed_HA,N244F,1.8563042
aligned_single_processed_HA,N244G,1.7464714
aligned_single_processed_HA,N244H,1.935524
aligned_single_processed_HA,N244I,1.8638954
aligned_single_processed_HA,N244K,1.7405167
aligned_single_processed_HA,N244L,1.9560661
aligned_single_processed_HA,N244M,1.9608994
aligned_single_processed_HA,N244P,2.095375
aligned_single_processed_HA,N244Q,1.875824
aligned_single_processed_HA,N244R,1.71278
aligned_single_processed_HA,N244S,1.6336517
aligned_single_processed_HA,N244T,1.7055817
aligned_single_processed_HA,N244V,1.8508224
aligned_single_processed_HA,N244W,1.9168396
aligned_single_processed_HA,N244Y,1.9443016
aligned_single_processed_HA,Y245A,1.9103394
aligned_single_processed_HA,Y245C,2.015129
aligned_single_processed_HA,Y245D,1.9649658
aligned_single_processed_HA,Y245E,1.959198
aligned_single_processed_HA,Y245F,2.2292442
aligned_single_processed_HA,Y245G,2.0324173
aligned_single_processed_HA,Y245H,1.9176254
aligned_single_processed_HA,Y245I,2.1534157
aligned_single_processed_HA,Y245K,1.9574966
aligned_single_processed_HA,Y245L,2.202053
aligned_single_processed_HA,Y245M,2.0373077
aligned_single_processed_HA,Y245N,1.8042793
aligned_single_processed_HA,Y245P,2.0378342
aligned_single_processed_HA,Y245Q,1.974987
aligned_single_processed_HA,Y245R,2.1537476
aligned_single_processed_HA,Y245S,1.8863983
aligned_single_processed_HA,Y245T,1.8903999
aligned_single_processed_HA,Y245V,2.1046028
aligned_single_processed_HA,Y245W,1.9507713
aligned_single_processed_HA,Y246A,2.0806236
aligned_single_processed_HA,Y246C,2.0345802
aligned_single_processed_HA,Y246D,1.8437653
aligned_single_processed_HA,Y246E,1.815239
aligned_single_processed_HA,Y246F,1.8785324
aligned_single_processed_HA,Y246G,1.906662
aligned_single_processed_HA,Y246H,1.7463951
aligned_single_processed_HA,Y246I,1.8491478
aligned_single_processed_HA,Y246K,1.8328896
aligned_single_processed_HA,Y246L,1.9030647
aligned_single_processed_HA,Y246M,2.00346
aligned_single_processed_HA,Y246N,1.7607956
aligned_single_processed_HA,Y246P,1.8142166
aligned_single_processed_HA,Y246Q,1.9530373
aligned_single_processed_HA,Y246R,1.9278336
aligned_single_processed_HA,Y246S,1.8363266
aligned_single_processed_HA,Y246T,1.9833641
aligned_single_processed_HA,Y246V,1.9183273
aligned_single_processed_HA,Y246W,1.8043404
aligned_single_processed_HA,W247A,1.9294167
aligned_single_processed_HA,W247C,1.9145203
aligned_single_processed_HA,W247D,2.0940552
aligned_single_processed_HA,W247E,1.9084969
aligned_single_processed_HA,W247F,2.0525627
aligned_single_processed_HA,W247G,1.8959656
aligned_single_processed_HA,W247H,1.9670143
aligned_single_processed_HA,W247I,1.8447342
aligned_single_processed_HA,W247K,2.0000877
aligned_single_processed_HA,W247L,2.0348244
aligned_single_processed_HA,W247M,1.7743988
aligned_single_processed_HA,W247N,2.0391273
aligned_single_processed_HA,W247P,2.1394424
aligned_single_processed_HA,W247Q,2.064312
aligned_single_processed_HA,W247R,1.8184357
aligned_single_processed_HA,W247S,1.8807106
aligned_single_processed_HA,W247T,2.111267
aligned_single_processed_HA,W247V,1.9792709
aligned_single_processed_HA,W247Y,2.1641083
aligned_single_processed_HA,T248A,1.4462357
aligned_single_processed_HA,T248C,1.9396324
aligned_single_processed_HA,T248D,1.8492737
aligned_single_processed_HA,T248E,1.7818375
aligned_single_processed_HA,T248F,1.9715691
aligned_single_processed_HA,T248G,1.861599
aligned_single_processed_HA,T248H,1.6900253
aligned_single_processed_HA,T248I,1.6399918
aligned_single_processed_HA,T248K,1.7339478
aligned_single_processed_HA,T248L,1.9155083
aligned_single_processed_HA,T248M,1.6432419
aligned_single_processed_HA,T248N,1.7734146
aligned_single_processed_HA,T248P,1.8064651
aligned_single_processed_HA,T248Q,1.9643784
aligned_single_processed_HA,T248R,1.7841072
aligned_single_processed_HA,T248S,1.7966728
aligned_single_processed_HA,T248V,1.8201866
aligned_single_processed_HA,T248W,1.7817001
aligned_single_processed_HA,T248Y,1.9442825
aligned_single_processed_HA,L249A,1.9058113
aligned_single_processed_HA,L249C,1.672287
aligned_single_processed_HA,L249D,1.6634789
aligned_single_processed_HA,L249E,1.8397064
aligned_single_processed_HA,L249F,1.8451653
aligned_single_processed_HA,L249G,1.9648705
aligned_single_processed_HA,L249H,1.8131142
aligned_single_processed_HA,L249I,1.2775574
aligned_single_processed_HA,L249K,1.8577003
aligned_single_processed_HA,L249M,1.8271675
aligned_single_processed_HA,L249N,1.9721985
aligned_single_processed_HA,L249P,1.7621651
aligned_single_processed_HA,L249Q,1.7366943
aligned_single_processed_HA,L249R,1.6961708
aligned_single_processed_HA,L249S,1.7736893
aligned_single_processed_HA,L249T,1.8546219
aligned_single_processed_HA,L249V,1.8012924
aligned_single_processed_HA,L249W,1.7244072
aligned_single_processed_HA,L249Y,1.8426247
aligned_single_processed_HA,L250A,1.381733
aligned_single_processed_HA,L250C,1.7717743
aligned_single_processed_HA,L250D,1.3876915
aligned_single_processed_HA,L250E,1.6540451
aligned_single_processed_HA,L250F,1.4448853
aligned_single_processed_HA,L250G,1.635067
aligned_single_processed_HA,L250H,1.5873337
aligned_single_processed_HA,L250I,1.2247963
aligned_single_processed_HA,L250K,1.7380333
aligned_single_processed_HA,L250M,1.4650536
aligned_single_processed_HA,L250N,1.66465
aligned_single_processed_HA,L250P,1.6959343
aligned_single_processed_HA,L250Q,1.8260918
aligned_single_processed_HA,L250R,1.7202339
aligned_single_processed_HA,L250S,1.6627045
aligned_single_processed_HA,L250T,1.752594
aligned_single_processed_HA,L250V,1.0759468
aligned_single_processed_HA,L250W,1.8037033
aligned_single_processed_HA,L250Y,1.7008209
aligned_single_processed_HA,E251A,1.002449
aligned_single_processed_HA,E251C,1.0577927
aligned_single_processed_HA,E251D,0.32447433
aligned_single_processed_HA,E251F,1.1470032
aligned_single_processed_HA,E251G,0.8878746
aligned_single_processed_HA,E251H,1.2066422
aligned_single_processed_HA,E251I,1.3711548
aligned_single_processed_HA,E251K,0.31243515
aligned_single_processed_HA,E251L,1.1096802
aligned_single_processed_HA,E251M,1.1063309
aligned_single_processed_HA,E251N,0.90842056
aligned_single_processed_HA,E251P,1.3170395
aligned_single_processed_HA,E251Q,0.8940811
aligned_single_processed_HA,E251R,1.0769081
aligned_single_processed_HA,E251S,1.2782364
aligned_single_processed_HA,E251T,0.8988037
aligned_single_processed_HA,E251V,1.178875
aligned_single_processed_HA,E251W,1.3281021
aligned_single_processed_HA,E251Y,1.1283989
aligned_single_processed_HA,P252A,1.266098
aligned_single_processed_HA,P252C,1.4844017
aligned_single_processed_HA,P252D,1.5510788
aligned_single_processed_HA,P252E,1.37463
aligned_single_processed_HA,P252F,1.4594116
aligned_single_processed_HA,P252G,1.6706734
aligned_single_processed_HA,P252H,1.7923813
aligned_single_processed_HA,P252I,1.604084
aligned_single_processed_HA,P252K,1.4640007
aligned_single_processed_HA,P252L,1.638813
aligned_single_processed_HA,P252M,1.5996819
aligned_single_processed_HA,P252N,1.5192337
aligned_single_processed_HA,P252Q,1.0910149
aligned_single_processed_HA,P252R,1.4109039
aligned_single_processed_HA,P252S,1.3010521
aligned_single_processed_HA,P252T,1.2014618
aligned_single_processed_HA,P252V,1.483799
aligned_single_processed_HA,P252W,1.5566559
aligned_single_processed_HA,P252Y,1.6158905
aligned_single_processed_HA,G253A,1.748394
aligned_single_processed_HA,G253C,1.8088303
aligned_single_processed_HA,G253D,1.4923706
aligned_single_processed_HA,G253E,1.1821327
aligned_single_processed_HA,G253F,1.8386078
aligned_single_processed_HA,G253H,1.8307343
aligned_single_processed_HA,G253I,1.7016411
aligned_single_processed_HA,G253K,1.924839
aligned_single_processed_HA,G253L,1.8055038
aligned_single_processed_HA,G253M,1.7950935
aligned_single_processed_HA,G253N,1.6771126
aligned_single_processed_HA,G253P,1.8048592
aligned_single_processed_HA,G253Q,1.7853203
aligned_single_processed_HA,G253R,1.6611824
aligned_single_processed_HA,G253S,1.661583
aligned_single_processed_HA,G253T,1.5181084
aligned_single_processed_HA,G253V,1.6371918
aligned_single_processed_HA,G253W,1.813736
aligned_single_processed_HA,G253Y,1.6622849
aligned_single_processed_HA,D254A,1.895237
aligned_single_processed_HA,D254C,1.934391
aligned_single_processed_HA,D254E,1.3374634
aligned_single_processed_HA,D254F,1.6256142
aligned_single_processed_HA,D254G,1.8717003
aligned_single_processed_HA,D254H,1.9227982
aligned_single_processed_HA,D254I,1.7503662
aligned_single_processed_HA,D254K,1.7465401
aligned_single_processed_HA,D254L,1.7154961
aligned_single_processed_HA,D254M,1.6369171
aligned_single_processed_HA,D254N,1.4393997
aligned_single_processed_HA,D254P,2.093914
aligned_single_processed_HA,D254Q,1.8245926
aligned_single_processed_HA,D254R,1.8132286
aligned_single_processed_HA,D254S,1.760128
aligned_single_processed_HA,D254T,1.701416
aligned_single_processed_HA,D254V,1.9326591
aligned_single_processed_HA,D254W,1.6902924
aligned_single_processed_HA,D254Y,1.8617973
aligned_single_processed_HA,T255A,1.5967827
aligned_single_processed_HA,T255C,1.7069664
aligned_single_processed_HA,T255D,1.639782
aligned_single_processed_HA,T255E,1.7500572
aligned_single_processed_HA,T255F,1.626049
aligned_single_processed_HA,T255G,1.6071243
aligned_single_processed_HA,T255H,1.6659508
aligned_single_processed_HA,T255I,1.6089516
aligned_single_processed_HA,T255K,1.4744034
aligned_single_processed_HA,T255L,1.8627586
aligned_single_processed_HA,T255M,1.4568939
aligned_single_processed_HA,T255N,1.7532082
aligned_single_processed_HA,T255P,2.0540466
aligned_single_processed_HA,T255Q,1.8685074
aligned_single_processed_HA,T255R,1.6505165
aligned_single_processed_HA,T255S,1.697628
aligned_single_processed_HA,T255V,1.7881355
aligned_single_processed_HA,T255W,1.9059601
aligned_single_processed_HA,T255Y,1.8504066
aligned_single_processed_HA,I256A,2.116684
aligned_single_processed_HA,I256C,1.7928658
aligned_single_processed_HA,I256D,1.9083939
aligned_single_processed_HA,I256E,1.5941162
aligned_single_processed_HA,I256F,1.8144035
aligned_single_processed_HA,I256G,1.698101
aligned_single_processed_HA,I256H,2.0318375
aligned_single_processed_HA,I256K,1.8686981
aligned_single_processed_HA,I256L,1.6383896
aligned_single_processed_HA,I256M,1.7058296
aligned_single_processed_HA,I256N,1.7527313
aligned_single_processed_HA,I256P,1.9088821
aligned_single_processed_HA,I256Q,1.8771439
aligned_single_processed_HA,I256R,1.7342377
aligned_single_processed_HA,I256S,2.1257248
aligned_single_processed_HA,I256T,1.7297668
aligned_single_processed_HA,I256V,1.3825455
aligned_single_processed_HA,I256W,1.82164
aligned_single_processed_HA,I256Y,1.8652954
aligned_single_processed_HA,I257A,1.4160728
aligned_single_processed_HA,I257C,1.259552
aligned_single_processed_HA,I257D,1.4306755
aligned_single_processed_HA,I257E,1.0793076
aligned_single_processed_HA,I257F,1.1768227
aligned_single_processed_HA,I257G,1.3797112
aligned_single_processed_HA,I257H,1.3715019
aligned_single_processed_HA,I257K,1.2945175
aligned_single_processed_HA,I257L,1.3601227
aligned_single_processed_HA,I257M,0.75004196
aligned_single_processed_HA,I257N,1.3985405
aligned_single_processed_HA,I257P,1.3014183
aligned_single_processed_HA,I257Q,1.2879219
aligned_single_processed_HA,I257R,1.1050148
aligned_single_processed_HA,I257S,1.176712
aligned_single_processed_HA,I257T,0.504364
aligned_single_processed_HA,I257V,0.8579292
aligned_single_processed_HA,I257W,1.1443787
aligned_single_processed_HA,I257Y,1.345253
aligned_single_processed_HA,F258A,1.7712669
aligned_single_processed_HA,F258C,2.14645
aligned_single_processed_HA,F258D,1.8607445
aligned_single_processed_HA,F258E,1.7658081
aligned_single_processed_HA,F258G,1.9716072
aligned_single_processed_HA,F258H,1.8766365
aligned_single_processed_HA,F258I,1.7566414
aligned_single_processed_HA,F258K,2.0997162
aligned_single_processed_HA,F258L,1.8342285
aligned_single_processed_HA,F258M,1.9493828
aligned_single_processed_HA,F258N,2.0353508
aligned_single_processed_HA,F258P,1.8826714
aligned_single_processed_HA,F258Q,2.0652237
aligned_single_processed_HA,F258R,2.1508064
aligned_single_processed_HA,F258S,2.0170364
aligned_single_processed_HA,F258T,1.9061279
aligned_single_processed_HA,F258V,1.9103432
aligned_single_processed_HA,F258W,1.6825066
aligned_single_processed_HA,F258Y,1.974083
aligned_single_processed_HA,E259A,1.6824379
aligned_single_processed_HA,E259C,1.8763618
aligned_single_processed_HA,E259D,1.7806282
aligned_single_processed_HA,E259F,1.9901962
aligned_single_processed_HA,E259G,1.9203033
aligned_single_processed_HA,E259H,1.8849297
aligned_single_processed_HA,E259I,1.9071922
aligned_single_processed_HA,E259K,1.7103043
aligned_single_processed_HA,E259L,1.942276
aligned_single_processed_HA,E259M,1.7321587
aligned_single_processed_HA,E259N,1.9333496
aligned_single_processed_HA,E259P,1.7051468
aligned_single_processed_HA,E259Q,1.7373314
aligned_single_processed_HA,E259R,1.6884384
aligned_single_processed_HA,E259S,1.7796936
aligned_single_processed_HA,E259T,1.7991753
aligned_single_processed_HA,E259V,1.8421822
aligned_single_processed_HA,E259W,1.9528008
aligned_single_processed_HA,E259Y,1.9309082
aligned_single_processed_HA,A260C,1.8447189
aligned_single_processed_HA,A260D,1.6374626
aligned_single_processed_HA,A260E,1.6210365
aligned_single_processed_HA,A260F,1.679081
aligned_single_processed_HA,A260G,1.6383896
aligned_single_processed_HA,A260H,1.8070297
aligned_single_processed_HA,A260I,1.5496788
aligned_single_processed_HA,A260K,1.9031296
aligned_single_processed_HA,A260L,1.7657089
aligned_single_processed_HA,A260M,1.7754021
aligned_single_processed_HA,A260N,1.7388115
aligned_single_processed_HA,A260P,1.8951645
aligned_single_processed_HA,A260Q,1.792736
aligned_single_processed_HA,A260R,1.756012
aligned_single_processed_HA,A260S,1.4893951
aligned_single_processed_HA,A260T,1.2953491
aligned_single_processed_HA,A260V,1.7644501
aligned_single_processed_HA,A260W,1.9426689
aligned_single_processed_HA,A260Y,1.9476509
aligned_single_processed_HA,T261A,0.6497574
aligned_single_processed_HA,T261C,0.8102989
aligned_single_processed_HA,T261D,0.7649574
aligned_single_processed_HA,T261E,0.80854416
aligned_single_processed_HA,T261F,0.94319916
aligned_single_processed_HA,T261G,0.7748146
aligned_single_processed_HA,T261H,0.601223
aligned_single_processed_HA,T261I,0.73799515
aligned_single_processed_HA,T261K,0.7422333
aligned_single_processed_HA,T261L,0.72013855
aligned_single_processed_HA,T261M,0.6401901
aligned_single_processed_HA,T261N,-0.4206009
aligned_single_processed_HA,T261P,0.51404953
aligned_single_processed_HA,T261Q,0.80937576
aligned_single_processed_HA,T261R,0.940712
aligned_single_processed_HA,T261S,0.47549057
aligned_single_processed_HA,T261V,0.74158096
aligned_single_processed_HA,T261W,0.9346199
aligned_single_processed_HA,T261Y,0.9854431
aligned_single_processed_HA,G262A,1.8418617
aligned_single_processed_HA,G262C,1.8611183
aligned_single_processed_HA,G262D,1.9536781
aligned_single_processed_HA,G262E,1.8974266
aligned_single_processed_HA,G262F,2.1232033
aligned_single_processed_HA,G262H,1.878231
aligned_single_processed_HA,G262I,1.9218407
aligned_single_processed_HA,G262K,1.9748497
aligned_single_processed_HA,G262L,2.2126427
aligned_single_processed_HA,G262M,1.9154205
aligned_single_processed_HA,G262N,1.9334068
aligned_single_processed_HA,G262P,1.9198227
aligned_single_processed_HA,G262Q,2.161049
aligned_single_processed_HA,G262R,1.8287201
aligned_single_processed_HA,G262S,2.0340881
aligned_single_processed_HA,G262T,1.9390068
aligned_single_processed_HA,G262V,1.9968338
aligned_single_processed_HA,G262W,1.9756851
aligned_single_processed_HA,G262Y,2.0034142
aligned_single_processed_HA,N263A,2.1594505
aligned_single_processed_HA,N263C,2.1685982
aligned_single_processed_HA,N263D,2.0461655
aligned_single_processed_HA,N263E,1.9629822
aligned_single_processed_HA,N263F,2.0590286
aligned_single_processed_HA,N263G,1.7275925
aligned_single_processed_HA,N263H,1.9321327
aligned_single_processed_HA,N263I,1.8592377
aligned_single_processed_HA,N263K,2.0061378
aligned_single_processed_HA,N263L,1.8583755
aligned_single_processed_HA,N263M,1.8816643
aligned_single_processed_HA,N263P,2.0017738
aligned_single_processed_HA,N263Q,1.9829063
aligned_single_processed_HA,N263R,1.8117294
aligned_single_processed_HA,N263S,1.7697983
aligned_single_processed_HA,N263T,1.6653938
aligned_single_processed_HA,N263V,1.9357681
aligned_single_processed_HA,N263W,1.8488464
aligned_single_processed_HA,N263Y,1.9565468
aligned_single_processed_HA,L264A,2.0224495
aligned_single_processed_HA,L264C,1.9576302
aligned_single_processed_HA,L264D,1.9273758
aligned_single_processed_HA,L264E,1.9994736
aligned_single_processed_HA,L264F,1.7730598
aligned_single_processed_HA,L264G,1.9001732
aligned_single_processed_HA,L264H,1.935154
aligned_single_processed_HA,L264I,1.7644844
aligned_single_processed_HA,L264K,1.8735123
aligned_single_processed_HA,L264M,1.9342308
aligned_single_processed_HA,L264N,1.9313316
aligned_single_processed_HA,L264P,1.9920998
aligned_single_processed_HA,L264Q,1.9002266
aligned_single_processed_HA,L264R,1.638813
aligned_single_processed_HA,L264S,1.6550598
aligned_single_processed_HA,L264T,1.808342
aligned_single_processed_HA,L264V,1.7321167
aligned_single_processed_HA,L264W,1.7141266
aligned_single_processed_HA,L264Y,1.9886246
aligned_single_processed_HA,I265A,1.6910744
aligned_single_processed_HA,I265C,1.6519241
aligned_single_processed_HA,I265D,1.5489578
aligned_single_processed_HA,I265E,1.495121
aligned_single_processed_HA,I265F,1.7485161
aligned_single_processed_HA,I265G,1.6245308
aligned_single_processed_HA,I265H,1.4819832
aligned_single_processed_HA,I265K,1.6387901
aligned_single_processed_HA,I265L,1.4587135
aligned_single_processed_HA,I265M,1.7063484
aligned_single_processed_HA,I265N,1.8237877
aligned_single_processed_HA,I265P,1.7255898
aligned_single_processed_HA,I265Q,1.5556145
aligned_single_processed_HA,I265R,1.6721992
aligned_single_processed_HA,I265S,1.4482994
aligned_single_processed_HA,I265T,1.5505829
aligned_single_processed_HA,I265V,0.77295303
aligned_single_processed_HA,I265W,1.862999
aligned_single_processed_HA,I265Y,1.7196083
aligned_single_processed_HA,A266C,1.8360214
aligned_single_processed_HA,A266D,1.9807663
aligned_single_processed_HA,A266E,1.7042542
aligned_single_processed_HA,A266F,1.9530144
aligned_single_processed_HA,A266G,1.6655769
aligned_single_processed_HA,A266H,1.8547211
aligned_single_processed_HA,A266I,1.6805954
aligned_single_processed_HA,A266K,1.862545
aligned_single_processed_HA,A266L,1.9835091
aligned_single_processed_HA,A266M,1.4686127
aligned_single_processed_HA,A266N,1.755249
aligned_single_processed_HA,A266P,1.8796921
aligned_single_processed_HA,A266Q,1.8512688
aligned_single_processed_HA,A266R,1.5799904
aligned_single_processed_HA,A266S,1.5381966
aligned_single_processed_HA,A266T,1.345314
aligned_single_processed_HA,A266V,1.322258
aligned_single_processed_HA,A266W,1.6912842
aligned_single_processed_HA,A266Y,1.9601059
aligned_single_processed_HA,P267A,1.9198074
aligned_single_processed_HA,P267C,2.0440407
aligned_single_processed_HA,P267D,2.0570068
aligned_single_processed_HA,P267E,1.7419815
aligned_single_processed_HA,P267F,2.2034378
aligned_single_processed_HA,P267G,2.0162926
aligned_single_processed_HA,P267H,1.9852333
aligned_single_processed_HA,P267I,2.0093994
aligned_single_processed_HA,P267K,2.0404396
aligned_single_processed_HA,P267L,2.1366272
aligned_single_processed_HA,P267M,1.9414978
aligned_single_processed_HA,P267N,1.8324738
aligned_single_processed_HA,P267Q,2.018509
aligned_single_processed_HA,P267R,1.6119003
aligned_single_processed_HA,P267S,1.8323479
aligned_single_processed_HA,P267T,1.71875
aligned_single_processed_HA,P267V,2.0279236
aligned_single_processed_HA,P267W,2.0759048
aligned_single_processed_HA,P267Y,2.0307999
aligned_single_processed_HA,W268A,1.2192001
aligned_single_processed_HA,W268C,1.4642181
aligned_single_processed_HA,W268D,1.0606308
aligned_single_processed_HA,W268E,1.1532059
aligned_single_processed_HA,W268F,1.3931808
aligned_single_processed_HA,W268G,1.1618919
aligned_single_processed_HA,W268H,1.4704552
aligned_single_processed_HA,W268I,1.2518005
aligned_single_processed_HA,W268K,1.2489281
aligned_single_processed_HA,W268L,1.3494568
aligned_single_processed_HA,W268M,1.1986732
aligned_single_processed_HA,W268N,1.4200363
aligned_single_processed_HA,W268P,1.248558
aligned_single_processed_HA,W268Q,1.4048958
aligned_single_processed_HA,W268R,0.77612305
aligned_single_processed_HA,W268S,1.333435
aligned_single_processed_HA,W268T,1.2506294
aligned_single_processed_HA,W268V,1.270649
aligned_single_processed_HA,W268Y,1.5782547
aligned_single_processed_HA,Y269A,1.4327354
aligned_single_processed_HA,Y269C,1.6045265
aligned_single_processed_HA,Y269D,1.7706566
aligned_single_processed_HA,Y269E,1.6470146
aligned_single_processed_HA,Y269F,1.7948341
aligned_single_processed_HA,Y269G,1.6418533
aligned_single_processed_HA,Y269H,1.7563362
aligned_single_processed_HA,Y269I,1.7113686
aligned_single_processed_HA,Y269K,1.6755257
aligned_single_processed_HA,Y269L,1.7600632
aligned_single_processed_HA,Y269M,1.6947746
aligned_single_processed_HA,Y269N,1.5778732
aligned_single_processed_HA,Y269P,1.8738785
aligned_single_processed_HA,Y269Q,1.8214645
aligned_single_processed_HA,Y269R,1.7827339
aligned_single_processed_HA,Y269S,1.6400795
aligned_single_processed_HA,Y269T,1.680069
aligned_single_processed_HA,Y269V,1.5254288
aligned_single_processed_HA,Y269W,1.7551117
aligned_single_processed_HA,A270C,1.6664314
aligned_single_processed_HA,A270D,1.8345947
aligned_single_processed_HA,A270E,1.6866913
aligned_single_processed_HA,A270F,1.6636314
aligned_single_processed_HA,A270G,1.6530457
aligned_single_processed_HA,A270H,1.6994324
aligned_single_processed_HA,A270I,1.6330795
aligned_single_processed_HA,A270K,1.5788727
aligned_single_processed_HA,A270L,1.7668152
aligned_single_processed_HA,A270M,1.8502731
aligned_single_processed_HA,A270N,1.6850166
aligned_single_processed_HA,A270P,1.8070564
aligned_single_processed_HA,A270Q,1.8223572
aligned_single_processed_HA,A270R,1.8523979
aligned_single_processed_HA,A270S,1.80653
aligned_single_processed_HA,A270T,1.2499886
aligned_single_processed_HA,A270V,1.6131134
aligned_single_processed_HA,A270W,1.8694992
aligned_single_processed_HA,A270Y,1.7612076
aligned_single_processed_HA,F271A,2.031227
aligned_single_processed_HA,F271C,2.1008759
aligned_single_processed_HA,F271D,1.9486504
aligned_single_processed_HA,F271E,2.233921
aligned_single_processed_HA,F271G,1.8707962
aligned_single_processed_HA,F271H,2.160965
aligned_single_processed_HA,F271I,2.1364365
aligned_single_processed_HA,F271K,1.9565163
aligned_single_processed_HA,F271L,2.0499077
aligned_single_processed_HA,F271M,1.9904442
aligned_single_processed_HA,F271N,1.855423
aligned_single_processed_HA,F271P,1.8907166
aligned_single_processed_HA,F271Q,1.9511566
aligned_single_processed_HA,F271R,1.9216194
aligned_single_processed_HA,F271S,2.06493
aligned_single_processed_HA,F271T,1.9078674
aligned_single_processed_HA,F271V,1.9094696
aligned_single_processed_HA,F271W,2.051567
aligned_single_processed_HA,F271Y,1.9951935
aligned_single_processed_HA,A272C,1.7859154
aligned_single_processed_HA,A272D,1.0738182
aligned_single_processed_HA,A272E,1.273365
aligned_single_processed_HA,A272F,1.5386925
aligned_single_processed_HA,A272G,1.4257088
aligned_single_processed_HA,A272H,1.7421646
aligned_single_processed_HA,A272I,1.4745483
aligned_single_processed_HA,A272K,1.5024529
aligned_single_processed_HA,A272L,1.569931
aligned_single_processed_HA,A272M,1.6215858
aligned_single_processed_HA,A272N,1.6590729
aligned_single_processed_HA,A272P,1.7119217
aligned_single_processed_HA,A272Q,1.556881
aligned_single_processed_HA,A272R,1.4898491
aligned_single_processed_HA,A272S,1.5474892
aligned_single_processed_HA,A272T,1.0843735
aligned_single_processed_HA,A272V,1.4186783
aligned_single_processed_HA,A272W,1.6418533
aligned_single_processed_HA,A272Y,1.5978508
aligned_single_processed_HA,L273A,1.5363731
aligned_single_processed_HA,L273C,1.7760544
aligned_single_processed_HA,L273D,1.6995811
aligned_single_processed_HA,L273E,1.676445
aligned_single_processed_HA,L273F,1.5723915
aligned_single_processed_HA,L273G,1.4500809
aligned_single_processed_HA,L273H,1.857708
aligned_single_processed_HA,L273I,1.3302498
aligned_single_processed_HA,L273K,1.469799
aligned_single_processed_HA,L273M,1.4229279
aligned_single_processed_HA,L273N,1.6325798
aligned_single_processed_HA,L273P,1.6221542
aligned_single_processed_HA,L273Q,1.6777077
aligned_single_processed_HA,L273R,1.8314743
aligned_single_processed_HA,L273S,1.3784981
aligned_single_processed_HA,L273T,1.7208939
aligned_single_processed_HA,L273V,1.2997322
aligned_single_processed_HA,L273W,1.7391052
aligned_single_processed_HA,L273Y,1.749054
aligned_single_processed_HA,S274A,1.409359
aligned_single_processed_HA,S274C,1.3149414
aligned_single_processed_HA,S274D,1.003025
aligned_single_processed_HA,S274E,1.0903854
aligned_single_processed_HA,S274F,1.2843704
aligned_single_processed_HA,S274G,1.1033936
aligned_single_processed_HA,S274H,1.2834511
aligned_single_processed_HA,S274I,1.2944527
aligned_single_processed_HA,S274K,0.72901535
aligned_single_processed_HA,S274L,1.1334
aligned_single_processed_HA,S274M,1.2282257
aligned_single_processed_HA,S274N,0.52606964
aligned_single_processed_HA,S274P,1.4816093
aligned_single_processed_HA,S274Q,1.1789169
aligned_single_processed_HA,S274R,1.4607353
aligned_single_processed_HA,S274T,1.2340775
aligned_single_processed_HA,S274V,1.2003937
aligned_single_processed_HA,S274W,1.3811417
aligned_single_processed_HA,S274Y,1.3011436
aligned_single_processed_HA,R275A,1.5046768
aligned_single_processed_HA,R275C,1.6630669
aligned_single_processed_HA,R275D,1.3675766
aligned_single_processed_HA,R275E,1.8111687
aligned_single_processed_HA,R275F,1.5256538
aligned_single_processed_HA,R275G,1.298439
aligned_single_processed_HA,R275H,1.6036682
aligned_single_processed_HA,R275I,1.2423477
aligned_single_processed_HA,R275K,0.5288086
aligned_single_processed_HA,R275L,1.8765717
aligned_single_processed_HA,R275M,1.5579491
aligned_single_processed_HA,R275N,1.3356171
aligned_single_processed_HA,R275P,1.4287682
aligned_single_processed_HA,R275Q,1.6825256
aligned_single_processed_HA,R275S,1.3967743
aligned_single_processed_HA,R275T,1.4550667
aligned_single_processed_HA,R275V,1.5195427
aligned_single_processed_HA,R275W,1.5788574
aligned_single_processed_HA,R275Y,1.6487427
aligned_single_processed_HA,G276A,1.9414253
aligned_single_processed_HA,G276C,2.0743484
aligned_single_processed_HA,G276D,1.5853882
aligned_single_processed_HA,G276E,1.5860939
aligned_single_processed_HA,G276F,1.6704636
aligned_single_processed_HA,G276H,2.1109085
aligned_single_processed_HA,G276I,1.3291359
aligned_single_processed_HA,G276K,1.7151833
aligned_single_processed_HA,G276L,1.8678131
aligned_single_processed_HA,G276M,1.6565323
aligned_single_processed_HA,G276N,1.6827507
aligned_single_processed_HA,G276P,1.8672523
aligned_single_processed_HA,G276Q,1.7948341
aligned_single_processed_HA,G276R,1.4061241
aligned_single_processed_HA,G276S,1.2554436
aligned_single_processed_HA,G276T,1.9367943
aligned_single_processed_HA,G276V,1.6047516
aligned_single_processed_HA,G276W,1.7882767
aligned_single_processed_HA,G276Y,1.7627563
aligned_single_processed_HA,F277A,1.3633728
aligned_single_processed_HA,F277C,1.3346977
aligned_single_processed_HA,F277D,0.9793129
aligned_single_processed_HA,F277E,1.0887451
aligned_single_processed_HA,F277G,1.3731728
aligned_single_processed_HA,F277H,1.340889
aligned_single_processed_HA,F277I,1.0102997
aligned_single_processed_HA,F277K,0.98181534
aligned_single_processed_HA,F277L,0.881382
aligned_single_processed_HA,F277M,1.0920181
aligned_single_processed_HA,F277N,1.2113152
aligned_single_processed_HA,F277P,1.2483978
aligned_single_processed_HA,F277Q,1.4598999
aligned_single_processed_HA,F277R,1.0010567
aligned_single_processed_HA,F277S,0.39161682
aligned_single_processed_HA,F277T,1.2948151
aligned_single_processed_HA,F277V,0.99578094
aligned_single_processed_HA,F277W,1.5065422
aligned_single_processed_HA,F277Y,0.91695786
aligned_single_processed_HA,E278A,0.8778877
aligned_single_processed_HA,E278C,0.7859154
aligned_single_processed_HA,E278D,0.26359177
aligned_single_processed_HA,E278F,0.73571396
aligned_single_processed_HA,E278G,-0.38820267
aligned_single_processed_HA,E278H,0.64886856
aligned_single_processed_HA,E278I,0.64660645
aligned_single_processed_HA,E278K,0.39974594
aligned_single_processed_HA,E278L,0.57844925
aligned_single_processed_HA,E278M,0.6786003
aligned_single_processed_HA,E278N,0.46058655
aligned_single_processed_HA,E278P,0.7822952
aligned_single_processed_HA,E278Q,0.45461655
aligned_single_processed_HA,E278R,0.48450089
aligned_single_processed_HA,E278S,0.64669037
aligned_single_processed_HA,E278T,0.66651535
aligned_single_processed_HA,E278V,0.7921524
aligned_single_processed_HA,E278W,0.6402092
aligned_single_processed_HA,E278Y,0.7174454
aligned_single_processed_HA,S279A,1.8836212
aligned_single_processed_HA,S279C,1.9340706
aligned_single_processed_HA,S279D,1.7263718
aligned_single_processed_HA,S279E,1.9213982
aligned_single_processed_HA,S279F,1.8895683
aligned_single_processed_HA,S279G,1.7603569
aligned_single_processed_HA,S279H,1.697609
aligned_single_processed_HA,S279I,1.8284111
aligned_single_processed_HA,S279K,1.5510292
aligned_single_processed_HA,S279L,1.7043915
aligned_single_processed_HA,S279M,1.7211342
aligned_single_processed_HA,S279N,1.6312027
aligned_single_processed_HA,S279P,1.8500938
aligned_single_processed_HA,S279Q,1.963623
aligned_single_processed_HA,S279R,1.9158936
aligned_single_processed_HA,S279T,1.6802292
aligned_single_processed_HA,S279V,1.5181541
aligned_single_processed_HA,S279W,1.8852425
aligned_single_processed_HA,S279Y,2.0095825
aligned_single_processed_HA,G280A,2.002346
aligned_single_processed_HA,G280C,2.1060562
aligned_single_processed_HA,G280D,1.8091125
aligned_single_processed_HA,G280E,1.8388023
aligned_single_processed_HA,G280F,1.8153915
aligned_single_processed_HA,G280H,1.9434967
aligned_single_processed_HA,G280I,1.8963432
aligned_single_processed_HA,G280K,1.8544197
aligned_single_processed_HA,G280L,1.655777
aligned_single_processed_HA,G280M,2.0653648
aligned_single_processed_HA,G280N,1.8762321
aligned_single_processed_HA,G280P,1.7905083
aligned_single_processed_HA,G280Q,1.8412476
aligned_single_processed_HA,G280R,1.9846382
aligned_single_processed_HA,G280S,1.9842453
aligned_single_processed_HA,G280T,1.7750244
aligned_single_processed_HA,G280V,2.019497
aligned_single_processed_HA,G280W,1.8288994
aligned_single_processed_HA,G280Y,1.9813652
aligned_single_processed_HA,I281A,1.4992294
aligned_single_processed_HA,I281C,1.4731064
aligned_single_processed_HA,I281D,1.4652786
aligned_single_processed_HA,I281E,1.5159569
aligned_single_processed_HA,I281F,1.5471344
aligned_single_processed_HA,I281G,1.7357903
aligned_single_processed_HA,I281H,1.6912041
aligned_single_processed_HA,I281K,1.4823532
aligned_single_processed_HA,I281L,1.3423119
aligned_single_processed_HA,I281M,1.4605942
aligned_single_processed_HA,I281N,1.6496086
aligned_single_processed_HA,I281P,1.597641
aligned_single_processed_HA,I281Q,1.5781364
aligned_single_processed_HA,I281R,1.8067894
aligned_single_processed_HA,I281S,1.4388008
aligned_single_processed_HA,I281T,1.76474
aligned_single_processed_HA,I281V,0.7845993
aligned_single_processed_HA,I281W,1.8215675
aligned_single_processed_HA,I281Y,1.6684341
aligned_single_processed_HA,I282A,1.2437668
aligned_single_processed_HA,I282C,1.7429581
aligned_single_processed_HA,I282D,1.3259468
aligned_single_processed_HA,I282E,1.585434
aligned_single_processed_HA,I282F,1.518116
aligned_single_processed_HA,I282G,1.3292809
aligned_single_processed_HA,I282H,1.7894249
aligned_single_processed_HA,I282K,1.3150749
aligned_single_processed_HA,I282L,1.2469978
aligned_single_processed_HA,I282M,1.1103592
aligned_single_processed_HA,I282N,1.5647697
aligned_single_processed_HA,I282P,1.4591789
aligned_single_processed_HA,I282Q,1.3445396
aligned_single_processed_HA,I282R,1.6956787
aligned_single_processed_HA,I282S,1.4771233
aligned_single_processed_HA,I282T,1.1036301
aligned_single_processed_HA,I282V,0.65979767
aligned_single_processed_HA,I282W,1.4963646
aligned_single_processed_HA,I282Y,1.5964317
aligned_single_processed_HA,T283A,1.291687
aligned_single_processed_HA,T283C,1.3816414
aligned_single_processed_HA,T283D,1.1278839
aligned_single_processed_HA,T283E,1.11203
aligned_single_processed_HA,T283F,1.2170334
aligned_single_processed_HA,T283G,1.216896
aligned_single_processed_HA,T283H,1.1460648
aligned_single_processed_HA,T283I,0.22240067
aligned_single_processed_HA,T283K,0.99259186
aligned_single_processed_HA,T283L,1.3350563
aligned_single_processed_HA,T283M,0.8216896
aligned_single_processed_HA,T283N,1.1359253
aligned_single_processed_HA,T283P,1.0330124
aligned_single_processed_HA,T283Q,1.092823
aligned_single_processed_HA,T283R,0.9350815
aligned_single_processed_HA,T283S,1.213604
aligned_single_processed_HA,T283V,0.399292
aligned_single_processed_HA,T283W,1.2170486
aligned_single_processed_HA,T283Y,1.1576538
aligned_single_processed_HA,S284A,1.8711739
aligned_single_processed_HA,S284C,1.9298248
aligned_single_processed_HA,S284D,1.694973
aligned_single_processed_HA,S284E,2.0098114
aligned_single_processed_HA,S284F,1.7338524
aligned_single_processed_HA,S284G,1.7990265
aligned_single_processed_HA,S284H,1.8202286
aligned_single_processed_HA,S284I,1.7774925
aligned_single_processed_HA,S284K,1.6283607
aligned_single_processed_HA,S284L,1.9419327
aligned_single_processed_HA,S284M,2.042717
aligned_single_processed_HA,S284N,1.6320648
aligned_single_processed_HA,S284P,1.8269005
aligned_single_processed_HA,S284Q,1.9841614
aligned_single_processed_HA,S284R,2.0811844
aligned_single_processed_HA,S284T,1.6182404
aligned_single_processed_HA,S284V,1.7597237
aligned_single_processed_HA,S284W,1.8814278
aligned_single_processed_HA,S284Y,1.9281693
aligned_single_processed_HA,N285A,1.0896301
aligned_single_processed_HA,N285C,1.206459
aligned_single_processed_HA,N285D,0.6699791
aligned_single_processed_HA,N285E,0.81941986
aligned_single_processed_HA,N285F,1.3055687
aligned_single_processed_HA,N285G,1.1446342
aligned_single_processed_HA,N285H,1.3144112
aligned_single_processed_HA,N285I,1.325077
aligned_single_processed_HA,N285K,0.6527977
aligned_single_processed_HA,N285L,1.2424088
aligned_single_processed_HA,N285M,1.2055244
aligned_single_processed_HA,N285P,1.2592773
aligned_single_processed_HA,N285Q,1.122303
aligned_single_processed_HA,N285R,1.061573
aligned_single_processed_HA,N285S,1.1584396
aligned_single_processed_HA,N285T,0.8817749
aligned_single_processed_HA,N285V,1.116684
aligned_single_processed_HA,N285W,1.2263184
aligned_single_processed_HA,N285Y,1.4479332
aligned_single_processed_HA,A286C,1.5419922
aligned_single_processed_HA,A286D,1.3399658
aligned_single_processed_HA,A286E,1.4130974
aligned_single_processed_HA,A286F,1.5325813
aligned_single_processed_HA,A286G,1.4001694
aligned_single_processed_HA,A286H,1.393589
aligned_single_processed_HA,A286I,1.34832
aligned_single_processed_HA,A286K,1.1116028
aligned_single_processed_HA,A286L,1.3229446
aligned_single_processed_HA,A286M,1.3350258
aligned_single_processed_HA,A286N,1.3510284
aligned_single_processed_HA,A286P,1.4514275
aligned_single_processed_HA,A286Q,1.3962898
aligned_single_processed_HA,A286R,1.4535332
aligned_single_processed_HA,A286S,1.1506233
aligned_single_processed_HA,A286T,0.9102402
aligned_single_processed_HA,A286V,0.77104187
aligned_single_processed_HA,A286W,1.4734497
aligned_single_processed_HA,A286Y,1.4594116
aligned_single_processed_HA,S287A,1.2534828
aligned_single_processed_HA,S287C,1.3657417
aligned_single_processed_HA,S287D,1.3430748
aligned_single_processed_HA,S287E,1.4778252
aligned_single_processed_HA,S287F,1.6109619
aligned_single_processed_HA,S287G,1.4682655
aligned_single_processed_HA,S287H,1.5318146
aligned_single_processed_HA,S287I,1.3548431
aligned_single_processed_HA,S287K,1.4956017
aligned_single_processed_HA,S287L,1.42033
aligned_single_processed_HA,S287M,1.2130737
aligned_single_processed_HA,S287N,1.405056
aligned_single_processed_HA,S287P,0.53656006
aligned_single_processed_HA,S287Q,1.5412064
aligned_single_processed_HA,S287R,1.4104843
aligned_single_processed_HA,S287T,1.3552742
aligned_single_processed_HA,S287V,1.1333313
aligned_single_processed_HA,S287W,1.5432663
aligned_single_processed_HA,S287Y,1.4391708
aligned_single_processed_HA,M288A,0.84786224
aligned_single_processed_HA,M288C,1.2429886
aligned_single_processed_HA,M288D,1.022686
aligned_single_processed_HA,M288E,1.2721481
aligned_single_processed_HA,M288F,1.3739548
aligned_single_processed_HA,M288G,0.78064346
aligned_single_processed_HA,M288H,1.1285934
aligned_single_processed_HA,M288I,0.442173
aligned_single_processed_HA,M288K,1.1232224
aligned_single_processed_HA,M288L,0.6885452
aligned_single_processed_HA,M288N,1.1377716
aligned_single_processed_HA,M288P,1.2081528
aligned_single_processed_HA,M288Q,1.2200699
aligned_single_processed_HA,M288R,1.0231781
aligned_single_processed_HA,M288S,1.0305634
aligned_single_processed_HA,M288T,0.7854767
aligned_single_processed_HA,M288V,0.099823
aligned_single_processed_HA,M288W,1.1815224
aligned_single_processed_HA,M288Y,1.1488037
aligned_single_processed_HA,H289A,0.690094
aligned_single_processed_HA,H289C,0.5337753
aligned_single_processed_HA,H289D,-0.2589836
aligned_single_processed_HA,H289E,-0.18636703
aligned_single_processed_HA,H289F,0.90169144
aligned_single_processed_HA,H289G,0.049728394
aligned_single_processed_HA,H289I,0.65330887
aligned_single_processed_HA,H289K,0.51278305
aligned_single_processed_HA,H289L,0.7291565
aligned_single_processed_HA,H289M,0.64435196
aligned_single_processed_HA,H289N,0.46757507
aligned_single_processed_HA,H289P,0.38843155
aligned_single_processed_HA,H289Q,0.5306511
aligned_single_processed_HA,H289R,0.46777344
aligned_single_processed_HA,H289S,0.19836044
aligned_single_processed_HA,H289T,0.31892395
aligned_single_processed_HA,H289V,0.46071625
aligned_single_processed_HA,H289W,0.64551544
aligned_single_processed_HA,H289Y,0.51545334
aligned_single_processed_HA,E290A,0.80301285
aligned_single_processed_HA,E290C,1.2594299
aligned_single_processed_HA,E290D,0.57445526
aligned_single_processed_HA,E290F,1.1460419
aligned_single_processed_HA,E290G,0.96116257
aligned_single_processed_HA,E290H,1.1151237
aligned_single_processed_HA,E290I,1.2079811
aligned_single_processed_HA,E290K,0.60359955
aligned_single_processed_HA,E290L,1.4342384
aligned_single_processed_HA,E290M,0.9577141
aligned_single_processed_HA,E290N,0.6846924
aligned_single_processed_HA,E290P,1.348175
aligned_single_processed_HA,E290Q,0.98378754
aligned_single_processed_HA,E290R,1.0901184
aligned_single_processed_HA,E290S,0.9918823
aligned_single_processed_HA,E290T,0.99204254
aligned_single_processed_HA,E290V,0.7891121
aligned_single_processed_HA,E290W,1.4198494
aligned_single_processed_HA,E290Y,1.3042183
aligned_single_processed_HA,C291A,2.107315
aligned_single_processed_HA,C291D,1.9127235
aligned_single_processed_HA,C291E,1.8625908
aligned_single_processed_HA,C291F,1.9496994
aligned_single_processed_HA,C291G,1.8483963
aligned_single_processed_HA,C291H,2.0986557
aligned_single_processed_HA,C291I,1.9849663
aligned_single_processed_HA,C291K,2.1961746
aligned_single_processed_HA,C291L,1.840004
aligned_single_processed_HA,C291M,1.7499619
aligned_single_processed_HA,C291N,1.788002
aligned_single_processed_HA,C291P,1.9319954
aligned_single_processed_HA,C291Q,2.0110397
aligned_single_processed_HA,C291R,1.9721413
aligned_single_processed_HA,C291S,1.8787498
aligned_single_processed_HA,C291T,2.106369
aligned_single_processed_HA,C291V,1.8982086
aligned_single_processed_HA,C291W,2.0563354
aligned_single_processed_HA,C291Y,1.9839745
aligned_single_processed_HA,N292A,1.0414162
aligned_single_processed_HA,N292C,1.1983376
aligned_single_processed_HA,N292D,0.07614517
aligned_single_processed_HA,N292E,0.7616234
aligned_single_processed_HA,N292F,1.0601082
aligned_single_processed_HA,N292G,1.0445099
aligned_single_processed_HA,N292H,1.0352592
aligned_single_processed_HA,N292I,0.97703934
aligned_single_processed_HA,N292K,1.2775917
aligned_single_processed_HA,N292L,1.2828522
aligned_single_processed_HA,N292M,1.0171165
aligned_single_processed_HA,N292P,1.1190071
aligned_single_processed_HA,N292Q,1.1242294
aligned_single_processed_HA,N292R,1.0320778
aligned_single_processed_HA,N292S,1.2551575
aligned_single_processed_HA,N292T,0.7088051
aligned_single_processed_HA,N292V,0.96242905
aligned_single_processed_HA,N292W,1.0755959
aligned_single_processed_HA,N292Y,1.2437172
aligned_single_processed_HA,T293A,0.116867065
aligned_single_processed_HA,T293C,1.5206985
aligned_single_processed_HA,T293D,1.2607422
aligned_single_processed_HA,T293E,1.3781395
aligned_single_processed_HA,T293F,1.3989601
aligned_single_processed_HA,T293G,1.3935852
aligned_single_processed_HA,T293H,1.3312035
aligned_single_processed_HA,T293I,1.0807877
aligned_single_processed_HA,T293K,1.443634
aligned_single_processed_HA,T293L,1.4399986
aligned_single_processed_HA,T293M,1.0639
aligned_single_processed_HA,T293N,1.1763268
aligned_single_processed_HA,T293P,1.3692169
aligned_single_processed_HA,T293Q,1.501133
aligned_single_processed_HA,T293R,1.3857613
aligned_single_processed_HA,T293S,1.1070824
aligned_single_processed_HA,T293V,1.2025604
aligned_single_processed_HA,T293W,1.488842
aligned_single_processed_HA,T293Y,1.5029335
aligned_single_processed_HA,K294A,1.322361
aligned_single_processed_HA,K294C,1.562542
aligned_single_processed_HA,K294D,1.432087
aligned_single_processed_HA,K294E,1.1502151
aligned_single_processed_HA,K294F,1.5282936
aligned_single_processed_HA,K294G,1.4055824
aligned_single_processed_HA,K294H,1.5263824
aligned_single_processed_HA,K294I,1.335125
aligned_single_processed_HA,K294L,1.435669
aligned_single_processed_HA,K294M,1.4674339
aligned_single_processed_HA,K294N,1.3095627
aligned_single_processed_HA,K294P,1.4662399
aligned_single_processed_HA,K294Q,1.3465843
aligned_single_processed_HA,K294R,0.9471779
aligned_single_processed_HA,K294S,1.5289497
aligned_single_processed_HA,K294T,1.3282623
aligned_single_processed_HA,K294V,1.2251778
aligned_single_processed_HA,K294W,1.5339394
aligned_single_processed_HA,K294Y,1.4593086
aligned_single_processed_HA,C295A,2.0944214
aligned_single_processed_HA,C295D,2.068386
aligned_single_processed_HA,C295E,1.9066925
aligned_single_processed_HA,C295F,1.9728088
aligned_single_processed_HA,C295G,1.9080353
aligned_single_processed_HA,C295H,2.0468483
aligned_single_processed_HA,C295I,2.0486603
aligned_single_processed_HA,C295K,1.8992233
aligned_single_processed_HA,C295L,2.0802727
aligned_single_processed_HA,C295M,1.9946175
aligned_single_processed_HA,C295N,1.8420715
aligned_single_processed_HA,C295P,2.077198
aligned_single_processed_HA,C295Q,1.9990082
aligned_single_processed_HA,C295R,2.1028557
aligned_single_processed_HA,C295S,2.2014732
aligned_single_processed_HA,C295T,1.8969727
aligned_single_processed_HA,C295V,1.9614754
aligned_single_processed_HA,C295W,1.8584747
aligned_single_processed_HA,C295Y,2.0928955
aligned_single_processed_HA,Q296A,1.7124557
aligned_single_processed_HA,Q296C,1.6254234
aligned_single_processed_HA,Q296D,1.8332977
aligned_single_processed_HA,Q296E,2.1913795
aligned_single_processed_HA,Q296F,1.941246
aligned_single_processed_HA,Q296G,1.6147995
aligned_single_processed_HA,Q296H,1.8645706
aligned_single_processed_HA,Q296I,2.0090103
aligned_single_processed_HA,Q296K,1.8765831
aligned_single_processed_HA,Q296L,1.8669891
aligned_single_processed_HA,Q296M,1.9010086
aligned_single_processed_HA,Q296N,2.0375175
aligned_single_processed_HA,Q296P,1.8217468
aligned_single_processed_HA,Q296R,1.6987457
aligned_single_processed_HA,Q296S,1.8102379
aligned_single_processed_HA,Q296T,1.9143295
aligned_single_processed_HA,Q296V,1.9001656
aligned_single_processed_HA,Q296W,1.9356155
aligned_single_processed_HA,Q296Y,1.8259583
aligned_single_processed_HA,T297A,1.5491409
aligned_single_processed_HA,T297C,2.0241318
aligned_single_processed_HA,T297D,2.0123558
aligned_single_processed_HA,T297E,1.954258
aligned_single_processed_HA,T297F,1.8787575
aligned_single_processed_HA,T297G,1.9589348
aligned_single_processed_HA,T297H,1.9009781
aligned_single_processed_HA,T297I,1.8371735
aligned_single_processed_HA,T297K,1.7290993
aligned_single_processed_HA,T297L,1.9119377
aligned_single_processed_HA,T297M,1.8180656
aligned_single_processed_HA,T297N,1.7814903
aligned_single_processed_HA,T297P,1.8492508
aligned_single_processed_HA,T297Q,1.7585182
aligned_single_processed_HA,T297R,1.9759407
aligned_single_processed_HA,T297S,1.7562904
aligned_single_processed_HA,T297V,1.705513
aligned_single_processed_HA,T297W,1.7849655
aligned_single_processed_HA,T297Y,1.9701157
aligned_single_processed_HA,P298A,1.6602211
aligned_single_processed_HA,P298C,2.0604439
aligned_single_processed_HA,P298D,1.8452415
aligned_single_processed_HA,P298E,2.0990028
aligned_single_processed_HA,P298F,1.9904213
aligned_single_processed_HA,P298G,1.9656258
aligned_single_processed_HA,P298H,1.8019562
aligned_single_processed_HA,P298I,1.822689
aligned_single_processed_HA,P298K,2.0342484
aligned_single_processed_HA,P298L,1.5333443
aligned_single_processed_HA,P298M,1.9590607
aligned_single_processed_HA,P298N,1.788765
aligned_single_processed_HA,P298Q,1.8879089
aligned_single_processed_HA,P298R,1.7651672
aligned_single_processed_HA,P298S,2.0226936
aligned_single_processed_HA,P298T,2.0056725
aligned_single_processed_HA,P298V,1.8553123
aligned_single_processed_HA,P298W,2.374817
aligned_single_processed_HA,P298Y,2.0262108
aligned_single_processed_HA,Q299A,1.0273552
aligned_single_processed_HA,Q299C,1.4895134
aligned_single_processed_HA,Q299D,1.0873375
aligned_single_processed_HA,Q299E,1.0650368
aligned_single_processed_HA,Q299F,1.2939911
aligned_single_processed_HA,Q299G,0.91980743
aligned_single_processed_HA,Q299H,0.43692017
aligned_single_processed_HA,Q299I,0.73911667
aligned_single_processed_HA,Q299K,0.08563614
aligned_single_processed_HA,Q299L,0.35393524
aligned_single_processed_HA,Q299M,0.90877914
aligned_single_processed_HA,Q299N,0.7606659
aligned_single_processed_HA,Q299P,1.0807076
aligned_single_processed_HA,Q299R,0.43564606
aligned_single_processed_HA,Q299S,0.8275299
aligned_single_processed_HA,Q299T,0.97338104
aligned_single_processed_HA,Q299V,0.6978226
aligned_single_processed_HA,Q299W,1.0181236
aligned_single_processed_HA,Q299Y,0.91453934
aligned_single_processed_HA,G300A,1.9899788
aligned_single_processed_HA,G300C,2.1518936
aligned_single_processed_HA,G300D,2.0224876
aligned_single_processed_HA,G300E,1.958374
aligned_single_processed_HA,G300F,1.8729744
aligned_single_processed_HA,G300H,1.7607574
aligned_single_processed_HA,G300I,1.9220657
aligned_single_processed_HA,G300K,1.6063232
aligned_single_processed_HA,G300L,1.8177338
aligned_single_processed_HA,G300M,1.8633995
aligned_single_processed_HA,G300N,1.927063
aligned_single_processed_HA,G300P,1.7994385
aligned_single_processed_HA,G300Q,2.020195
aligned_single_processed_HA,G300R,2.0105171
aligned_single_processed_HA,G300S,1.9084091
aligned_single_processed_HA,G300T,1.8564148
aligned_single_processed_HA,G300V,1.9871254
aligned_single_processed_HA,G300W,1.8897476
aligned_single_processed_HA,G300Y,2.001442
aligned_single_processed_HA,A301C,1.992485
aligned_single_processed_HA,A301D,1.8058853
aligned_single_processed_HA,A301E,1.8910027
aligned_single_processed_HA,A301F,1.899231
aligned_single_processed_HA,A301G,1.7576256
aligned_single_processed_HA,A301H,1.928669
aligned_single_processed_HA,A301I,1.7394981
aligned_single_processed_HA,A301K,1.7201195
aligned_single_processed_HA,A301L,1.8202858
aligned_single_processed_HA,A301M,1.877903
aligned_single_processed_HA,A301N,1.6932144
aligned_single_processed_HA,A301P,2.1025696
aligned_single_processed_HA,A301Q,1.8789291
aligned_single_processed_HA,A301R,1.7937508
aligned_single_processed_HA,A301S,1.478817
aligned_single_processed_HA,A301T,1.4617729
aligned_single_processed_HA,A301V,1.9156227
aligned_single_processed_HA,A301W,1.9311371
aligned_single_processed_HA,A301Y,1.838562
aligned_single_processed_HA,I302A,1.6022339
aligned_single_processed_HA,I302C,1.5490112
aligned_single_processed_HA,I302D,1.7622452
aligned_single_processed_HA,I302E,1.7692833
aligned_single_processed_HA,I302F,1.678505
aligned_single_processed_HA,I302G,1.6291313
aligned_single_processed_HA,I302H,1.6964455
aligned_single_processed_HA,I302K,1.9241905
aligned_single_processed_HA,I302L,1.132515
aligned_single_processed_HA,I302M,1.7438393
aligned_single_processed_HA,I302N,1.3999252
aligned_single_processed_HA,I302P,1.8010521
aligned_single_processed_HA,I302Q,1.6763115
aligned_single_processed_HA,I302R,1.6568489
aligned_single_processed_HA,I302S,1.699604
aligned_single_processed_HA,I302T,1.7161369
aligned_single_processed_HA,I302V,1.1690292
aligned_single_processed_HA,I302W,1.6777802
aligned_single_processed_HA,I302Y,1.6731415
aligned_single_processed_HA,N303A,1.8671379
aligned_single_processed_HA,N303C,1.7974739
aligned_single_processed_HA,N303D,1.5860672
aligned_single_processed_HA,N303E,1.739357
aligned_single_processed_HA,N303F,1.7228279
aligned_single_processed_HA,N303G,1.8154144
aligned_single_processed_HA,N303H,2.0909576
aligned_single_processed_HA,N303I,1.6369667
aligned_single_processed_HA,N303K,1.5906334
aligned_single_processed_HA,N303L,1.7579689
aligned_single_processed_HA,N303M,1.6854591
aligned_single_processed_HA,N303P,1.8917313
aligned_single_processed_HA,N303Q,1.6791725
aligned_single_processed_HA,N303R,1.7040253
aligned_single_processed_HA,N303S,1.7834816
aligned_single_processed_HA,N303T,1.6204834
aligned_single_processed_HA,N303V,1.9876175
aligned_single_processed_HA,N303W,1.730526
aligned_single_processed_HA,N303Y,1.9116325
aligned_single_processed_HA,S304A,1.622509
aligned_single_processed_HA,S304C,1.5746918
aligned_single_processed_HA,S304D,1.4914017
aligned_single_processed_HA,S304E,1.4300919
aligned_single_processed_HA,S304F,1.4947395
aligned_single_processed_HA,S304G,1.214634
aligned_single_processed_HA,S304H,1.6195145
aligned_single_processed_HA,S304I,1.3057098
aligned_single_processed_HA,S304K,1.570919
aligned_single_processed_HA,S304L,1.5147896
aligned_single_processed_HA,S304M,1.3978615
aligned_single_processed_HA,S304N,0.9130173
aligned_single_processed_HA,S304P,1.726448
aligned_single_processed_HA,S304Q,1.4979172
aligned_single_processed_HA,S304R,1.3235664
aligned_single_processed_HA,S304T,1.1566391
aligned_single_processed_HA,S304V,1.548645
aligned_single_processed_HA,S304W,1.5131874
aligned_single_processed_HA,S304Y,1.6697655
aligned_single_processed_HA,N305A,0.5758896
aligned_single_processed_HA,N305C,0.45755005
aligned_single_processed_HA,N305D,0.41677856
aligned_single_processed_HA,N305E,0.5945015
aligned_single_processed_HA,N305F,0.61878586
aligned_single_processed_HA,N305G,0.3916664
aligned_single_processed_HA,N305H,0.7241249
aligned_single_processed_HA,N305I,0.6636696
aligned_single_processed_HA,N305K,0.7232437
aligned_single_processed_HA,N305L,0.61196136
aligned_single_processed_HA,N305M,0.37945175
aligned_single_processed_HA,N305P,0.5970726
aligned_single_processed_HA,N305Q,0.59851456
aligned_single_processed_HA,N305R,0.42450714
aligned_single_processed_HA,N305S,-1.113121
aligned_single_processed_HA,N305T,0.1673851
aligned_single_processed_HA,N305V,0.38409805
aligned_single_processed_HA,N305W,0.5739441
aligned_single_processed_HA,N305Y,0.46736526
aligned_single_processed_HA,L306A,1.7610245
aligned_single_processed_HA,L306C,1.6567917
aligned_single_processed_HA,L306D,1.7077332
aligned_single_processed_HA,L306E,1.779541
aligned_single_processed_HA,L306F,1.578434
aligned_single_processed_HA,L306G,1.6594772
aligned_single_processed_HA,L306H,1.6844368
aligned_single_processed_HA,L306I,1.4069252
aligned_single_processed_HA,L306K,1.6730194
aligned_single_processed_HA,L306M,1.4634819
aligned_single_processed_HA,L306N,1.5686989
aligned_single_processed_HA,L306P,1.7565918
aligned_single_processed_HA,L306Q,1.8730583
aligned_single_processed_HA,L306R,1.687355
aligned_single_processed_HA,L306S,2.071186
aligned_single_processed_HA,L306T,1.5464935
aligned_single_processed_HA,L306V,1.6110153
aligned_single_processed_HA,L306W,1.6844215
aligned_single_processed_HA,L306Y,1.8769951
aligned_single_processed_HA,P307A,2.13665
aligned_single_processed_HA,P307C,2.0545235
aligned_single_processed_HA,P307D,1.9361649
aligned_single_processed_HA,P307E,1.9245567
aligned_single_processed_HA,P307F,2.0865784
aligned_single_processed_HA,P307G,2.1077995
aligned_single_processed_HA,P307H,2.1773872
aligned_single_processed_HA,P307I,1.8099022
aligned_single_processed_HA,P307K,2.2503815
aligned_single_processed_HA,P307L,1.9338493
aligned_single_processed_HA,P307M,1.8871002
aligned_single_processed_HA,P307N,1.7014618
aligned_single_processed_HA,P307Q,2.032032
aligned_single_processed_HA,P307R,2.0685349
aligned_single_processed_HA,P307S,2.1173592
aligned_single_processed_HA,P307T,2.015255
aligned_single_processed_HA,P307V,1.9120369
aligned_single_processed_HA,P307W,2.0351562
aligned_single_processed_HA,P307Y,1.8795395
aligned_single_processed_HA,F308A,2.1227798
aligned_single_processed_HA,F308C,1.9514122
aligned_single_processed_HA,F308D,1.9051743
aligned_single_processed_HA,F308E,2.0372162
aligned_single_processed_HA,F308G,1.8096237
aligned_single_processed_HA,F308H,1.8156242
aligned_single_processed_HA,F308I,1.8326225
aligned_single_processed_HA,F308K,1.8309822
aligned_single_processed_HA,F308L,1.8574066
aligned_single_processed_HA,F308M,2.2114182
aligned_single_processed_HA,F308N,1.7731247
aligned_single_processed_HA,F308P,1.8307228
aligned_single_processed_HA,F308Q,1.8646545
aligned_single_processed_HA,F308R,2.0903358
aligned_single_processed_HA,F308S,1.9723434
aligned_single_processed_HA,F308T,1.8832359
aligned_single_processed_HA,F308V,1.8659935
aligned_single_processed_HA,F308W,1.8483391
aligned_single_processed_HA,F308Y,1.9263153
aligned_single_processed_HA,Q309A,2.0052643
aligned_single_processed_HA,Q309C,1.8534317
aligned_single_processed_HA,Q309D,1.9619598
aligned_single_processed_HA,Q309E,1.8720589
aligned_single_processed_HA,Q309F,1.7977715
aligned_single_processed_HA,Q309G,1.7234268
aligned_single_processed_HA,Q309H,1.8465462
aligned_single_processed_HA,Q309I,1.5957108
aligned_single_processed_HA,Q309K,1.9608574
aligned_single_processed_HA,Q309L,1.7154999
aligned_single_processed_HA,Q309M,1.9698067
aligned_single_processed_HA,Q309N,1.9281311
aligned_single_processed_HA,Q309P,1.7452164
aligned_single_processed_HA,Q309R,1.8253975
aligned_single_processed_HA,Q309S,1.85112
aligned_single_processed_HA,Q309T,1.8907051
aligned_single_processed_HA,Q309V,2.0191689
aligned_single_processed_HA,Q309W,1.9941406
aligned_single_processed_HA,Q309Y,1.8685074
aligned_single_processed_HA,N310A,1.9254799
aligned_single_processed_HA,N310C,1.9895134
aligned_single_processed_HA,N310D,1.7268982
aligned_single_processed_HA,N310E,1.9199219
aligned_single_processed_HA,N310F,1.9069061
aligned_single_processed_HA,N310G,1.7379951
aligned_single_processed_HA,N310H,1.8704147
aligned_single_processed_HA,N310I,1.9833412
aligned_single_processed_HA,N310K,2.013855
aligned_single_processed_HA,N310L,1.907135
aligned_single_processed_HA,N310M,2.0645332
aligned_single_processed_HA,N310P,1.7178383
aligned_single_processed_HA,N310Q,1.7563057
aligned_single_processed_HA,N310R,1.8918991
aligned_single_processed_HA,N310S,1.9796829
aligned_single_processed_HA,N310T,1.8173981
aligned_single_processed_HA,N310V,2.0774422
aligned_single_processed_HA,N310W,1.8716354
aligned_single_processed_HA,N310Y,1.9486427
aligned_single_processed_HA,I311A,1.0248375
aligned_single_processed_HA,I311C,1.3642921
aligned_single_processed_HA,I311D,1.2003708
aligned_single_processed_HA,I311E,1.172924
aligned_single_processed_HA,I311F,1.1390152
aligned_single_processed_HA,I311G,0.92147064
aligned_single_processed_HA,I311H,1.2633629
aligned_single_processed_HA,I311K,1.2365417
aligned_single_processed_HA,I311L,1.2132072
aligned_single_processed_HA,I311M,1.2212524
aligned_single_processed_HA,I311N,1.0482483
aligned_single_processed_HA,I311P,1.1015282
aligned_single_processed_HA,I311Q,1.140831
aligned_single_processed_HA,I311R,1.1207161
aligned_single_processed_HA,I311S,1.2792587
aligned_single_processed_HA,I311T,1.0994949
aligned_single_processed_HA,I311V,-0.31295013
aligned_single_processed_HA,I311W,1.0337105
aligned_single_processed_HA,I311Y,1.2335396
aligned_single_processed_HA,H312A,1.8351059
aligned_single_processed_HA,H312C,1.996357
aligned_single_processed_HA,H312D,1.9757004
aligned_single_processed_HA,H312E,1.9761734
aligned_single_processed_HA,H312F,2.1450615
aligned_single_processed_HA,H312G,2.052639
aligned_single_processed_HA,H312I,1.8353691
aligned_single_processed_HA,H312K,1.9931984
aligned_single_processed_HA,H312L,1.7870216
aligned_single_processed_HA,H312M,1.9200516
aligned_single_processed_HA,H312N,1.9473
aligned_single_processed_HA,H312P,2.1662445
aligned_single_processed_HA,H312Q,1.9591255
aligned_single_processed_HA,H312R,1.9614563
aligned_single_processed_HA,H312S,2.0928802
aligned_single_processed_HA,H312T,1.8836517
aligned_single_processed_HA,H312V,2.0341072
aligned_single_processed_HA,H312W,1.8844757
aligned_single_processed_HA,H312Y,1.9107666
aligned_single_processed_HA,P313A,1.8780975
aligned_single_processed_HA,P313C,2.1843987
aligned_single_processed_HA,P313D,1.9038582
aligned_single_processed_HA,P313E,1.9328079
aligned_single_processed_HA,P313F,1.8916206
aligned_single_processed_HA,P313G,1.9125404
aligned_single_processed_HA,P313H,2.2846413
aligned_single_processed_HA,P313I,2.1578407
aligned_single_processed_HA,P313K,2.2426796
aligned_single_processed_HA,P313L,1.8937988
aligned_single_processed_HA,P313M,2.124939
aligned_single_processed_HA,P313N,2.0656204
aligned_single_processed_HA,P313Q,2.2450485
aligned_single_processed_HA,P313R,1.8904572
aligned_single_processed_HA,P313S,1.948288
aligned_single_processed_HA,P313T,1.933815
aligned_single_processed_HA,P313V,2.1073914
aligned_single_processed_HA,P313W,2.0438156
aligned_single_processed_HA,P313Y,1.8567467
aligned_single_processed_HA,V314A,1.5051613
aligned_single_processed_HA,V314C,1.5038338
aligned_single_processed_HA,V314D,1.5681839
aligned_single_processed_HA,V314E,1.4494057
aligned_single_processed_HA,V314F,1.4027443
aligned_single_processed_HA,V314G,1.4381485
aligned_single_processed_HA,V314H,1.4982071
aligned_single_processed_HA,V314I,0.7404556
aligned_single_processed_HA,V314K,1.4587326
aligned_single_processed_HA,V314L,1.439785
aligned_single_processed_HA,V314M,1.3113441
aligned_single_processed_HA,V314N,1.4802818
aligned_single_processed_HA,V314P,1.4842949
aligned_single_processed_HA,V314Q,1.5448112
aligned_single_processed_HA,V314R,1.4244156
aligned_single_processed_HA,V314S,1.3335953
aligned_single_processed_HA,V314T,1.3941269
aligned_single_processed_HA,V314W,1.542244
aligned_single_processed_HA,V314Y,1.5720062
aligned_single_processed_HA,T315A,1.6906395
aligned_single_processed_HA,T315C,1.9323502
aligned_single_processed_HA,T315D,1.6571007
aligned_single_processed_HA,T315E,1.8230438
aligned_single_processed_HA,T315F,1.865078
aligned_single_processed_HA,T315G,1.9023895
aligned_single_processed_HA,T315H,1.9510117
aligned_single_processed_HA,T315I,1.8846321
aligned_single_processed_HA,T315K,1.9268913
aligned_single_processed_HA,T315L,1.9706573
aligned_single_processed_HA,T315M,1.7480316
aligned_single_processed_HA,T315N,1.7398491
aligned_single_processed_HA,T315P,1.9540558
aligned_single_processed_HA,T315Q,2.0686226
aligned_single_processed_HA,T315R,2.0456352
aligned_single_processed_HA,T315S,1.5956573
aligned_single_processed_HA,T315V,1.7560234
aligned_single_processed_HA,T315W,2.009056
aligned_single_processed_HA,T315Y,1.9970169
aligned_single_processed_HA,I316A,1.7870865
aligned_single_processed_HA,I316C,1.5850487
aligned_single_processed_HA,I316D,1.9295578
aligned_single_processed_HA,I316E,1.758255
aligned_single_processed_HA,I316F,1.9592247
aligned_single_processed_HA,I316G,1.9270325
aligned_single_processed_HA,I316H,1.9255981
aligned_single_processed_HA,I316K,1.6465569
aligned_single_processed_HA,I316L,1.6753349
aligned_single_processed_HA,I316M,1.7474632
aligned_single_processed_HA,I316N,1.8479424
aligned_single_processed_HA,I316P,1.7560654
aligned_single_processed_HA,I316Q,1.6685066
aligned_single_processed_HA,I316R,1.7457047
aligned_single_processed_HA,I316S,1.7211952
aligned_single_processed_HA,I316T,1.833458
aligned_single_processed_HA,I316V,1.194973
aligned_single_processed_HA,I316W,1.7578697
aligned_single_processed_HA,I316Y,1.6553955
aligned_single_processed_HA,G317A,1.7989807
aligned_single_processed_HA,G317C,1.9646988
aligned_single_processed_HA,G317D,1.8460808
aligned_single_processed_HA,G317E,1.9654274
aligned_single_processed_HA,G317F,1.6915245
aligned_single_processed_HA,G317H,1.7903786
aligned_single_processed_HA,G317I,1.8751335
aligned_single_processed_HA,G317K,1.8676491
aligned_single_processed_HA,G317L,1.9099579
aligned_single_processed_HA,G317M,2.036934
aligned_single_processed_HA,G317N,1.8008614
aligned_single_processed_HA,G317P,1.9692535
aligned_single_processed_HA,G317Q,2.0797882
aligned_single_processed_HA,G317R,2.0253181
aligned_single_processed_HA,G317S,1.861042
aligned_single_processed_HA,G317T,1.7313156
aligned_single_processed_HA,G317V,2.052353
aligned_single_processed_HA,G317W,1.8673363
aligned_single_processed_HA,G317Y,1.8446579
aligned_single_processed_HA,E318A,1.808712
aligned_single_processed_HA,E318C,1.7833824
aligned_single_processed_HA,E318D,1.8277664
aligned_single_processed_HA,E318F,1.8486786
aligned_single_processed_HA,E318G,1.66679
aligned_single_processed_HA,E318H,1.7391624
aligned_single_processed_HA,E318I,1.917984
aligned_single_processed_HA,E318K,1.3083725
aligned_single_processed_HA,E318L,1.8201714
aligned_single_processed_HA,E318M,1.7930069
aligned_single_processed_HA,E318N,1.7332153
aligned_single_processed_HA,E318P,1.99263
aligned_single_processed_HA,E318Q,2.0486794
aligned_single_processed_HA,E318R,1.6398735
aligned_single_processed_HA,E318S,1.6574059
aligned_single_processed_HA,E318T,1.8355675
aligned_single_processed_HA,E318V,1.6042442
aligned_single_processed_HA,E318W,1.865406
aligned_single_processed_HA,E318Y,1.8271294
aligned_single_processed_HA,C319A,2.0905952
aligned_single_processed_HA,C319D,2.09663
aligned_single_processed_HA,C319E,2.2594032
aligned_single_processed_HA,C319F,2.0605164
aligned_single_processed_HA,C319G,2.1486015
aligned_single_processed_HA,C319H,1.9709167
aligned_single_processed_HA,C319I,2.285015
aligned_single_processed_HA,C319K,2.0337029
aligned_single_processed_HA,C319L,1.990284
aligned_single_processed_HA,C319M,1.9716682
aligned_single_processed_HA,C319N,1.9297562
aligned_single_processed_HA,C319P,2.126545
aligned_single_processed_HA,C319Q,1.8952751
aligned_single_processed_HA,C319R,1.9355927
aligned_single_processed_HA,C319S,2.190174
aligned_single_processed_HA,C319T,1.8391533
aligned_single_processed_HA,C319V,1.8353882
aligned_single_processed_HA,C319W,2.1046562
aligned_single_processed_HA,C319Y,2.0784378
aligned_single_processed_HA,P320A,1.902935
aligned_single_processed_HA,P320C,2.0601692
aligned_single_processed_HA,P320D,2.032257
aligned_single_processed_HA,P320E,2.0023232
aligned_single_processed_HA,P320F,2.0655823
aligned_single_processed_HA,P320G,1.7760506
aligned_single_processed_HA,P320H,2.0774727
aligned_single_processed_HA,P320I,2.05122
aligned_single_processed_HA,P320K,2.0881958
aligned_single_processed_HA,P320L,2.145649
aligned_single_processed_HA,P320M,2.094471
aligned_single_processed_HA,P320N,1.9326324
aligned_single_processed_HA,P320Q,2.0825272
aligned_single_processed_HA,P320R,2.0506477
aligned_single_processed_HA,P320S,1.9402237
aligned_single_processed_HA,P320T,2.0564766
aligned_single_processed_HA,P320V,2.0184898
aligned_single_processed_HA,P320W,1.8073235
aligned_single_processed_HA,P320Y,1.9696693
aligned_single_processed_HA,K321A,1.8776245
aligned_single_processed_HA,K321C,1.8046112
aligned_single_processed_HA,K321D,1.909935
aligned_single_processed_HA,K321E,1.8498878
aligned_single_processed_HA,K321F,2.2549896
aligned_single_processed_HA,K321G,1.9714737
aligned_single_processed_HA,K321H,1.8755913
aligned_single_processed_HA,K321I,2.1714134
aligned_single_processed_HA,K321L,1.8769569
aligned_single_processed_HA,K321M,2.0651855
aligned_single_processed_HA,K321N,1.9230499
aligned_single_processed_HA,K321P,1.8146706
aligned_single_processed_HA,K321Q,1.9517975
aligned_single_processed_HA,K321R,1.4589005
aligned_single_processed_HA,K321S,1.8846092
aligned_single_processed_HA,K321T,1.8555412
aligned_single_processed_HA,K321V,1.8375244
aligned_single_processed_HA,K321W,2.082119
aligned_single_processed_HA,K321Y,2.0958557
aligned_single_processed_HA,Y322A,2.1558342
aligned_single_processed_HA,Y322C,1.8942719
aligned_single_processed_HA,Y322D,1.7709312
aligned_single_processed_HA,Y322E,2.0224266
aligned_single_processed_HA,Y322F,1.9008331
aligned_single_processed_HA,Y322G,1.8933067
aligned_single_processed_HA,Y322H,1.8718185
aligned_single_processed_HA,Y322I,2.2004547
aligned_single_processed_HA,Y322K,2.0579872
aligned_single_processed_HA,Y322L,1.7871017
aligned_single_processed_HA,Y322M,1.7947083
aligned_single_processed_HA,Y322N,2.278778
aligned_single_processed_HA,Y322P,1.7547607
aligned_single_processed_HA,Y322Q,1.98386
aligned_single_processed_HA,Y322R,2.118023
aligned_single_processed_HA,Y322S,1.9074478
aligned_single_processed_HA,Y322T,1.8112984
aligned_single_processed_HA,Y322V,1.8519363
aligned_single_processed_HA,Y322W,1.9275703
aligned_single_processed_HA,V323A,1.8220253
aligned_single_processed_HA,V323C,2.019867
aligned_single_processed_HA,V323D,1.769619
aligned_single_processed_HA,V323E,1.9730301
aligned_single_processed_HA,V323F,1.8808975
aligned_single_processed_HA,V323G,1.9617233
aligned_single_processed_HA,V323H,1.9883995
aligned_single_processed_HA,V323I,1.3212891
aligned_single_processed_HA,V323K,1.795639
aligned_single_processed_HA,V323L,1.9814224
aligned_single_processed_HA,V323M,1.8808632
aligned_single_processed_HA,V323N,2.1365776
aligned_single_processed_HA,V323P,1.8206482
aligned_single_processed_HA,V323Q,1.894989
aligned_single_processed_HA,V323R,1.8833961
aligned_single_processed_HA,V323S,1.8232307
aligned_single_processed_HA,V323T,1.9169312
aligned_single_processed_HA,V323W,1.8873215
aligned_single_processed_HA,V323Y,1.7738686
aligned_single_processed_HA,R324A,1.695034
aligned_single_processed_HA,R324C,1.5968895
aligned_single_processed_HA,R324D,1.75671
aligned_single_processed_HA,R324E,1.5030403
aligned_single_processed_HA,R324F,1.3266869
aligned_single_processed_HA,R324G,1.6055145
aligned_single_processed_HA,R324H,1.5891571
aligned_single_processed_HA,R324I,1.2862434
aligned_single_processed_HA,R324K,0.34127426
aligned_single_processed_HA,R324L,1.4778252
aligned_single_processed_HA,R324M,1.5644302
aligned_single_processed_HA,R324N,1.352665
aligned_single_processed_HA,R324P,1.5113945
aligned_single_processed_HA,R324Q,1.6710892
aligned_single_processed_HA,R324S,1.4619522
aligned_single_processed_HA,R324T,1.4170876
aligned_single_processed_HA,R324V,1.4539413
aligned_single_processed_HA,R324W,1.4684334
aligned_single_processed_HA,R324Y,1.5275116
aligned_single_processed_HA,S325A,1.8719254
aligned_single_processed_HA,S325C,2.1075325
aligned_single_processed_HA,S325D,2.0694733
aligned_single_processed_HA,S325E,1.5735855
aligned_single_processed_HA,S325F,2.041031
aligned_single_processed_HA,S325G,1.7406235
aligned_single_processed_HA,S325H,2.1218872
aligned_single_processed_HA,S325I,1.9163704
aligned_single_processed_HA,S325K,1.7606735
aligned_single_processed_HA,S325L,1.9147758
aligned_single_processed_HA,S325M,1.8127403
aligned_single_processed_HA,S325N,1.790142
aligned_single_processed_HA,S325P,1.782135
aligned_single_processed_HA,S325Q,1.9069023
aligned_single_processed_HA,S325R,1.6213531
aligned_single_processed_HA,S325T,1.7791748
aligned_single_processed_HA,S325V,1.8167458
aligned_single_processed_HA,S325W,1.7724686
aligned_single_processed_HA,S325Y,1.8476143
aligned_single_processed_HA,T326A,0.26579666
aligned_single_processed_HA,T326C,1.1724625
aligned_single_processed_HA,T326D,1.2490578
aligned_single_processed_HA,T326E,0.969265
aligned_single_processed_HA,T326F,1.1863976
aligned_single_processed_HA,T326G,1.028141
aligned_single_processed_HA,T326H,1.3238564
aligned_single_processed_HA,T326I,1.1988373
aligned_single_processed_HA,T326K,0.6592827
aligned_single_processed_HA,T326L,1.3299103
aligned_single_processed_HA,T326M,1.3169861
aligned_single_processed_HA,T326N,1.0587959
aligned_single_processed_HA,T326P,1.2361069
aligned_single_processed_HA,T326Q,1.3661919
aligned_single_processed_HA,T326R,1.1104584
aligned_single_processed_HA,T326S,1.0617714
aligned_single_processed_HA,T326V,1.024128
aligned_single_processed_HA,T326W,1.1689072
aligned_single_processed_HA,T326Y,1.5072784
aligned_single_processed_HA,K327A,1.302124
aligned_single_processed_HA,K327C,1.3398743
aligned_single_processed_HA,K327D,1.4387703
aligned_single_processed_HA,K327E,1.1253395
aligned_single_processed_HA,K327F,1.333931
aligned_single_processed_HA,K327G,1.5174255
aligned_single_processed_HA,K327H,1.5714912
aligned_single_processed_HA,K327I,1.5844078
aligned_single_processed_HA,K327L,1.572567
aligned_single_processed_HA,K327M,1.164135
aligned_single_processed_HA,K327N,1.3055077
aligned_single_processed_HA,K327P,1.4249611
aligned_single_processed_HA,K327Q,1.4421463
aligned_single_processed_HA,K327R,0.7225723
aligned_single_processed_HA,K327S,1.4004173
aligned_single_processed_HA,K327T,1.5054169
aligned_single_processed_HA,K327V,1.4782143
aligned_single_processed_HA,K327W,1.8561325
aligned_single_processed_HA,K327Y,1.3330727
aligned_single_processed_HA,L328A,1.758667
aligned_single_processed_HA,L328C,1.8078041
aligned_single_processed_HA,L328D,1.6400337
aligned_single_processed_HA,L328E,1.5913391
aligned_single_processed_HA,L328F,1.8236275
aligned_single_processed_HA,L328G,1.743473
aligned_single_processed_HA,L328H,1.7682724
aligned_single_processed_HA,L328I,1.6144676
aligned_single_processed_HA,L328K,1.8369217
aligned_single_processed_HA,L328M,1.6937256
aligned_single_processed_HA,L328N,1.7434883
aligned_single_processed_HA,L328P,1.691246
aligned_single_processed_HA,L328Q,1.817337
aligned_single_processed_HA,L328R,1.5260811
aligned_single_processed_HA,L328S,1.92836
aligned_single_processed_HA,L328T,1.8926926
aligned_single_processed_HA,L328V,1.5357246
aligned_single_processed_HA,L328W,1.7626381
aligned_single_processed_HA,L328Y,1.5850677
aligned_single_processed_HA,R329A,2.2654572
aligned_single_processed_HA,R329C,1.9634933
aligned_single_processed_HA,R329D,2.048565
aligned_single_processed_HA,R329E,1.7892036
aligned_single_processed_HA,R329F,2.0022392
aligned_single_processed_HA,R329G,1.8734093
aligned_single_processed_HA,R329H,1.948883
aligned_single_processed_HA,R329I,2.0543747
aligned_single_processed_HA,R329K,0.98928833
aligned_single_processed_HA,R329L,2.0051193
aligned_single_processed_HA,R329M,2.2154312
aligned_single_processed_HA,R329N,2.0258331
aligned_single_processed_HA,R329P,2.0912476
aligned_single_processed_HA,R329Q,1.9640884
aligned_single_processed_HA,R329S,2.0997276
aligned_single_processed_HA,R329T,1.8184433
aligned_single_processed_HA,R329V,1.9267921
aligned_single_processed_HA,R329W,1.9865112
aligned_single_processed_HA,R329Y,1.9506645
aligned_single_processed_HA,M330A,1.6499901
aligned_single_processed_HA,M330C,1.5715675
aligned_single_processed_HA,M330D,1.8570404
aligned_single_processed_HA,M330E,1.6164589
aligned_single_processed_HA,M330F,1.7958832
aligned_single_processed_HA,M330G,1.932373
aligned_single_processed_HA,M330H,1.7516747
aligned_single_processed_HA,M330I,1.2979774
aligned_single_processed_HA,M330K,1.5988426
aligned_single_processed_HA,M330L,1.4758301
aligned_single_processed_HA,M330N,1.9064064
aligned_single_processed_HA,M330P,1.8312416
aligned_single_processed_HA,M330Q,1.8260956
aligned_single_processed_HA,M330R,1.6009293
aligned_single_processed_HA,M330S,1.8001518
aligned_single_processed_HA,M330T,1.5099907
aligned_single_processed_HA,M330V,1.3152351
aligned_single_processed_HA,M330W,1.606041
aligned_single_processed_HA,M330Y,1.6182251
aligned_single_processed_HA,V331A,0.39674377
aligned_single_processed_HA,V331C,1.4527168
aligned_single_processed_HA,V331D,1.2439079
aligned_single_processed_HA,V331E,1.2929916
aligned_single_processed_HA,V331F,1.4073372
aligned_single_processed_HA,V331G,1.2277832
aligned_single_processed_HA,V331H,1.4483719
aligned_single_processed_HA,V331I,1.2454414
aligned_single_processed_HA,V331K,1.4955711
aligned_single_processed_HA,V331L,1.8121147
aligned_single_processed_HA,V331M,1.6099815
aligned_single_processed_HA,V331N,1.4903831
aligned_single_processed_HA,V331P,1.4141617
aligned_single_processed_HA,V331Q,1.4090843
aligned_single_processed_HA,V331R,1.3969307
aligned_single_processed_HA,V331S,1.3397026
aligned_single_processed_HA,V331T,1.3427734
aligned_single_processed_HA,V331W,1.3786354
aligned_single_processed_HA,V331Y,1.6915321
aligned_single_processed_HA,T332A,1.8082733
aligned_single_processed_HA,T332C,1.8489418
aligned_single_processed_HA,T332D,1.7667351
aligned_single_processed_HA,T332E,1.7653999
aligned_single_processed_HA,T332F,1.9158249
aligned_single_processed_HA,T332G,2.1643753
aligned_single_processed_HA,T332H,2.1672134
aligned_single_processed_HA,T332I,2.0138245
aligned_single_processed_HA,T332K,1.855751
aligned_single_processed_HA,T332L,1.7800064
aligned_single_processed_HA,T332M,1.9684753
aligned_single_processed_HA,T332N,2.0171432
aligned_single_processed_HA,T332P,1.9382133
aligned_single_processed_HA,T332Q,2.029438
aligned_single_processed_HA,T332R,1.9354668
aligned_single_processed_HA,T332S,2.0851173
aligned_single_processed_HA,T332V,1.8278236
aligned_single_processed_HA,T332W,2.0203476
aligned_single_processed_HA,T332Y,2.1734467
aligned_single_processed_HA,G333A,2.0635796
aligned_single_processed_HA,G333C,2.261776
aligned_single_processed_HA,G333D,1.9911995
aligned_single_processed_HA,G333E,1.9573326
aligned_single_processed_HA,G333F,1.8880272
aligned_single_processed_HA,G333H,2.088726
aligned_single_processed_HA,G333I,1.799408
aligned_single_processed_HA,G333K,1.8415337
aligned_single_processed_HA,G333L,2.0325851
aligned_single_processed_HA,G333M,1.793129
aligned_single_processed_HA,G333N,2.0382385
aligned_single_processed_HA,G333P,1.9879951
aligned_single_processed_HA,G333Q,2.0546494
aligned_single_processed_HA,G333R,1.983448
aligned_single_processed_HA,G333S,2.0168571
aligned_single_processed_HA,G333T,1.8252411
aligned_single_processed_HA,G333V,1.9850731
aligned_single_processed_HA,G333W,2.0348892
aligned_single_processed_HA,G333Y,1.962246
aligned_single_processed_HA,L334A,1.6991615
aligned_single_processed_HA,L334C,2.0036278
aligned_single_processed_HA,L334D,1.9839058
aligned_single_processed_HA,L334E,1.8960648
aligned_single_processed_HA,L334F,1.9027328
aligned_single_processed_HA,L334G,2.0509834
aligned_single_processed_HA,L334H,1.8732376
aligned_single_processed_HA,L334I,1.7423286
aligned_single_processed_HA,L334K,2.0309029
aligned_single_processed_HA,L334M,1.8805084
aligned_single_processed_HA,L334N,1.869812
aligned_single_processed_HA,L334P,2.091442
aligned_single_processed_HA,L334Q,1.9902916
aligned_single_processed_HA,L334R,1.8947678
aligned_single_processed_HA,L334S,1.8707199
aligned_single_processed_HA,L334T,1.9807243
aligned_single_processed_HA,L334V,1.7699623
aligned_single_processed_HA,L334W,1.8655167
aligned_single_processed_HA,L334Y,1.6922112
aligned_single_processed_HA,R335A,2.2231789
aligned_single_processed_HA,R335C,2.1463432
aligned_single_processed_HA,R335D,1.9064331
aligned_single_processed_HA,R335E,1.957283
aligned_single_processed_HA,R335F,1.9584885
aligned_single_processed_HA,R335G,1.9904518
aligned_single_processed_HA,R335H,2.125145
aligned_single_processed_HA,R335I,2.048832
aligned_single_processed_HA,R335K,1.7110977
aligned_single_processed_HA,R335L,1.8614311
aligned_single_processed_HA,R335M,2.0267944
aligned_single_processed_HA,R335N,1.675354
aligned_single_processed_HA,R335P,1.9664497
aligned_single_processed_HA,R335Q,2.0043144
aligned_single_processed_HA,R335S,1.9951591
aligned_single_processed_HA,R335T,1.8508606
aligned_single_processed_HA,R335V,1.8214302
aligned_single_processed_HA,R335W,1.9378128
aligned_single_processed_HA,R335Y,2.0322723
aligned_single_processed_HA,N336A,1.7183838
aligned_single_processed_HA,N336C,1.8942566
aligned_single_processed_HA,N336D,1.6927109
aligned_single_processed_HA,N336E,2.1047707
aligned_single_processed_HA,N336F,1.7150879
aligned_single_processed_HA,N336G,1.9184875
aligned_single_processed_HA,N336H,1.753376
aligned_single_processed_HA,N336I,2.0229836
aligned_single_processed_HA,N336K,1.7483559
aligned_single_processed_HA,N336L,1.9755783
aligned_single_processed_HA,N336M,1.9881401
aligned_single_processed_HA,N336P,1.822895
aligned_single_processed_HA,N336Q,1.9043121
aligned_single_processed_HA,N336R,1.7466621
aligned_single_processed_HA,N336S,1.8533211
aligned_single_processed_HA,N336T,1.800106
aligned_single_processed_HA,N336V,2.00066
aligned_single_processed_HA,N336W,1.8788147
aligned_single_processed_HA,N336Y,1.9705505
aligned_single_processed_HA,I337A,2.0364723
aligned_single_processed_HA,I337C,1.702179
aligned_single_processed_HA,I337D,1.7339706
aligned_single_processed_HA,I337E,1.5692558
aligned_single_processed_HA,I337F,2.0556145
aligned_single_processed_HA,I337G,1.8926163
aligned_single_processed_HA,I337H,1.6482239
aligned_single_processed_HA,I337K,1.7172432
aligned_single_processed_HA,I337L,1.8104973
aligned_single_processed_HA,I337M,1.8613358
aligned_single_processed_HA,I337N,1.8146935
aligned_single_processed_HA,I337P,1.7950668
aligned_single_processed_HA,I337Q,1.6294708
aligned_single_processed_HA,I337R,1.7301025
aligned_single_processed_HA,I337S,1.6764984
aligned_single_processed_HA,I337T,1.0619087
aligned_single_processed_HA,I337V,1.1970673
aligned_single_processed_HA,I337W,1.714592
aligned_single_processed_HA,I337Y,1.5622635
aligned_single_processed_HA,P338A,1.8465118
aligned_single_processed_HA,P338C,1.8864632
aligned_single_processed_HA,P338D,2.0030594
aligned_single_processed_HA,P338E,1.9639091
aligned_single_processed_HA,P338F,2.0346298
aligned_single_processed_HA,P338G,1.9997711
aligned_single_processed_HA,P338H,2.1121254
aligned_single_processed_HA,P338I,2.1265526
aligned_single_processed_HA,P338K,2.0541725
aligned_single_processed_HA,P338L,2.0866737
aligned_single_processed_HA,P338M,1.9623642
aligned_single_processed_HA,P338N,1.6648941
aligned_single_processed_HA,P338Q,2.1423454
aligned_single_processed_HA,P338R,1.9343796
aligned_single_processed_HA,P338S,1.8347244
aligned_single_processed_HA,P338T,1.7619667
aligned_single_processed_HA,P338V,2.1236458
aligned_single_processed_HA,P338W,1.9131699
aligned_single_processed_HA,P338Y,2.1692657
aligned_single_processed_HA,S339A,2.1422195
aligned_single_processed_HA,S339C,2.045906
aligned_single_processed_HA,S339D,1.7027588
aligned_single_processed_HA,S339E,1.9448395
aligned_single_processed_HA,S339F,2.0446396
aligned_single_processed_HA,S339G,1.9357605
aligned_single_processed_HA,S339H,1.8976898
aligned_single_processed_HA,S339I,1.9048309
aligned_single_processed_HA,S339K,1.8925018
aligned_single_processed_HA,S339L,1.7192574
aligned_single_processed_HA,S339M,1.9625664
aligned_single_processed_HA,S339N,1.9443245
aligned_single_processed_HA,S339P,1.9949608
aligned_single_processed_HA,S339Q,1.9511604
aligned_single_processed_HA,S339R,1.8390045
aligned_single_processed_HA,S339T,1.6889229
aligned_single_processed_HA,S339V,1.8745117
aligned_single_processed_HA,S339W,2.130909
aligned_single_processed_HA,S339Y,1.7318573
aligned_single_processed_HA,I340A,1.7834091
aligned_single_processed_HA,I340C,1.7536507
aligned_single_processed_HA,I340D,1.7871933
aligned_single_processed_HA,I340E,1.8681107
aligned_single_processed_HA,I340F,1.8678703
aligned_single_processed_HA,I340G,1.9788322
aligned_single_processed_HA,I340H,1.9448242
aligned_single_processed_HA,I340K,2.039051
aligned_single_processed_HA,I340L,1.8248558
aligned_single_processed_HA,I340M,1.7271385
aligned_single_processed_HA,I340N,1.5883751
aligned_single_processed_HA,I340P,1.7181244
aligned_single_processed_HA,I340Q,1.5125618
aligned_single_processed_HA,I340R,1.6373749
aligned_single_processed_HA,I340S,1.6654854
aligned_single_processed_HA,I340T,1.7536469
aligned_single_processed_HA,I340V,1.1638489
aligned_single_processed_HA,I340W,2.0530586
aligned_single_processed_HA,I340Y,1.8744507
aligned_single_processed_HA,Q341A,1.7790756
aligned_single_processed_HA,Q341C,1.7750473
aligned_single_processed_HA,Q341D,1.773407
aligned_single_processed_HA,Q341E,1.7827644
aligned_single_processed_HA,Q341F,1.9490242
aligned_single_processed_HA,Q341G,1.7495728
aligned_single_processed_HA,Q341H,1.8411942
aligned_single_processed_HA,Q341I,1.8710175
aligned_single_processed_HA,Q341K,1.7521439
aligned_single_processed_HA,Q341L,1.7267647
aligned_single_processed_HA,Q341M,1.9444962
aligned_single_processed_HA,Q341N,1.836998
aligned_single_processed_HA,Q341P,1.9355736
aligned_single_processed_HA,Q341R,1.7599983
aligned_single_processed_HA,Q341S,2.0350418
aligned_single_processed_HA,Q341T,1.7425385
aligned_single_processed_HA,Q341V,1.6976585
aligned_single_processed_HA,Q341W,1.9399643
aligned_single_processed_HA,Q341Y,2.0428772
aligned_single_processed_HA,Y342A,-0.022937775
aligned_single_processed_HA,Y342C,0.16168976
aligned_single_processed_HA,Y342D,0.089515686
aligned_single_processed_HA,Y342E,0.12294769
aligned_single_processed_HA,Y342F,0.13945389
aligned_single_processed_HA,Y342G,-0.24200058
aligned_single_processed_HA,Y342H,0.1334343
aligned_single_processed_HA,Y342I,0.30208206
aligned_single_processed_HA,Y342K,0.01890564
aligned_single_processed_HA,Y342L,0.12768173
aligned_single_processed_HA,Y342M,-0.019985199
aligned_single_processed_HA,Y342N,-0.08646393
aligned_single_processed_HA,Y342P,-0.038089752
aligned_single_processed_HA,Y342Q,0.2114563
aligned_single_processed_HA,Y342R,0.09093094
aligned_single_processed_HA,Y342S,-1.8779907
aligned_single_processed_HA,Y342T,-0.1725502
aligned_single_processed_HA,Y342V,-0.07689667
aligned_single_processed_HA,Y342W,0.07941437
aligned_single_processed_HA,R343A,2.122921
aligned_single_processed_HA,R343C,2.1699066
aligned_single_processed_HA,R343D,2.1121788
aligned_single_processed_HA,R343E,2.136425
aligned_single_processed_HA,R343F,1.9640694
aligned_single_processed_HA,R343G,2.0698814
aligned_single_processed_HA,R343H,1.9629745
aligned_single_processed_HA,R343I,1.9523354
aligned_single_processed_HA,R343K,1.7608948
aligned_single_processed_HA,R343L,1.899025
aligned_single_processed_HA,R343M,1.8813934
aligned_single_processed_HA,R343N,1.9718246
aligned_single_processed_HA,R343P,2.0432663
aligned_single_processed_HA,R343Q,2.1850243
aligned_single_processed_HA,R343S,2.0469208
aligned_single_processed_HA,R343T,1.9799767
aligned_single_processed_HA,R343V,1.8134384
aligned_single_processed_HA,R343W,1.9338188
aligned_single_processed_HA,R343Y,1.9755287
aligned_single_processed_HA,G344A,1.8592148
aligned_single_processed_HA,G344C,2.0940895
aligned_single_processed_HA,G344D,1.9512024
aligned_single_processed_HA,G344E,2.164688
aligned_single_processed_HA,G344F,1.9857292
aligned_single_processed_HA,G344H,1.932457
aligned_single_processed_HA,G344I,2.0373993
aligned_single_processed_HA,G344K,1.8734665
aligned_single_processed_HA,G344L,1.8518028
aligned_single_processed_HA,G344M,1.9120903
aligned_single_processed_HA,G344N,1.896595
aligned_single_processed_HA,G344P,1.8133926
aligned_single_processed_HA,G344Q,1.7275505
aligned_single_processed_HA,G344R,1.8575401
aligned_single_processed_HA,G344S,1.9109573
aligned_single_processed_HA,G344T,2.0057335
aligned_single_processed_HA,G344V,1.8388786
aligned_single_processed_HA,G344W,1.9782143
aligned_single_processed_HA,G344Y,1.9965515
aligned_single_processed_HA,L345A,1.7868004
aligned_single_processed_HA,L345C,1.895134
aligned_single_processed_HA,L345D,1.9669685
aligned_single_processed_HA,L345E,1.7059479
aligned_single_processed_HA,L345F,1.9404068
aligned_single_processed_HA,L345G,1.8749008
aligned_single_processed_HA,L345H,1.8937759
aligned_single_processed_HA,L345I,1.7806702
aligned_single_processed_HA,L345K,1.9414825
aligned_single_processed_HA,L345M,1.7802162
aligned_single_processed_HA,L345N,1.7522507
aligned_single_processed_HA,L345P,2.050415
aligned_single_processed_HA,L345Q,1.9655533
aligned_single_processed_HA,L345R,1.9092407
aligned_single_processed_HA,L345S,1.8117676
aligned_single_processed_HA,L345T,1.9682808
aligned_single_processed_HA,L345V,1.7193527
aligned_single_processed_HA,L345W,1.9190292
aligned_single_processed_HA,L345Y,1.8354073
aligned_single_processed_HA,F346A,1.9248657
aligned_single_processed_HA,F346C,2.018711
aligned_single_processed_HA,F346D,2.1092834
aligned_single_processed_HA,F346E,1.9294739
aligned_single_processed_HA,F346G,1.8863144
aligned_single_processed_HA,F346H,1.8891258
aligned_single_processed_HA,F346I,1.9839973
aligned_single_processed_HA,F346K,1.8926086
aligned_single_processed_HA,F346L,1.8449326
aligned_single_processed_HA,F346M,1.9984665
aligned_single_processed_HA,F346N,1.9611206
aligned_single_processed_HA,F346P,2.0079994
aligned_single_processed_HA,F346Q,2.079525
aligned_single_processed_HA,F346R,2.1273537
aligned_single_processed_HA,F346S,1.9954987
aligned_single_processed_HA,F346T,1.967804
aligned_single_processed_HA,F346V,1.8422737
aligned_single_processed_HA,F346W,1.8938408
aligned_single_processed_HA,F346Y,1.9416275
aligned_single_processed_HA,G347A,2.0456352
aligned_single_processed_HA,G347C,1.9856453
aligned_single_processed_HA,G347D,1.9402351
aligned_single_processed_HA,G347E,1.8485718
aligned_single_processed_HA,G347F,2.034603
aligned_single_processed_HA,G347H,1.9869843
aligned_single_processed_HA,G347I,2.0944672
aligned_single_processed_HA,G347K,2.0374413
aligned_single_processed_HA,G347L,1.8104439
aligned_single_processed_HA,G347M,2.0677643
aligned_single_processed_HA,G347N,1.9881516
aligned_single_processed_HA,G347P,2.2621078
aligned_single_processed_HA,G347Q,2.0599098
aligned_single_processed_HA,G347R,1.950737
aligned_single_processed_HA,G347S,1.9341354
aligned_single_processed_HA,G347T,2.0541344
aligned_single_processed_HA,G347V,1.9897232
aligned_single_processed_HA,G347W,1.9716301
aligned_single_processed_HA,G347Y,2.1438522
aligned_single_processed_HA,A348C,1.7939682
aligned_single_processed_HA,A348D,1.6817589
aligned_single_processed_HA,A348E,1.9569969
aligned_single_processed_HA,A348F,1.941246
aligned_single_processed_HA,A348G,1.8781967
aligned_single_processed_HA,A348H,2.1569023
aligned_single_processed_HA,A348I,1.9795685
aligned_single_processed_HA,A348K,1.9631767
aligned_single_processed_HA,A348L,2.0992432
aligned_single_processed_HA,A348M,1.9078293
aligned_single_processed_HA,A348N,1.9004898
aligned_single_processed_HA,A348P,2.1440468
aligned_single_processed_HA,A348Q,1.9529076
aligned_single_processed_HA,A348R,1.7969894
aligned_single_processed_HA,A348S,2.055748
aligned_single_processed_HA,A348T,1.8661957
aligned_single_processed_HA,A348V,1.7348404
aligned_single_processed_HA,A348W,1.8620987
aligned_single_processed_HA,A348Y,2.078617
aligned_single_processed_HA,I349A,1.8101959
aligned_single_processed_HA,I349C,2.0849915
aligned_single_processed_HA,I349D,1.957695
aligned_single_processed_HA,I349E,1.8989906
aligned_single_processed_HA,I349F,2.1071053
aligned_single_processed_HA,I349G,1.8281517
aligned_single_processed_HA,I349H,1.9642487
aligned_single_processed_HA,I349K,2.0337372
aligned_single_processed_HA,I349L,2.0288582
aligned_single_processed_HA,I349M,2.1066856
aligned_single_processed_HA,I349N,1.8981857
aligned_single_processed_HA,I349P,2.0512505
aligned_single_processed_HA,I349Q,2.195221
aligned_single_processed_HA,I349R,1.9366989
aligned_single_processed_HA,I349S,1.8662033
aligned_single_processed_HA,I349T,2.0168457
aligned_single_processed_HA,I349V,1.7430344
aligned_single_processed_HA,I349W,1.7793579
aligned_single_processed_HA,I349Y,1.6507492
aligned_single_processed_HA,A350C,1.8928719
aligned_single_processed_HA,A350D,1.7807045
aligned_single_processed_HA,A350E,1.7937126
aligned_single_processed_HA,A350F,1.7713394
aligned_single_processed_HA,A350G,1.8350334
aligned_single_processed_HA,A350H,2.1021004
aligned_single_processed_HA,A350I,1.8894005
aligned_single_processed_HA,A350K,1.9460716
aligned_single_processed_HA,A350L,1.8613205
aligned_single_processed_HA,A350M,2.0469475
aligned_single_processed_HA,A350N,1.9479904
aligned_single_processed_HA,A350P,2.0031738
aligned_single_processed_HA,A350Q,1.97575
aligned_single_processed_HA,A350R,2.1307526
aligned_single_processed_HA,A350S,2.0360832
aligned_single_processed_HA,A350T,1.7754173
aligned_single_processed_HA,A350V,1.8212318
aligned_single_processed_HA,A350W,1.8390503
aligned_single_processed_HA,A350Y,1.9264488
aligned_single_processed_HA,G351A,1.9985313
aligned_single_processed_HA,G351C,1.957531
aligned_single_processed_HA,G351D,2.0525742
aligned_single_processed_HA,G351E,2.0526237
aligned_single_processed_HA,G351F,1.8863449
aligned_single_processed_HA,G351H,2.0616074
aligned_single_processed_HA,G351I,1.9261246
aligned_single_processed_HA,G351K,1.7647705
aligned_single_processed_HA,G351L,2.1946068
aligned_single_processed_HA,G351M,1.8963585
aligned_single_processed_HA,G351N,1.8977699
aligned_single_processed_HA,G351P,1.8778229
aligned_single_processed_HA,G351Q,2.12957
aligned_single_processed_HA,G351R,2.1028671
aligned_single_processed_HA,G351S,1.9042625
aligned_single_processed_HA,G351T,1.8821068
aligned_single_processed_HA,G351V,1.7706833
aligned_single_processed_HA,G351W,2.001606
aligned_single_processed_HA,G351Y,2.1591148
aligned_single_processed_HA,F352A,1.9174118
aligned_single_processed_HA,F352C,1.8573418
aligned_single_processed_HA,F352D,1.9624252
aligned_single_processed_HA,F352E,2.0040169
aligned_single_processed_HA,F352G,1.9862785
aligned_single_processed_HA,F352H,2.047554
aligned_single_processed_HA,F352I,1.8698082
aligned_single_processed_HA,F352K,2.2274704
aligned_single_processed_HA,F352L,1.926094
aligned_single_processed_HA,F352M,1.7935333
aligned_single_processed_HA,F352N,2.081787
aligned_single_processed_HA,F352P,1.8877487
aligned_single_processed_HA,F352Q,1.9477768
aligned_single_processed_HA,F352R,1.9967384
aligned_single_processed_HA,F352S,1.8970375
aligned_single_processed_HA,F352T,2.0876427
aligned_single_processed_HA,F352V,2.1638374
aligned_single_processed_HA,F352W,1.8506584
aligned_single_processed_HA,F352Y,1.9973068
aligned_single_processed_HA,I353A,1.7949982
aligned_single_processed_HA,I353C,1.7700996
aligned_single_processed_HA,I353D,1.8806725
aligned_single_processed_HA,I353E,1.7503242
aligned_single_processed_HA,I353F,2.0570107
aligned_single_processed_HA,I353G,1.8097649
aligned_single_processed_HA,I353H,1.691185
aligned_single_processed_HA,I353K,1.7523079
aligned_single_processed_HA,I353L,1.8634682
aligned_single_processed_HA,I353M,1.8435669
aligned_single_processed_HA,I353N,1.7566795
aligned_single_processed_HA,I353P,1.966816
aligned_single_processed_HA,I353Q,1.8317032
aligned_single_processed_HA,I353R,1.77491
aligned_single_processed_HA,I353S,1.762001
aligned_single_processed_HA,I353T,1.9577293
aligned_single_processed_HA,I353V,1.3633232
aligned_single_processed_HA,I353W,1.9467735
aligned_single_processed_HA,I353Y,1.9202461
aligned_single_processed_HA,E354A,1.9150658
aligned_single_processed_HA,E354C,2.021675
aligned_single_processed_HA,E354D,1.8704796
aligned_single_processed_HA,E354F,1.8823509
aligned_single_processed_HA,E354G,1.8268356
aligned_single_processed_HA,E354H,2.0579147
aligned_single_processed_HA,E354I,1.8198166
aligned_single_processed_HA,E354K,1.9299355
aligned_single_processed_HA,E354L,1.8134651
aligned_single_processed_HA,E354M,2.0928078
aligned_single_processed_HA,E354N,1.7152901
aligned_single_processed_HA,E354P,2.0456467
aligned_single_processed_HA,E354Q,2.0544205
aligned_single_processed_HA,E354R,2.0239487
aligned_single_processed_HA,E354S,2.1257172
aligned_single_processed_HA,E354T,2.1255035
aligned_single_processed_HA,E354V,1.8276405
aligned_single_processed_HA,E354W,1.887661
aligned_single_processed_HA,E354Y,1.9805374
aligned_single_processed_HA,G355A,1.8886871
aligned_single_processed_HA,G355C,2.1103783
aligned_single_processed_HA,G355D,1.9756927
aligned_single_processed_HA,G355E,1.9134521
aligned_single_processed_HA,G355F,2.1834831
aligned_single_processed_HA,G355H,1.9915771
aligned_single_processed_HA,G355I,2.1105728
aligned_single_processed_HA,G355K,1.9920082
aligned_single_processed_HA,G355L,2.0779533
aligned_single_processed_HA,G355M,1.9848671
aligned_single_processed_HA,G355N,2.2443619
aligned_single_processed_HA,G355P,1.9915581
aligned_single_processed_HA,G355Q,2.1172028
aligned_single_processed_HA,G355R,1.8397827
aligned_single_processed_HA,G355S,1.8578148
aligned_single_processed_HA,G355T,2.0339088
aligned_single_processed_HA,G355V,1.9743462
aligned_single_processed_HA,G355W,1.7865105
aligned_single_processed_HA,G355Y,1.9723282
aligned_single_processed_HA,G356A,2.0507164
aligned_single_processed_HA,G356C,2.0800323
aligned_single_processed_HA,G356D,1.9907265
aligned_single_processed_HA,G356E,1.8600769
aligned_single_processed_HA,G356F,1.8680725
aligned_single_processed_HA,G356H,2.218483
aligned_single_processed_HA,G356I,1.9780235
aligned_single_processed_HA,G356K,1.8173561
aligned_single_processed_HA,G356L,1.911766
aligned_single_processed_HA,G356M,2.022274
aligned_single_processed_HA,G356N,2.02042
aligned_single_processed_HA,G356P,2.2701454
aligned_single_processed_HA,G356Q,2.0654488
aligned_single_processed_HA,G356R,1.8833542
aligned_single_processed_HA,G356S,1.8578148
aligned_single_processed_HA,G356T,1.91222
aligned_single_processed_HA,G356V,1.8585205
aligned_single_processed_HA,G356W,1.9762268
aligned_single_processed_HA,G356Y,1.7851257
aligned_single_processed_HA,W357A,2.1232224
aligned_single_processed_HA,W357C,1.86586
aligned_single_processed_HA,W357D,1.8727112
aligned_single_processed_HA,W357E,2.0742035
aligned_single_processed_HA,W357F,2.111103
aligned_single_processed_HA,W357G,1.9165916
aligned_single_processed_HA,W357H,2.0515099
aligned_single_processed_HA,W357I,1.9816704
aligned_single_processed_HA,W357K,1.9398422
aligned_single_processed_HA,W357L,2.075817
aligned_single_processed_HA,W357M,1.9396439
aligned_single_processed_HA,W357N,1.9362564
aligned_single_processed_HA,W357P,1.8650742
aligned_single_processed_HA,W357Q,2.1419296
aligned_single_processed_HA,W357R,1.8030396
aligned_single_processed_HA,W357S,1.9060249
aligned_single_processed_HA,W357T,1.838562
aligned_single_processed_HA,W357V,1.8776627
aligned_single_processed_HA,W357Y,1.9462166
aligned_single_processed_HA,T358A,1.8964615
aligned_single_processed_HA,T358C,2.1216583
aligned_single_processed_HA,T358D,1.9609337
aligned_single_processed_HA,T358E,2.1671944
aligned_single_processed_HA,T358F,1.7757912
aligned_single_processed_HA,T358G,1.9068985
aligned_single_processed_HA,T358H,1.7919884
aligned_single_processed_HA,T358I,1.9799309
aligned_single_processed_HA,T358K,1.830574
aligned_single_processed_HA,T358L,2.057499
aligned_single_processed_HA,T358M,1.8955116
aligned_single_processed_HA,T358N,1.6710739
aligned_single_processed_HA,T358P,1.9660225
aligned_single_processed_HA,T358Q,1.8969727
aligned_single_processed_HA,T358R,2.0200005
aligned_single_processed_HA,T358S,2.08778
aligned_single_processed_HA,T358V,1.8669739
aligned_single_processed_HA,T358W,2.0219116
aligned_single_processed_HA,T358Y,1.9650688
aligned_single_processed_HA,G359A,2.2372398
aligned_single_processed_HA,G359C,2.008377
aligned_single_processed_HA,G359D,2.207634
aligned_single_processed_HA,G359E,2.0897903
aligned_single_processed_HA,G359F,2.0738487
aligned_single_processed_HA,G359H,2.1482162
aligned_single_processed_HA,G359I,1.9561882
aligned_single_processed_HA,G359K,1.9690742
aligned_single_processed_HA,G359L,1.9487343
aligned_single_processed_HA,G359M,2.0438118
aligned_single_processed_HA,G359N,2.2463036
aligned_single_processed_HA,G359P,1.7957344
aligned_single_processed_HA,G359Q,2.1433144
aligned_single_processed_HA,G359R,2.0686073
aligned_single_processed_HA,G359S,2.0950127
aligned_single_processed_HA,G359T,1.8684692
aligned_single_processed_HA,G359V,1.7572365
aligned_single_processed_HA,G359W,1.9003716
aligned_single_processed_HA,G359Y,2.0535316
aligned_single_processed_HA,M360A,1.9204979
aligned_single_processed_HA,M360C,1.7448883
aligned_single_processed_HA,M360D,1.6722984
aligned_single_processed_HA,M360E,1.8896484
aligned_single_processed_HA,M360F,1.7626839
aligned_single_processed_HA,M360G,1.803978
aligned_single_processed_HA,M360H,1.8414993
aligned_single_processed_HA,M360I,1.3382187
aligned_single_processed_HA,M360K,1.8440552
aligned_single_processed_HA,M360L,1.5554085
aligned_single_processed_HA,M360N,1.753334
aligned_single_processed_HA,M360P,1.5654488
aligned_single_processed_HA,M360Q,1.7429237
aligned_single_processed_HA,M360R,1.8137856
aligned_single_processed_HA,M360S,1.7729149
aligned_single_processed_HA,M360T,1.7603798
aligned_single_processed_HA,M360V,1.6767921
aligned_single_processed_HA,M360W,1.7357674
aligned_single_processed_HA,M360Y,1.6852837
aligned_single_processed_HA,I361A,1.8664322
aligned_single_processed_HA,I361C,1.8620949
aligned_single_processed_HA,I361D,1.9299164
aligned_single_processed_HA,I361E,1.9627113
aligned_single_processed_HA,I361F,1.9126091
aligned_single_processed_HA,I361G,1.8392525
aligned_single_processed_HA,I361H,1.7770844
aligned_single_processed_HA,I361K,1.9157257
aligned_single_processed_HA,I361L,2.0044823
aligned_single_processed_HA,I361M,1.6395569
aligned_single_processed_HA,I361N,1.5638123
aligned_single_processed_HA,I361P,1.9238739
aligned_single_processed_HA,I361Q,1.8167229
aligned_single_processed_HA,I361R,2.024189
aligned_single_processed_HA,I361S,1.928833
aligned_single_processed_HA,I361T,1.7982483
aligned_single_processed_HA,I361V,1.0828857
aligned_single_processed_HA,I361W,1.7760811
aligned_single_processed_HA,I361Y,1.9396935
aligned_single_processed_HA,D362A,1.944931
aligned_single_processed_HA,D362C,1.9186211
aligned_single_processed_HA,D362E,1.8005829
aligned_single_processed_HA,D362F,1.9741669
aligned_single_processed_HA,D362G,1.7987175
aligned_single_processed_HA,D362H,1.9322624
aligned_single_processed_HA,D362I,1.9551468
aligned_single_processed_HA,D362K,1.782589
aligned_single_processed_HA,D362L,2.0113983
aligned_single_processed_HA,D362M,1.5986786
aligned_single_processed_HA,D362N,1.7293091
aligned_single_processed_HA,D362P,1.9571533
aligned_single_processed_HA,D362Q,1.8447456
aligned_single_processed_HA,D362R,1.6708488
aligned_single_processed_HA,D362S,1.947094
aligned_single_processed_HA,D362T,1.949791
aligned_single_processed_HA,D362V,1.8931694
aligned_single_processed_HA,D362W,1.9338684
aligned_single_processed_HA,D362Y,1.7392998
aligned_single_processed_HA,G363A,2.1354523
aligned_single_processed_HA,G363C,1.9667473
aligned_single_processed_HA,G363D,2.0720825
aligned_single_processed_HA,G363E,1.8404503
aligned_single_processed_HA,G363F,2.2046623
aligned_single_processed_HA,G363H,2.0730247
aligned_single_processed_HA,G363I,1.888504
aligned_single_processed_HA,G363K,2.0257912
aligned_single_processed_HA,G363L,2.2335167
aligned_single_processed_HA,G363M,1.8407784
aligned_single_processed_HA,G363N,2.1428337
aligned_single_processed_HA,G363P,2.0953827
aligned_single_processed_HA,G363Q,2.000431
aligned_single_processed_HA,G363R,1.9821625
aligned_single_processed_HA,G363S,1.9932404
aligned_single_processed_HA,G363T,2.0925827
aligned_single_processed_HA,G363V,1.955616
aligned_single_processed_HA,G363W,1.8857155
aligned_single_processed_HA,G363Y,1.8942833
aligned_single_processed_HA,W364A,2.068142
aligned_single_processed_HA,W364C,1.9162483
aligned_single_processed_HA,W364D,1.7330589
aligned_single_processed_HA,W364E,1.8305779
aligned_single_processed_HA,W364F,1.9612007
aligned_single_processed_HA,W364G,2.1439438
aligned_single_processed_HA,W364H,1.9677162
aligned_single_processed_HA,W364I,1.8051453
aligned_single_processed_HA,W364K,2.0817947
aligned_single_processed_HA,W364L,2.0289536
aligned_single_processed_HA,W364M,1.9091301
aligned_single_processed_HA,W364N,2.1312141
aligned_single_processed_HA,W364P,2.123745
aligned_single_processed_HA,W364Q,1.9908829
aligned_single_processed_HA,W364R,1.9105453
aligned_single_processed_HA,W364S,1.9111824
aligned_single_processed_HA,W364T,1.7134819
aligned_single_processed_HA,W364V,1.9394989
aligned_single_processed_HA,W364Y,2.1357498
aligned_single_processed_HA,Y365A,1.8435326
aligned_single_processed_HA,Y365C,1.9399567
aligned_single_processed_HA,Y365D,1.7905922
aligned_single_processed_HA,Y365E,1.8470497
aligned_single_processed_HA,Y365F,1.9087257
aligned_single_processed_HA,Y365G,1.9890556
aligned_single_processed_HA,Y365H,1.72575
aligned_single_processed_HA,Y365I,1.8714142
aligned_single_processed_HA,Y365K,1.787075
aligned_single_processed_HA,Y365L,1.7996216
aligned_single_processed_HA,Y365M,1.907711
aligned_single_processed_HA,Y365N,2.0649185
aligned_single_processed_HA,Y365P,1.931633
aligned_single_processed_HA,Y365Q,1.9349747
aligned_single_processed_HA,Y365R,1.9447861
aligned_single_processed_HA,Y365S,1.7939873
aligned_single_processed_HA,Y365T,1.914711
aligned_single_processed_HA,Y365V,1.5679398
aligned_single_processed_HA,Y365W,1.9575195
aligned_single_processed_HA,G366A,1.9662704
aligned_single_processed_HA,G366C,1.9946861
aligned_single_processed_HA,G366D,1.9170837
aligned_single_processed_HA,G366E,1.9143143
aligned_single_processed_HA,G366F,2.1170654
aligned_single_processed_HA,G366H,1.873066
aligned_single_processed_HA,G366I,1.9252243
aligned_single_processed_HA,G366K,1.8174744
aligned_single_processed_HA,G366L,1.9043694
aligned_single_processed_HA,G366M,1.9640694
aligned_single_processed_HA,G366N,1.8624344
aligned_single_processed_HA,G366P,1.9181328
aligned_single_processed_HA,G366Q,1.9839134
aligned_single_processed_HA,G366R,2.0188484
aligned_single_processed_HA,G366S,1.9663773
aligned_single_processed_HA,G366T,1.9192696
aligned_single_processed_HA,G366V,1.9599419
aligned_single_processed_HA,G366W,2.0108871
aligned_single_processed_HA,G366Y,1.8107338
aligned_single_processed_HA,Y367A,1.9283905
aligned_single_processed_HA,Y367C,1.9566383
aligned_single_processed_HA,Y367D,1.9235954
aligned_single_processed_HA,Y367E,1.9400444
aligned_single_processed_HA,Y367F,1.7356873
aligned_single_processed_HA,Y367G,2.0336876
aligned_single_processed_HA,Y367H,1.9480515
aligned_single_processed_HA,Y367I,2.0367355
aligned_single_processed_HA,Y367K,1.984684
aligned_single_processed_HA,Y367L,2.0214577
aligned_single_processed_HA,Y367M,2.089161
aligned_single_processed_HA,Y367N,1.9532204
aligned_single_processed_HA,Y367P,1.9070778
aligned_single_processed_HA,Y367Q,1.9608688
aligned_single_processed_HA,Y367R,1.9837189
aligned_single_processed_HA,Y367S,1.9223557
aligned_single_processed_HA,Y367T,1.9764557
aligned_single_processed_HA,Y367V,1.9900589
aligned_single_processed_HA,Y367W,1.8575897
aligned_single_processed_HA,H368A,2.1426392
aligned_single_processed_HA,H368C,1.8448715
aligned_single_processed_HA,H368D,2.038227
aligned_single_processed_HA,H368E,2.089592
aligned_single_processed_HA,H368F,2.0569954
aligned_single_processed_HA,H368G,1.8876381
aligned_single_processed_HA,H368I,1.9393158
aligned_single_processed_HA,H368K,2.0281487
aligned_single_processed_HA,H368L,2.0745316
aligned_single_processed_HA,H368M,2.117176
aligned_single_processed_HA,H368N,1.8918953
aligned_single_processed_HA,H368P,2.2908134
aligned_single_processed_HA,H368Q,1.9733658
aligned_single_processed_HA,H368R,1.9106674
aligned_single_processed_HA,H368S,1.9678879
aligned_single_processed_HA,H368T,2.2599792
aligned_single_processed_HA,H368V,1.9625969
aligned_single_processed_HA,H368W,1.9984932
aligned_single_processed_HA,H368Y,1.6663742
aligned_single_processed_HA,H369A,1.9649124
aligned_single_processed_HA,H369C,1.9639816
aligned_single_processed_HA,H369D,2.052784
aligned_single_processed_HA,H369E,1.9368324
aligned_single_processed_HA,H369F,2.1215897
aligned_single_processed_HA,H369G,1.9362755
aligned_single_processed_HA,H369I,2.1941948
aligned_single_processed_HA,H369K,1.8850975
aligned_single_processed_HA,H369L,2.0866165
aligned_single_processed_HA,H369M,2.1096344
aligned_single_processed_HA,H369N,1.8482819
aligned_single_processed_HA,H369P,1.9059906
aligned_single_processed_HA,H369Q,1.9551811
aligned_single_processed_HA,H369R,1.9127007
aligned_single_processed_HA,H369S,1.9383163
aligned_single_processed_HA,H369T,1.8061295
aligned_single_processed_HA,H369V,1.9968414
aligned_single_processed_HA,H369W,2.1068954
aligned_single_processed_HA,H369Y,1.8800621
aligned_single_processed_HA,Q370A,1.7141075
aligned_single_processed_HA,Q370C,1.8210106
aligned_single_processed_HA,Q370D,1.7018089
aligned_single_processed_HA,Q370E,1.7928772
aligned_single_processed_HA,Q370F,1.6513023
aligned_single_processed_HA,Q370G,1.6534576
aligned_single_processed_HA,Q370H,1.7919083
aligned_single_processed_HA,Q370I,1.836525
aligned_single_processed_HA,Q370K,1.9921227
aligned_single_processed_HA,Q370L,1.8870697
aligned_single_processed_HA,Q370M,1.9133797
aligned_single_processed_HA,Q370N,1.6607246
aligned_single_processed_HA,Q370P,1.8289452
aligned_single_processed_HA,Q370R,1.3469009
aligned_single_processed_HA,Q370S,1.9108505
aligned_single_processed_HA,Q370T,1.6668434
aligned_single_processed_HA,Q370V,1.7509041
aligned_single_processed_HA,Q370W,1.8423615
aligned_single_processed_HA,Q370Y,1.7486382
aligned_single_processed_HA,N371A,1.9160423
aligned_single_processed_HA,N371C,1.9324532
aligned_single_processed_HA,N371D,1.8919373
aligned_single_processed_HA,N371E,2.0114212
aligned_single_processed_HA,N371F,2.0051155
aligned_single_processed_HA,N371G,1.9180107
aligned_single_processed_HA,N371H,2.0962105
aligned_single_processed_HA,N371I,1.7029114
aligned_single_processed_HA,N371K,1.8971825
aligned_single_processed_HA,N371L,1.8407707
aligned_single_processed_HA,N371M,2.001171
aligned_single_processed_HA,N371P,1.9451942
aligned_single_processed_HA,N371Q,1.91893
aligned_single_processed_HA,N371R,1.9775009
aligned_single_processed_HA,N371S,1.874836
aligned_single_processed_HA,N371T,1.899807
aligned_single_processed_HA,N371V,1.8435898
aligned_single_processed_HA,N371W,1.9243507
aligned_single_processed_HA,N371Y,1.8145409
aligned_single_processed_HA,E372A,1.6516838
aligned_single_processed_HA,E372C,1.6814728
aligned_single_processed_HA,E372D,1.2830238
aligned_single_processed_HA,E372F,1.7912254
aligned_single_processed_HA,E372G,1.4147224
aligned_single_processed_HA,E372H,1.7277832
aligned_single_processed_HA,E372I,1.820507
aligned_single_processed_HA,E372K,1.6924934
aligned_single_processed_HA,E372L,1.8263245
aligned_single_processed_HA,E372M,1.6659813
aligned_single_processed_HA,E372N,1.8422585
aligned_single_processed_HA,E372P,1.757515
aligned_single_processed_HA,E372Q,1.730835
aligned_single_processed_HA,E372R,1.6757965
aligned_single_processed_HA,E372S,1.9973907
aligned_single_processed_HA,E372T,1.4767876
aligned_single_processed_HA,E372V,1.6485634
aligned_single_processed_HA,E372W,1.5908318
aligned_single_processed_HA,E372Y,1.6084251
aligned_single_processed_HA,Q373A,1.7019882
aligned_single_processed_HA,Q373C,1.7578621
aligned_single_processed_HA,Q373D,1.8646317
aligned_single_processed_HA,Q373E,1.856884
aligned_single_processed_HA,Q373F,1.737503
aligned_single_processed_HA,Q373G,1.835659
aligned_single_processed_HA,Q373H,1.984932
aligned_single_processed_HA,Q373I,1.8782043
aligned_single_processed_HA,Q373K,1.6922302
aligned_single_processed_HA,Q373L,1.7498283
aligned_single_processed_HA,Q373M,1.7018547
aligned_single_processed_HA,Q373N,1.7474174
aligned_single_processed_HA,Q373P,1.7287788
aligned_single_processed_HA,Q373R,1.9648476
aligned_single_processed_HA,Q373S,1.8344002
aligned_single_processed_HA,Q373T,1.9215393
aligned_single_processed_HA,Q373V,1.8767395
aligned_single_processed_HA,Q373W,1.7415771
aligned_single_processed_HA,Q373Y,1.9615974
aligned_single_processed_HA,G374A,2.0771332
aligned_single_processed_HA,G374C,1.979805
aligned_single_processed_HA,G374D,2.1412735
aligned_single_processed_HA,G374E,1.9297829
aligned_single_processed_HA,G374F,1.6868706
aligned_single_processed_HA,G374H,1.9769058
aligned_single_processed_HA,G374I,1.931633
aligned_single_processed_HA,G374K,2.132
aligned_single_processed_HA,G374L,1.846283
aligned_single_processed_HA,G374M,2.0585747
aligned_single_processed_HA,G374N,1.8621712
aligned_single_processed_HA,G374P,1.9005165
aligned_single_processed_HA,G374Q,1.8723145
aligned_single_processed_HA,G374R,2.0668945
aligned_single_processed_HA,G374S,1.8256454
aligned_single_processed_HA,G374T,1.9976616
aligned_single_processed_HA,G374V,2.0520515
aligned_single_processed_HA,G374W,1.6223412
aligned_single_processed_HA,G374Y,2.0165024
aligned_single_processed_HA,S375A,1.885189
aligned_single_processed_HA,S375C,1.7802925
aligned_single_processed_HA,S375D,1.8096313
aligned_single_processed_HA,S375E,1.8678474
aligned_single_processed_HA,S375F,1.9409714
aligned_single_processed_HA,S375G,1.8106995
aligned_single_processed_HA,S375H,1.8555107
aligned_single_processed_HA,S375I,1.7164688
aligned_single_processed_HA,S375K,1.8018227
aligned_single_processed_HA,S375L,1.8855476
aligned_single_processed_HA,S375M,1.6503944
aligned_single_processed_HA,S375N,1.6586914
aligned_single_processed_HA,S375P,1.8676224
aligned_single_processed_HA,S375Q,1.8786316
aligned_single_processed_HA,S375R,1.8699532
aligned_single_processed_HA,S375T,1.5132332
aligned_single_processed_HA,S375V,1.4798126
aligned_single_processed_HA,S375W,1.8332214
aligned_single_processed_HA,S375Y,1.798851
aligned_single_processed_HA,G376A,1.7642822
aligned_single_processed_HA,G376C,1.8827477
aligned_single_processed_HA,G376D,2.1489906
aligned_single_processed_HA,G376E,1.7857475
aligned_single_processed_HA,G376F,1.8611526
aligned_single_processed_HA,G376H,2.009842
aligned_single_processed_HA,G376I,1.8464279
aligned_single_processed_HA,G376K,1.8880882
aligned_single_processed_HA,G376L,2.1527405
aligned_single_processed_HA,G376M,2.0173569
aligned_single_processed_HA,G376N,1.837246
aligned_single_processed_HA,G376P,1.8997421
aligned_single_processed_HA,G376Q,1.6632614
aligned_single_processed_HA,G376R,1.9446754
aligned_single_processed_HA,G376S,1.9426575
aligned_single_processed_HA,G376T,1.773632
aligned_single_processed_HA,G376V,1.8078575
aligned_single_processed_HA,G376W,2.008133
aligned_single_processed_HA,G376Y,2.1255913
aligned_single_processed_HA,Y377A,1.8971214
aligned_single_processed_HA,Y377C,1.8803368
aligned_single_processed_HA,Y377D,2.0280113
aligned_single_processed_HA,Y377E,1.8824921
aligned_single_processed_HA,Y377F,2.0954819
aligned_single_processed_HA,Y377G,1.6193352
aligned_single_processed_HA,Y377H,1.9304008
aligned_single_processed_HA,Y377I,1.7904358
aligned_single_processed_HA,Y377K,2.0118217
aligned_single_processed_HA,Y377L,1.9034233
aligned_single_processed_HA,Y377M,1.9929619
aligned_single_processed_HA,Y377N,1.9586105
aligned_single_processed_HA,Y377P,1.8349419
aligned_single_processed_HA,Y377Q,2.0768394
aligned_single_processed_HA,Y377R,1.887394
aligned_single_processed_HA,Y377S,1.8489342
aligned_single_processed_HA,Y377T,1.9536629
aligned_single_processed_HA,Y377V,1.9667816
aligned_single_processed_HA,Y377W,1.9248276
aligned_single_processed_HA,A378C,1.8900414
aligned_single_processed_HA,A378D,1.840065
aligned_single_processed_HA,A378E,1.934967
aligned_single_processed_HA,A378F,1.7773323
aligned_single_processed_HA,A378G,1.8832359
aligned_single_processed_HA,A378H,1.8818817
aligned_single_processed_HA,A378I,1.8937988
aligned_single_processed_HA,A378K,2.063446
aligned_single_processed_HA,A378L,1.9621811
aligned_single_processed_HA,A378M,1.867424
aligned_single_processed_HA,A378N,1.7091026
aligned_single_processed_HA,A378P,1.7494087
aligned_single_processed_HA,A378Q,1.8176003
aligned_single_processed_HA,A378R,1.8745537
aligned_single_processed_HA,A378S,1.9302864
aligned_single_processed_HA,A378T,1.8248062
aligned_single_processed_HA,A378V,1.8229408
aligned_single_processed_HA,A378W,2.0433464
aligned_single_processed_HA,A378Y,1.9747581
aligned_single_processed_HA,A379C,1.6382065
aligned_single_processed_HA,A379D,1.863163
aligned_single_processed_HA,A379E,2.0557785
aligned_single_processed_HA,A379F,1.9390144
aligned_single_processed_HA,A379G,2.046238
aligned_single_processed_HA,A379H,2.1719933
aligned_single_processed_HA,A379I,1.9420509
aligned_single_processed_HA,A379K,1.8296204
aligned_single_processed_HA,A379L,2.2827377
aligned_single_processed_HA,A379M,1.8490067
aligned_single_processed_HA,A379N,1.9405899
aligned_single_processed_HA,A379P,2.1875877
aligned_single_processed_HA,A379Q,1.8169403
aligned_single_processed_HA,A379R,1.9926338
aligned_single_processed_HA,A379S,1.9625969
aligned_single_processed_HA,A379T,1.7026863
aligned_single_processed_HA,A379V,1.7815399
aligned_single_processed_HA,A379W,1.8925667
aligned_single_processed_HA,A379Y,2.2139282
aligned_single_processed_HA,D380A,1.8935814
aligned_single_processed_HA,D380C,1.9852943
aligned_single_processed_HA,D380E,1.8740082
aligned_single_processed_HA,D380F,1.7818832
aligned_single_processed_HA,D380G,1.8418236
aligned_single_processed_HA,D380H,1.7919464
aligned_single_processed_HA,D380I,1.9260483
aligned_single_processed_HA,D380K,1.9117241
aligned_single_processed_HA,D380L,2.1807556
aligned_single_processed_HA,D380M,1.9054565
aligned_single_processed_HA,D380N,1.6898499
aligned_single_processed_HA,D380P,1.7515984
aligned_single_processed_HA,D380Q,1.8069916
aligned_single_processed_HA,D380R,1.7391701
aligned_single_processed_HA,D380S,1.9527817
aligned_single_processed_HA,D380T,1.8437996
aligned_single_processed_HA,D380V,1.7640152
aligned_single_processed_HA,D380W,1.8536911
aligned_single_processed_HA,D380Y,1.8331795
aligned_single_processed_HA,Q381A,1.770504
aligned_single_processed_HA,Q381C,1.6756363
aligned_single_processed_HA,Q381D,1.5554199
aligned_single_processed_HA,Q381E,1.6623001
aligned_single_processed_HA,Q381F,1.6470604
aligned_single_processed_HA,Q381G,1.54002
aligned_single_processed_HA,Q381H,1.6961212
aligned_single_processed_HA,Q381I,1.705658
aligned_single_processed_HA,Q381K,1.3724289
aligned_single_processed_HA,Q381L,1.4010963
aligned_single_processed_HA,Q381M,1.534111
aligned_single_processed_HA,Q381N,1.5667725
aligned_single_processed_HA,Q381P,1.5411453
aligned_single_processed_HA,Q381R,1.2978897
aligned_single_processed_HA,Q381S,1.576973
aligned_single_processed_HA,Q381T,1.497921
aligned_single_processed_HA,Q381V,1.6479149
aligned_single_processed_HA,Q381W,1.4702225
aligned_single_processed_HA,Q381Y,1.701664
aligned_single_processed_HA,K382A,1.3232918
aligned_single_processed_HA,K382C,1.3450584
aligned_single_processed_HA,K382D,1.2584419
aligned_single_processed_HA,K382E,0.4565506
aligned_single_processed_HA,K382F,1.4197502
aligned_single_processed_HA,K382G,1.0980034
aligned_single_processed_HA,K382H,1.3783798
aligned_single_processed_HA,K382I,1.1295166
aligned_single_processed_HA,K382L,1.2259941
aligned_single_processed_HA,K382M,1.3218689
aligned_single_processed_HA,K382N,1.1681328
aligned_single_processed_HA,K382P,1.2939415
aligned_single_processed_HA,K382Q,1.1511536
aligned_single_processed_HA,K382R,0.82987595
aligned_single_processed_HA,K382S,1.3590317
aligned_single_processed_HA,K382T,0.9457207
aligned_single_processed_HA,K382V,1.2699509
aligned_single_processed_HA,K382W,1.4153748
aligned_single_processed_HA,K382Y,1.16156
aligned_single_processed_HA,S383A,1.8724022
aligned_single_processed_HA,S383C,1.704155
aligned_single_processed_HA,S383D,2.0759277
aligned_single_processed_HA,S383E,1.9109077
aligned_single_processed_HA,S383F,1.957367
aligned_single_processed_HA,S383G,1.944828
aligned_single_processed_HA,S383H,1.9833717
aligned_single_processed_HA,S383I,1.7430649
aligned_single_processed_HA,S383K,1.5147476
aligned_single_processed_HA,S383L,2.0104141
aligned_single_processed_HA,S383M,1.7845268
aligned_single_processed_HA,S383N,1.9067612
aligned_single_processed_HA,S383P,1.9471207
aligned_single_processed_HA,S383Q,1.9504852
aligned_single_processed_HA,S383R,1.9678688
aligned_single_processed_HA,S383T,1.9515686
aligned_single_processed_HA,S383V,1.7554932
aligned_single_processed_HA,S383W,2.011982
aligned_single_processed_HA,S383Y,2.0379143
aligned_single_processed_HA,T384A,1.9365997
aligned_single_processed_HA,T384C,2.106182
aligned_single_processed_HA,T384D,2.206581
aligned_single_processed_HA,T384E,1.8941193
aligned_single_processed_HA,T384F,2.0368576
aligned_single_processed_HA,T384G,1.8663902
aligned_single_processed_HA,T384H,1.8717384
aligned_single_processed_HA,T384I,1.9630508
aligned_single_processed_HA,T384K,1.8241425
aligned_single_processed_HA,T384L,1.935524
aligned_single_processed_HA,T384M,2.077713
aligned_single_processed_HA,T384N,1.8624496
aligned_single_processed_HA,T384P,2.015953
aligned_single_processed_HA,T384Q,1.8497391
aligned_single_processed_HA,T384R,1.9695511
aligned_single_processed_HA,T384S,1.8632317
aligned_single_processed_HA,T384V,1.7915268
aligned_single_processed_HA,T384W,1.9892349
aligned_single_processed_HA,T384Y,2.0793953
aligned_single_processed_HA,Q385A,1.7137947
aligned_single_processed_HA,Q385C,2.0725021
aligned_single_processed_HA,Q385D,1.8187447
aligned_single_processed_HA,Q385E,2.099266
aligned_single_processed_HA,Q385F,1.9323006
aligned_single_processed_HA,Q385G,1.8257904
aligned_single_processed_HA,Q385H,1.8884468
aligned_single_processed_HA,Q385I,1.8895912
aligned_single_processed_HA,Q385K,1.6644859
aligned_single_processed_HA,Q385L,1.5643044
aligned_single_processed_HA,Q385M,1.923603
aligned_single_processed_HA,Q385N,1.8389854
aligned_single_processed_HA,Q385P,2.0471802
aligned_single_processed_HA,Q385R,1.8354836
aligned_single_processed_HA,Q385S,1.6766052
aligned_single_processed_HA,Q385T,1.6802444
aligned_single_processed_HA,Q385V,1.7720146
aligned_single_processed_HA,Q385W,1.8064651
aligned_single_processed_HA,Q385Y,1.9338684
aligned_single_processed_HA,N386A,1.5899391
aligned_single_processed_HA,N386C,1.5759926
aligned_single_processed_HA,N386D,1.5978241
aligned_single_processed_HA,N386E,1.4686813
aligned_single_processed_HA,N386F,1.6219559
aligned_single_processed_HA,N386G,1.5942116
aligned_single_processed_HA,N386H,1.8291245
aligned_single_processed_HA,N386I,1.3640747
aligned_single_processed_HA,N386K,1.6670647
aligned_single_processed_HA,N386L,1.5639114
aligned_single_processed_HA,N386M,1.7419853
aligned_single_processed_HA,N386P,1.7054291
aligned_single_processed_HA,N386Q,1.7306175
aligned_single_processed_HA,N386R,1.5217552
aligned_single_processed_HA,N386S,1.2469482
aligned_single_processed_HA,N386T,1.3604317
aligned_single_processed_HA,N386V,1.7614212
aligned_single_processed_HA,N386W,1.7010498
aligned_single_processed_HA,N386Y,1.7948112
aligned_single_processed_HA,A387C,1.843689
aligned_single_processed_HA,A387D,1.8419151
aligned_single_processed_HA,A387E,1.7838364
aligned_single_processed_HA,A387F,1.8368683
aligned_single_processed_HA,A387G,1.9230309
aligned_single_processed_HA,A387H,2.044674
aligned_single_processed_HA,A387I,1.9315872
aligned_single_processed_HA,A387K,1.948883
aligned_single_processed_HA,A387L,1.7991982
aligned_single_processed_HA,A387M,2.072361
aligned_single_processed_HA,A387N,1.9652672
aligned_single_processed_HA,A387P,2.0523643
aligned_single_processed_HA,A387Q,2.0020332
aligned_single_processed_HA,A387R,2.021408
aligned_single_processed_HA,A387S,1.69487
aligned_single_processed_HA,A387T,1.6423187
aligned_single_processed_HA,A387V,1.803196
aligned_single_processed_HA,A387W,1.8231812
aligned_single_processed_HA,A387Y,1.8170052
aligned_single_processed_HA,I388A,1.6147423
aligned_single_processed_HA,I388C,1.8275795
aligned_single_processed_HA,I388D,1.7015648
aligned_single_processed_HA,I388E,1.772583
aligned_single_processed_HA,I388F,1.849083
aligned_single_processed_HA,I388G,1.7571945
aligned_single_processed_HA,I388H,1.902092
aligned_single_processed_HA,I388K,1.815548
aligned_single_processed_HA,I388L,1.5883255
aligned_single_processed_HA,I388M,1.6461334
aligned_single_processed_HA,I388N,1.7027283
aligned_single_processed_HA,I388P,1.9344864
aligned_single_processed_HA,I388Q,1.8909912
aligned_single_processed_HA,I388R,1.7313995
aligned_single_processed_HA,I388S,1.7781487
aligned_single_processed_HA,I388T,1.6569519
aligned_single_processed_HA,I388V,1.237915
aligned_single_processed_HA,I388W,2.004753
aligned_single_processed_HA,I388Y,1.8458481
aligned_single_processed_HA,N389A,1.3366508
aligned_single_processed_HA,N389C,1.3597755
aligned_single_processed_HA,N389D,0.22877884
aligned_single_processed_HA,N389E,1.3196144
aligned_single_processed_HA,N389F,1.2055435
aligned_single_processed_HA,N389G,1.6067924
aligned_single_processed_HA,N389H,1.4771233
aligned_single_processed_HA,N389I,1.3977394
aligned_single_processed_HA,N389K,1.612175
aligned_single_processed_HA,N389L,1.4937973
aligned_single_processed_HA,N389M,1.5373116
aligned_single_processed_HA,N389P,1.1234245
aligned_single_processed_HA,N389Q,1.3496857
aligned_single_processed_HA,N389R,1.3512688
aligned_single_processed_HA,N389S,1.393589
aligned_single_processed_HA,N389T,1.2126312
aligned_single_processed_HA,N389V,1.2528267
aligned_single_processed_HA,N389W,1.46101
aligned_single_processed_HA,N389Y,1.2532921
aligned_single_processed_HA,G390A,2.0764008
aligned_single_processed_HA,G390C,2.0405617
aligned_single_processed_HA,G390D,1.9651184
aligned_single_processed_HA,G390E,1.4396248
aligned_single_processed_HA,G390F,1.980587
aligned_single_processed_HA,G390H,2.086895
aligned_single_processed_HA,G390I,1.6579552
aligned_single_processed_HA,G390K,1.9215126
aligned_single_processed_HA,G390L,1.927269
aligned_single_processed_HA,G390M,1.781395
aligned_single_processed_HA,G390N,1.8805923
aligned_single_processed_HA,G390P,1.9182854
aligned_single_processed_HA,G390Q,2.0033379
aligned_single_processed_HA,G390R,1.7538376
aligned_single_processed_HA,G390S,1.8723831
aligned_single_processed_HA,G390T,1.8957748
aligned_single_processed_HA,G390V,2.235241
aligned_single_processed_HA,G390W,1.9998665
aligned_single_processed_HA,G390Y,2.045517
aligned_single_processed_HA,I391A,1.8084068
aligned_single_processed_HA,I391C,1.9064026
aligned_single_processed_HA,I391D,1.6845703
aligned_single_processed_HA,I391E,1.7418747
aligned_single_processed_HA,I391F,1.5110893
aligned_single_processed_HA,I391G,1.7480469
aligned_single_processed_HA,I391H,1.9172134
aligned_single_processed_HA,I391K,1.9603462
aligned_single_processed_HA,I391L,1.7742729
aligned_single_processed_HA,I391M,1.8195457
aligned_single_processed_HA,I391N,1.8651772
aligned_single_processed_HA,I391P,1.7687225
aligned_single_processed_HA,I391Q,1.8474922
aligned_single_processed_HA,I391R,1.9445076
aligned_single_processed_HA,I391S,1.9306488
aligned_single_processed_HA,I391T,1.8167229
aligned_single_processed_HA,I391V,1.2126694
aligned_single_processed_HA,I391W,1.7608223
aligned_single_processed_HA,I391Y,1.852356
aligned_single_processed_HA,T392A,2.0423737
aligned_single_processed_HA,T392C,1.9838257
aligned_single_processed_HA,T392D,1.869175
aligned_single_processed_HA,T392E,1.7208443
aligned_single_processed_HA,T392F,1.813633
aligned_single_processed_HA,T392G,2.0032234
aligned_single_processed_HA,T392H,1.7203445
aligned_single_processed_HA,T392I,1.9129028
aligned_single_processed_HA,T392K,1.8369102
aligned_single_processed_HA,T392L,2.0112
aligned_single_processed_HA,T392M,1.8467903
aligned_single_processed_HA,T392N,1.7967377
aligned_single_processed_HA,T392P,1.7305565
aligned_single_processed_HA,T392Q,1.6954651
aligned_single_processed_HA,T392R,1.8489838
aligned_single_processed_HA,T392S,1.6065025
aligned_single_processed_HA,T392V,1.9424057
aligned_single_processed_HA,T392W,1.6814766
aligned_single_processed_HA,T392Y,1.9088287
aligned_single_processed_HA,N393A,1.996212
aligned_single_processed_HA,N393C,1.9239578
aligned_single_processed_HA,N393D,2.040287
aligned_single_processed_HA,N393E,1.95607
aligned_single_processed_HA,N393F,1.8835144
aligned_single_processed_HA,N393G,1.8488617
aligned_single_processed_HA,N393H,1.778328
aligned_single_processed_HA,N393I,1.8425674
aligned_single_processed_HA,N393K,2.0121193
aligned_single_processed_HA,N393L,1.805767
aligned_single_processed_HA,N393M,1.9907227
aligned_single_processed_HA,N393P,1.9897156
aligned_single_processed_HA,N393Q,1.9838524
aligned_single_processed_HA,N393R,1.831234
aligned_single_processed_HA,N393S,2.1115112
aligned_single_processed_HA,N393T,1.7971001
aligned_single_processed_HA,N393V,2.0091782
aligned_single_processed_HA,N393W,2.1793747
aligned_single_processed_HA,N393Y,2.1268578
aligned_single_processed_HA,K394A,1.9672508
aligned_single_processed_HA,K394C,1.8372192
aligned_single_processed_HA,K394D,2.0146027
aligned_single_processed_HA,K394E,1.7372284
aligned_single_processed_HA,K394F,1.8214226
aligned_single_processed_HA,K394G,1.6777
aligned_single_processed_HA,K394H,2.3733864
aligned_single_processed_HA,K394I,2.038353
aligned_single_processed_HA,K394L,1.8866959
aligned_single_processed_HA,K394M,1.9237404
aligned_single_processed_HA,K394N,1.7656403
aligned_single_processed_HA,K394P,2.311901
aligned_single_processed_HA,K394Q,1.8386078
aligned_single_processed_HA,K394R,1.7233238
aligned_single_processed_HA,K394S,1.8697586
aligned_single_processed_HA,K394T,1.8821793
aligned_single_processed_HA,K394V,1.9203682
aligned_single_processed_HA,K394W,1.9991074
aligned_single_processed_HA,K394Y,1.9846458
aligned_single_processed_HA,V395A,1.9075279
aligned_single_processed_HA,V395C,1.9659843
aligned_single_processed_HA,V395D,1.8720169
aligned_single_processed_HA,V395E,1.9504356
aligned_single_processed_HA,V395F,1.7763863
aligned_single_processed_HA,V395G,2.1005402
aligned_single_processed_HA,V395H,1.894062
aligned_single_processed_HA,V395I,1.8597832
aligned_single_processed_HA,V395K,1.815773
aligned_single_processed_HA,V395L,1.8124504
aligned_single_processed_HA,V395M,2.0017395
aligned_single_processed_HA,V395N,1.8251266
aligned_single_processed_HA,V395P,1.8955269
aligned_single_processed_HA,V395Q,1.9806175
aligned_single_processed_HA,V395R,1.8629379
aligned_single_processed_HA,V395S,1.8489265
aligned_single_processed_HA,V395T,1.8819122
aligned_single_processed_HA,V395W,1.9761353
aligned_single_processed_HA,V395Y,2.0263977
aligned_single_processed_HA,N396A,1.9988899
aligned_single_processed_HA,N396C,2.0842476
aligned_single_processed_HA,N396D,2.0831757
aligned_single_processed_HA,N396E,1.7800484
aligned_single_processed_HA,N396F,1.9019508
aligned_single_processed_HA,N396G,2.078804
aligned_single_processed_HA,N396H,1.995861
aligned_single_processed_HA,N396I,2.0824661
aligned_single_processed_HA,N396K,2.049755
aligned_single_processed_HA,N396L,1.7577171
aligned_single_processed_HA,N396M,1.8598061
aligned_single_processed_HA,N396P,1.8740158
aligned_single_processed_HA,N396Q,2.0308113
aligned_single_processed_HA,N396R,1.988678
aligned_single_processed_HA,N396S,1.8685951
aligned_single_processed_HA,N396T,1.9696236
aligned_single_processed_HA,N396V,1.7477226
aligned_single_processed_HA,N396W,2.1035156
aligned_single_processed_HA,N396Y,1.9202843
aligned_single_processed_HA,S397A,1.8349686
aligned_single_processed_HA,S397C,1.839531
aligned_single_processed_HA,S397D,1.8068466
aligned_single_processed_HA,S397E,1.8087234
aligned_single_processed_HA,S397F,1.9066544
aligned_single_processed_HA,S397G,1.6709785
aligned_single_processed_HA,S397H,1.984127
aligned_single_processed_HA,S397I,1.9460831
aligned_single_processed_HA,S397K,1.9673843
aligned_single_processed_HA,S397L,2.0758286
aligned_single_processed_HA,S397M,1.9429436
aligned_single_processed_HA,S397N,2.0095215
aligned_single_processed_HA,S397P,2.0174522
aligned_single_processed_HA,S397Q,2.0819473
aligned_single_processed_HA,S397R,1.7474251
aligned_single_processed_HA,S397T,1.6388016
aligned_single_processed_HA,S397V,2.0339355
aligned_single_processed_HA,S397W,1.9544144
aligned_single_processed_HA,S397Y,2.0202675
aligned_single_processed_HA,V398A,1.6348114
aligned_single_processed_HA,V398C,1.7917519
aligned_single_processed_HA,V398D,1.8123817
aligned_single_processed_HA,V398E,1.6681328
aligned_single_processed_HA,V398F,1.6454468
aligned_single_processed_HA,V398G,1.7668991
aligned_single_processed_HA,V398H,1.7051735
aligned_single_processed_HA,V398I,0.5076065
aligned_single_processed_HA,V398K,1.8792992
aligned_single_processed_HA,V398L,1.8531837
aligned_single_processed_HA,V398M,1.6551666
aligned_single_processed_HA,V398N,1.7933807
aligned_single_processed_HA,V398P,1.7031059
aligned_single_processed_HA,V398Q,1.7060738
aligned_single_processed_HA,V398R,1.6297951
aligned_single_processed_HA,V398S,1.7875252
aligned_single_processed_HA,V398T,1.6522217
aligned_single_processed_HA,V398W,1.584732
aligned_single_processed_HA,V398Y,1.8213005
aligned_single_processed_HA,I399A,1.7859955
aligned_single_processed_HA,I399C,1.8992233
aligned_single_processed_HA,I399D,1.8126793
aligned_single_processed_HA,I399E,1.8880539
aligned_single_processed_HA,I399F,1.9436302
aligned_single_processed_HA,I399G,1.9456673
aligned_single_processed_HA,I399H,1.8162727
aligned_single_processed_HA,I399K,1.7602615
aligned_single_processed_HA,I399L,2.0083313
aligned_single_processed_HA,I399M,1.6240578
aligned_single_processed_HA,I399N,1.8998413
aligned_single_processed_HA,I399P,1.7018738
aligned_single_processed_HA,I399Q,1.9783249
aligned_single_processed_HA,I399R,1.7499161
aligned_single_processed_HA,I399S,1.6549416
aligned_single_processed_HA,I399T,1.8633881
aligned_single_processed_HA,I399V,1.309761
aligned_single_processed_HA,I399W,1.9059486
aligned_single_processed_HA,I399Y,1.6809273
aligned_single_processed_HA,E400A,1.7332344
aligned_single_processed_HA,E400C,1.8668823
aligned_single_processed_HA,E400D,1.1846924
aligned_single_processed_HA,E400F,1.5476379
aligned_single_processed_HA,E400G,1.7423592
aligned_single_processed_HA,E400H,1.5741043
aligned_single_processed_HA,E400I,1.7810173
aligned_single_processed_HA,E400K,1.5778885
aligned_single_processed_HA,E400L,1.5632668
aligned_single_processed_HA,E400M,1.6186905
aligned_single_processed_HA,E400N,1.4566154
aligned_single_processed_HA,E400P,1.5640411
aligned_single_processed_HA,E400Q,1.5615158
aligned_single_processed_HA,E400R,1.5040245
aligned_single_processed_HA,E400S,1.7012634
aligned_single_processed_HA,E400T,1.6907043
aligned_single_processed_HA,E400V,1.5375557
aligned_single_processed_HA,E400W,1.988739
aligned_single_processed_HA,E400Y,1.6160164
aligned_single_processed_HA,K401A,1.7258873
aligned_single_processed_HA,K401C,1.843174
aligned_single_processed_HA,K401D,1.8748894
aligned_single_processed_HA,K401E,1.748127
aligned_single_processed_HA,K401F,1.729969
aligned_single_processed_HA,K401G,1.6949692
aligned_single_processed_HA,K401H,1.6703224
aligned_single_processed_HA,K401I,1.6979065
aligned_single_processed_HA,K401L,1.8963737
aligned_single_processed_HA,K401M,1.8453484
aligned_single_processed_HA,K401N,1.8388977
aligned_single_processed_HA,K401P,1.9768829
aligned_single_processed_HA,K401Q,1.9793434
aligned_single_processed_HA,K401R,1.6822853
aligned_single_processed_HA,K401S,1.7117577
aligned_single_processed_HA,K401T,1.7174568
aligned_single_processed_HA,K401V,1.6768837
aligned_single_processed_HA,K401W,2.0489655
aligned_single_processed_HA,K401Y,1.9538193
aligned_single_processed_HA,M402A,1.8631058
aligned_single_processed_HA,M402C,2.0059433
aligned_single_processed_HA,M402D,1.7041397
aligned_single_processed_HA,M402E,1.8560753
aligned_single_processed_HA,M402F,1.9556503
aligned_single_processed_HA,M402G,1.7957344
aligned_single_processed_HA,M402H,1.8383408
aligned_single_processed_HA,M402I,1.6727028
aligned_single_processed_HA,M402K,1.7970047
aligned_single_processed_HA,M402L,1.5951538
aligned_single_processed_HA,M402N,1.8146629
aligned_single_processed_HA,M402P,1.9334946
aligned_single_processed_HA,M402Q,1.9229813
aligned_single_processed_HA,M402R,1.7820511
aligned_single_processed_HA,M402S,1.9559631
aligned_single_processed_HA,M402T,1.7457504
aligned_single_processed_HA,M402V,1.8143082
aligned_single_processed_HA,M402W,1.9492569
aligned_single_processed_HA,M402Y,2.0228271
aligned_single_processed_HA,N403A,1.8407173
aligned_single_processed_HA,N403C,2.1369019
aligned_single_processed_HA,N403D,1.907196
aligned_single_processed_HA,N403E,1.7870369
aligned_single_processed_HA,N403F,1.9734917
aligned_single_processed_HA,N403G,1.9048729
aligned_single_processed_HA,N403H,2.0578232
aligned_single_processed_HA,N403I,1.744957
aligned_single_processed_HA,N403K,1.9433365
aligned_single_processed_HA,N403L,2.0430145
aligned_single_processed_HA,N403M,2.1291618
aligned_single_processed_HA,N403P,2.1758842
aligned_single_processed_HA,N403Q,2.0311317
aligned_single_processed_HA,N403R,1.8350906
aligned_single_processed_HA,N403S,1.9530106
aligned_single_processed_HA,N403T,1.927208
aligned_single_processed_HA,N403V,1.8453102
aligned_single_processed_HA,N403W,1.7646904
aligned_single_processed_HA,N403Y,1.9693565
aligned_single_processed_HA,T404A,1.7277908
aligned_single_processed_HA,T404C,1.5441933
aligned_single_processed_HA,T404D,1.7294807
aligned_single_processed_HA,T404E,1.6624413
aligned_single_processed_HA,T404F,1.7721062
aligned_single_processed_HA,T404G,2.0778236
aligned_single_processed_HA,T404H,1.7950325
aligned_single_processed_HA,T404I,1.4749985
aligned_single_processed_HA,T404K,1.8741417
aligned_single_processed_HA,T404L,1.7289467
aligned_single_processed_HA,T404M,1.8513412
aligned_single_processed_HA,T404N,1.6730309
aligned_single_processed_HA,T404P,1.8467331
aligned_single_processed_HA,T404Q,1.6364899
aligned_single_processed_HA,T404R,1.9515724
aligned_single_processed_HA,T404S,1.6750565
aligned_single_processed_HA,T404V,1.7871437
aligned_single_processed_HA,T404W,1.7253113
aligned_single_processed_HA,T404Y,2.0076675
aligned_single_processed_HA,Q405A,1.9136124
aligned_single_processed_HA,Q405C,1.8676758
aligned_single_processed_HA,Q405D,1.9599991
aligned_single_processed_HA,Q405E,1.8509369
aligned_single_processed_HA,Q405F,1.7795334
aligned_single_processed_HA,Q405G,1.617981
aligned_single_processed_HA,Q405H,1.8249397
aligned_single_processed_HA,Q405I,1.7674599
aligned_single_processed_HA,Q405K,1.976181
aligned_single_processed_HA,Q405L,1.9030571
aligned_single_processed_HA,Q405M,1.9838448
aligned_single_processed_HA,Q405N,1.8912773
aligned_single_processed_HA,Q405P,1.7038536
aligned_single_processed_HA,Q405R,1.8707314
aligned_single_processed_HA,Q405S,1.9478073
aligned_single_processed_HA,Q405T,2.0462418
aligned_single_processed_HA,Q405V,1.850975
aligned_single_processed_HA,Q405W,1.7945061
aligned_single_processed_HA,Q405Y,1.9180145
aligned_single_processed_HA,F406A,1.9746437
aligned_single_processed_HA,F406C,2.0196037
aligned_single_processed_HA,F406D,1.7779045
aligned_single_processed_HA,F406E,1.9562035
aligned_single_processed_HA,F406G,2.0281754
aligned_single_processed_HA,F406H,2.116478
aligned_single_processed_HA,F406I,1.8607635
aligned_single_processed_HA,F406K,1.9431038
aligned_single_processed_HA,F406L,2.0345001
aligned_single_processed_HA,F406M,1.9778404
aligned_single_processed_HA,F406N,2.140728
aligned_single_processed_HA,F406P,1.9398384
aligned_single_processed_HA,F406Q,1.8947182
aligned_single_processed_HA,F406R,1.8966789
aligned_single_processed_HA,F406S,1.9981041
aligned_single_processed_HA,F406T,1.9618416
aligned_single_processed_HA,F406V,1.7739372
aligned_single_processed_HA,F406W,1.8635063
aligned_single_processed_HA,F406Y,2.0116081
aligned_single_processed_HA,T407A,1.3973083
aligned_single_processed_HA,T407C,1.7198486
aligned_single_processed_HA,T407D,1.8305359
aligned_single_processed_HA,T407E,1.7815247
aligned_single_processed_HA,T407F,1.6550064
aligned_single_processed_HA,T407G,1.7369537
aligned_single_processed_HA,T407H,1.7714729
aligned_single_processed_HA,T407I,1.7495575
aligned_single_processed_HA,T407K,1.822525
aligned_single_processed_HA,T407L,1.9464912
aligned_single_processed_HA,T407M,2.037712
aligned_single_processed_HA,T407N,1.797554
aligned_single_processed_HA,T407P,2.056137
aligned_single_processed_HA,T407Q,1.7346573
aligned_single_processed_HA,T407R,1.8576584
aligned_single_processed_HA,T407S,2.0259666
aligned_single_processed_HA,T407V,1.9591217
aligned_single_processed_HA,T407W,2.199955
aligned_single_processed_HA,T407Y,1.8543663
aligned_single_processed_HA,A408C,1.9656868
aligned_single_processed_HA,A408D,1.7753334
aligned_single_processed_HA,A408E,1.90345
aligned_single_processed_HA,A408F,1.6551819
aligned_single_processed_HA,A408G,1.8419914
aligned_single_processed_HA,A408H,1.6741943
aligned_single_processed_HA,A408I,1.8774109
aligned_single_processed_HA,A408K,1.8332977
aligned_single_processed_HA,A408L,1.8647041
aligned_single_processed_HA,A408M,1.846592
aligned_single_processed_HA,A408N,1.6821976
aligned_single_processed_HA,A408P,1.8922119
aligned_single_processed_HA,A408Q,1.9541016
aligned_single_processed_HA,A408R,1.6473236
aligned_single_processed_HA,A408S,1.4527588
aligned_single_processed_HA,A408T,1.6627579
aligned_single_processed_HA,A408V,1.7034492
aligned_single_processed_HA,A408W,1.6733932
aligned_single_processed_HA,A408Y,1.847084
aligned_single_processed_HA,V409A,1.5921669
aligned_single_processed_HA,V409C,1.8805695
aligned_single_processed_HA,V409D,1.9705124
aligned_single_processed_HA,V409E,1.7871857
aligned_single_processed_HA,V409F,1.7523613
aligned_single_processed_HA,V409G,1.7634201
aligned_single_processed_HA,V409H,1.9579277
aligned_single_processed_HA,V409I,1.359108
aligned_single_processed_HA,V409K,1.9890823
aligned_single_processed_HA,V409L,1.9179497
aligned_single_processed_HA,V409M,1.8776436
aligned_single_processed_HA,V409N,2.065033
aligned_single_processed_HA,V409P,1.8307571
aligned_single_processed_HA,V409Q,1.8886414
aligned_single_processed_HA,V409R,1.6813927
aligned_single_processed_HA,V409S,1.7789421
aligned_single_processed_HA,V409T,1.8469772
aligned_single_processed_HA,V409W,1.9309654
aligned_single_processed_HA,V409Y,1.8731079
aligned_single_processed_HA,G410A,2.2927628
aligned_single_processed_HA,G410C,1.9550552
aligned_single_processed_HA,G410D,1.8918686
aligned_single_processed_HA,G410E,1.9842186
aligned_single_processed_HA,G410F,2.070713
aligned_single_processed_HA,G410H,1.9784813
aligned_single_processed_HA,G410I,2.137127
aligned_single_processed_HA,G410K,1.9879112
aligned_single_processed_HA,G410L,2.1280785
aligned_single_processed_HA,G410M,1.9926071
aligned_single_processed_HA,G410N,2.0106926
aligned_single_processed_HA,G410P,1.9864998
aligned_single_processed_HA,G410Q,2.0481224
aligned_single_processed_HA,G410R,2.0950203
aligned_single_processed_HA,G410S,2.0111694
aligned_single_processed_HA,G410T,2.2209625
aligned_single_processed_HA,G410V,2.1653366
aligned_single_processed_HA,G410W,2.0542946
aligned_single_processed_HA,G410Y,1.8121758
aligned_single_processed_HA,K411A,1.9184341
aligned_single_processed_HA,K411C,1.875
aligned_single_processed_HA,K411D,1.7618942
aligned_single_processed_HA,K411E,1.9922447
aligned_single_processed_HA,K411F,2.17873
aligned_single_processed_HA,K411G,1.885006
aligned_single_processed_HA,K411H,1.7054405
aligned_single_processed_HA,K411I,1.7544098
aligned_single_processed_HA,K411L,1.8341331
aligned_single_processed_HA,K411M,1.8192253
aligned_single_processed_HA,K411N,1.7396088
aligned_single_processed_HA,K411P,1.9620857
aligned_single_processed_HA,K411Q,1.8733902
aligned_single_processed_HA,K411R,1.7015572
aligned_single_processed_HA,K411S,1.6643753
aligned_single_processed_HA,K411T,1.8155022
aligned_single_processed_HA,K411V,1.8470192
aligned_single_processed_HA,K411W,1.7909508
aligned_single_processed_HA,K411Y,1.9371223
aligned_single_processed_HA,E412A,1.8048782
aligned_single_processed_HA,E412C,2.05064
aligned_single_processed_HA,E412D,1.7616005
aligned_single_processed_HA,E412F,2.1231537
aligned_single_processed_HA,E412G,1.9049911
aligned_single_processed_HA,E412H,1.9863319
aligned_single_processed_HA,E412I,1.7129745
aligned_single_processed_HA,E412K,1.7874527
aligned_single_processed_HA,E412L,2.031578
aligned_single_processed_HA,E412M,1.9791641
aligned_single_processed_HA,E412N,1.797039
aligned_single_processed_HA,E412P,1.9571152
aligned_single_processed_HA,E412Q,1.9352112
aligned_single_processed_HA,E412R,1.7347755
aligned_single_processed_HA,E412S,1.9255867
aligned_single_processed_HA,E412T,1.7663841
aligned_single_processed_HA,E412V,1.9382439
aligned_single_processed_HA,E412W,2.1203728
aligned_single_processed_HA,E412Y,1.8153076
aligned_single_processed_HA,F413A,1.9110527
aligned_single_processed_HA,F413C,2.264988
aligned_single_processed_HA,F413D,2.2678146
aligned_single_processed_HA,F413E,2.2166405
aligned_single_processed_HA,F413G,2.0991058
aligned_single_processed_HA,F413H,2.171917
aligned_single_processed_HA,F413I,1.7950974
aligned_single_processed_HA,F413K,2.1535873
aligned_single_processed_HA,F413L,2.0122337
aligned_single_processed_HA,F413M,2.0113335
aligned_single_processed_HA,F413N,2.078415
aligned_single_processed_HA,F413P,1.9692993
aligned_single_processed_HA,F413Q,2.1379433
aligned_single_processed_HA,F413R,2.014637
aligned_single_processed_HA,F413S,2.1199684
aligned_single_processed_HA,F413T,2.2435074
aligned_single_processed_HA,F413V,1.9170456
aligned_single_processed_HA,F413W,1.9156418
aligned_single_processed_HA,F413Y,2.1134834
aligned_single_processed_HA,N414A,1.7930336
aligned_single_processed_HA,N414C,1.8230247
aligned_single_processed_HA,N414D,1.5741615
aligned_single_processed_HA,N414E,1.6160278
aligned_single_processed_HA,N414F,2.0643692
aligned_single_processed_HA,N414G,1.7961769
aligned_single_processed_HA,N414H,1.8203583
aligned_single_processed_HA,N414I,1.8881989
aligned_single_processed_HA,N414K,1.7127075
aligned_single_processed_HA,N414L,1.7139397
aligned_single_processed_HA,N414M,1.7804985
aligned_single_processed_HA,N414P,1.9440193
aligned_single_processed_HA,N414Q,1.8538933
aligned_single_processed_HA,N414R,1.6842613
aligned_single_processed_HA,N414S,0.9266434
aligned_single_processed_HA,N414T,1.5282402
aligned_single_processed_HA,N414V,1.6767769
aligned_single_processed_HA,N414W,1.7531433
aligned_single_processed_HA,N414Y,1.9879417
aligned_single_processed_HA,N415A,0.096969604
aligned_single_processed_HA,N415C,0.44992065
aligned_single_processed_HA,N415D,0.3153
aligned_single_processed_HA,N415E,0.40380096
aligned_single_processed_HA,N415F,0.66002655
aligned_single_processed_HA,N415G,0.452137
aligned_single_processed_HA,N415H,0.31183243
aligned_single_processed_HA,N415I,0.624485
aligned_single_processed_HA,N415K,-0.72284317
aligned_single_processed_HA,N415L,0.70885086
aligned_single_processed_HA,N415M,0.8111038
aligned_single_processed_HA,N415P,0.4823265
aligned_single_processed_HA,N415Q,0.77635574
aligned_single_processed_HA,N415R,-0.21578598
aligned_single_processed_HA,N415S,0.15042496
aligned_single_processed_HA,N415T,0.5774765
aligned_single_processed_HA,N415V,0.41470718
aligned_single_processed_HA,N415W,0.6302948
aligned_single_processed_HA,N415Y,0.4423523
aligned_single_processed_HA,L416A,1.9217949
aligned_single_processed_HA,L416C,1.9135437
aligned_single_processed_HA,L416D,2.0567894
aligned_single_processed_HA,L416E,1.8144646
aligned_single_processed_HA,L416F,1.8406944
aligned_single_processed_HA,L416G,1.7325974
aligned_single_processed_HA,L416H,1.913784
aligned_single_processed_HA,L416I,1.64151
aligned_single_processed_HA,L416K,1.7640915
aligned_single_processed_HA,L416M,1.7755089
aligned_single_processed_HA,L416N,1.8860092
aligned_single_processed_HA,L416P,1.7064171
aligned_single_processed_HA,L416Q,1.9085617
aligned_single_processed_HA,L416R,1.9505501
aligned_single_processed_HA,L416S,1.9539108
aligned_single_processed_HA,L416T,2.0579987
aligned_single_processed_HA,L416V,1.7492523
aligned_single_processed_HA,L416W,1.7869568
aligned_single_processed_HA,L416Y,1.8756027
aligned_single_processed_HA,E417A,1.8464851
aligned_single_processed_HA,E417C,1.8868256
aligned_single_processed_HA,E417D,1.615078
aligned_single_processed_HA,E417F,1.8743935
aligned_single_processed_HA,E417G,1.4574509
aligned_single_processed_HA,E417H,1.7411118
aligned_single_processed_HA,E417I,1.941761
aligned_single_processed_HA,E417K,1.8885689
aligned_single_processed_HA,E417L,1.717514
aligned_single_processed_HA,E417M,1.8067627
aligned_single_processed_HA,E417N,1.7970505
aligned_single_processed_HA,E417P,1.9035454
aligned_single_processed_HA,E417Q,1.990139
aligned_single_processed_HA,E417R,2.029995
aligned_single_processed_HA,E417S,1.9606285
aligned_single_processed_HA,E417T,1.8229141
aligned_single_processed_HA,E417V,1.7702866
aligned_single_processed_HA,E417W,1.7870483
aligned_single_processed_HA,E417Y,1.9181252
aligned_single_processed_HA,K418A,1.413765
aligned_single_processed_HA,K418C,1.5099983
aligned_single_processed_HA,K418D,1.6121941
aligned_single_processed_HA,K418E,1.2647285
aligned_single_processed_HA,K418F,1.5314064
aligned_single_processed_HA,K418G,1.2273674
aligned_single_processed_HA,K418H,1.3466148
aligned_single_processed_HA,K418I,1.40905
aligned_single_processed_HA,K418L,1.2763939
aligned_single_processed_HA,K418M,1.4303932
aligned_single_processed_HA,K418N,1.1592827
aligned_single_processed_HA,K418P,1.1895561
aligned_single_processed_HA,K418Q,1.3741302
aligned_single_processed_HA,K418R,-0.002002716
aligned_single_processed_HA,K418S,1.5000992
aligned_single_processed_HA,K418T,1.3944359
aligned_single_processed_HA,K418V,1.1771355
aligned_single_processed_HA,K418W,1.4681244
aligned_single_processed_HA,K418Y,1.3609581
aligned_single_processed_HA,R419A,1.9655495
aligned_single_processed_HA,R419C,1.8296051
aligned_single_processed_HA,R419D,2.065796
aligned_single_processed_HA,R419E,1.7984657
aligned_single_processed_HA,R419F,1.9044418
aligned_single_processed_HA,R419G,1.8696709
aligned_single_processed_HA,R419H,1.673069
aligned_single_processed_HA,R419I,1.8880424
aligned_single_processed_HA,R419K,1.8500252
aligned_single_processed_HA,R419L,2.2550545
aligned_single_processed_HA,R419M,1.9253578
aligned_single_processed_HA,R419N,1.7321091
aligned_single_processed_HA,R419P,1.9959106
aligned_single_processed_HA,R419Q,2.0515327
aligned_single_processed_HA,R419S,2.039486
aligned_single_processed_HA,R419T,1.92976
aligned_single_processed_HA,R419V,2.0167313
aligned_single_processed_HA,R419W,1.9317398
aligned_single_processed_HA,R419Y,1.789978
aligned_single_processed_HA,M420A,1.3822861
aligned_single_processed_HA,M420C,1.4668007
aligned_single_processed_HA,M420D,1.3777809
aligned_single_processed_HA,M420E,1.5526237
aligned_single_processed_HA,M420F,1.3923912
aligned_single_processed_HA,M420G,1.4426498
aligned_single_processed_HA,M420H,1.5301094
aligned_single_processed_HA,M420I,0.35285187
aligned_single_processed_HA,M420K,1.2940636
aligned_single_processed_HA,M420L,0.9436531
aligned_single_processed_HA,M420N,1.4231758
aligned_single_processed_HA,M420P,1.5354271
aligned_single_processed_HA,M420Q,1.4433746
aligned_single_processed_HA,M420R,1.114605
aligned_single_processed_HA,M420S,1.4565468
aligned_single_processed_HA,M420T,1.4504585
aligned_single_processed_HA,M420V,1.1029282
aligned_single_processed_HA,M420W,1.3912163
aligned_single_processed_HA,M420Y,1.6151085
aligned_single_processed_HA,E421A,1.7192383
aligned_single_processed_HA,E421C,1.8755379
aligned_single_processed_HA,E421D,1.7827988
aligned_single_processed_HA,E421F,1.7612953
aligned_single_processed_HA,E421G,1.7552834
aligned_single_processed_HA,E421H,1.7686844
aligned_single_processed_HA,E421I,1.7563286
aligned_single_processed_HA,E421K,1.703785
aligned_single_processed_HA,E421L,1.6802864
aligned_single_processed_HA,E421M,1.8711243
aligned_single_processed_HA,E421N,1.8829422
aligned_single_processed_HA,E421P,1.7442818
aligned_single_processed_HA,E421Q,1.7054672
aligned_single_processed_HA,E421R,1.8005981
aligned_single_processed_HA,E421S,1.81324
aligned_single_processed_HA,E421T,1.902977
aligned_single_processed_HA,E421V,1.6651611
aligned_single_processed_HA,E421W,1.8634148
aligned_single_processed_HA,E421Y,1.6342125
aligned_single_processed_HA,N422A,2.0068245
aligned_single_processed_HA,N422C,1.9635315
aligned_single_processed_HA,N422D,1.7161484
aligned_single_processed_HA,N422E,1.8564796
aligned_single_processed_HA,N422F,2.0307083
aligned_single_processed_HA,N422G,1.9971657
aligned_single_processed_HA,N422H,2.1512108
aligned_single_processed_HA,N422I,1.9350662
aligned_single_processed_HA,N422K,1.7833633
aligned_single_processed_HA,N422L,1.86763
aligned_single_processed_HA,N422M,2.0594559
aligned_single_processed_HA,N422P,1.9387436
aligned_single_processed_HA,N422Q,1.9552498
aligned_single_processed_HA,N422R,2.000309
aligned_single_processed_HA,N422S,1.7542801
aligned_single_processed_HA,N422T,1.893467
aligned_single_processed_HA,N422V,1.902607
aligned_single_processed_HA,N422W,1.8887672
aligned_single_processed_HA,N422Y,1.9121819
aligned_single_processed_HA,L423A,1.9281006
aligned_single_processed_HA,L423C,1.9622917
aligned_single_processed_HA,L423D,1.8791351
aligned_single_processed_HA,L423E,1.8129425
aligned_single_processed_HA,L423F,2.0880508
aligned_single_processed_HA,L423G,2.023758
aligned_single_processed_HA,L423H,1.9169579
aligned_single_processed_HA,L423I,1.8719177
aligned_single_processed_HA,L423K,1.9880486
aligned_single_processed_HA,L423M,1.9546127
aligned_single_processed_HA,L423N,1.7939835
aligned_single_processed_HA,L423P,2.125412
aligned_single_processed_HA,L423Q,1.8275604
aligned_single_processed_HA,L423R,2.0062675
aligned_single_processed_HA,L423S,1.712513
aligned_single_processed_HA,L423T,1.9114151
aligned_single_processed_HA,L423V,1.8138962
aligned_single_processed_HA,L423W,1.9066353
aligned_single_processed_HA,L423Y,1.9698753
aligned_single_processed_HA,N424A,2.1078186
aligned_single_processed_HA,N424C,2.1097603
aligned_single_processed_HA,N424D,2.0257187
aligned_single_processed_HA,N424E,2.0651588
aligned_single_processed_HA,N424F,2.0554276
aligned_single_processed_HA,N424G,1.9531441
aligned_single_processed_HA,N424H,2.176571
aligned_single_processed_HA,N424I,1.9855423
aligned_single_processed_HA,N424K,1.9337692
aligned_single_processed_HA,N424L,1.977726
aligned_single_processed_HA,N424M,1.887516
aligned_single_processed_HA,N424P,1.9187317
aligned_single_processed_HA,N424Q,1.7594872
aligned_single_processed_HA,N424R,1.8735962
aligned_single_processed_HA,N424S,2.1004524
aligned_single_processed_HA,N424T,2.08609
aligned_single_processed_HA,N424V,1.8165665
aligned_single_processed_HA,N424W,2.116455
aligned_single_processed_HA,N424Y,1.793087
aligned_single_processed_HA,K425A,1.8955688
aligned_single_processed_HA,K425C,1.8763313
aligned_single_processed_HA,K425D,1.7865562
aligned_single_processed_HA,K425E,1.761673
aligned_single_processed_HA,K425F,2.1753044
aligned_single_processed_HA,K425G,1.9234543
aligned_single_processed_HA,K425H,1.8780212
aligned_single_processed_HA,K425I,1.7271538
aligned_single_processed_HA,K425L,1.9019737
aligned_single_processed_HA,K425M,1.8890877
aligned_single_processed_HA,K425N,1.6283951
aligned_single_processed_HA,K425P,1.9595985
aligned_single_processed_HA,K425Q,1.7538719
aligned_single_processed_HA,K425R,1.6649704
aligned_single_processed_HA,K425S,1.8299332
aligned_single_processed_HA,K425T,1.6772156
aligned_single_processed_HA,K425V,2.0261917
aligned_single_processed_HA,K425W,1.9208336
aligned_single_processed_HA,K425Y,1.9928169
aligned_single_processed_HA,K426A,1.9862976
aligned_single_processed_HA,K426C,1.7838898
aligned_single_processed_HA,K426D,2.0069427
aligned_single_processed_HA,K426E,2.13525
aligned_single_processed_HA,K426F,1.9645538
aligned_single_processed_HA,K426G,1.8621635
aligned_single_processed_HA,K426H,1.8963509
aligned_single_processed_HA,K426I,2.1045456
aligned_single_processed_HA,K426L,1.8407974
aligned_single_processed_HA,K426M,1.8475647
aligned_single_processed_HA,K426N,1.8816338
aligned_single_processed_HA,K426P,2.013855
aligned_single_processed_HA,K426Q,2.0168915
aligned_single_processed_HA,K426R,1.831253
aligned_single_processed_HA,K426S,1.8538742
aligned_single_processed_HA,K426T,1.8585854
aligned_single_processed_HA,K426V,1.8368988
aligned_single_processed_HA,K426W,1.846611
aligned_single_processed_HA,K426Y,1.777359
aligned_single_processed_HA,V427A,1.9196358
aligned_single_processed_HA,V427C,1.8130226
aligned_single_processed_HA,V427D,1.8366585
aligned_single_processed_HA,V427E,1.8609619
aligned_single_processed_HA,V427F,2.1418686
aligned_single_processed_HA,V427G,1.9315758
aligned_single_processed_HA,V427H,2.107212
aligned_single_processed_HA,V427I,1.4184685
aligned_single_processed_HA,V427K,2.046276
aligned_single_processed_HA,V427L,1.7935066
aligned_single_processed_HA,V427M,1.8940468
aligned_single_processed_HA,V427N,1.9052124
aligned_single_processed_HA,V427P,1.9885254
aligned_single_processed_HA,V427Q,1.9018822
aligned_single_processed_HA,V427R,1.8670769
aligned_single_processed_HA,V427S,1.9498711
aligned_single_processed_HA,V427T,2.1186256
aligned_single_processed_HA,V427W,1.9286499
aligned_single_processed_HA,V427Y,1.9141464
aligned_single_processed_HA,D428A,1.792408
aligned_single_processed_HA,D428C,1.8574562
aligned_single_processed_HA,D428E,1.8720474
aligned_single_processed_HA,D428F,1.8509483
aligned_single_processed_HA,D428G,1.7268867
aligned_single_processed_HA,D428H,1.9735756
aligned_single_processed_HA,D428I,1.6836205
aligned_single_processed_HA,D428K,1.8325424
aligned_single_processed_HA,D428L,1.7828064
aligned_single_processed_HA,D428M,1.8187485
aligned_single_processed_HA,D428N,1.7551651
aligned_single_processed_HA,D428P,1.9870453
aligned_single_processed_HA,D428Q,1.8436432
aligned_single_processed_HA,D428R,1.8147736
aligned_single_processed_HA,D428S,1.674408
aligned_single_processed_HA,D428T,1.762619
aligned_single_processed_HA,D428V,1.943634
aligned_single_processed_HA,D428W,2.1099586
aligned_single_processed_HA,D428Y,2.004898
aligned_single_processed_HA,D429A,1.7279396
aligned_single_processed_HA,D429C,1.9337502
aligned_single_processed_HA,D429E,1.7628059
aligned_single_processed_HA,D429F,2.2144814
aligned_single_processed_HA,D429G,1.8637848
aligned_single_processed_HA,D429H,1.7950897
aligned_single_processed_HA,D429I,2.0947495
aligned_single_processed_HA,D429K,1.8142738
aligned_single_processed_HA,D429L,1.9273033
aligned_single_processed_HA,D429M,1.8839035
aligned_single_processed_HA,D429N,1.557209
aligned_single_processed_HA,D429P,1.7256737
aligned_single_processed_HA,D429Q,1.96595
aligned_single_processed_HA,D429R,1.977684
aligned_single_processed_HA,D429S,1.6809578
aligned_single_processed_HA,D429T,1.883667
aligned_single_processed_HA,D429V,1.7523575
aligned_single_processed_HA,D429W,1.957737
aligned_single_processed_HA,D429Y,1.924839
aligned_single_processed_HA,G430A,1.7533073
aligned_single_processed_HA,G430C,2.0850143
aligned_single_processed_HA,G430D,1.9574089
aligned_single_processed_HA,G430E,2.067669
aligned_single_processed_HA,G430F,2.02956
aligned_single_processed_HA,G430H,2.05344
aligned_single_processed_HA,G430I,1.97826
aligned_single_processed_HA,G430K,2.226738
aligned_single_processed_HA,G430L,1.9934883
aligned_single_processed_HA,G430M,2.0511742
aligned_single_processed_HA,G430N,2.0800743
aligned_single_processed_HA,G430P,2.0061111
aligned_single_processed_HA,G430Q,1.9496956
aligned_single_processed_HA,G430R,2.0084343
aligned_single_processed_HA,G430S,2.091446
aligned_single_processed_HA,G430T,2.017025
aligned_single_processed_HA,G430V,2.0789871
aligned_single_processed_HA,G430W,2.160057
aligned_single_processed_HA,G430Y,1.8744812
aligned_single_processed_HA,F431A,1.9549675
aligned_single_processed_HA,F431C,1.9265366
aligned_single_processed_HA,F431D,1.8240166
aligned_single_processed_HA,F431E,1.856205
aligned_single_processed_HA,F431G,2.0044632
aligned_single_processed_HA,F431H,1.8288307
aligned_single_processed_HA,F431I,2.0520058
aligned_single_processed_HA,F431K,2.158638
aligned_single_processed_HA,F431L,1.7344894
aligned_single_processed_HA,F431M,2.0471992
aligned_single_processed_HA,F431N,1.7721558
aligned_single_processed_HA,F431P,1.9159241
aligned_single_processed_HA,F431Q,2.109684
aligned_single_processed_HA,F431R,1.9992332
aligned_single_processed_HA,F431S,1.7631912
aligned_single_processed_HA,F431T,2.2519646
aligned_single_processed_HA,F431V,1.5201492
aligned_single_processed_HA,F431W,1.8445854
aligned_single_processed_HA,F431Y,1.8719025
aligned_single_processed_HA,L432A,1.7208672
aligned_single_processed_HA,L432C,1.7787323
aligned_single_processed_HA,L432D,1.6617622
aligned_single_processed_HA,L432E,1.6074371
aligned_single_processed_HA,L432F,1.7237778
aligned_single_processed_HA,L432G,1.592495
aligned_single_processed_HA,L432H,1.6393318
aligned_single_processed_HA,L432I,1.031559
aligned_single_processed_HA,L432K,1.7308884
aligned_single_processed_HA,L432M,1.7342148
aligned_single_processed_HA,L432N,1.6484985
aligned_single_processed_HA,L432P,1.617302
aligned_single_processed_HA,L432Q,1.6318016
aligned_single_processed_HA,L432R,1.5284309
aligned_single_processed_HA,L432S,1.7545319
aligned_single_processed_HA,L432T,1.8240395
aligned_single_processed_HA,L432V,1.6236267
aligned_single_processed_HA,L432W,1.6235695
aligned_single_processed_HA,L432Y,1.6939926
aligned_single_processed_HA,D433A,1.8800812
aligned_single_processed_HA,D433C,1.7668915
aligned_single_processed_HA,D433E,1.608738
aligned_single_processed_HA,D433F,1.7340317
aligned_single_processed_HA,D433G,1.8643532
aligned_single_processed_HA,D433H,1.893055
aligned_single_processed_HA,D433I,1.7753487
aligned_single_processed_HA,D433K,1.7132568
aligned_single_processed_HA,D433L,1.7143478
aligned_single_processed_HA,D433M,1.9320717
aligned_single_processed_HA,D433N,1.5728378
aligned_single_processed_HA,D433P,1.9234581
aligned_single_processed_HA,D433Q,1.7875404
aligned_single_processed_HA,D433R,1.7259064
aligned_single_processed_HA,D433S,1.7419815
aligned_single_processed_HA,D433T,1.5735893
aligned_single_processed_HA,D433V,1.6970215
aligned_single_processed_HA,D433W,1.9827003
aligned_single_processed_HA,D433Y,1.768074
aligned_single_processed_HA,I434A,1.3639717
aligned_single_processed_HA,I434C,1.3784065
aligned_single_processed_HA,I434D,1.3334618
aligned_single_processed_HA,I434E,1.2591591
aligned_single_processed_HA,I434F,1.4192314
aligned_single_processed_HA,I434G,1.369545
aligned_single_processed_HA,I434H,1.477932
aligned_single_processed_HA,I434K,1.3857574
aligned_single_processed_HA,I434L,1.161335
aligned_single_processed_HA,I434M,1.5417442
aligned_single_processed_HA,I434N,1.3067322
aligned_single_processed_HA,I434P,1.3385658
aligned_single_processed_HA,I434Q,1.2361908
aligned_single_processed_HA,I434R,1.2537003
aligned_single_processed_HA,I434S,1.5102005
aligned_single_processed_HA,I434T,1.3742485
aligned_single_processed_HA,I434V,0.2571869
aligned_single_processed_HA,I434W,1.3125458
aligned_single_processed_HA,I434Y,1.4204979
aligned_single_processed_HA,W435A,2.1486816
aligned_single_processed_HA,W435C,2.001831
aligned_single_processed_HA,W435D,1.9436073
aligned_single_processed_HA,W435E,2.1874886
aligned_single_processed_HA,W435F,2.1079826
aligned_single_processed_HA,W435G,1.883503
aligned_single_processed_HA,W435H,2.0650902
aligned_single_processed_HA,W435I,2.1457558
aligned_single_processed_HA,W435K,2.1867905
aligned_single_processed_HA,W435L,1.9321785
aligned_single_processed_HA,W435M,2.0796776
aligned_single_processed_HA,W435N,2.1142159
aligned_single_processed_HA,W435P,2.009266
aligned_single_processed_HA,W435Q,2.0403404
aligned_single_processed_HA,W435R,1.8427315
aligned_single_processed_HA,W435S,2.1835976
aligned_single_processed_HA,W435T,2.049057
aligned_single_processed_HA,W435V,2.2746964
aligned_single_processed_HA,W435Y,2.0520744
aligned_single_processed_HA,T436A,1.6133499
aligned_single_processed_HA,T436C,2.040165
aligned_single_processed_HA,T436D,2.0011292
aligned_single_processed_HA,T436E,2.0102997
aligned_single_processed_HA,T436F,1.9707451
aligned_single_processed_HA,T436G,1.7915154
aligned_single_processed_HA,T436H,2.0278168
aligned_single_processed_HA,T436I,1.9121819
aligned_single_processed_HA,T436K,2.0430107
aligned_single_processed_HA,T436L,1.9182434
aligned_single_processed_HA,T436M,1.8389473
aligned_single_processed_HA,T436N,1.7915154
aligned_single_processed_HA,T436P,1.8697777
aligned_single_processed_HA,T436Q,2.1750488
aligned_single_processed_HA,T436R,1.9974747
aligned_single_processed_HA,T436S,1.7709961
aligned_single_processed_HA,T436V,2.0273933
aligned_single_processed_HA,T436W,1.8206215
aligned_single_processed_HA,T436Y,1.9740791
aligned_single_processed_HA,Y437A,2.152916
aligned_single_processed_HA,Y437C,2.0846252
aligned_single_processed_HA,Y437D,1.7742195
aligned_single_processed_HA,Y437E,1.9024544
aligned_single_processed_HA,Y437F,1.8922005
aligned_single_processed_HA,Y437G,1.8235168
aligned_single_processed_HA,Y437H,1.9570007
aligned_single_processed_HA,Y437I,1.9786224
aligned_single_processed_HA,Y437K,1.8689079
aligned_single_processed_HA,Y437L,2.0369492
aligned_single_processed_HA,Y437M,1.9420586
aligned_single_processed_HA,Y437N,2.1792908
aligned_single_processed_HA,Y437P,1.8036232
aligned_single_processed_HA,Y437Q,1.9433403
aligned_single_processed_HA,Y437R,2.024559
aligned_single_processed_HA,Y437S,1.796917
aligned_single_processed_HA,Y437T,1.976448
aligned_single_processed_HA,Y437V,1.882225
aligned_single_processed_HA,Y437W,1.9311028
aligned_single_processed_HA,N438A,2.058731
aligned_single_processed_HA,N438C,1.9167938
aligned_single_processed_HA,N438D,1.8574524
aligned_single_processed_HA,N438E,2.136032
aligned_single_processed_HA,N438F,2.024704
aligned_single_processed_HA,N438G,1.860527
aligned_single_processed_HA,N438H,1.8433838
aligned_single_processed_HA,N438I,1.8915558
aligned_single_processed_HA,N438K,1.8808784
aligned_single_processed_HA,N438L,1.803482
aligned_single_processed_HA,N438M,1.9736176
aligned_single_processed_HA,N438P,1.9534607
aligned_single_processed_HA,N438Q,1.9842339
aligned_single_processed_HA,N438R,1.8138924
aligned_single_processed_HA,N438S,2.1058235
aligned_single_processed_HA,N438T,1.8890343
aligned_single_processed_HA,N438V,1.8236237
aligned_single_processed_HA,N438W,1.8184853
aligned_single_processed_HA,N438Y,2.1643867
aligned_single_processed_HA,A439C,2.0046883
aligned_single_processed_HA,A439D,1.9099083
aligned_single_processed_HA,A439E,1.9590874
aligned_single_processed_HA,A439F,1.7949066
aligned_single_processed_HA,A439G,1.9883881
aligned_single_processed_HA,A439H,1.9827538
aligned_single_processed_HA,A439I,2.0760994
aligned_single_processed_HA,A439K,2.0176392
aligned_single_processed_HA,A439L,2.1759567
aligned_single_processed_HA,A439M,1.972435
aligned_single_processed_HA,A439N,1.9394493
aligned_single_processed_HA,A439P,2.1068802
aligned_single_processed_HA,A439Q,1.8281822
aligned_single_processed_HA,A439R,2.0453415
aligned_single_processed_HA,A439S,2.1208725
aligned_single_processed_HA,A439T,1.9363937
aligned_single_processed_HA,A439V,1.9471207
aligned_single_processed_HA,A439W,1.9987373
aligned_single_processed_HA,A439Y,2.0319748
aligned_single_processed_HA,E440A,2.0526733
aligned_single_processed_HA,E440C,2.0187874
aligned_single_processed_HA,E440D,2.0175438
aligned_single_processed_HA,E440F,1.9210854
aligned_single_processed_HA,E440G,1.9458237
aligned_single_processed_HA,E440H,1.9345741
aligned_single_processed_HA,E440I,1.7656059
aligned_single_processed_HA,E440K,1.8249741
aligned_single_processed_HA,E440L,1.9859047
aligned_single_processed_HA,E440M,1.7473526
aligned_single_processed_HA,E440N,1.8565712
aligned_single_processed_HA,E440P,2.0615082
aligned_single_processed_HA,E440Q,1.9172363
aligned_single_processed_HA,E440R,1.9243164
aligned_single_processed_HA,E440S,1.9948654
aligned_single_processed_HA,E440T,2.2271042
aligned_single_processed_HA,E440V,1.9261017
aligned_single_processed_HA,E440W,1.9917793
aligned_single_processed_HA,E440Y,1.8584709
aligned_single_processed_HA,L441A,1.794342
aligned_single_processed_HA,L441C,1.9920425
aligned_single_processed_HA,L441D,1.8727036
aligned_single_processed_HA,L441E,2.3338318
aligned_single_processed_HA,L441F,1.9151497
aligned_single_processed_HA,L441G,1.8513298
aligned_single_processed_HA,L441H,1.8168564
aligned_single_processed_HA,L441I,2.0333328
aligned_single_processed_HA,L441K,2.0568275
aligned_single_processed_HA,L441M,2.012535
aligned_single_processed_HA,L441N,1.8243828
aligned_single_processed_HA,L441P,1.7438583
aligned_single_processed_HA,L441Q,2.1672974
aligned_single_processed_HA,L441R,1.8777504
aligned_single_processed_HA,L441S,1.9154892
aligned_single_processed_HA,L441T,1.8603821
aligned_single_processed_HA,L441V,1.7980957
aligned_single_processed_HA,L441W,2.027855
aligned_single_processed_HA,L441Y,1.6656456
aligned_single_processed_HA,L442A,2.0132065
aligned_single_processed_HA,L442C,2.1243744
aligned_single_processed_HA,L442D,2.0493927
aligned_single_processed_HA,L442E,2.0878677
aligned_single_processed_HA,L442F,1.9319267
aligned_single_processed_HA,L442G,2.1984367
aligned_single_processed_HA,L442H,2.0788002
aligned_single_processed_HA,L442I,1.7115974
aligned_single_processed_HA,L442K,1.9051323
aligned_single_processed_HA,L442M,1.9486809
aligned_single_processed_HA,L442N,2.0218735
aligned_single_processed_HA,L442P,1.975975
aligned_single_processed_HA,L442Q,1.7224998
aligned_single_processed_HA,L442R,2.0107002
aligned_single_processed_HA,L442S,1.7403984
aligned_single_processed_HA,L442T,1.8339615
aligned_single_processed_HA,L442V,1.719307
aligned_single_processed_HA,L442W,1.9840393
aligned_single_processed_HA,L442Y,2.0491333
aligned_single_processed_HA,V443A,1.8223991
aligned_single_processed_HA,V443C,1.9984169
aligned_single_processed_HA,V443D,1.6501579
aligned_single_processed_HA,V443E,1.8822708
aligned_single_processed_HA,V443F,1.9863319
aligned_single_processed_HA,V443G,1.8860779
aligned_single_processed_HA,V443H,1.660923
aligned_single_processed_HA,V443I,0.73337555
aligned_single_processed_HA,V443K,1.7839355
aligned_single_processed_HA,V443L,1.8791351
aligned_single_processed_HA,V443M,1.7460442
aligned_single_processed_HA,V443N,1.6949425
aligned_single_processed_HA,V443P,1.5418549
aligned_single_processed_HA,V443Q,1.9684753
aligned_single_processed_HA,V443R,1.682251
aligned_single_processed_HA,V443S,1.5357208
aligned_single_processed_HA,V443T,1.6936569
aligned_single_processed_HA,V443W,1.7017746
aligned_single_processed_HA,V443Y,1.5784035
aligned_single_processed_HA,L444A,2.0977669
aligned_single_processed_HA,L444C,1.9996567
aligned_single_processed_HA,L444D,2.1897697
aligned_single_processed_HA,L444E,1.7719574
aligned_single_processed_HA,L444F,1.9075699
aligned_single_processed_HA,L444G,1.8789062
aligned_single_processed_HA,L444H,1.9257278
aligned_single_processed_HA,L444I,1.5733871
aligned_single_processed_HA,L444K,1.9848404
aligned_single_processed_HA,L444M,1.9454727
aligned_single_processed_HA,L444N,1.6529961
aligned_single_processed_HA,L444P,2.0642853
aligned_single_processed_HA,L444Q,2.016571
aligned_single_processed_HA,L444R,1.9590416
aligned_single_processed_HA,L444S,2.006466
aligned_single_processed_HA,L444T,1.9595108
aligned_single_processed_HA,L444V,1.6434364
aligned_single_processed_HA,L444W,1.8773918
aligned_single_processed_HA,L444Y,1.8730698
aligned_single_processed_HA,L445A,2.0839653
aligned_single_processed_HA,L445C,2.0040932
aligned_single_processed_HA,L445D,1.906784
aligned_single_processed_HA,L445E,1.9851646
aligned_single_processed_HA,L445F,1.9234123
aligned_single_processed_HA,L445G,1.7841034
aligned_single_processed_HA,L445H,1.9522362
aligned_single_processed_HA,L445I,1.8374901
aligned_single_processed_HA,L445K,1.866909
aligned_single_processed_HA,L445M,1.9413033
aligned_single_processed_HA,L445N,1.9127007
aligned_single_processed_HA,L445P,1.770504
aligned_single_processed_HA,L445Q,1.8681526
aligned_single_processed_HA,L445R,1.9296494
aligned_single_processed_HA,L445S,1.8769455
aligned_single_processed_HA,L445T,1.9194107
aligned_single_processed_HA,L445V,1.9321747
aligned_single_processed_HA,L445W,1.7885246
aligned_single_processed_HA,L445Y,2.0179176
aligned_single_processed_HA,E446A,1.9729843
aligned_single_processed_HA,E446C,1.8484573
aligned_single_processed_HA,E446D,1.8778267
aligned_single_processed_HA,E446F,1.8208237
aligned_single_processed_HA,E446G,1.9699364
aligned_single_processed_HA,E446H,1.8617401
aligned_single_processed_HA,E446I,2.0216446
aligned_single_processed_HA,E446K,1.8304176
aligned_single_processed_HA,E446L,1.7459259
aligned_single_processed_HA,E446M,2.11932
aligned_single_processed_HA,E446N,1.8095894
aligned_single_processed_HA,E446P,1.8275757
aligned_single_processed_HA,E446Q,1.8704796
aligned_single_processed_HA,E446R,1.757698
aligned_single_processed_HA,E446S,1.8506546
aligned_single_processed_HA,E446T,1.8754654
aligned_single_processed_HA,E446V,2.1259499
aligned_single_processed_HA,E446W,1.9947815
aligned_single_processed_HA,E446Y,1.8397751
aligned_single_processed_HA,N447A,2.0300827
aligned_single_processed_HA,N447C,2.042038
aligned_single_processed_HA,N447D,1.916523
aligned_single_processed_HA,N447E,2.155365
aligned_single_processed_HA,N447F,2.176731
aligned_single_processed_HA,N447G,2.1473618
aligned_single_processed_HA,N447H,1.9040031
aligned_single_processed_HA,N447I,1.9543724
aligned_single_processed_HA,N447K,1.8281937
aligned_single_processed_HA,N447L,1.8044701
aligned_single_processed_HA,N447M,2.0715256
aligned_single_processed_HA,N447P,2.0808716
aligned_single_processed_HA,N447Q,1.8548088
aligned_single_processed_HA,N447R,2.081108
aligned_single_processed_HA,N447S,2.1558914
aligned_single_processed_HA,N447T,2.0194168
aligned_single_processed_HA,N447V,1.9388084
aligned_single_processed_HA,N447W,2.1707993
aligned_single_processed_HA,N447Y,2.0049744
aligned_single_processed_HA,E448A,1.8797874
aligned_single_processed_HA,E448C,1.9707909
aligned_single_processed_HA,E448D,1.9525414
aligned_single_processed_HA,E448F,1.7349243
aligned_single_processed_HA,E448G,1.7861481
aligned_single_processed_HA,E448H,1.9333115
aligned_single_processed_HA,E448I,1.9207878
aligned_single_processed_HA,E448K,1.9275742
aligned_single_processed_HA,E448L,1.7852669
aligned_single_processed_HA,E448M,1.9125404
aligned_single_processed_HA,E448N,1.8004608
aligned_single_processed_HA,E448P,1.9259338
aligned_single_processed_HA,E448Q,1.8345642
aligned_single_processed_HA,E448R,1.8710785
aligned_single_processed_HA,E448S,1.9048157
aligned_single_processed_HA,E448T,1.831459
aligned_single_processed_HA,E448V,1.9483719
aligned_single_processed_HA,E448W,1.7887268
aligned_single_processed_HA,E448Y,1.9070549
aligned_single_processed_HA,R449A,2.1685982
aligned_single_processed_HA,R449C,2.0676308
aligned_single_processed_HA,R449D,1.9846916
aligned_single_processed_HA,R449E,2.0805664
aligned_single_processed_HA,R449F,2.023777
aligned_single_processed_HA,R449G,1.8923836
aligned_single_processed_HA,R449H,2.108574
aligned_single_processed_HA,R449I,2.132206
aligned_single_processed_HA,R449K,1.7054176
aligned_single_processed_HA,R449L,1.9575768
aligned_single_processed_HA,R449M,1.9966393
aligned_single_processed_HA,R449N,2.0484123
aligned_single_processed_HA,R449P,2.1062088
aligned_single_processed_HA,R449Q,1.9373474
aligned_single_processed_HA,R449S,1.8513489
aligned_single_processed_HA,R449T,1.6713715
aligned_single_processed_HA,R449V,1.9668922
aligned_single_processed_HA,R449W,1.6934624
aligned_single_processed_HA,R449Y,2.0868683
aligned_single_processed_HA,T450A,2.0098877
aligned_single_processed_HA,T450C,1.7515335
aligned_single_processed_HA,T450D,1.8700905
aligned_single_processed_HA,T450E,1.8798027
aligned_single_processed_HA,T450F,1.8001328
aligned_single_processed_HA,T450G,1.8217163
aligned_single_processed_HA,T450H,1.9517593
aligned_single_processed_HA,T450I,1.667202
aligned_single_processed_HA,T450K,1.6967278
aligned_single_processed_HA,T450L,1.4500237
aligned_single_processed_HA,T450M,1.8499184
aligned_single_processed_HA,T450N,1.922802
aligned_single_processed_HA,T450P,1.8911667
aligned_single_processed_HA,T450Q,2.0378647
aligned_single_processed_HA,T450R,1.7059364
aligned_single_processed_HA,T450S,1.9569359
aligned_single_processed_HA,T450V,1.807663
aligned_single_processed_HA,T450W,2.023716
aligned_single_processed_HA,T450Y,1.8886871
aligned_single_processed_HA,L451A,1.9220123
aligned_single_processed_HA,L451C,1.8120766
aligned_single_processed_HA,L451D,1.9645653
aligned_single_processed_HA,L451E,1.8955002
aligned_single_processed_HA,L451F,1.9352074
aligned_single_processed_HA,L451G,1.7962189
aligned_single_processed_HA,L451H,2.0096092
aligned_single_processed_HA,L451I,1.6414185
aligned_single_processed_HA,L451K,2.0044403
aligned_single_processed_HA,L451M,1.6228981
aligned_single_processed_HA,L451N,1.9216156
aligned_single_processed_HA,L451P,1.8737869
aligned_single_processed_HA,L451Q,1.9863739
aligned_single_processed_HA,L451R,1.6928177
aligned_single_processed_HA,L451S,1.8482666
aligned_single_processed_HA,L451T,1.8497696
aligned_single_processed_HA,L451V,1.877449
aligned_single_processed_HA,L451W,1.9616127
aligned_single_processed_HA,L451Y,2.0560646
aligned_single_processed_HA,D452A,1.9324493
aligned_single_processed_HA,D452C,1.8762703
aligned_single_processed_HA,D452E,1.8337631
aligned_single_processed_HA,D452F,2.1404457
aligned_single_processed_HA,D452G,1.7238274
aligned_single_processed_HA,D452H,1.97052
aligned_single_processed_HA,D452I,2.0855598
aligned_single_processed_HA,D452K,1.7200584
aligned_single_processed_HA,D452L,2.033512
aligned_single_processed_HA,D452M,1.8917313
aligned_single_processed_HA,D452N,1.6684418
aligned_single_processed_HA,D452P,2.0699272
aligned_single_processed_HA,D452Q,1.8264465
aligned_single_processed_HA,D452R,1.6169548
aligned_single_processed_HA,D452S,1.8863068
aligned_single_processed_HA,D452T,2.0257607
aligned_single_processed_HA,D452V,1.7650871
aligned_single_processed_HA,D452W,1.9026337
aligned_single_processed_HA,D452Y,1.893177
aligned_single_processed_HA,F453A,1.8381958
aligned_single_processed_HA,F453C,1.9109001
aligned_single_processed_HA,F453D,1.850132
aligned_single_processed_HA,F453E,1.7675819
aligned_single_processed_HA,F453G,1.71521
aligned_single_processed_HA,F453H,1.8877144
aligned_single_processed_HA,F453I,1.8863106
aligned_single_processed_HA,F453K,1.7088318
aligned_single_processed_HA,F453L,1.4252892
aligned_single_processed_HA,F453M,1.6594124
aligned_single_processed_HA,F453N,1.8544312
aligned_single_processed_HA,F453P,1.9553757
aligned_single_processed_HA,F453Q,2.1011124
aligned_single_processed_HA,F453R,1.921627
aligned_single_processed_HA,F453S,1.9483337
aligned_single_processed_HA,F453T,1.7760086
aligned_single_processed_HA,F453V,1.7816658
aligned_single_processed_HA,F453W,1.8632965
aligned_single_processed_HA,F453Y,1.6401939
aligned_single_processed_HA,H454A,2.1782608
aligned_single_processed_HA,H454C,1.9179573
aligned_single_processed_HA,H454D,1.7677536
aligned_single_processed_HA,H454E,1.9174881
aligned_single_processed_HA,H454F,1.9392357
aligned_single_processed_HA,H454G,2.1428986
aligned_single_processed_HA,H454I,2.2310524
aligned_single_processed_HA,H454K,2.0675926
aligned_single_processed_HA,H454L,2.0587463
aligned_single_processed_HA,H454M,2.2401733
aligned_single_processed_HA,H454N,2.048256
aligned_single_processed_HA,H454P,2.0867233
aligned_single_processed_HA,H454Q,1.9495201
aligned_single_processed_HA,H454R,2.1035614
aligned_single_processed_HA,H454S,1.9701538
aligned_single_processed_HA,H454T,1.8923912
aligned_single_processed_HA,H454V,1.8346062
aligned_single_processed_HA,H454W,1.9809227
aligned_single_processed_HA,H454Y,1.8266449
aligned_single_processed_HA,D455A,1.8358116
aligned_single_processed_HA,D455C,1.9260406
aligned_single_processed_HA,D455E,1.7978821
aligned_single_processed_HA,D455F,1.8422775
aligned_single_processed_HA,D455G,1.6521645
aligned_single_processed_HA,D455H,1.92173
aligned_single_processed_HA,D455I,1.8140755
aligned_single_processed_HA,D455K,1.9665565
aligned_single_processed_HA,D455L,2.0051575
aligned_single_processed_HA,D455M,2.0955544
aligned_single_processed_HA,D455N,1.558567
aligned_single_processed_HA,D455P,1.9546852
aligned_single_processed_HA,D455Q,2.0076942
aligned_single_processed_HA,D455R,1.8592644
aligned_single_processed_HA,D455S,1.8848915
aligned_single_processed_HA,D455T,1.9833145
aligned_single_processed_HA,D455V,1.865799
aligned_single_processed_HA,D455W,1.7938881
aligned_single_processed_HA,D455Y,1.9593544
aligned_single_processed_HA,L456A,0.014415741
aligned_single_processed_HA,L456C,0.27077866
aligned_single_processed_HA,L456D,0.27445602
aligned_single_processed_HA,L456E,0.1977005
aligned_single_processed_HA,L456F,0.19589615
aligned_single_processed_HA,L456G,0.1663742
aligned_single_processed_HA,L456H,0.19353104
aligned_single_processed_HA,L456I,0.43660355
aligned_single_processed_HA,L456K,0.036647797
aligned_single_processed_HA,L456M,-0.0010757446
aligned_single_processed_HA,L456N,-0.014110565
aligned_single_processed_HA,L456P,-0.0014305115
aligned_single_processed_HA,L456Q,0.08664322
aligned_single_processed_HA,L456R,0.12478256
aligned_single_processed_HA,L456S,-1.4779053
aligned_single_processed_HA,L456T,0.13622665
aligned_single_processed_HA,L456V,0.04859543
aligned_single_processed_HA,L456W,0.34785843
aligned_single_processed_HA,L456Y,0.18055725
aligned_single_processed_HA,N457A,1.6915665
aligned_single_processed_HA,N457C,2.0088425
aligned_single_processed_HA,N457D,1.9070129
aligned_single_processed_HA,N457E,2.038269
aligned_single_processed_HA,N457F,1.870121
aligned_single_processed_HA,N457G,1.9522247
aligned_single_processed_HA,N457H,1.9149895
aligned_single_processed_HA,N457I,2.132801
aligned_single_processed_HA,N457K,1.9754143
aligned_single_processed_HA,N457L,1.9194069
aligned_single_processed_HA,N457M,1.9724617
aligned_single_processed_HA,N457P,2.0743446
aligned_single_processed_HA,N457Q,2.0416527
aligned_single_processed_HA,N457R,2.006298
aligned_single_processed_HA,N457S,1.9369926
aligned_single_processed_HA,N457T,1.9296837
aligned_single_processed_HA,N457V,1.7797394
aligned_single_processed_HA,N457W,1.9474411
aligned_single_processed_HA,N457Y,1.886673
aligned_single_processed_HA,V458A,2.047596
aligned_single_processed_HA,V458C,1.9210739
aligned_single_processed_HA,V458D,1.8232155
aligned_single_processed_HA,V458E,2.0829124
aligned_single_processed_HA,V458F,1.9340668
aligned_single_processed_HA,V458G,2.0569801
aligned_single_processed_HA,V458H,2.0216408
aligned_single_processed_HA,V458I,1.566536
aligned_single_processed_HA,V458K,1.7292671
aligned_single_processed_HA,V458L,1.9730415
aligned_single_processed_HA,V458M,1.7144356
aligned_single_processed_HA,V458N,1.7628822
aligned_single_processed_HA,V458P,1.9940071
aligned_single_processed_HA,V458Q,1.8464241
aligned_single_processed_HA,V458R,2.1026115
aligned_single_processed_HA,V458S,1.9544487
aligned_single_processed_HA,V458T,1.7544174
aligned_single_processed_HA,V458W,1.966259
aligned_single_processed_HA,V458Y,1.8274689
aligned_single_processed_HA,K459A,1.799202
aligned_single_processed_HA,K459C,1.6558113
aligned_single_processed_HA,K459D,1.4280739
aligned_single_processed_HA,K459E,1.526783
aligned_single_processed_HA,K459F,1.5249901
aligned_single_processed_HA,K459G,1.5079384
aligned_single_processed_HA,K459H,1.535469
aligned_single_processed_HA,K459I,1.6260338
aligned_single_processed_HA,K459L,1.6082916
aligned_single_processed_HA,K459M,1.595253
aligned_single_processed_HA,K459N,1.2634354
aligned_single_processed_HA,K459P,1.6603622
aligned_single_processed_HA,K459Q,1.5906143
aligned_single_processed_HA,K459R,0.9134712
aligned_single_processed_HA,K459S,1.839035
aligned_single_processed_HA,K459T,1.4724236
aligned_single_processed_HA,K459V,1.556633
aligned_single_processed_HA,K459W,1.86269
aligned_single_processed_HA,K459Y,1.6124802
aligned_single_processed_HA,N460A,1.1558876
aligned_single_processed_HA,N460C,1.29879
aligned_single_processed_HA,N460D,1.2164803
aligned_single_processed_HA,N460E,1.2042732
aligned_single_processed_HA,N460F,1.2788391
aligned_single_processed_HA,N460G,1.126442
aligned_single_processed_HA,N460H,1.3783531
aligned_single_processed_HA,N460I,1.3293381
aligned_single_processed_HA,N460K,1.3627586
aligned_single_processed_HA,N460L,1.3537674
aligned_single_processed_HA,N460M,1.3870964
aligned_single_processed_HA,N460P,1.2601051
aligned_single_processed_HA,N460Q,1.47546
aligned_single_processed_HA,N460R,1.1560898
aligned_single_processed_HA,N460S,0.3384323
aligned_single_processed_HA,N460T,1.1554565
aligned_single_processed_HA,N460V,1.277523
aligned_single_processed_HA,N460W,1.2366142
aligned_single_processed_HA,N460Y,1.3065758
aligned_single_processed_HA,L461A,1.8646088
aligned_single_processed_HA,L461C,1.6790543
aligned_single_processed_HA,L461D,1.957695
aligned_single_processed_HA,L461E,1.9523125
aligned_single_processed_HA,L461F,1.9031982
aligned_single_processed_HA,L461G,1.9359207
aligned_single_processed_HA,L461H,2.0585022
aligned_single_processed_HA,L461I,1.954937
aligned_single_processed_HA,L461K,2.0228958
aligned_single_processed_HA,L461M,1.9171982
aligned_single_processed_HA,L461N,1.8513069
aligned_single_processed_HA,L461P,1.8907509
aligned_single_processed_HA,L461Q,1.8841629
aligned_single_processed_HA,L461R,1.7951317
aligned_single_processed_HA,L461S,1.7589493
aligned_single_processed_HA,L461T,1.9054756
aligned_single_processed_HA,L461V,1.6852646
aligned_single_processed_HA,L461W,1.8762779
aligned_single_processed_HA,L461Y,1.8871498
aligned_single_processed_HA,Y462A,1.9814949
aligned_single_processed_HA,Y462C,2.0332794
aligned_single_processed_HA,Y462D,1.8889236
aligned_single_processed_HA,Y462E,1.700428
aligned_single_processed_HA,Y462F,1.8161964
aligned_single_processed_HA,Y462G,2.105873
aligned_single_processed_HA,Y462H,2.030281
aligned_single_processed_HA,Y462I,1.9262581
aligned_single_processed_HA,Y462K,1.9304123
aligned_single_processed_HA,Y462L,1.9391327
aligned_single_processed_HA,Y462M,1.9417458
aligned_single_processed_HA,Y462N,1.9604568
aligned_single_processed_HA,Y462P,1.6840591
aligned_single_processed_HA,Y462Q,2.0081863
aligned_single_processed_HA,Y462R,2.0035477
aligned_single_processed_HA,Y462S,1.9523468
aligned_single_processed_HA,Y462T,1.9621773
aligned_single_processed_HA,Y462V,1.8679581
aligned_single_processed_HA,Y462W,1.9669456
aligned_single_processed_HA,E463A,1.7573738
aligned_single_processed_HA,E463C,2.0374184
aligned_single_processed_HA,E463D,1.6402283
aligned_single_processed_HA,E463F,2.0398788
aligned_single_processed_HA,E463G,1.6278152
aligned_single_processed_HA,E463H,1.9399986
aligned_single_processed_HA,E463I,1.9020729
aligned_single_processed_HA,E463K,1.7999496
aligned_single_processed_HA,E463L,1.8633957
aligned_single_processed_HA,E463M,1.9748611
aligned_single_processed_HA,E463N,2.0073242
aligned_single_processed_HA,E463P,1.8307114
aligned_single_processed_HA,E463Q,1.8130531
aligned_single_processed_HA,E463R,1.975853
aligned_single_processed_HA,E463S,1.9281082
aligned_single_processed_HA,E463T,1.90242
aligned_single_processed_HA,E463V,1.8228569
aligned_single_processed_HA,E463W,1.8001556
aligned_single_processed_HA,E463Y,1.8023338
aligned_single_processed_HA,K464A,1.5125084
aligned_single_processed_HA,K464C,1.807087
aligned_single_processed_HA,K464D,1.9485817
aligned_single_processed_HA,K464E,1.6148758
aligned_single_processed_HA,K464F,1.6342278
aligned_single_processed_HA,K464G,1.7536507
aligned_single_processed_HA,K464H,1.6275635
aligned_single_processed_HA,K464I,1.6660843
aligned_single_processed_HA,K464L,1.6288567
aligned_single_processed_HA,K464M,1.5904236
aligned_single_processed_HA,K464N,1.5699463
aligned_single_processed_HA,K464P,1.8492088
aligned_single_processed_HA,K464Q,1.4267616
aligned_single_processed_HA,K464R,0.9926224
aligned_single_processed_HA,K464S,1.4207993
aligned_single_processed_HA,K464T,1.6872864
aligned_single_processed_HA,K464V,1.445816
aligned_single_processed_HA,K464W,1.6339035
aligned_single_processed_HA,K464Y,1.8786736
aligned_single_processed_HA,V465A,1.9936867
aligned_single_processed_HA,V465C,2.10672
aligned_single_processed_HA,V465D,2.1685448
aligned_single_processed_HA,V465E,1.8943977
aligned_single_processed_HA,V465F,1.9112396
aligned_single_processed_HA,V465G,1.8761826
aligned_single_processed_HA,V465H,2.0533257
aligned_single_processed_HA,V465I,1.2688026
aligned_single_processed_HA,V465K,1.7823906
aligned_single_processed_HA,V465L,2.0665855
aligned_single_processed_HA,V465M,1.615284
aligned_single_processed_HA,V465N,2.1242905
aligned_single_processed_HA,V465P,1.6692734
aligned_single_processed_HA,V465Q,1.6426849
aligned_single_processed_HA,V465R,1.8895416
aligned_single_processed_HA,V465S,1.9094124
aligned_single_processed_HA,V465T,1.8108978
aligned_single_processed_HA,V465W,1.871891
aligned_single_processed_HA,V465Y,1.8935966
aligned_single_processed_HA,K466A,1.4241409
aligned_single_processed_HA,K466C,1.3140755
aligned_single_processed_HA,K466D,1.2646408
aligned_single_processed_HA,K466E,1.3447723
aligned_single_processed_HA,K466F,1.6494598
aligned_single_processed_HA,K466G,1.3843842
aligned_single_processed_HA,K466H,1.4395142
aligned_single_processed_HA,K466I,1.3538895
aligned_single_processed_HA,K466L,1.3951149
aligned_single_processed_HA,K466M,1.4283409
aligned_single_processed_HA,K466N,1.2244835
aligned_single_processed_HA,K466P,1.3214912
aligned_single_processed_HA,K466Q,1.4890709
aligned_single_processed_HA,K466R,0.12151718
aligned_single_processed_HA,K466S,1.3457031
aligned_single_processed_HA,K466T,1.3230133
aligned_single_processed_HA,K466V,1.3992424
aligned_single_processed_HA,K466W,1.4269257
aligned_single_processed_HA,K466Y,1.5056725
aligned_single_processed_HA,S467A,1.0918884
aligned_single_processed_HA,S467C,1.3490143
aligned_single_processed_HA,S467D,1.1505089
aligned_single_processed_HA,S467E,1.3765144
aligned_single_processed_HA,S467F,1.2237282
aligned_single_processed_HA,S467G,1.0522156
aligned_single_processed_HA,S467H,1.4824677
aligned_single_processed_HA,S467I,1.1883011
aligned_single_processed_HA,S467K,1.1302032
aligned_single_processed_HA,S467L,1.1581268
aligned_single_processed_HA,S467M,1.3996315
aligned_single_processed_HA,S467N,0.97359467
aligned_single_processed_HA,S467P,1.6141434
aligned_single_processed_HA,S467Q,1.315876
aligned_single_processed_HA,S467R,1.2043419
aligned_single_processed_HA,S467T,1.1446152
aligned_single_processed_HA,S467V,1.3175201
aligned_single_processed_HA,S467W,1.3690491
aligned_single_processed_HA,S467Y,1.3191109
aligned_single_processed_HA,Q468A,1.7220383
aligned_single_processed_HA,Q468C,2.0340157
aligned_single_processed_HA,Q468D,1.6984024
aligned_single_processed_HA,Q468E,1.6453819
aligned_single_processed_HA,Q468F,1.7465782
aligned_single_processed_HA,Q468G,1.6173477
aligned_single_processed_HA,Q468H,1.868267
aligned_single_processed_HA,Q468I,1.8021584
aligned_single_processed_HA,Q468K,1.662754
aligned_single_processed_HA,Q468L,1.7071724
aligned_single_processed_HA,Q468M,1.7168236
aligned_single_processed_HA,Q468N,1.6678123
aligned_single_processed_HA,Q468P,1.9104385
aligned_single_processed_HA,Q468R,1.683094
aligned_single_processed_HA,Q468S,1.9389801
aligned_single_processed_HA,Q468T,2.057125
aligned_single_processed_HA,Q468V,1.656456
aligned_single_processed_HA,Q468W,1.6973457
aligned_single_processed_HA,Q468Y,1.6235809
aligned_single_processed_HA,L469A,2.0295944
aligned_single_processed_HA,L469C,1.8817902
aligned_single_processed_HA,L469D,2.0181732
aligned_single_processed_HA,L469E,1.7789688
aligned_single_processed_HA,L469F,1.7418823
aligned_single_processed_HA,L469G,1.6998749
aligned_single_processed_HA,L469H,1.7978821
aligned_single_processed_HA,L469I,1.9582367
aligned_single_processed_HA,L469K,1.9393234
aligned_single_processed_HA,L469M,1.5318756
aligned_single_processed_HA,L469N,1.6024094
aligned_single_processed_HA,L469P,1.8174744
aligned_single_processed_HA,L469Q,1.7547035
aligned_single_processed_HA,L469R,1.8715782
aligned_single_processed_HA,L469S,1.8754044
aligned_single_processed_HA,L469T,1.6127892
aligned_single_processed_HA,L469V,1.7724075
aligned_single_processed_HA,L469W,1.6805801
aligned_single_processed_HA,L469Y,1.7296982
aligned_single_processed_HA,K470A,1.5146484
aligned_single_processed_HA,K470C,1.5904465
aligned_single_processed_HA,K470D,1.5728073
aligned_single_processed_HA,K470E,1.3552094
aligned_single_processed_HA,K470F,1.3533058
aligned_single_processed_HA,K470G,1.4112663
aligned_single_processed_HA,K470H,1.4676247
aligned_single_processed_HA,K470I,1.4924049
aligned_single_processed_HA,K470L,1.5190201
aligned_single_processed_HA,K470M,1.496151
aligned_single_processed_HA,K470N,1.359581
aligned_single_processed_HA,K470P,1.3586884
aligned_single_processed_HA,K470Q,1.595726
aligned_single_processed_HA,K470R,0.4758072
aligned_single_processed_HA,K470S,1.4080582
aligned_single_processed_HA,K470T,1.3290672
aligned_single_processed_HA,K470V,1.4253578
aligned_single_processed_HA,K470W,1.6139145
aligned_single_processed_HA,K470Y,1.7498703
aligned_single_processed_HA,N471A,1.9784164
aligned_single_processed_HA,N471C,1.852623
aligned_single_processed_HA,N471D,1.7842445
aligned_single_processed_HA,N471E,1.7481575
aligned_single_processed_HA,N471F,1.9557266
aligned_single_processed_HA,N471G,2.063717
aligned_single_processed_HA,N471H,2.101982
aligned_single_processed_HA,N471I,1.8361969
aligned_single_processed_HA,N471K,1.9183311
aligned_single_processed_HA,N471L,1.8570175
aligned_single_processed_HA,N471M,2.076851
aligned_single_processed_HA,N471P,2.2381973
aligned_single_processed_HA,N471Q,1.849453
aligned_single_processed_HA,N471R,1.8813362
aligned_single_processed_HA,N471S,1.8477058
aligned_single_processed_HA,N471T,1.821495
aligned_single_processed_HA,N471V,1.9955482
aligned_single_processed_HA,N471W,2.1262665
aligned_single_processed_HA,N471Y,1.9721909
aligned_single_processed_HA,N472A,2.1245003
aligned_single_processed_HA,N472C,1.9640503
aligned_single_processed_HA,N472D,1.9861526
aligned_single_processed_HA,N472E,1.9224625
aligned_single_processed_HA,N472F,2.0666122
aligned_single_processed_HA,N472G,2.1226463
aligned_single_processed_HA,N472H,1.9922066
aligned_single_processed_HA,N472I,1.9461021
aligned_single_processed_HA,N472K,1.9500046
aligned_single_processed_HA,N472L,2.1266365
aligned_single_processed_HA,N472M,2.0667229
aligned_single_processed_HA,N472P,1.8905525
aligned_single_processed_HA,N472Q,1.961628
aligned_single_processed_HA,N472R,2.4146233
aligned_single_processed_HA,N472S,2.0022202
aligned_single_processed_HA,N472T,1.9768372
aligned_single_processed_HA,N472V,1.9765549
aligned_single_processed_HA,N472W,1.8838081
aligned_single_processed_HA,N472Y,1.9562607
aligned_single_processed_HA,A473C,1.9938622
aligned_single_processed_HA,A473D,1.8200493
aligned_single_processed_HA,A473E,2.0849342
aligned_single_processed_HA,A473F,1.8418922
aligned_single_processed_HA,A473G,1.9898186
aligned_single_processed_HA,A473H,1.7943001
aligned_single_processed_HA,A473I,1.9276085
aligned_single_processed_HA,A473K,1.8798141
aligned_single_processed_HA,A473L,1.9312248
aligned_single_processed_HA,A473M,2.0254745
aligned_single_processed_HA,A473N,1.9167099
aligned_single_processed_HA,A473P,2.310257
aligned_single_processed_HA,A473Q,2.204319
aligned_single_processed_HA,A473R,1.9522781
aligned_single_processed_HA,A473S,1.6645279
aligned_single_processed_HA,A473T,1.7821159
aligned_single_processed_HA,A473V,2.0239563
aligned_single_processed_HA,A473W,1.8822975
aligned_single_processed_HA,A473Y,1.8797836
aligned_single_processed_HA,K474A,1.868721
aligned_single_processed_HA,K474C,1.7663918
aligned_single_processed_HA,K474D,1.7477112
aligned_single_processed_HA,K474E,1.691536
aligned_single_processed_HA,K474F,1.5823936
aligned_single_processed_HA,K474G,1.802845
aligned_single_processed_HA,K474H,1.9200249
aligned_single_processed_HA,K474I,1.778183
aligned_single_processed_HA,K474L,1.987484
aligned_single_processed_HA,K474M,1.809578
aligned_single_processed_HA,K474N,1.6982765
aligned_single_processed_HA,K474P,1.7680817
aligned_single_processed_HA,K474Q,2.1099586
aligned_single_processed_HA,K474R,1.6019669
aligned_single_processed_HA,K474S,1.7297935
aligned_single_processed_HA,K474T,1.6463776
aligned_single_processed_HA,K474V,1.7297935
aligned_single_processed_HA,K474W,1.614788
aligned_single_processed_HA,K474Y,1.693016
aligned_single_processed_HA,E475A,1.876751
aligned_single_processed_HA,E475C,1.9045486
aligned_single_processed_HA,E475D,1.8818436
aligned_single_processed_HA,E475F,1.7916527
aligned_single_processed_HA,E475G,1.7805862
aligned_single_processed_HA,E475H,1.7336426
aligned_single_processed_HA,E475I,1.8760605
aligned_single_processed_HA,E475K,1.8124161
aligned_single_processed_HA,E475L,1.6777725
aligned_single_processed_HA,E475M,1.9697838
aligned_single_processed_HA,E475N,1.6776543
aligned_single_processed_HA,E475P,1.8181725
aligned_single_processed_HA,E475Q,1.512146
aligned_single_processed_HA,E475R,1.7773666
aligned_single_processed_HA,E475S,1.9387283
aligned_single_processed_HA,E475T,1.8745003
aligned_single_processed_HA,E475V,1.6627235
aligned_single_processed_HA,E475W,1.9464531
aligned_single_processed_HA,E475Y,1.9270515
aligned_single_processed_HA,I476A,1.8710747
aligned_single_processed_HA,I476C,1.5520248
aligned_single_processed_HA,I476D,1.7996216
aligned_single_processed_HA,I476E,1.6220703
aligned_single_processed_HA,I476F,1.6924324
aligned_single_processed_HA,I476G,1.6688118
aligned_single_processed_HA,I476H,1.6581154
aligned_single_processed_HA,I476K,1.7708092
aligned_single_processed_HA,I476L,1.2359924
aligned_single_processed_HA,I476M,1.5938759
aligned_single_processed_HA,I476N,1.6742516
aligned_single_processed_HA,I476P,1.4745865
aligned_single_processed_HA,I476Q,1.7259293
aligned_single_processed_HA,I476R,1.7729912
aligned_single_processed_HA,I476S,2.0399704
aligned_single_processed_HA,I476T,1.5197983
aligned_single_processed_HA,I476V,0.97857285
aligned_single_processed_HA,I476W,1.8331757
aligned_single_processed_HA,I476Y,1.6608734
aligned_single_processed_HA,G477A,2.0837936
aligned_single_processed_HA,G477C,2.2095985
aligned_single_processed_HA,G477D,1.8218842
aligned_single_processed_HA,G477E,1.92416
aligned_single_processed_HA,G477F,1.888977
aligned_single_processed_HA,G477H,1.845665
aligned_single_processed_HA,G477I,1.9759674
aligned_single_processed_HA,G477K,2.0606384
aligned_single_processed_HA,G477L,2.0641098
aligned_single_processed_HA,G477M,2.1627579
aligned_single_processed_HA,G477N,1.8001251
aligned_single_processed_HA,G477P,1.861412
aligned_single_processed_HA,G477Q,2.100338
aligned_single_processed_HA,G477R,1.8386574
aligned_single_processed_HA,G477S,1.9679031
aligned_single_processed_HA,G477T,1.8057823
aligned_single_processed_HA,G477V,1.8101501
aligned_single_processed_HA,G477W,1.957489
aligned_single_processed_HA,G477Y,1.9730148
aligned_single_processed_HA,N478A,2.1051826
aligned_single_processed_HA,N478C,1.8548088
aligned_single_processed_HA,N478D,1.6135254
aligned_single_processed_HA,N478E,1.8862534
aligned_single_processed_HA,N478F,1.7109375
aligned_single_processed_HA,N478G,1.8812561
aligned_single_processed_HA,N478H,1.8572083
aligned_single_processed_HA,N478I,1.8525543
aligned_single_processed_HA,N478K,1.8243332
aligned_single_processed_HA,N478L,2.2326813
aligned_single_processed_HA,N478M,1.7673149
aligned_single_processed_HA,N478P,1.8924408
aligned_single_processed_HA,N478Q,1.9195366
aligned_single_processed_HA,N478R,1.8795509
aligned_single_processed_HA,N478S,1.9503937
aligned_single_processed_HA,N478T,1.7782631
aligned_single_processed_HA,N478V,1.8192024
aligned_single_processed_HA,N478W,2.0590515
aligned_single_processed_HA,N478Y,1.9307632
aligned_single_processed_HA,G479A,2.2214355
aligned_single_processed_HA,G479C,1.9407692
aligned_single_processed_HA,G479D,2.018692
aligned_single_processed_HA,G479E,1.9828911
aligned_single_processed_HA,G479F,2.138317
aligned_single_processed_HA,G479H,2.0481071
aligned_single_processed_HA,G479I,1.8868904
aligned_single_processed_HA,G479K,1.9670792
aligned_single_processed_HA,G479L,1.9589462
aligned_single_processed_HA,G479M,2.207405
aligned_single_processed_HA,G479N,2.0595856
aligned_single_processed_HA,G479P,2.183632
aligned_single_processed_HA,G479Q,2.17173
aligned_single_processed_HA,G479R,1.942524
aligned_single_processed_HA,G479S,1.9716339
aligned_single_processed_HA,G479T,2.087452
aligned_single_processed_HA,G479V,1.9689598
aligned_single_processed_HA,G479W,2.0242157
aligned_single_processed_HA,G479Y,1.8915558
aligned_single_processed_HA,C480A,1.8646088
aligned_single_processed_HA,C480D,2.1326065
aligned_single_processed_HA,C480E,2.026001
aligned_single_processed_HA,C480F,2.053482
aligned_single_processed_HA,C480G,1.9217796
aligned_single_processed_HA,C480H,1.8346786
aligned_single_processed_HA,C480I,2.2854538
aligned_single_processed_HA,C480K,1.9906769
aligned_single_processed_HA,C480L,2.194973
aligned_single_processed_HA,C480M,2.0380325
aligned_single_processed_HA,C480N,2.2471085
aligned_single_processed_HA,C480P,2.0591393
aligned_single_processed_HA,C480Q,2.0521164
aligned_single_processed_HA,C480R,1.9769707
aligned_single_processed_HA,C480S,1.9424324
aligned_single_processed_HA,C480T,2.1117973
aligned_single_processed_HA,C480V,2.0323257
aligned_single_processed_HA,C480W,1.9575272
aligned_single_processed_HA,C480Y,2.030529
aligned_single_processed_HA,F481A,1.9760933
aligned_single_processed_HA,F481C,1.9261093
aligned_single_processed_HA,F481D,2.1130905
aligned_single_processed_HA,F481E,1.9613647
aligned_single_processed_HA,F481G,1.8861275
aligned_single_processed_HA,F481H,2.1224594
aligned_single_processed_HA,F481I,2.0777473
aligned_single_processed_HA,F481K,2.1645203
aligned_single_processed_HA,F481L,1.9966736
aligned_single_processed_HA,F481M,1.9573059
aligned_single_processed_HA,F481N,2.0118484
aligned_single_processed_HA,F481P,2.1266174
aligned_single_processed_HA,F481Q,2.0553207
aligned_single_processed_HA,F481R,1.9320068
aligned_single_processed_HA,F481S,1.8638954
aligned_single_processed_HA,F481T,1.8809967
aligned_single_processed_HA,F481V,1.8974037
aligned_single_processed_HA,F481W,1.8125725
aligned_single_processed_HA,F481Y,2.123146
aligned_single_processed_HA,E482A,1.9236794
aligned_single_processed_HA,E482C,1.8964958
aligned_single_processed_HA,E482D,1.7122917
aligned_single_processed_HA,E482F,1.6203423
aligned_single_processed_HA,E482G,1.7109871
aligned_single_processed_HA,E482H,1.7047119
aligned_single_processed_HA,E482I,1.6435623
aligned_single_processed_HA,E482K,1.640171
aligned_single_processed_HA,E482L,1.8174896
aligned_single_processed_HA,E482M,1.7633018
aligned_single_processed_HA,E482N,1.9314117
aligned_single_processed_HA,E482P,1.8232002
aligned_single_processed_HA,E482Q,1.9897499
aligned_single_processed_HA,E482R,1.9229584
aligned_single_processed_HA,E482S,1.8613892
aligned_single_processed_HA,E482T,1.5615997
aligned_single_processed_HA,E482V,1.8631706
aligned_single_processed_HA,E482W,1.8715324
aligned_single_processed_HA,E482Y,2.0345306
aligned_single_processed_HA,F483A,1.9158249
aligned_single_processed_HA,F483C,2.15168
aligned_single_processed_HA,F483D,1.9872551
aligned_single_processed_HA,F483E,1.830349
aligned_single_processed_HA,F483G,1.9252396
aligned_single_processed_HA,F483H,1.900177
aligned_single_processed_HA,F483I,2.0203896
aligned_single_processed_HA,F483K,1.7451744
aligned_single_processed_HA,F483L,1.8725319
aligned_single_processed_HA,F483M,2.0061302
aligned_single_processed_HA,F483N,2.021511
aligned_single_processed_HA,F483P,2.0783691
aligned_single_processed_HA,F483Q,1.9896317
aligned_single_processed_HA,F483R,2.0852966
aligned_single_processed_HA,F483S,1.9064751
aligned_single_processed_HA,F483T,2.0745163
aligned_single_processed_HA,F483V,1.8666
aligned_single_processed_HA,F483W,2.22221
aligned_single_processed_HA,F483Y,2.1518173
aligned_single_processed_HA,Y484A,2.0754395
aligned_single_processed_HA,Y484C,1.8115997
aligned_single_processed_HA,Y484D,1.7980499
aligned_single_processed_HA,Y484E,1.8582268
aligned_single_processed_HA,Y484F,1.8198738
aligned_single_processed_HA,Y484G,1.9285774
aligned_single_processed_HA,Y484H,1.9749794
aligned_single_processed_HA,Y484I,1.8987083
aligned_single_processed_HA,Y484K,1.8214073
aligned_single_processed_HA,Y484L,1.9978371
aligned_single_processed_HA,Y484M,1.9390335
aligned_single_processed_HA,Y484N,1.6091843
aligned_single_processed_HA,Y484P,2.0480232
aligned_single_processed_HA,Y484Q,1.9737167
aligned_single_processed_HA,Y484R,1.7242928
aligned_single_processed_HA,Y484S,1.8344078
aligned_single_processed_HA,Y484T,1.873394
aligned_single_processed_HA,Y484V,1.7793007
aligned_single_processed_HA,Y484W,1.9673767
aligned_single_processed_HA,H485A,1.9764366
aligned_single_processed_HA,H485C,2.2781296
aligned_single_processed_HA,H485D,2.0721169
aligned_single_processed_HA,H485E,1.939045
aligned_single_processed_HA,H485F,2.119484
aligned_single_processed_HA,H485G,1.8726616
aligned_single_processed_HA,H485I,2.1282501
aligned_single_processed_HA,H485K,2.0032158
aligned_single_processed_HA,H485L,1.9882355
aligned_single_processed_HA,H485M,1.8496895
aligned_single_processed_HA,H485N,2.2260628
aligned_single_processed_HA,H485P,1.9025917
aligned_single_processed_HA,H485Q,1.9982643
aligned_single_processed_HA,H485R,2.0632439
aligned_single_processed_HA,H485S,1.9141579
aligned_single_processed_HA,H485T,2.0069923
aligned_single_processed_HA,H485V,2.1413078
aligned_single_processed_HA,H485W,2.038166
aligned_single_processed_HA,H485Y,2.0099983
aligned_single_processed_HA,K486A,1.707901
aligned_single_processed_HA,K486C,1.7277603
aligned_single_processed_HA,K486D,1.6118507
aligned_single_processed_HA,K486E,1.866806
aligned_single_processed_HA,K486F,1.7321243
aligned_single_processed_HA,K486G,1.8467674
aligned_single_processed_HA,K486H,1.4415092
aligned_single_processed_HA,K486I,1.6222458
aligned_single_processed_HA,K486L,1.7186661
aligned_single_processed_HA,K486M,1.7690659
aligned_single_processed_HA,K486N,1.6654663
aligned_single_processed_HA,K486P,1.745678
aligned_single_processed_HA,K486Q,1.7421455
aligned_single_processed_HA,K486R,1.1980667
aligned_single_processed_HA,K486S,1.759964
aligned_single_processed_HA,K486T,1.6853104
aligned_single_processed_HA,K486V,1.6034393
aligned_single_processed_HA,K486W,1.6274376
aligned_single_processed_HA,K486Y,1.4870834
aligned_single_processed_HA,C487A,1.9566231
aligned_single_processed_HA,C487D,2.1135101
aligned_single_processed_HA,C487E,2.0925446
aligned_single_processed_HA,C487F,1.991909
aligned_single_processed_HA,C487G,2.1376877
aligned_single_processed_HA,C487H,2.1557922
aligned_single_processed_HA,C487I,1.9223366
aligned_single_processed_HA,C487K,2.0389938
aligned_single_processed_HA,C487L,2.070366
aligned_single_processed_HA,C487M,2.1363907
aligned_single_processed_HA,C487N,2.1517563
aligned_single_processed_HA,C487P,1.9644661
aligned_single_processed_HA,C487Q,1.8774834
aligned_single_processed_HA,C487R,2.0794601
aligned_single_processed_HA,C487S,2.1170082
aligned_single_processed_HA,C487T,2.070816
aligned_single_processed_HA,C487V,1.9041328
aligned_single_processed_HA,C487W,1.977314
aligned_single_processed_HA,C487Y,1.9264259
aligned_single_processed_HA,D488A,1.3270149
aligned_single_processed_HA,D488C,1.235611
aligned_single_processed_HA,D488E,1.0321007
aligned_single_processed_HA,D488F,1.2527466
aligned_single_processed_HA,D488G,1.2533951
aligned_single_processed_HA,D488H,1.3299332
aligned_single_processed_HA,D488I,1.338829
aligned_single_processed_HA,D488K,1.196003
aligned_single_processed_HA,D488L,1.2880058
aligned_single_processed_HA,D488M,1.3363495
aligned_single_processed_HA,D488N,0.34547043
aligned_single_processed_HA,D488P,1.3258591
aligned_single_processed_HA,D488Q,1.1487312
aligned_single_processed_HA,D488R,1.2496758
aligned_single_processed_HA,D488S,1.029644
aligned_single_processed_HA,D488T,1.3186302
aligned_single_processed_HA,D488V,1.23703
aligned_single_processed_HA,D488W,1.3448143
aligned_single_processed_HA,D488Y,1.3047371
aligned_single_processed_HA,N489A,1.055748
aligned_single_processed_HA,N489C,1.2737236
aligned_single_processed_HA,N489D,-0.09530258
aligned_single_processed_HA,N489E,1.1523247
aligned_single_processed_HA,N489F,1.2326927
aligned_single_processed_HA,N489G,1.2278366
aligned_single_processed_HA,N489H,1.1642265
aligned_single_processed_HA,N489I,1.1613312
aligned_single_processed_HA,N489K,1.1459084
aligned_single_processed_HA,N489L,1.0645409
aligned_single_processed_HA,N489M,1.0189476
aligned_single_processed_HA,N489P,1.3096809
aligned_single_processed_HA,N489Q,1.1831741
aligned_single_processed_HA,N489R,1.2383003
aligned_single_processed_HA,N489S,1.1037331
aligned_single_processed_HA,N489T,1.0115051
aligned_single_processed_HA,N489V,1.0711479
aligned_single_processed_HA,N489W,1.1899414
aligned_single_processed_HA,N489Y,1.065052
aligned_single_processed_HA,E490A,1.2764244
aligned_single_processed_HA,E490C,1.6141434
aligned_single_processed_HA,E490D,1.2016754
aligned_single_processed_HA,E490F,1.6060753
aligned_single_processed_HA,E490G,1.5284042
aligned_single_processed_HA,E490H,1.706234
aligned_single_processed_HA,E490I,1.6128922
aligned_single_processed_HA,E490K,1.2496834
aligned_single_processed_HA,E490L,1.9116325
aligned_single_processed_HA,E490M,1.357151
aligned_single_processed_HA,E490N,1.3870735
aligned_single_processed_HA,E490P,1.5248184
aligned_single_processed_HA,E490Q,1.4543457
aligned_single_processed_HA,E490R,1.4301834
aligned_single_processed_HA,E490S,1.6870384
aligned_single_processed_HA,E490T,1.4326477
aligned_single_processed_HA,E490V,1.4529343
aligned_single_processed_HA,E490W,1.9023132
aligned_single_processed_HA,E490Y,1.6798592
aligned_single_processed_HA,C491A,1.9638481
aligned_single_processed_HA,C491D,2.0228615
aligned_single_processed_HA,C491E,1.9887657
aligned_single_processed_HA,C491F,1.9753532
aligned_single_processed_HA,C491G,1.7531662
aligned_single_processed_HA,C491H,1.9818459
aligned_single_processed_HA,C491I,1.996315
aligned_single_processed_HA,C491K,1.77462
aligned_single_processed_HA,C491L,2.0565147
aligned_single_processed_HA,C491M,1.9518051
aligned_single_processed_HA,C491N,2.0351562
aligned_single_processed_HA,C491P,2.039425
aligned_single_processed_HA,C491Q,2.0649643
aligned_single_processed_HA,C491R,1.8459396
aligned_single_processed_HA,C491S,1.8544312
aligned_single_processed_HA,C491T,2.018013
aligned_single_processed_HA,C491V,1.9538841
aligned_single_processed_HA,C491W,1.7709236
aligned_single_processed_HA,C491Y,1.9378815
aligned_single_processed_HA,M492A,1.7838936
aligned_single_processed_HA,M492C,1.8065109
aligned_single_processed_HA,M492D,1.7885704
aligned_single_processed_HA,M492E,1.6012955
aligned_single_processed_HA,M492F,1.8007507
aligned_single_processed_HA,M492G,1.7782516
aligned_single_processed_HA,M492H,1.7288818
aligned_single_processed_HA,M492I,1.4397087
aligned_single_processed_HA,M492K,1.6025314
aligned_single_processed_HA,M492L,1.8165665
aligned_single_processed_HA,M492N,1.7798729
aligned_single_processed_HA,M492P,1.7748871
aligned_single_processed_HA,M492Q,1.6803703
aligned_single_processed_HA,M492R,1.7121582
aligned_single_processed_HA,M492S,1.7312317
aligned_single_processed_HA,M492T,1.6147499
aligned_single_processed_HA,M492V,1.6362267
aligned_single_processed_HA,M492W,1.6352654
aligned_single_processed_HA,M492Y,1.7109032
aligned_single_processed_HA,E493A,1.6299706
aligned_single_processed_HA,E493C,1.7834778
aligned_single_processed_HA,E493D,1.1450577
aligned_single_processed_HA,E493F,1.9237404
aligned_single_processed_HA,E493G,1.4919205
aligned_single_processed_HA,E493H,1.7184982
aligned_single_processed_HA,E493I,1.8215752
aligned_single_processed_HA,E493K,1.3136635
aligned_single_processed_HA,E493L,1.6498947
aligned_single_processed_HA,E493M,1.7356682
aligned_single_processed_HA,E493N,1.5111427
aligned_single_processed_HA,E493P,1.8247147
aligned_single_processed_HA,E493Q,1.970665
aligned_single_processed_HA,E493R,1.6226616
aligned_single_processed_HA,E493S,1.8682327
aligned_single_processed_HA,E493T,1.9189758
aligned_single_processed_HA,E493V,1.6670227
aligned_single_processed_HA,E493W,1.6746674
aligned_single_processed_HA,E493Y,1.8312645
aligned_single_processed_HA,S494A,1.9448318
aligned_single_processed_HA,S494C,2.064537
aligned_single_processed_HA,S494D,2.0480576
aligned_single_processed_HA,S494E,2.069561
aligned_single_processed_HA,S494F,2.165142
aligned_single_processed_HA,S494G,2.0956001
aligned_single_processed_HA,S494H,1.8795357
aligned_single_processed_HA,S494I,1.9762955
aligned_single_processed_HA,S494K,1.9476395
aligned_single_processed_HA,S494L,1.9357758
aligned_single_processed_HA,S494M,2.166233
aligned_single_processed_HA,S494N,1.9520187
aligned_single_processed_HA,S494P,2.0222473
aligned_single_processed_HA,S494Q,1.9596977
aligned_single_processed_HA,S494R,1.9210777
aligned_single_processed_HA,S494T,1.9299736
aligned_single_processed_HA,S494V,1.9867058
aligned_single_processed_HA,S494W,2.0122032
aligned_single_processed_HA,S494Y,2.1398087
aligned_single_processed_HA,V495A,1.9267654
aligned_single_processed_HA,V495C,1.493988
aligned_single_processed_HA,V495D,1.8043709
aligned_single_processed_HA,V495E,1.8805923
aligned_single_processed_HA,V495F,1.8594666
aligned_single_processed_HA,V495G,1.6484375
aligned_single_processed_HA,V495H,1.6592712
aligned_single_processed_HA,V495I,0.8636589
aligned_single_processed_HA,V495K,1.8257866
aligned_single_processed_HA,V495L,1.7858162
aligned_single_processed_HA,V495M,1.6999741
aligned_single_processed_HA,V495N,1.4537277
aligned_single_processed_HA,V495P,1.8287468
aligned_single_processed_HA,V495Q,1.7396317
aligned_single_processed_HA,V495R,1.679142
aligned_single_processed_HA,V495S,1.6126175
aligned_single_processed_HA,V495T,1.559124
aligned_single_processed_HA,V495W,2.0061874
aligned_single_processed_HA,V495Y,1.7414665
aligned_single_processed_HA,R496A,1.3554802
aligned_single_processed_HA,R496C,1.4567413
aligned_single_processed_HA,R496D,1.0085564
aligned_single_processed_HA,R496E,1.1721954
aligned_single_processed_HA,R496F,1.1426315
aligned_single_processed_HA,R496G,1.1462364
aligned_single_processed_HA,R496H,1.4377785
aligned_single_processed_HA,R496I,1.4220505
aligned_single_processed_HA,R496K,-0.06763458
aligned_single_processed_HA,R496L,1.1827583
aligned_single_processed_HA,R496M,1.2741318
aligned_single_processed_HA,R496N,1.1786957
aligned_single_processed_HA,R496P,1.4303246
aligned_single_processed_HA,R496Q,1.3929939
aligned_single_processed_HA,R496S,1.2369881
aligned_single_processed_HA,R496T,1.1846733
aligned_single_processed_HA,R496V,1.1492653
aligned_single_processed_HA,R496W,1.381855
aligned_single_processed_HA,R496Y,1.4400406
aligned_single_processed_HA,N497A,1.838211
aligned_single_processed_HA,N497C,1.9860268
aligned_single_processed_HA,N497D,2.0079994
aligned_single_processed_HA,N497E,1.7174454
aligned_single_processed_HA,N497F,2.2034607
aligned_single_processed_HA,N497G,1.9928436
aligned_single_processed_HA,N497H,2.0939903
aligned_single_processed_HA,N497I,1.9553947
aligned_single_processed_HA,N497K,2.086525
aligned_single_processed_HA,N497L,1.8848724
aligned_single_processed_HA,N497M,1.757267
aligned_single_processed_HA,N497P,1.809227
aligned_single_processed_HA,N497Q,1.6994896
aligned_single_processed_HA,N497R,2.044609
aligned_single_processed_HA,N497S,1.8046074
aligned_single_processed_HA,N497T,1.9311943
aligned_single_processed_HA,N497V,2.1032524
aligned_single_processed_HA,N497W,1.9620895
aligned_single_processed_HA,N497Y,1.7766609
aligned_single_processed_HA,G498A,1.9123611
aligned_single_processed_HA,G498C,2.1215744
aligned_single_processed_HA,G498D,2.0656242
aligned_single_processed_HA,G498E,1.809906
aligned_single_processed_HA,G498F,1.8695755
aligned_single_processed_HA,G498H,2.1993942
aligned_single_processed_HA,G498I,1.853981
aligned_single_processed_HA,G498K,1.9514694
aligned_single_processed_HA,G498L,1.9540443
aligned_single_processed_HA,G498M,2.149231
aligned_single_processed_HA,G498N,1.8026543
aligned_single_processed_HA,G498P,1.9728088
aligned_single_processed_HA,G498Q,1.9957733
aligned_single_processed_HA,G498R,2.0403214
aligned_single_processed_HA,G498S,1.930191
aligned_single_processed_HA,G498T,1.98946
aligned_single_processed_HA,G498V,1.9960442
aligned_single_processed_HA,G498W,2.083561
aligned_single_processed_HA,G498Y,1.9951897
aligned_single_processed_HA,T499A,1.8337364
aligned_single_processed_HA,T499C,1.9810791
aligned_single_processed_HA,T499D,2.058323
aligned_single_processed_HA,T499E,2.1231308
aligned_single_processed_HA,T499F,1.9474144
aligned_single_processed_HA,T499G,1.979805
aligned_single_processed_HA,T499H,1.7453003
aligned_single_processed_HA,T499I,1.9591064
aligned_single_processed_HA,T499K,1.8861656
aligned_single_processed_HA,T499L,1.8931656
aligned_single_processed_HA,T499M,1.7493019
aligned_single_processed_HA,T499N,1.7358818
aligned_single_processed_HA,T499P,1.7462349
aligned_single_processed_HA,T499Q,1.8585968
aligned_single_processed_HA,T499R,2.0288086
aligned_single_processed_HA,T499S,1.9953613
aligned_single_processed_HA,T499V,2.042923
aligned_single_processed_HA,T499W,2.021305
aligned_single_processed_HA,T499Y,2.099266
aligned_single_processed_HA,Y500A,1.8656654
aligned_single_processed_HA,Y500C,2.011135
aligned_single_processed_HA,Y500D,1.8878822
aligned_single_processed_HA,Y500E,1.7301483
aligned_single_processed_HA,Y500F,1.6635323
aligned_single_processed_HA,Y500G,2.0187836
aligned_single_processed_HA,Y500H,1.9739914
aligned_single_processed_HA,Y500I,1.861866
aligned_single_processed_HA,Y500K,1.9552536
aligned_single_processed_HA,Y500L,1.8947754
aligned_single_processed_HA,Y500M,1.8867645
aligned_single_processed_HA,Y500N,1.751545
aligned_single_processed_HA,Y500P,2.0283127
aligned_single_processed_HA,Y500Q,1.9148483
aligned_single_processed_HA,Y500R,1.9252243
aligned_single_processed_HA,Y500S,2.0747185
aligned_single_processed_HA,Y500T,2.0818977
aligned_single_processed_HA,Y500V,2.1088562
aligned_single_processed_HA,Y500W,2.1578293
aligned_single_processed_HA,D501A,1.808548
aligned_single_processed_HA,D501C,1.8815498
aligned_single_processed_HA,D501E,1.5776634
aligned_single_processed_HA,D501F,1.6344109
aligned_single_processed_HA,D501G,1.5458069
aligned_single_processed_HA,D501H,1.8225975
aligned_single_processed_HA,D501I,1.7243996
aligned_single_processed_HA,D501K,1.6902275
aligned_single_processed_HA,D501L,1.7446594
aligned_single_processed_HA,D501M,1.8765335
aligned_single_processed_HA,D501N,0.83184433
aligned_single_processed_HA,D501P,1.7123909
aligned_single_processed_HA,D501Q,1.8028793
aligned_single_processed_HA,D501R,1.5912857
aligned_single_processed_HA,D501S,1.489109
aligned_single_processed_HA,D501T,1.540844
aligned_single_processed_HA,D501V,1.805233
aligned_single_processed_HA,D501W,1.7564087
aligned_single_processed_HA,D501Y,1.8048248
aligned_single_processed_HA,Y502A,1.9199333
aligned_single_processed_HA,Y502C,1.8369255
aligned_single_processed_HA,Y502D,1.6758537
aligned_single_processed_HA,Y502E,1.7970238
aligned_single_processed_HA,Y502F,1.7241974
aligned_single_processed_HA,Y502G,1.7212448
aligned_single_processed_HA,Y502H,1.9636612
aligned_single_processed_HA,Y502I,1.9197197
aligned_single_processed_HA,Y502K,1.8108406
aligned_single_processed_HA,Y502L,1.6615906
aligned_single_processed_HA,Y502M,2.0441895
aligned_single_processed_HA,Y502N,1.9569092
aligned_single_processed_HA,Y502P,2.0359726
aligned_single_processed_HA,Y502Q,1.9888878
aligned_single_processed_HA,Y502R,1.7817726
aligned_single_processed_HA,Y502S,1.7489624
aligned_single_processed_HA,Y502T,1.8346825
aligned_single_processed_HA,Y502V,1.7722778
aligned_single_processed_HA,Y502W,1.8569756
aligned_single_processed_HA,P503A,2.020729
aligned_single_processed_HA,P503C,2.11594
aligned_single_processed_HA,P503D,2.1654778
aligned_single_processed_HA,P503E,2.165985
aligned_single_processed_HA,P503F,1.8911171
aligned_single_processed_HA,P503G,1.9202995
aligned_single_processed_HA,P503H,2.107067
aligned_single_processed_HA,P503I,1.9698715
aligned_single_processed_HA,P503K,1.8807487
aligned_single_processed_HA,P503L,1.8281403
aligned_single_processed_HA,P503M,2.0647545
aligned_single_processed_HA,P503N,2.0942497
aligned_single_processed_HA,P503Q,2.0615501
aligned_single_processed_HA,P503R,1.7830505
aligned_single_processed_HA,P503S,1.5050697
aligned_single_processed_HA,P503T,1.9498749
aligned_single_processed_HA,P503V,1.7288094
aligned_single_processed_HA,P503W,2.144638
aligned_single_processed_HA,P503Y,2.0855255
aligned_single_processed_HA,K504A,1.4153976
aligned_single_processed_HA,K504C,1.5832825
aligned_single_processed_HA,K504D,1.148201
aligned_single_processed_HA,K504E,1.4372253
aligned_single_processed_HA,K504F,1.5138245
aligned_single_processed_HA,K504G,1.4395294
aligned_single_processed_HA,K504H,1.3785858
aligned_single_processed_HA,K504I,1.5152893
aligned_single_processed_HA,K504L,1.5557785
aligned_single_processed_HA,K504M,1.075882
aligned_single_processed_HA,K504N,1.4719582
aligned_single_processed_HA,K504P,1.5960579
aligned_single_processed_HA,K504Q,1.170063
aligned_single_processed_HA,K504R,0.6221962
aligned_single_processed_HA,K504S,1.2956161
aligned_single_processed_HA,K504T,1.2698898
aligned_single_processed_HA,K504V,1.4452438
aligned_single_processed_HA,K504W,1.6027908
aligned_single_processed_HA,K504Y,1.3582077
aligned_single_processed_HA,Y505A,2.0892143
aligned_single_processed_HA,Y505C,1.8554535
aligned_single_processed_HA,Y505D,1.8836212
aligned_single_processed_HA,Y505E,2.0353851
aligned_single_processed_HA,Y505F,1.7056007
aligned_single_processed_HA,Y505G,1.948986
aligned_single_processed_HA,Y505H,1.8993683
aligned_single_processed_HA,Y505I,1.9405708
aligned_single_processed_HA,Y505K,2.0612488
aligned_single_processed_HA,Y505L,1.8315544
aligned_single_processed_HA,Y505M,1.9009094
aligned_single_processed_HA,Y505N,1.8780861
aligned_single_processed_HA,Y505P,2.0937996
aligned_single_processed_HA,Y505Q,1.9769287
aligned_single_processed_HA,Y505R,1.7535629
aligned_single_processed_HA,Y505S,1.8903236
aligned_single_processed_HA,Y505T,1.6798134
aligned_single_processed_HA,Y505V,2.0489883
aligned_single_processed_HA,Y505W,1.8354645
aligned_single_processed_HA,S506A,1.8641243
aligned_single_processed_HA,S506C,1.9371758
aligned_single_processed_HA,S506D,1.9614906
aligned_single_processed_HA,S506E,1.6438408
aligned_single_processed_HA,S506F,1.9033165
aligned_single_processed_HA,S506G,1.496624
aligned_single_processed_HA,S506H,2.0509834
aligned_single_processed_HA,S506I,1.8754692
aligned_single_processed_HA,S506K,1.9375839
aligned_single_processed_HA,S506L,1.7967796
aligned_single_processed_HA,S506M,1.869648
aligned_single_processed_HA,S506N,1.6698799
aligned_single_processed_HA,S506P,1.9070435
aligned_single_processed_HA,S506Q,1.7070656
aligned_single_processed_HA,S506R,1.9245186
aligned_single_processed_HA,S506T,1.6236076
aligned_single_processed_HA,S506V,1.8525162
aligned_single_processed_HA,S506W,1.7564507
aligned_single_processed_HA,S506Y,1.6485443
aligned_single_processed_HA,E507A,1.7533875
aligned_single_processed_HA,E507C,1.7304955
aligned_single_processed_HA,E507D,1.5884361
aligned_single_processed_HA,E507F,2.024498
aligned_single_processed_HA,E507G,1.837059
aligned_single_processed_HA,E507H,1.8627281
aligned_single_processed_HA,E507I,1.8199997
aligned_single_processed_HA,E507K,1.4070816
aligned_single_processed_HA,E507L,2.0046692
aligned_single_processed_HA,E507M,2.0300903
aligned_single_processed_HA,E507N,2.0393143
aligned_single_processed_HA,E507P,1.786869
aligned_single_processed_HA,E507Q,1.9336357
aligned_single_processed_HA,E507R,1.7075844
aligned_single_processed_HA,E507S,1.709259
aligned_single_processed_HA,E507T,1.79076
aligned_single_processed_HA,E507V,1.9094048
aligned_single_processed_HA,E507W,1.9239578
aligned_single_processed_HA,E507Y,1.8735046
aligned_single_processed_HA,E508A,1.6229706
aligned_single_processed_HA,E508C,1.7711067
aligned_single_processed_HA,E508D,1.5335732
aligned_single_processed_HA,E508F,1.918354
aligned_single_processed_HA,E508G,1.6945419
aligned_single_processed_HA,E508H,1.7519951
aligned_single_processed_HA,E508I,1.6792068
aligned_single_processed_HA,E508K,1.767807
aligned_single_processed_HA,E508L,1.7828484
aligned_single_processed_HA,E508M,1.755909
aligned_single_processed_HA,E508N,1.7356911
aligned_single_processed_HA,E508P,1.9006462
aligned_single_processed_HA,E508Q,1.7254143
aligned_single_processed_HA,E508R,1.6528854
aligned_single_processed_HA,E508S,1.8512077
aligned_single_processed_HA,E508T,1.6675186
aligned_single_processed_HA,E508V,1.810257
aligned_single_processed_HA,E508W,1.891552
aligned_single_processed_HA,E508Y,1.9334068
aligned_single_processed_HA,S509A,1.0958061
aligned_single_processed_HA,S509C,1.891346
aligned_single_processed_HA,S509D,1.7094536
aligned_single_processed_HA,S509E,1.5579414
aligned_single_processed_HA,S509F,1.7732811
aligned_single_processed_HA,S509G,1.9026985
aligned_single_processed_HA,S509H,1.6892395
aligned_single_processed_HA,S509I,1.6374779
aligned_single_processed_HA,S509K,1.5441399
aligned_single_processed_HA,S509L,1.836071
aligned_single_processed_HA,S509M,1.5739899
aligned_single_processed_HA,S509N,1.5062943
aligned_single_processed_HA,S509P,1.7533493
aligned_single_processed_HA,S509Q,1.7567787
aligned_single_processed_HA,S509R,1.4950333
aligned_single_processed_HA,S509T,1.5088806
aligned_single_processed_HA,S509V,1.7038231
aligned_single_processed_HA,S509W,1.6721573
aligned_single_processed_HA,S509Y,1.8268318
aligned_single_processed_HA,K510A,1.5437241
aligned_single_processed_HA,K510C,1.3997192
aligned_single_processed_HA,K510D,1.4229698
aligned_single_processed_HA,K510E,1.425045
aligned_single_processed_HA,K510F,1.442646
aligned_single_processed_HA,K510G,1.5272255
aligned_single_processed_HA,K510H,1.763813
aligned_single_processed_HA,K510I,1.5083771
aligned_single_processed_HA,K510L,1.7132416
aligned_single_processed_HA,K510M,1.5419044
aligned_single_processed_HA,K510N,1.1045685
aligned_single_processed_HA,K510P,1.3864746
aligned_single_processed_HA,K510Q,1.5095444
aligned_single_processed_HA,K510R,0.8229332
aligned_single_processed_HA,K510S,1.3704224
aligned_single_processed_HA,K510T,1.450985
aligned_single_processed_HA,K510V,1.5871086
aligned_single_processed_HA,K510W,1.6030464
aligned_single_processed_HA,K510Y,1.632698
aligned_single_processed_HA,L511A,1.8488541
aligned_single_processed_HA,L511C,1.8282547
aligned_single_processed_HA,L511D,1.887558
aligned_single_processed_HA,L511E,1.7427864
aligned_single_processed_HA,L511F,1.7966843
aligned_single_processed_HA,L511G,1.948803
aligned_single_processed_HA,L511H,1.9529572
aligned_single_processed_HA,L511I,1.5916176
aligned_single_processed_HA,L511K,1.9446831
aligned_single_processed_HA,L511M,1.6500206
aligned_single_processed_HA,L511N,1.8200607
aligned_single_processed_HA,L511P,1.8931923
aligned_single_processed_HA,L511Q,1.8196793
aligned_single_processed_HA,L511R,1.7764626
aligned_single_processed_HA,L511S,1.7716026
aligned_single_processed_HA,L511T,1.6400528
aligned_single_processed_HA,L511V,1.8001709
aligned_single_processed_HA,L511W,2.0555038
aligned_single_processed_HA,L511Y,1.7806206
aligned_single_processed_HA,N512A,1.6419258
aligned_single_processed_HA,N512C,1.6991692
aligned_single_processed_HA,N512D,1.6346245
aligned_single_processed_HA,N512E,1.6482735
aligned_single_processed_HA,N512F,1.8474007
aligned_single_processed_HA,N512G,1.7006226
aligned_single_processed_HA,N512H,1.7931786
aligned_single_processed_HA,N512I,1.5708809
aligned_single_processed_HA,N512K,1.1752396
aligned_single_processed_HA,N512L,1.7199783
aligned_single_processed_HA,N512M,1.8479729
aligned_single_processed_HA,N512P,1.7988205
aligned_single_processed_HA,N512Q,1.9792328
aligned_single_processed_HA,N512R,1.6072121
aligned_single_processed_HA,N512S,1.2908325
aligned_single_processed_HA,N512T,1.6983986
aligned_single_processed_HA,N512V,1.5874519
aligned_single_processed_HA,N512W,1.6624565
aligned_single_processed_HA,N512Y,1.6714783
aligned_single_processed_HA,R513A,1.874485
aligned_single_processed_HA,R513C,1.838932
aligned_single_processed_HA,R513D,2.0274277
aligned_single_processed_HA,R513E,1.7982483
aligned_single_processed_HA,R513F,1.9366608
aligned_single_processed_HA,R513G,1.9601936
aligned_single_processed_HA,R513H,1.9196625
aligned_single_processed_HA,R513I,1.8876572
aligned_single_processed_HA,R513K,1.7640343
aligned_single_processed_HA,R513L,1.9640923
aligned_single_processed_HA,R513M,2.4222527
aligned_single_processed_HA,R513N,2.0775108
aligned_single_processed_HA,R513P,1.8789482
aligned_single_processed_HA,R513Q,2.1271172
aligned_single_processed_HA,R513S,1.7931633
aligned_single_processed_HA,R513T,1.7116699
aligned_single_processed_HA,R513V,2.0213165
aligned_single_processed_HA,R513W,2.1136742
aligned_single_processed_HA,R513Y,2.0154915
aligned_single_processed_HA,E514A,1.8179626
aligned_single_processed_HA,E514C,1.8566742
aligned_single_processed_HA,E514D,1.6118355
aligned_single_processed_HA,E514F,1.7647133
aligned_single_processed_HA,E514G,1.7277565
aligned_single_processed_HA,E514H,2.0445328
aligned_single_processed_HA,E514I,1.8925018
aligned_single_processed_HA,E514K,1.5644302
aligned_single_processed_HA,E514L,1.7448616
aligned_single_processed_HA,E514M,1.668026
aligned_single_processed_HA,E514N,1.6475067
aligned_single_processed_HA,E514P,1.848217
aligned_single_processed_HA,E514Q,1.6376839
aligned_single_processed_HA,E514R,1.568367
aligned_single_processed_HA,E514S,1.8912163
aligned_single_processed_HA,E514T,1.703064
aligned_single_processed_HA,E514V,1.7065582
aligned_single_processed_HA,E514W,1.8849182
aligned_single_processed_HA,E514Y,1.9479332
aligned_single_processed_HA,K515A,1.0369911
aligned_single_processed_HA,K515C,1.2350006
aligned_single_processed_HA,K515D,1.0831375
aligned_single_processed_HA,K515E,0.17557526
aligned_single_processed_HA,K515F,1.0617828
aligned_single_processed_HA,K515G,0.9120865
aligned_single_processed_HA,K515H,1.0185738
aligned_single_processed_HA,K515I,0.95132065
aligned_single_processed_HA,K515L,1.058136
aligned_single_processed_HA,K515M,0.9960594
aligned_single_processed_HA,K515N,1.1229897
aligned_single_processed_HA,K515P,1.2329941
aligned_single_processed_HA,K515Q,1.0827141
aligned_single_processed_HA,K515R,0.7543068
aligned_single_processed_HA,K515S,0.9624634
aligned_single_processed_HA,K515T,0.9296608
aligned_single_processed_HA,K515V,1.083149
aligned_single_processed_HA,K515W,1.1562004
aligned_single_processed_HA,K515Y,1.074482
aligned_single_processed_HA,I516A,1.7229233
aligned_single_processed_HA,I516C,1.5854225
aligned_single_processed_HA,I516D,1.7474632
aligned_single_processed_HA,I516E,1.6651039
aligned_single_processed_HA,I516F,1.7798004
aligned_single_processed_HA,I516G,1.3104935
aligned_single_processed_HA,I516H,1.6314354
aligned_single_processed_HA,I516K,1.8063698
aligned_single_processed_HA,I516L,1.4633484
aligned_single_processed_HA,I516M,1.670845
aligned_single_processed_HA,I516N,1.6902542
aligned_single_processed_HA,I516P,1.6824379
aligned_single_processed_HA,I516Q,1.5649567
aligned_single_processed_HA,I516R,1.6915169
aligned_single_processed_HA,I516S,1.7982635
aligned_single_processed_HA,I516T,1.9517136
aligned_single_processed_HA,I516V,1.2334366
aligned_single_processed_HA,I516W,1.951767
aligned_single_processed_HA,I516Y,1.681076
aligned_single_processed_HA,D517A,1.7632828
aligned_single_processed_HA,D517C,1.7461205
aligned_single_processed_HA,D517E,1.2514801
aligned_single_processed_HA,D517F,2.027649
aligned_single_processed_HA,D517G,1.7616158
aligned_single_processed_HA,D517H,1.6738434
aligned_single_processed_HA,D517I,1.8242378
aligned_single_processed_HA,D517K,1.8958168
aligned_single_processed_HA,D517L,1.6863365
aligned_single_processed_HA,D517M,1.6796684
aligned_single_processed_HA,D517N,1.4484749
aligned_single_processed_HA,D517P,1.8341789
aligned_single_processed_HA,D517Q,1.8177185
aligned_single_processed_HA,D517R,1.8528328
aligned_single_processed_HA,D517S,1.7937508
aligned_single_processed_HA,D517T,1.5603676
aligned_single_processed_HA,D517V,1.6976357
aligned_single_processed_HA,D517W,1.980896
aligned_single_processed_HA,D517Y,1.8792648
aligned_single_processed_HA,G518A,2.1515923
aligned_single_processed_HA,G518C,2.1355438
aligned_single_processed_HA,G518D,2.014408
aligned_single_processed_HA,G518E,2.0150642
aligned_single_processed_HA,G518F,1.6964531
aligned_single_processed_HA,G518H,1.8886871
aligned_single_processed_HA,G518I,1.8667488
aligned_single_processed_HA,G518K,1.9053879
aligned_single_processed_HA,G518L,2.070366
aligned_single_processed_HA,G518M,1.8813782
aligned_single_processed_HA,G518N,1.9474487
aligned_single_processed_HA,G518P,2.1788177
aligned_single_processed_HA,G518Q,1.9444504
aligned_single_processed_HA,G518R,2.0612717
aligned_single_processed_HA,G518S,1.8749123
aligned_single_processed_HA,G518T,1.8357544
aligned_single_processed_HA,G518V,1.8913231
aligned_single_processed_HA,G518W,1.9542427
aligned_single_processed_HA,G518Y,1.9426117
aligned_single_processed_HA,V519A,1.746048
aligned_single_processed_HA,V519C,1.7666473
aligned_single_processed_HA,V519D,1.9784966
aligned_single_processed_HA,V519E,1.9303474
aligned_single_processed_HA,V519F,2.0947037
aligned_single_processed_HA,V519G,1.8719711
aligned_single_processed_HA,V519H,1.7980995
aligned_single_processed_HA,V519I,1.2363396
aligned_single_processed_HA,V519K,1.7896385
aligned_single_processed_HA,V519L,2.0088272
aligned_single_processed_HA,V519M,1.8407516
aligned_single_processed_HA,V519N,1.6795349
aligned_single_processed_HA,V519P,2.006279
aligned_single_processed_HA,V519Q,2.0238724
aligned_single_processed_HA,V519R,1.7353821
aligned_single_processed_HA,V519S,1.9342041
aligned_single_processed_HA,V519T,2.004177
aligned_single_processed_HA,V519W,1.8189278
aligned_single_processed_HA,V519Y,2.0188065
aligned_single_processed_HA,K520A,1.4554176
aligned_single_processed_HA,K520C,1.6353683
aligned_single_processed_HA,K520D,1.6940308
aligned_single_processed_HA,K520E,0.91854095
aligned_single_processed_HA,K520F,1.6608696
aligned_single_processed_HA,K520G,1.5874329
aligned_single_processed_HA,K520H,1.7084961
aligned_single_processed_HA,K520I,1.5881157
aligned_single_processed_HA,K520L,1.5070648
aligned_single_processed_HA,K520M,1.6876984
aligned_single_processed_HA,K520N,1.5561867
aligned_single_processed_HA,K520P,1.6726189
aligned_single_processed_HA,K520Q,1.5083542
aligned_single_processed_HA,K520R,1.1497765
aligned_single_processed_HA,K520S,1.6243286
aligned_single_processed_HA,K520T,1.4283371
aligned_single_processed_HA,K520V,1.5454216
aligned_single_processed_HA,K520W,1.5008583
aligned_single_processed_HA,K520Y,1.7629662
aligned_single_processed_HA,L521A,1.7857208
aligned_single_processed_HA,L521C,1.733223
aligned_single_processed_HA,L521D,2.0395966
aligned_single_processed_HA,L521E,1.9914894
aligned_single_processed_HA,L521F,1.8500671
aligned_single_processed_HA,L521G,1.8766975
aligned_single_processed_HA,L521H,1.966774
aligned_single_processed_HA,L521I,1.7925491
aligned_single_processed_HA,L521K,1.7711983
aligned_single_processed_HA,L521M,1.5569191
aligned_single_processed_HA,L521N,1.7654686
aligned_single_processed_HA,L521P,1.8443832
aligned_single_processed_HA,L521Q,1.726551
aligned_single_processed_HA,L521R,1.7653809
aligned_single_processed_HA,L521S,1.7608147
aligned_single_processed_HA,L521T,1.7362938
aligned_single_processed_HA,L521V,1.4514465
aligned_single_processed_HA,L521W,1.881607
aligned_single_processed_HA,L521Y,1.8436279
aligned_single_processed_HA,E522A,1.0927162
aligned_single_processed_HA,E522C,1.386486
aligned_single_processed_HA,E522D,0.8987732
aligned_single_processed_HA,E522F,1.7021255
aligned_single_processed_HA,E522G,1.413517
aligned_single_processed_HA,E522H,1.3887215
aligned_single_processed_HA,E522I,1.6135445
aligned_single_processed_HA,E522K,0.8841667
aligned_single_processed_HA,E522L,1.5237732
aligned_single_processed_HA,E522M,1.381134
aligned_single_processed_HA,E522N,1.2644958
aligned_single_processed_HA,E522P,1.5486298
aligned_single_processed_HA,E522Q,1.3365936
aligned_single_processed_HA,E522R,1.2219925
aligned_single_processed_HA,E522S,1.5541916
aligned_single_processed_HA,E522T,1.2450371
aligned_single_processed_HA,E522V,1.1085701
aligned_single_processed_HA,E522W,1.4604683
aligned_single_processed_HA,E522Y,1.3178978
aligned_single_processed_HA,S523A,1.7388382
aligned_single_processed_HA,S523C,1.767189
aligned_single_processed_HA,S523D,1.5401039
aligned_single_processed_HA,S523E,1.598465
aligned_single_processed_HA,S523F,1.7255058
aligned_single_processed_HA,S523G,1.6912994
aligned_single_processed_HA,S523H,1.5931244
aligned_single_processed_HA,S523I,1.9383507
aligned_single_processed_HA,S523K,1.7839317
aligned_single_processed_HA,S523L,1.6620979
aligned_single_processed_HA,S523M,1.7691689
aligned_single_processed_HA,S523N,1.6880684
aligned_single_processed_HA,S523P,1.6050758
aligned_single_processed_HA,S523Q,1.7471542
aligned_single_processed_HA,S523R,1.7174911
aligned_single_processed_HA,S523T,1.7780533
aligned_single_processed_HA,S523V,1.7324333
aligned_single_processed_HA,S523W,1.9397278
aligned_single_processed_HA,S523Y,1.7675056
aligned_single_processed_HA,M524A,1.1947479
aligned_single_processed_HA,M524C,1.4616547
aligned_single_processed_HA,M524D,1.3993416
aligned_single_processed_HA,M524E,1.5087242
aligned_single_processed_HA,M524F,1.6354332
aligned_single_processed_HA,M524G,1.5695915
aligned_single_processed_HA,M524H,1.3751907
aligned_single_processed_HA,M524I,0.7522392
aligned_single_processed_HA,M524K,1.2289963
aligned_single_processed_HA,M524L,1.0596008
aligned_single_processed_HA,M524N,1.6808891
aligned_single_processed_HA,M524P,1.7965164
aligned_single_processed_HA,M524Q,1.6409492
aligned_single_processed_HA,M524R,1.4562149
aligned_single_processed_HA,M524S,1.4044456
aligned_single_processed_HA,M524T,1.0715866
aligned_single_processed_HA,M524V,1.0685501
aligned_single_processed_HA,M524W,1.5683098
aligned_single_processed_HA,M524Y,1.3971176
aligned_single_processed_HA,G525A,1.6861496
aligned_single_processed_HA,G525C,1.7614517
aligned_single_processed_HA,G525D,1.5696259
aligned_single_processed_HA,G525E,1.4095726
aligned_single_processed_HA,G525F,1.7913094
aligned_single_processed_HA,G525H,1.7082443
aligned_single_processed_HA,G525I,1.6872673
aligned_single_processed_HA,G525K,1.5837746
aligned_single_processed_HA,G525L,1.843708
aligned_single_processed_HA,G525M,1.9295921
aligned_single_processed_HA,G525N,1.7884674
aligned_single_processed_HA,G525P,1.8184586
aligned_single_processed_HA,G525Q,1.7301903
aligned_single_processed_HA,G525R,1.6367188
aligned_single_processed_HA,G525S,1.7737541
aligned_single_processed_HA,G525T,1.7184868
aligned_single_processed_HA,G525V,1.7302017
aligned_single_processed_HA,G525W,1.7603798
aligned_single_processed_HA,G525Y,1.7907562
aligned_single_processed_HA,V526A,1.7411461
aligned_single_processed_HA,V526C,1.5694923
aligned_single_processed_HA,V526D,1.5915146
aligned_single_processed_HA,V526E,1.7450752
aligned_single_processed_HA,V526F,1.6263618
aligned_single_processed_HA,V526G,1.6694107
aligned_single_processed_HA,V526H,1.7459831
aligned_single_processed_HA,V526I,0.7185478
aligned_single_processed_HA,V526K,1.7179832
aligned_single_processed_HA,V526L,1.5831909
aligned_single_processed_HA,V526M,1.3306122
aligned_single_processed_HA,V526N,1.5856056
aligned_single_processed_HA,V526P,1.7630501
aligned_single_processed_HA,V526Q,1.7003441
aligned_single_processed_HA,V526R,1.8540993
aligned_single_processed_HA,V526S,1.6098671
aligned_single_processed_HA,V526T,1.2681541
aligned_single_processed_HA,V526W,1.7159843
aligned_single_processed_HA,V526Y,1.7762566
aligned_single_processed_HA,Y527A,1.9809608
aligned_single_processed_HA,Y527C,1.7694855
aligned_single_processed_HA,Y527D,1.7862434
aligned_single_processed_HA,Y527E,1.696373
aligned_single_processed_HA,Y527F,1.7157745
aligned_single_processed_HA,Y527G,1.853405
aligned_single_processed_HA,Y527H,1.6025276
aligned_single_processed_HA,Y527I,1.5988235
aligned_single_processed_HA,Y527K,1.9499435
aligned_single_processed_HA,Y527L,1.8539848
aligned_single_processed_HA,Y527M,1.7963066
aligned_single_processed_HA,Y527N,1.9032784
aligned_single_processed_HA,Y527P,1.9396439
aligned_single_processed_HA,Y527Q,1.8401108
aligned_single_processed_HA,Y527R,1.6196213
aligned_single_processed_HA,Y527S,1.6673126
aligned_single_processed_HA,Y527T,1.9655876
aligned_single_processed_HA,Y527V,1.6678238
aligned_single_processed_HA,Y527W,1.680481
aligned_single_processed_HA,Q528A,1.5359077
aligned_single_processed_HA,Q528C,1.5891609
aligned_single_processed_HA,Q528D,1.6291275
aligned_single_processed_HA,Q528E,1.5706863
aligned_single_processed_HA,Q528F,1.5961876
aligned_single_processed_HA,Q528G,1.7249947
aligned_single_processed_HA,Q528H,1.7762642
aligned_single_processed_HA,Q528I,1.7570267
aligned_single_processed_HA,Q528K,1.5531731
aligned_single_processed_HA,Q528L,1.7711487
aligned_single_processed_HA,Q528M,1.6369247
aligned_single_processed_HA,Q528N,1.6022224
aligned_single_processed_HA,Q528P,1.6919708
aligned_single_processed_HA,Q528R,1.1671562
aligned_single_processed_HA,Q528S,1.6271248
aligned_single_processed_HA,Q528T,1.7426682
aligned_single_processed_HA,Q528V,1.6194191
aligned_single_processed_HA,Q528W,1.500103
aligned_single_processed_HA,Q528Y,1.6462288
aligned_single_processed_HA,I529A,2.0186653
aligned_single_processed_HA,I529C,1.906311
aligned_single_processed_HA,I529D,1.8789406
aligned_single_processed_HA,I529E,1.8251991
aligned_single_processed_HA,I529F,1.826725
aligned_single_processed_HA,I529G,2.1878242
aligned_single_processed_HA,I529H,1.9153061
aligned_single_processed_HA,I529K,1.8579941
aligned_single_processed_HA,I529L,1.829773
aligned_single_processed_HA,I529M,1.663166
aligned_single_processed_HA,I529N,1.9226532
aligned_single_processed_HA,I529P,1.9177208
aligned_single_processed_HA,I529Q,1.7630005
aligned_single_processed_HA,I529R,2.0168533
aligned_single_processed_HA,I529S,1.8415146
aligned_single_processed_HA,I529T,1.8145103
aligned_single_processed_HA,I529V,1.5159073
aligned_single_processed_HA,I529W,1.740757
aligned_single_processed_HA,I529Y,1.9566078
aligned_single_processed_HA,L530A,1.9002914
aligned_single_processed_HA,L530C,1.7896271
aligned_single_processed_HA,L530D,1.9309502
aligned_single_processed_HA,L530E,1.8839645
aligned_single_processed_HA,L530F,1.7786407
aligned_single_processed_HA,L530G,1.98069
aligned_single_processed_HA,L530H,1.784584
aligned_single_processed_HA,L530I,1.928009
aligned_single_processed_HA,L530K,1.9694519
aligned_single_processed_HA,L530M,1.8867416
aligned_single_processed_HA,L530N,1.8851585
aligned_single_processed_HA,L530P,2.1078072
aligned_single_processed_HA,L530Q,1.8411751
aligned_single_processed_HA,L530R,1.9409294
aligned_single_processed_HA,L530S,1.9895897
aligned_single_processed_HA,L530T,1.937767
aligned_single_processed_HA,L530V,1.7940102
aligned_single_processed_HA,L530W,2.1170082
aligned_single_processed_HA,L530Y,1.9769135
aligned_single_processed_HA,A531C,1.7645836
aligned_single_processed_HA,A531D,1.6394577
aligned_single_processed_HA,A531E,1.8213463
aligned_single_processed_HA,A531F,2.0644646
aligned_single_processed_HA,A531G,1.6914291
aligned_single_processed_HA,A531H,1.7665482
aligned_single_processed_HA,A531I,1.8315811
aligned_single_processed_HA,A531K,1.68219
aligned_single_processed_HA,A531L,1.77174
aligned_single_processed_HA,A531M,1.7958069
aligned_single_processed_HA,A531N,1.8534737
aligned_single_processed_HA,A531P,1.9857025
aligned_single_processed_HA,A531Q,1.752449
aligned_single_processed_HA,A531R,1.8120499
aligned_single_processed_HA,A531S,1.2149124
aligned_single_processed_HA,A531T,1.5182915
aligned_single_processed_HA,A531V,1.6184425
aligned_single_processed_HA,A531W,2.0524826
aligned_single_processed_HA,A531Y,2.1464767
aligned_single_processed_HA,I532A,1.7918663
aligned_single_processed_HA,I532C,1.758213
aligned_single_processed_HA,I532D,1.7272491
aligned_single_processed_HA,I532E,1.9213295
aligned_single_processed_HA,I532F,1.6817474
aligned_single_processed_HA,I532G,2.0797195
aligned_single_processed_HA,I532H,1.9972153
aligned_single_processed_HA,I532K,1.9207077
aligned_single_processed_HA,I532L,1.8704643
aligned_single_processed_HA,I532M,1.962223
aligned_single_processed_HA,I532N,1.8891716
aligned_single_processed_HA,I532P,2.0378265
aligned_single_processed_HA,I532Q,1.7769318
aligned_single_processed_HA,I532R,1.9822769
aligned_single_processed_HA,I532S,1.8803673
aligned_single_processed_HA,I532T,1.9866028
aligned_single_processed_HA,I532V,1.8613319
aligned_single_processed_HA,I532W,1.9363098
aligned_single_processed_HA,I532Y,1.6958809
aligned_single_processed_HA,Y533A,2.0336723
aligned_single_processed_HA,Y533C,2.0447655
aligned_single_processed_HA,Y533D,2.2776184
aligned_single_processed_HA,Y533E,2.064701
aligned_single_processed_HA,Y533F,2.0258293
aligned_single_processed_HA,Y533G,2.0806274
aligned_single_processed_HA,Y533H,2.0858498
aligned_single_processed_HA,Y533I,2.1983757
aligned_single_processed_HA,Y533K,1.8204117
aligned_single_processed_HA,Y533L,2.1560974
aligned_single_processed_HA,Y533M,1.9021187
aligned_single_processed_HA,Y533N,1.651825
aligned_single_processed_HA,Y533P,2.0047417
aligned_single_processed_HA,Y533Q,2.1133385
aligned_single_processed_HA,Y533R,1.9446526
aligned_single_processed_HA,Y533S,2.0278282
aligned_single_processed_HA,Y533T,1.9191551
aligned_single_processed_HA,Y533V,2.0365105
aligned_single_processed_HA,Y533W,2.115631
aligned_single_processed_HA,S534A,2.1842003
aligned_single_processed_HA,S534C,1.9409943
aligned_single_processed_HA,S534D,2.2313843
aligned_single_processed_HA,S534E,1.9435806
aligned_single_processed_HA,S534F,2.1280441
aligned_single_processed_HA,S534G,1.9445381
aligned_single_processed_HA,S534H,2.0889778
aligned_single_processed_HA,S534I,2.1946335
aligned_single_processed_HA,S534K,2.0858154
aligned_single_processed_HA,S534L,2.0225677
aligned_single_processed_HA,S534M,1.9741707
aligned_single_processed_HA,S534N,2.1399956
aligned_single_processed_HA,S534P,2.0166473
aligned_single_processed_HA,S534Q,2.0360641
aligned_single_processed_HA,S534R,1.9447174
aligned_single_processed_HA,S534T,1.8386192
aligned_single_processed_HA,S534V,2.1269417
aligned_single_processed_HA,S534W,1.7818642
aligned_single_processed_HA,S534Y,2.1107254
aligned_single_processed_HA,T535A,1.7004395
aligned_single_processed_HA,T535C,1.9698982
aligned_single_processed_HA,T535D,1.849884
aligned_single_processed_HA,T535E,2.0247688
aligned_single_processed_HA,T535F,2.3038254
aligned_single_processed_HA,T535G,1.9391441
aligned_single_processed_HA,T535H,1.8024902
aligned_single_processed_HA,T535I,2.103794
aligned_single_processed_HA,T535K,2.0897484
aligned_single_processed_HA,T535L,1.925087
aligned_single_processed_HA,T535M,2.0531921
aligned_single_processed_HA,T535N,2.0236473
aligned_single_processed_HA,T535P,1.9955864
aligned_single_processed_HA,T535Q,2.0044975
aligned_single_processed_HA,T535R,1.8526497
aligned_single_processed_HA,T535S,1.8221169
aligned_single_processed_HA,T535V,1.9751816
aligned_single_processed_HA,T535W,2.1001282
aligned_single_processed_HA,T535Y,2.0846176
aligned_single_processed_HA,V536A,1.0622177
aligned_single_processed_HA,V536C,1.6721992
aligned_single_processed_HA,V536D,1.8177643
aligned_single_processed_HA,V536E,1.797432
aligned_single_processed_HA,V536F,1.9115105
aligned_single_processed_HA,V536G,1.8060455
aligned_single_processed_HA,V536H,1.8116875
aligned_single_processed_HA,V536I,1.2047844
aligned_single_processed_HA,V536K,1.7499008
aligned_single_processed_HA,V536L,1.5640411
aligned_single_processed_HA,V536M,1.95784
aligned_single_processed_HA,V536N,1.7462692
aligned_single_processed_HA,V536P,1.7391891
aligned_single_processed_HA,V536Q,1.7592964
aligned_single_processed_HA,V536R,1.7597656
aligned_single_processed_HA,V536S,1.7530937
aligned_single_processed_HA,V536T,1.6056519
aligned_single_processed_HA,V536W,1.7075996
aligned_single_processed_HA,V536Y,1.873333
aligned_single_processed_HA,A537C,1.9942131
aligned_single_processed_HA,A537D,1.8238602
aligned_single_processed_HA,A537E,1.7916031
aligned_single_processed_HA,A537F,2.0738487
aligned_single_processed_HA,A537G,1.8963203
aligned_single_processed_HA,A537H,1.822216
aligned_single_processed_HA,A537I,2.0684052
aligned_single_processed_HA,A537K,1.9626923
aligned_single_processed_HA,A537L,1.777214
aligned_single_processed_HA,A537M,1.8505592
aligned_single_processed_HA,A537N,1.9692993
aligned_single_processed_HA,A537P,2.010769
aligned_single_processed_HA,A537Q,1.6385078
aligned_single_processed_HA,A537R,1.7455101
aligned_single_processed_HA,A537S,1.7474022
aligned_single_processed_HA,A537T,1.8275604
aligned_single_processed_HA,A537V,1.6888771
aligned_single_processed_HA,A537W,1.9697075
aligned_single_processed_HA,A537Y,1.984375
aligned_single_processed_HA,S538A,2.0291748
aligned_single_processed_HA,S538C,1.9347725
aligned_single_processed_HA,S538D,2.033432
aligned_single_processed_HA,S538E,2.0119019
aligned_single_processed_HA,S538F,2.0934448
aligned_single_processed_HA,S538G,2.1201057
aligned_single_processed_HA,S538H,1.8948708
aligned_single_processed_HA,S538I,2.007187
aligned_single_processed_HA,S538K,1.9371338
aligned_single_processed_HA,S538L,1.960949
aligned_single_processed_HA,S538M,1.8795319
aligned_single_processed_HA,S538N,2.0316467
aligned_single_processed_HA,S538P,1.9158821
aligned_single_processed_HA,S538Q,1.884861
aligned_single_processed_HA,S538R,1.907341
aligned_single_processed_HA,S538T,1.7678261
aligned_single_processed_HA,S538V,1.837513
aligned_single_processed_HA,S538W,1.8687057
aligned_single_processed_HA,S538Y,1.9241219
aligned_single_processed_HA,S539A,1.9797134
aligned_single_processed_HA,S539C,1.8319778
aligned_single_processed_HA,S539D,2.0502968
aligned_single_processed_HA,S539E,2.2146492
aligned_single_processed_HA,S539F,1.983223
aligned_single_processed_HA,S539G,2.011673
aligned_single_processed_HA,S539H,1.9002075
aligned_single_processed_HA,S539I,1.9328003
aligned_single_processed_HA,S539K,1.9599571
aligned_single_processed_HA,S539L,1.9692917
aligned_single_processed_HA,S539M,1.9441643
aligned_single_processed_HA,S539N,1.8893127
aligned_single_processed_HA,S539P,2.025257
aligned_single_processed_HA,S539Q,1.8147545
aligned_single_processed_HA,S539R,1.9559746
aligned_single_processed_HA,S539T,1.9768486
aligned_single_processed_HA,S539V,1.8268623
aligned_single_processed_HA,S539W,2.0696754
aligned_single_processed_HA,S539Y,1.944809
aligned_single_processed_HA,L540A,2.256916
aligned_single_processed_HA,L540C,2.1644402
aligned_single_processed_HA,L540D,1.9763031
aligned_single_processed_HA,L540E,1.9711571
aligned_single_processed_HA,L540F,2.1218643
aligned_single_processed_HA,L540G,1.9787865
aligned_single_processed_HA,L540H,2.056221
aligned_single_processed_HA,L540I,1.8750114
aligned_single_processed_HA,L540K,1.9857559
aligned_single_processed_HA,L540M,2.0785599
aligned_single_processed_HA,L540N,1.964035
aligned_single_processed_HA,L540P,1.7967987
aligned_single_processed_HA,L540Q,1.7969627
aligned_single_processed_HA,L540R,1.9661789
aligned_single_processed_HA,L540S,1.8314667
aligned_single_processed_HA,L540T,1.8744316
aligned_single_processed_HA,L540V,1.817749
aligned_single_processed_HA,L540W,1.9209366
aligned_single_processed_HA,L540Y,2.0962563
aligned_single_processed_HA,V541A,2.0108833
aligned_single_processed_HA,V541C,1.9726143
aligned_single_processed_HA,V541D,1.7871399
aligned_single_processed_HA,V541E,1.7832069
aligned_single_processed_HA,V541F,1.876606
aligned_single_processed_HA,V541G,1.9224052
aligned_single_processed_HA,V541H,1.9967155
aligned_single_processed_HA,V541I,1.3065147
aligned_single_processed_HA,V541K,1.8588142
aligned_single_processed_HA,V541L,1.8333435
aligned_single_processed_HA,V541M,2.0058784
aligned_single_processed_HA,V541N,2.092846
aligned_single_processed_HA,V541P,2.079525
aligned_single_processed_HA,V541Q,1.9750404
aligned_single_processed_HA,V541R,1.7756653
aligned_single_processed_HA,V541S,1.9173851
aligned_single_processed_HA,V541T,1.8509674
aligned_single_processed_HA,V541W,1.7449188
aligned_single_processed_HA,V541Y,1.7850113
aligned_single_processed_HA,L542A,1.8305359
aligned_single_processed_HA,L542C,1.807148
aligned_single_processed_HA,L542D,1.8960724
aligned_single_processed_HA,L542E,1.8111839
aligned_single_processed_HA,L542F,2.1334076
aligned_single_processed_HA,L542G,1.8451309
aligned_single_processed_HA,L542H,1.8048134
aligned_single_processed_HA,L542I,1.7413559
aligned_single_processed_HA,L542K,1.9614754
aligned_single_processed_HA,L542M,1.9009628
aligned_single_processed_HA,L542N,1.9537506
aligned_single_processed_HA,L542P,1.7493134
aligned_single_processed_HA,L542Q,1.8827667
aligned_single_processed_HA,L542R,1.864975
aligned_single_processed_HA,L542S,2.0841866
aligned_single_processed_HA,L542T,1.98666
aligned_single_processed_HA,L542V,1.8948975
aligned_single_processed_HA,L542W,1.7278938
aligned_single_processed_HA,L542Y,2.043457
aligned_single_processed_HA,L543A,1.7948837
aligned_single_processed_HA,L543C,1.6745071
aligned_single_processed_HA,L543D,1.84655
aligned_single_processed_HA,L543E,1.7007408
aligned_single_processed_HA,L543F,1.9068451
aligned_single_processed_HA,L543G,1.7593422
aligned_single_processed_HA,L543H,1.7927742
aligned_single_processed_HA,L543I,1.4954414
aligned_single_processed_HA,L543K,1.7909622
aligned_single_processed_HA,L543M,1.7416382
aligned_single_processed_HA,L543N,1.6447754
aligned_single_processed_HA,L543P,1.6272469
aligned_single_processed_HA,L543Q,1.8683968
aligned_single_processed_HA,L543R,1.7369881
aligned_single_processed_HA,L543S,1.9042664
aligned_single_processed_HA,L543T,1.858326
aligned_single_processed_HA,L543V,1.4221001
aligned_single_processed_HA,L543W,1.8405533
aligned_single_processed_HA,L543Y,1.6392479
aligned_single_processed_HA,V544A,1.8318405
aligned_single_processed_HA,V544C,1.9535027
aligned_single_processed_HA,V544D,1.803421
aligned_single_processed_HA,V544E,1.9443436
aligned_single_processed_HA,V544F,1.8508987
aligned_single_processed_HA,V544G,1.818428
aligned_single_processed_HA,V544H,1.8147087
aligned_single_processed_HA,V544I,1.2655907
aligned_single_processed_HA,V544K,1.8000526
aligned_single_processed_HA,V544L,2.042328
aligned_single_processed_HA,V544M,1.857338
aligned_single_processed_HA,V544N,2.0833206
aligned_single_processed_HA,V544P,1.9834175
aligned_single_processed_HA,V544Q,1.8289146
aligned_single_processed_HA,V544R,1.8027344
aligned_single_processed_HA,V544S,1.9511337
aligned_single_processed_HA,V544T,1.6601982
aligned_single_processed_HA,V544W,2.070671
aligned_single_processed_HA,V544Y,2.178257
aligned_single_processed_HA,S545A,1.7522507
aligned_single_processed_HA,S545C,2.1067963
aligned_single_processed_HA,S545D,1.9590797
aligned_single_processed_HA,S545E,1.9954681
aligned_single_processed_HA,S545F,2.0979538
aligned_single_processed_HA,S545G,2.0850258
aligned_single_processed_HA,S545H,1.9921265
aligned_single_processed_HA,S545I,2.0474968
aligned_single_processed_HA,S545K,1.9370422
aligned_single_processed_HA,S545L,1.8206558
aligned_single_processed_HA,S545M,1.9292603
aligned_single_processed_HA,S545N,2.080017
aligned_single_processed_HA,S545P,1.9264412
aligned_single_processed_HA,S545Q,1.9827538
aligned_single_processed_HA,S545R,1.9480209
aligned_single_processed_HA,S545T,1.8010559
aligned_single_processed_HA,S545V,1.8552704
aligned_single_processed_HA,S545W,1.9895973
aligned_single_processed_HA,S545Y,1.8468208
aligned_single_processed_HA,L546A,1.9633675
aligned_single_processed_HA,L546C,2.009472
aligned_single_processed_HA,L546D,1.8520164
aligned_single_processed_HA,L546E,2.0643234
aligned_single_processed_HA,L546F,2.1017494
aligned_single_processed_HA,L546G,2.0184288
aligned_single_processed_HA,L546H,1.887291
aligned_single_processed_HA,L546I,1.898613
aligned_single_processed_HA,L546K,2.064766
aligned_single_processed_HA,L546M,2.0949821
aligned_single_processed_HA,L546N,2.009594
aligned_single_processed_HA,L546P,1.8308067
aligned_single_processed_HA,L546Q,1.9119225
aligned_single_processed_HA,L546R,1.8948402
aligned_single_processed_HA,L546S,1.976963
aligned_single_processed_HA,L546T,1.8443489
aligned_single_processed_HA,L546V,2.0068588
aligned_single_processed_HA,L546W,2.048191
aligned_single_processed_HA,L546Y,2.111576
aligned_single_processed_HA,G547A,2.1855278
aligned_single_processed_HA,G547C,2.3201904
aligned_single_processed_HA,G547D,1.9881058
aligned_single_processed_HA,G547E,2.0391045
aligned_single_processed_HA,G547F,2.1321259
aligned_single_processed_HA,G547H,2.0561028
aligned_single_processed_HA,G547I,2.1537094
aligned_single_processed_HA,G547K,2.2333412
aligned_single_processed_HA,G547L,2.0452728
aligned_single_processed_HA,G547M,2.1176376
aligned_single_processed_HA,G547N,2.000965
aligned_single_processed_HA,G547P,2.1223488
aligned_single_processed_HA,G547Q,1.907608
aligned_single_processed_HA,G547R,1.9230995
aligned_single_processed_HA,G547S,1.9264908
aligned_single_processed_HA,G547T,1.9004211
aligned_single_processed_HA,G547V,2.0484276
aligned_single_processed_HA,G547W,1.9083328
aligned_single_processed_HA,G547Y,1.9054337
aligned_single_processed_HA,A548C,2.094078
aligned_single_processed_HA,A548D,1.9243927
aligned_single_processed_HA,A548E,1.9333191
aligned_single_processed_HA,A548F,1.8129196
aligned_single_processed_HA,A548G,1.7702065
aligned_single_processed_HA,A548H,1.8180656
aligned_single_processed_HA,A548I,1.8518066
aligned_single_processed_HA,A548K,1.7395592
aligned_single_processed_HA,A548L,1.9580574
aligned_single_processed_HA,A548M,2.060917
aligned_single_processed_HA,A548N,1.7031174
aligned_single_processed_HA,A548P,2.0056992
aligned_single_processed_HA,A548Q,1.7348251
aligned_single_processed_HA,A548R,1.8692207
aligned_single_processed_HA,A548S,1.7849922
aligned_single_processed_HA,A548T,1.6862373
aligned_single_processed_HA,A548V,1.9991951
aligned_single_processed_HA,A548W,1.732254
aligned_single_processed_HA,A548Y,1.9000397
aligned_single_processed_HA,I549A,1.3681068
aligned_single_processed_HA,I549C,1.6376915
aligned_single_processed_HA,I549D,1.650898
aligned_single_processed_HA,I549E,1.736515
aligned_single_processed_HA,I549F,1.6529503
aligned_single_processed_HA,I549G,1.5708122
aligned_single_processed_HA,I549H,1.6842766
aligned_single_processed_HA,I549K,1.6624985
aligned_single_processed_HA,I549L,1.1747131
aligned_single_processed_HA,I549M,1.5254021
aligned_single_processed_HA,I549N,1.8267784
aligned_single_processed_HA,I549P,1.8923035
aligned_single_processed_HA,I549Q,1.7504425
aligned_single_processed_HA,I549R,1.6391411
aligned_single_processed_HA,I549S,1.7439079
aligned_single_processed_HA,I549T,1.4890938
aligned_single_processed_HA,I549V,1.1455841
aligned_single_processed_HA,I549W,1.678833
aligned_single_processed_HA,I549Y,1.7237625
aligned_single_processed_HA,S550A,2.20961
aligned_single_processed_HA,S550C,1.9366608
aligned_single_processed_HA,S550D,1.9159355
aligned_single_processed_HA,S550E,2.0827484
aligned_single_processed_HA,S550F,2.2236443
aligned_single_processed_HA,S550G,1.8738022
aligned_single_processed_HA,S550H,2.0003128
aligned_single_processed_HA,S550I,1.9350052
aligned_single_processed_HA,S550K,2.1740608
aligned_single_processed_HA,S550L,1.959549
aligned_single_processed_HA,S550M,2.1381378
aligned_single_processed_HA,S550N,1.907917
aligned_single_processed_HA,S550P,1.9474068
aligned_single_processed_HA,S550Q,2.0439377
aligned_single_processed_HA,S550R,1.7964935
aligned_single_processed_HA,S550T,2.0564423
aligned_single_processed_HA,S550V,1.7681236
aligned_single_processed_HA,S550W,1.9933662
aligned_single_processed_HA,S550Y,1.8118515
aligned_single_processed_HA,F551A,1.9825592
aligned_single_processed_HA,F551C,1.9336815
aligned_single_processed_HA,F551D,2.1334915
aligned_single_processed_HA,F551E,2.0506134
aligned_single_processed_HA,F551G,1.9289474
aligned_single_processed_HA,F551H,1.889595
aligned_single_processed_HA,F551I,1.9952278
aligned_single_processed_HA,F551K,1.9091606
aligned_single_processed_HA,F551L,1.7101479
aligned_single_processed_HA,F551M,1.942688
aligned_single_processed_HA,F551N,1.8069077
aligned_single_processed_HA,F551P,1.9068108
aligned_single_processed_HA,F551Q,2.1807327
aligned_single_processed_HA,F551R,1.9130707
aligned_single_processed_HA,F551S,2.1249352
aligned_single_processed_HA,F551T,1.9602737
aligned_single_processed_HA,F551V,1.817337
aligned_single_processed_HA,F551W,1.8964157
aligned_single_processed_HA,F551Y,2.0174026
aligned_single_processed_HA,W552A,2.1898422
aligned_single_processed_HA,W552C,2.0202675
aligned_single_processed_HA,W552D,1.8996811
aligned_single_processed_HA,W552E,2.097725
aligned_single_processed_HA,W552F,1.8434105
aligned_single_processed_HA,W552G,1.9525375
aligned_single_processed_HA,W552H,2.1649666
aligned_single_processed_HA,W552I,1.9633789
aligned_single_processed_HA,W552K,2.0532913
aligned_single_processed_HA,W552L,1.8504944
aligned_single_processed_HA,W552M,1.9019585
aligned_single_processed_HA,W552N,1.8609657
aligned_single_processed_HA,W552P,1.9992752
aligned_single_processed_HA,W552Q,2.0434456
aligned_single_processed_HA,W552R,1.9723549
aligned_single_processed_HA,W552S,1.9188843
aligned_single_processed_HA,W552T,1.9880676
aligned_single_processed_HA,W552V,1.8719978
aligned_single_processed_HA,W552Y,2.0324745
aligned_single_processed_HA,M553A,1.7209396
aligned_single_processed_HA,M553C,1.7694588
aligned_single_processed_HA,M553D,1.8939476
aligned_single_processed_HA,M553E,1.7548599
aligned_single_processed_HA,M553F,1.7233162
aligned_single_processed_HA,M553G,1.8773079
aligned_single_processed_HA,M553H,2.201458
aligned_single_processed_HA,M553I,1.8970451
aligned_single_processed_HA,M553K,1.8928642
aligned_single_processed_HA,M553L,1.754242
aligned_single_processed_HA,M553N,1.9069748
aligned_single_processed_HA,M553P,1.866333
aligned_single_processed_HA,M553Q,1.6222267
aligned_single_processed_HA,M553R,1.8947067
aligned_single_processed_HA,M553S,1.9769249
aligned_single_processed_HA,M553T,1.8779182
aligned_single_processed_HA,M553V,1.7908516
aligned_single_processed_HA,M553W,1.6395073
aligned_single_processed_HA,M553Y,1.9234962
aligned_single_processed_HA,C554A,2.164631
aligned_single_processed_HA,C554D,2.218563
aligned_single_processed_HA,C554E,1.9462852
aligned_single_processed_HA,C554F,2.046856
aligned_single_processed_HA,C554G,2.0032082
aligned_single_processed_HA,C554H,2.0239143
aligned_single_processed_HA,C554I,2.0673485
aligned_single_processed_HA,C554K,2.0657005
aligned_single_processed_HA,C554L,2.0523949
aligned_single_processed_HA,C554M,1.8954048
aligned_single_processed_HA,C554N,1.9415894
aligned_single_processed_HA,C554P,1.9636879
aligned_single_processed_HA,C554Q,1.9351349
aligned_single_processed_HA,C554R,2.0855942
aligned_single_processed_HA,C554S,2.3872108
aligned_single_processed_HA,C554T,1.8918076
aligned_single_processed_HA,C554V,2.0351715
aligned_single_processed_HA,C554W,1.8217583
aligned_single_processed_HA,C554Y,2.2749252
aligned_single_processed_HA,S555A,1.8461227
aligned_single_processed_HA,S555C,1.8110161
aligned_single_processed_HA,S555D,2.0075111
aligned_single_processed_HA,S555E,1.7545509
aligned_single_processed_HA,S555F,2.018013
aligned_single_processed_HA,S555G,1.8065987
aligned_single_processed_HA,S555H,1.9882355
aligned_single_processed_HA,S555I,1.7680435
aligned_single_processed_HA,S555K,1.7308044
aligned_single_processed_HA,S555L,1.9125328
aligned_single_processed_HA,S555M,1.7288322
aligned_single_processed_HA,S555N,1.8861198
aligned_single_processed_HA,S555P,1.8999863
aligned_single_processed_HA,S555Q,1.7955208
aligned_single_processed_HA,S555R,1.7848167
aligned_single_processed_HA,S555T,1.9058342
aligned_single_processed_HA,S555V,2.0450745
aligned_single_processed_HA,S555W,2.0528908
aligned_single_processed_HA,S555Y,1.7643166
aligned_single_processed_HA,N556A,1.9098167
aligned_single_processed_HA,N556C,2.0766487
aligned_single_processed_HA,N556D,1.8618393
aligned_single_processed_HA,N556E,2.1819954
aligned_single_processed_HA,N556F,2.0106812
aligned_single_processed_HA,N556G,2.0305977
aligned_single_processed_HA,N556H,1.9281883
aligned_single_processed_HA,N556I,1.8871384
aligned_single_processed_HA,N556K,1.9004669
aligned_single_processed_HA,N556L,1.8735657
aligned_single_processed_HA,N556M,2.0199814
aligned_single_processed_HA,N556P,1.9764786
aligned_single_processed_HA,N556Q,1.993969
aligned_single_processed_HA,N556R,2.0119476
aligned_single_processed_HA,N556S,1.9661942
aligned_single_processed_HA,N556T,1.9401016
aligned_single_processed_HA,N556V,1.999836
aligned_single_processed_HA,N556W,2.286583
aligned_single_processed_HA,N556Y,1.9779778
aligned_single_processed_HA,G557A,1.8413963
aligned_single_processed_HA,G557C,1.9628067
aligned_single_processed_HA,G557D,1.7814522
aligned_single_processed_HA,G557E,1.9173965
aligned_single_processed_HA,G557F,1.9923172
aligned_single_processed_HA,G557H,1.9507141
aligned_single_processed_HA,G557I,1.8227501
aligned_single_processed_HA,G557K,1.8318443
aligned_single_processed_HA,G557L,1.9593735
aligned_single_processed_HA,G557M,1.9073677
aligned_single_processed_HA,G557N,1.8602829
aligned_single_processed_HA,G557P,1.9596939
aligned_single_processed_HA,G557Q,1.9190025
aligned_single_processed_HA,G557R,1.7610245
aligned_single_processed_HA,G557S,2.101303
aligned_single_processed_HA,G557T,2.0101776
aligned_single_processed_HA,G557V,1.9040298
aligned_single_processed_HA,G557W,1.7689323
aligned_single_processed_HA,G557Y,1.9404716
aligned_single_processed_HA,S558A,2.0741425
aligned_single_processed_HA,S558C,1.9224777
aligned_single_processed_HA,S558D,1.9103203
aligned_single_processed_HA,S558E,1.9766464
aligned_single_processed_HA,S558F,1.6920395
aligned_single_processed_HA,S558G,1.8802185
aligned_single_processed_HA,S558H,1.881321
aligned_single_processed_HA,S558I,2.0951462
aligned_single_processed_HA,S558K,1.8729668
aligned_single_processed_HA,S558L,1.920208
aligned_single_processed_HA,S558M,2.2189484
aligned_single_processed_HA,S558N,1.5729408
aligned_single_processed_HA,S558P,2.0643501
aligned_single_processed_HA,S558Q,1.8045692
aligned_single_processed_HA,S558R,2.0026817
aligned_single_processed_HA,S558T,1.6541672
aligned_single_processed_HA,S558V,1.8140526
aligned_single_processed_HA,S558W,2.0150757
aligned_single_processed_HA,S558Y,2.1057587
aligned_single_processed_HA,L559A,2.0171318
aligned_single_processed_HA,L559C,1.9828072
aligned_single_processed_HA,L559D,1.8845482
aligned_single_processed_HA,L559E,1.9724197
aligned_single_processed_HA,L559F,1.9957314
aligned_single_processed_HA,L559G,1.6357269
aligned_single_processed_HA,L559H,1.8671951
aligned_single_processed_HA,L559I,2.0201912
aligned_single_processed_HA,L559K,1.8976212
aligned_single_processed_HA,L559M,1.7073402
aligned_single_processed_HA,L559N,1.8417778
aligned_single_processed_HA,L559P,2.2301788
aligned_single_processed_HA,L559Q,1.7926826
aligned_single_processed_HA,L559R,1.9684143
aligned_single_processed_HA,L559S,1.9926224
aligned_single_processed_HA,L559T,1.9073524
aligned_single_processed_HA,L559V,2.019596
aligned_single_processed_HA,L559W,1.9962654
aligned_single_processed_HA,L559Y,2.0066147
aligned_single_processed_HA,Q560A,1.7129669
aligned_single_processed_HA,Q560C,1.8585968
aligned_single_processed_HA,Q560D,2.0576782
aligned_single_processed_HA,Q560E,2.0201492
aligned_single_processed_HA,Q560F,2.0056572
aligned_single_processed_HA,Q560G,1.9744949
aligned_single_processed_HA,Q560H,2.0434418
aligned_single_processed_HA,Q560I,2.119938
aligned_single_processed_HA,Q560K,1.78088
aligned_single_processed_HA,Q560L,1.7148132
aligned_single_processed_HA,Q560M,2.0374298
aligned_single_processed_HA,Q560N,1.8507271
aligned_single_processed_HA,Q560P,1.9718933
aligned_single_processed_HA,Q560R,1.9410019
aligned_single_processed_HA,Q560S,1.7998314
aligned_single_processed_HA,Q560T,1.9077911
aligned_single_processed_HA,Q560V,1.9515038
aligned_single_processed_HA,Q560W,2.1256676
aligned_single_processed_HA,Q560Y,2.124569
aligned_single_processed_HA,C561A,1.9314651
aligned_single_processed_HA,C561D,2.0513382
aligned_single_processed_HA,C561E,1.9266701
aligned_single_processed_HA,C561F,2.0735855
aligned_single_processed_HA,C561G,1.8376656
aligned_single_processed_HA,C561H,1.917736
aligned_single_processed_HA,C561I,1.9755516
aligned_single_processed_HA,C561K,1.8272781
aligned_single_processed_HA,C561L,1.8764648
aligned_single_processed_HA,C561M,1.9623909
aligned_single_processed_HA,C561N,1.9353485
aligned_single_processed_HA,C561P,1.9601402
aligned_single_processed_HA,C561Q,2.122696
aligned_single_processed_HA,C561R,2.1267204
aligned_single_processed_HA,C561S,2.1012802
aligned_single_processed_HA,C561T,2.0256271
aligned_single_processed_HA,C561V,2.0719757
aligned_single_processed_HA,C561W,1.9401398
aligned_single_processed_HA,C561Y,1.9325333
aligned_single_processed_HA,R562A,1.9109459
aligned_single_processed_HA,R562C,1.86903
aligned_single_processed_HA,R562D,2.027359
aligned_single_processed_HA,R562E,1.8241158
aligned_single_processed_HA,R562F,1.8426132
aligned_single_processed_HA,R562G,1.984169
aligned_single_processed_HA,R562H,1.7712326
aligned_single_processed_HA,R562I,1.8557816
aligned_single_processed_HA,R562K,1.3962822
aligned_single_processed_HA,R562L,1.7882233
aligned_single_processed_HA,R562M,2.0818977
aligned_single_processed_HA,R562N,1.9256325
aligned_single_processed_HA,R562P,2.0036087
aligned_single_processed_HA,R562Q,1.8498077
aligned_single_processed_HA,R562S,1.8015938
aligned_single_processed_HA,R562T,1.9386063
aligned_single_processed_HA,R562V,1.9777412
aligned_single_processed_HA,R562W,1.8063927
aligned_single_processed_HA,R562Y,2.0360565
aligned_single_processed_HA,I563A,1.9136086
aligned_single_processed_HA,I563C,1.9622116
aligned_single_processed_HA,I563D,1.7558289
aligned_single_processed_HA,I563E,1.5423851
aligned_single_processed_HA,I563F,1.6898766
aligned_single_processed_HA,I563G,1.6198425
aligned_single_processed_HA,I563H,1.7502594
aligned_single_processed_HA,I563K,1.6724243
aligned_single_processed_HA,I563L,2.028202
aligned_single_processed_HA,I563M,1.481926
aligned_single_processed_HA,I563N,1.9418869
aligned_single_processed_HA,I563P,1.8532753
aligned_single_processed_HA,I563Q,1.9234085
aligned_single_processed_HA,I563R,1.7996407
aligned_single_processed_HA,I563S,1.8718452
aligned_single_processed_HA,I563T,1.8887825
aligned_single_processed_HA,I563V,1.2322235
aligned_single_processed_HA,I563W,1.7468796
aligned_single_processed_HA,I563Y,1.6747284
aligned_single_processed_HA,C564A,2.0155602
aligned_single_processed_HA,C564D,1.8237228
aligned_single_processed_HA,C564E,2.0301476
aligned_single_processed_HA,C564F,2.0673828
aligned_single_processed_HA,C564G,2.0512695
aligned_single_processed_HA,C564H,1.9060287
aligned_single_processed_HA,C564I,1.8135223
aligned_single_processed_HA,C564K,2.1135979
aligned_single_processed_HA,C564L,1.9095116
aligned_single_processed_HA,C564M,1.9638023
aligned_single_processed_HA,C564N,1.9519081
aligned_single_processed_HA,C564P,1.986866
aligned_single_processed_HA,C564Q,1.9161758
aligned_single_processed_HA,C564R,1.9833641
aligned_single_processed_HA,C564S,2.1315994
aligned_single_processed_HA,C564T,2.0551834
aligned_single_processed_HA,C564V,1.7441826
aligned_single_processed_HA,C564W,1.9681625
aligned_single_processed_HA,C564Y,2.039627
aligned_single_processed_HA,I565A,1.9886208
aligned_single_processed_HA,I565C,1.8757133
aligned_single_processed_HA,I565D,1.7232285
aligned_single_processed_HA,I565E,1.8606644
aligned_single_processed_HA,I565F,1.9746323
aligned_single_processed_HA,I565G,1.7403488
aligned_single_processed_HA,I565H,1.56464
aligned_single_processed_HA,I565K,1.7055702
aligned_single_processed_HA,I565L,1.7688828
aligned_single_processed_HA,I565M,1.7246628
aligned_single_processed_HA,I565N,1.7709808
aligned_single_processed_HA,I565P,1.9054909
aligned_single_processed_HA,I565Q,1.7242584
aligned_single_processed_HA,I565R,1.8124886
aligned_single_processed_HA,I565S,1.8448677
aligned_single_processed_HA,I565T,1.7737808
aligned_single_processed_HA,I565V,1.7155533
aligned_single_processed_HA,I565W,1.7742271
aligned_single_processed_HA,I565Y,1.5867729
