wt,mut,i,flu_h1_replication,model_prediction,dissimilarity_charge_hydro,accessibility_wcn,max_escape_experiment,is_escape_experiment,ves_prediction
M,A,1,,-1.8024178,-2.1434691,,0.0172,FALSE,-0.8872966
M,C,1,,-1.8647118,-1.7565778,,0.0172,FALSE,-0.9647715
M,D,1,,-1.4852219,1.4356547,,0.0172,FALSE,-0.555695
M,E,1,,-1.774765,1.2514207,,0.0172,FALSE,-0.8541776
M,F,1,,-1.5343094,-1.5170736,,0.0172,FALSE,-0.600068
M,G,1,,-1.5869789,-1.9776585,,0.0172,FALSE,-0.6504951
M,H,1,,-1.6232376,0.8461059,,0.0172,FALSE,-0.6869162
M,I,1,,-1.6281891,-1.2959928,,0.0164478,FALSE,-0.6919981
M,K,1,,-1.9534492,2.1357438,,0.0141108,FALSE,-1.0818079
M,L,1,,-1.7655754,-1.6644608,,0.0197552,FALSE,-0.8433468
M,N,1,,-1.8873329,-0.5037867,,0.0172,FALSE,-0.9938727
M,P,1,,-1.9411697,-1.5539204,,0.0172,FALSE,-1.0651564
M,Q,1,,-1.8873062,-0.4116697,,0.0172,FALSE,-0.993838
M,R,1,,-1.7601204,3.4253817,,0.0150094,FALSE,-0.8369591
M,S,1,,-1.6910744,-1.2038758,,0.0172,FALSE,-0.7588018
M,T,1,,-1.713314,-1.351263,,0.0240189,FALSE,-0.7834289
M,V,1,,-1.5243874,-1.6460374,,0.0210132,FALSE,-0.5908956
M,W,1,,-1.8255043,-1.9592351,,0.0172,FALSE,-0.9155491
M,Y,1,,-1.7089005,-1.719731,,0.0172,FALSE,-0.7785001
K,A,2,-0.5994664,-1.2241402,2.1173204,,0.0133326,FALSE,-0.3604526
K,C,2,0.2242383,-1.568821,1.730429,,0.0141114,FALSE,-0.6327793
K,D,2,-1.8583295,-1.209713,2.1223049,,0.0200159,FALSE,-0.3515497
K,E,2,-1.0057361,-0.6175766,2.3065389,,0.0148061,FALSE,-0.1172264
K,F,2,0.2752278,-1.1765022,2.7805627,,0.0250481,FALSE,-0.3317522
K,G,2,-1.0056112,-1.3195267,1.9515098,,0.0099447,FALSE,-0.4241058
K,H,2,-0.3061684,-1.7515717,-0.8722546,,0.0240158,FALSE,-0.8270111
K,I,2,0.2251776,-1.1651306,3.0016435,,0.0166065,FALSE,-0.3251928
K,L,2,0.3672453,-1.4336319,2.6331756,,0.0185293,FALSE,-0.5117542
K,M,2,-0.2159806,-1.1886787,2.1357438,,0.0224141,FALSE,-0.3388992
K,N,2,0.0727681,-1.2792587,0.4776379,,0.0191504,FALSE,-0.3962013
K,P,2,-0.7442397,-1.4252167,1.5277716,,0.0178453,FALSE,-0.5048454
K,Q,2,-0.1647463,-1.3581047,0.385521,,0.0207119,FALSE,-0.4522986
K,R,2,-0.7799483,-0.8466454,-0.8722546,,0.0153312,FALSE,-0.1818097
K,S,2,-0.1471646,-1.2133675,1.1777271,,0.0236647,FALSE,-0.3537874
K,T,2,0.5854971,-1.2074661,1.3251143,,0.0240889,FALSE,-0.3501798
K,V,2,-0.1448151,-1.474617,2.6515989,,0.0132013,FALSE,-0.5464384
K,W,2,-1.2939395,-1.4639015,2.3384012,,0.0160305,FALSE,-0.5372035
K,Y,2,0.0205924,-1.3880272,1.6935822,,0.1458799,TRUE,-0.4751711
A,C,3,-1.0160827,-1.9106979,-1.7750012,,0.0121982,FALSE,-1.0244624
A,D,3,-0.5719858,-1.5293236,1.4172313,,0.0186441,FALSE,-0.595446
A,E,3,-1.0952864,-1.9484787,1.2329973,,0.0079256,FALSE,-1.0750504
A,F,3,-0.4837397,-1.8689842,-1.4986502,,0.0160315,FALSE,-0.9702287
A,G,3,-2.0908099,-1.639637,-1.9960819,,0.0192378,FALSE,-0.7038472
A,H,3,-1.2303082,-2.082489,0.8276825,,0.0160315,FALSE,-1.2652247
A,I,3,-0.3480149,-1.3742065,-1.2775694,,0.0201693,FALSE,-0.4644964
A,K,3,-1.4813832,-1.7016602,2.1173204,,0.0160315,FALSE,-0.770459
A,L,3,0.4376733,-1.8078308,-1.6460374,,0.0092488,FALSE,-0.8938719
A,M,3,-0.2860245,-1.6589737,-2.1434691,,0.0172,FALSE,-0.7241772
A,N,3,-0.1432361,-2.0677986,-0.5222101,,0.0150116,FALSE,-1.2435918
A,P,3,-1.1888254,-1.9795799,-1.5723438,,0.0133172,FALSE,-1.117718
A,Q,3,-0.9581265,-1.767662,-0.4300931,,0.0160315,FALSE,-0.8457983
A,R,3,-0.7132013,-1.7481918,3.4069583,,0.024415,FALSE,-0.8230991
A,S,3,-0.7082329,-1.9174232,-1.2222992,,0.0109713,FALSE,-1.0333664
A,T,3,-0.8780246,-1.1521492,-1.3696864,,0.0118838,FALSE,-0.3178394
A,V,3,-0.1866399,-1.7717896,-1.627614,,0.0116305,FALSE,-0.8506612
A,W,3,-0.845873,-1.8824463,-1.9408117,,0.0172,FALSE,-0.9875432
A,Y,3,-0.1732818,-1.9383659,-1.7381544,,0.0189942,FALSE,-1.0613746
K,A,4,0.2581562,-0.7328377,2.1173204,,0.0162854,FALSE,-0.1464448
K,C,4,-0.3804927,-1.2124443,1.730429,,0.0172,FALSE,-0.353221
K,D,4,-1.5752188,-0.9276047,2.1223049,,0.0160292,FALSE,-0.211539
K,E,4,-0.8328604,-1.0238495,2.3065389,,0.0113038,FALSE,-0.2525044
K,F,4,-0.8311904,-1.0999489,2.7805627,,0.0172,FALSE,-0.2896831
K,G,4,-0.9021509,-0.9193954,1.9515098,,0.018199,FALSE,-0.2083363
K,H,4,-0.6908807,-1.0879173,-0.8722546,,0.0133111,FALSE,-0.2835064
K,I,4,-0.6105058,-0.061367,3.0016435,,0.0151187,FALSE,-0.0387791
K,L,4,-0.3176719,-0.7892342,2.6331756,,0.0247973,FALSE,-0.1630905
K,M,4,-0.2080736,-1.2079468,2.1357438,,0.0225013,FALSE,-0.3504725
K,N,4,-0.3070282,-0.7014084,0.4776379,,0.0190585,FALSE,-0.1378665
K,P,4,-0.445345,-0.9410782,1.5277716,,0.014351,FALSE,-0.2168915
K,Q,4,-0.28162,-0.6729622,0.385521,,0.0133111,FALSE,-0.1305086
K,R,4,-0.1300272,-0.5885239,-0.8722546,,0.0233333,FALSE,-0.1107787
K,S,4,-0.2284657,-0.8531532,1.1777271,,0.0173587,FALSE,-0.1840512
K,T,4,-0.1102182,-0.5892944,1.3251143,,0.0148883,FALSE,-0.1109453
K,V,4,-0.2867575,-1.0391731,2.6515989,,0.0152161,FALSE,-0.2596363
K,W,4,-0.6663296,-1.1576042,2.3384012,,0.0150077,FALSE,-0.3209121
K,Y,4,-0.8017678,-1.0062485,1.6935822,,0.0180093,FALSE,-0.2445255
L,A,5,-0.1281729,-1.7600479,-1.6460374,,0.0313529,FALSE,-0.8368744
L,C,5,-0.3421555,-1.7416229,-1.259146,,0.0174956,FALSE,-0.8155301
L,D,5,-2.0297269,-1.8223991,1.9330864,,0.015011,FALSE,-0.9117174
L,E,5,-1.6310247,-1.4964676,1.7488524,,0.0172,FALSE,-0.5656385
L,F,5,0.0433528,-1.4076042,-2.0145053,,0.0266662,FALSE,-0.4906184
L,G,5,-1.9563633,-1.7079277,-1.4802268,,0.0119655,FALSE,-0.7774165
L,H,5,-0.9026851,-1.6776123,1.3435377,,0.0147,FALSE,-0.7441484
L,I,5,-0.8093622,-0.839489,-1.7934246,,0.0153084,FALSE,-0.1793737
L,K,5,-0.9864765,-1.7201767,2.6331756,,0.0213329,FALSE,-0.7911336
L,M,5,-1.3839091,-1.2975769,-1.6644608,,0.015011,FALSE,-0.4087049
L,N,5,-2.1640155,-1.6231232,-0.0063549,,0.0172,FALSE,-0.6867991
L,P,5,-2.3817518,-1.4792862,-1.0564886,,0.0142708,FALSE,-0.5504996
L,Q,5,-1.8418587,-1.7421265,0.0857621,,0.0224436,FALSE,-0.8161087
L,R,5,-2.2624367,-1.4241066,3.9228134,,0.0180133,FALSE,-0.5039394
L,S,5,-2.397974,-1.399353,-0.7064441,,0.0160311,FALSE,-0.4840609
L,T,5,-1.8410692,-1.298378,-0.8538312,,0.0172,FALSE,-0.4092589
L,V,5,-1.4758104,-1.5407944,-2.1434691,,0.0144308,FALSE,-0.606119
L,W,5,-1.1096563,-1.7335548,-1.8671182,,0.015011,FALSE,-0.8062954
L,Y,5,-1.204846,-1.658287,-1.2222992,,0.0200175,FALSE,-0.7234484
L,A,6,-1.208364,-1.360775,-1.6460374,,0.0176003,FALSE,-0.4543038
L,C,6,-1.3539211,-1.607624,-1.259146,,0.0172,FALSE,-0.6710618
L,D,6,-1.7984425,-1.5312157,1.9330864,,0.0225607,FALSE,-0.597197
L,E,6,-2.3292189,-1.6269608,1.7488524,,0.0172,FALSE,-0.6907351
L,F,6,-0.0227686,-1.3228302,-2.0145053,,0.0164598,FALSE,-0.4264636
L,G,6,-2.7274182,-1.5793839,-1.4802268,,0.0147,FALSE,-0.6430426
L,H,6,-0.7697689,-1.7422523,1.3435377,,0.0172,FALSE,-0.8162533
L,I,6,-0.5453087,-1.2178955,-1.7934246,,0.0192365,FALSE,-0.3565763
L,K,6,-2.3988745,-1.757164,2.6331756,,0.0172,FALSE,-0.8335102
L,M,6,-0.7965699,-1.267765,-1.6644608,,0.0092955,FALSE,-0.3885163
L,N,6,-2.5946655,-1.352787,-0.0063549,,0.0147,FALSE,-0.4483263
L,P,6,-2.1198716,-1.7927666,-1.0564886,,0.0246926,FALSE,-0.8756479
L,Q,6,-0.8146097,-1.6553574,0.0857621,,0.0128479,FALSE,-0.720345
L,R,6,-2.0360594,-1.5733871,3.9228134,,0.0172,FALSE,-0.6372014
L,S,6,-1.1875586,-1.6079025,-0.7064441,,0.0172,FALSE,-0.6713423
L,T,6,-2.0395987,-1.4214325,-0.8538312,,0.0160304,FALSE,-0.5017621
L,V,6,-1.0419923,-1.4046516,-2.1434691,,0.0189922,FALSE,-0.488264
L,W,6,-0.2677399,-1.6245422,-1.8671182,,0.0172,FALSE,-0.6882527
L,Y,6,-1.0211445,-1.6822662,-1.2222992,,0.0180117,FALSE,-0.7491925
V,A,7,-1.0270173,-1.3617821,-1.627614,,0.0189579,FALSE,-0.4550619
V,C,7,-0.055074,-1.6022911,-1.2407226,,0.0243603,FALSE,-0.6657058
V,D,7,-2.2058627,-1.5017357,1.9515098,,0.0172,FALSE,-0.5703419
V,E,7,-1.1846051,-1.5510712,1.7672758,,0.0150098,FALSE,-0.6157986
V,F,7,-0.0465327,-1.4664383,-2.0329287,,0.0158458,FALSE,-0.5393791
V,G,7,-2.2105265,-1.4690819,-1.4618034,,0.0147,FALSE,-0.5416533
V,H,7,-2.394236,-1.5859833,1.3619611,,0.0172,FALSE,-0.6495147
V,I,7,-0.2843595,-0.3658028,-1.811848,,0.0109754,FALSE,-0.0714243
V,K,7,-0.896535,-1.5646896,2.6515989,,0.0151231,FALSE,-0.6287972
V,L,7,0.2448611,-1.1166534,-2.1434691,,0.0124677,FALSE,-0.2984509
V,M,7,-0.0665196,-1.3946724,-1.6460374,,0.0183417,FALSE,-0.4803714
V,N,7,-1.4051254,-1.1320572,0.0120685,,0.0172,FALSE,-0.3067369
V,P,7,-3.3922229,-1.6122627,-1.0380652,,0.0172,FALSE,-0.675745
V,Q,7,-1.5989042,-1.5542984,0.1041855,,0.0172,FALSE,-0.6188612
V,R,7,-0.5680145,-1.3917999,3.9412368,,0.02286,FALSE,-0.4781181
V,S,7,-2.1712506,-1.4893913,-0.6880207,,0.0147,FALSE,-0.5593663
V,T,7,-0.9653875,-1.2947426,-0.8354078,,0.0175948,FALSE,-0.4067496
V,W,7,-0.1944061,-1.5657501,-1.8486948,,0.0160304,FALSE,-0.6298177
V,Y,7,-1.0876601,-1.3715324,-1.2038758,,0.0150098,FALSE,-0.462453
L,A,8,-1.7548386,-1.5844116,-1.6460374,,0.0172,FALSE,-0.6479691
L,C,8,-1.9164437,-1.7924461,-1.259146,,0.0202884,FALSE,-0.8752627
L,D,8,-3.2701672,-1.6605072,1.9330864,,0.0172,FALSE,-0.7258064
L,E,8,-2.9697349,-1.7512741,1.7488524,,0.0172,FALSE,-0.8266662
L,F,8,-0.4458063,-1.5822067,-2.0145053,,0.0160298,FALSE,-0.6458053
L,G,8,-2.6009481,-1.5620651,-1.4802268,,0.0172,FALSE,-0.6262769
L,H,8,-2.4229214,-1.8183289,1.3435377,,0.0172,FALSE,-0.9067097
L,I,8,-0.9291108,-1.3995667,-1.7934246,,0.0072057,FALSE,-0.4842298
L,K,8,-2.7153573,-1.5557251,2.6331756,,0.0172,FALSE,-0.6202187
L,M,8,-1.4325445,-1.5366173,-1.6644608,,0.0172,FALSE,-0.6022164
L,N,8,-2.6894874,-1.3986397,-0.0063549,,0.0150087,FALSE,-0.4834972
L,P,8,-2.6717698,-1.6700287,-1.0564886,,0.0212269,FALSE,-0.7359782
L,Q,8,-1.9564005,-1.3429527,0.0857621,,0.0173243,FALSE,-0.441053
L,R,8,-2.3940408,-1.6820908,3.9228134,,0.0227128,FALSE,-0.749002
L,S,8,-1.7000806,-1.5188141,-0.7064441,,0.0160205,FALSE,-0.5857887
L,T,8,-2.2106015,-1.4914398,-0.8538312,,0.0160298,FALSE,-0.5611767
L,V,8,-1.3759244,-1.2772522,-2.1434691,,0.0249,FALSE,-0.3948508
L,W,8,-1.6219593,-1.7962036,-1.8671182,,0.0150087,FALSE,-0.8797853
L,Y,8,-2.309645,-1.6303177,-1.2222992,,0.0172,FALSE,-0.6941908
L,A,9,-2.7012246,-1.4537239,-1.6460374,,0.0160321,FALSE,-0.5285417
L,C,9,-0.4831039,-1.6542015,-1.259146,,0.0172,FALSE,-0.719123
L,D,9,-2.6843997,-1.6007195,1.9330864,,0.0172,FALSE,-0.6641332
L,E,9,-2.543838,-1.3929634,1.7488524,,0.0172,FALSE,-0.4790298
L,F,9,-0.9834155,-0.6227341,-2.0145053,,0.0307979,FALSE,-0.1184073
L,G,9,-0.5979572,-1.4153557,-1.4802268,,0.0172,FALSE,-0.4968412
L,H,9,-2.5353166,-1.6076355,1.3435377,,0.0172,FALSE,-0.6710733
L,I,9,-1.0392996,-1.277916,-1.7934246,,0.0279213,FALSE,-0.3952972
L,K,9,-2.7397783,-1.6410942,2.6331756,,0.0172,FALSE,-0.7053654
L,M,9,-0.560097,-1.1338997,-1.6644608,,0.0172,FALSE,-0.3077411
L,N,9,-1.9057165,-1.5860405,-0.0063549,,0.02064,FALSE,-0.649571
L,P,9,-2.081131,-1.4699326,-1.0564886,,0.0160321,FALSE,-0.5423867
L,Q,9,-2.442884,-1.5250778,0.0857621,,0.0172,FALSE,-0.5915305
L,R,9,-1.9950012,-1.3943901,3.9228134,,0.0150127,FALSE,-0.4801496
L,S,9,-2.4444752,-1.523346,-0.7064441,,0.020274,FALSE,-0.5899389
L,T,9,-2.1315515,-1.221508,-0.8538312,,0.0172,FALSE,-0.3588145
L,V,9,-0.4647048,-1.5145035,-2.1434691,,0.0160066,FALSE,-0.5818611
L,W,9,-0.9958902,-1.5387917,-1.8671182,,0.0172,FALSE,-0.6042456
L,Y,9,-0.7796068,-1.5646057,-1.2222992,,0.0197612,FALSE,-0.6287166
Y,A,10,-0.5241307,-0.0195274,-1.7381544,,0.02988,FALSE,-0.0356327
Y,C,10,-0.2866726,1.4376907,-2.1250457,,0.011857,FALSE,-0.0018003
Y,D,10,-2.0970523,0.0478935,0.9934931,,0.0160304,FALSE,-0.0310825
Y,E,10,-2.4127304,-0.0177765,0.8092591,,0.0172,FALSE,-0.0355066
Y,F,10,0.4415992,-0.1419411,-1.074912,,0.0133324,FALSE,-0.0456244
Y,G,10,-1.8301765,-0.1333809,-1.9039649,,0.02058,FALSE,-0.0448444
Y,H,10,-1.1984566,-0.2077866,0.4039443,,0.0187565,FALSE,-0.0520835
Y,I,10,-0.0131362,0.0340538,-0.8538312,,0.016379,FALSE,-0.0319673
Y,K,10,-0.2395443,-0.3867035,1.6935822,,0.0150098,FALSE,-0.074453
Y,L,10,-0.3154983,0.2346382,-1.2222992,,0.0225616,FALSE,-0.02126
Y,M,10,-0.4766751,-0.0573578,-1.719731,,0.020623,FALSE,-0.0384662
Y,N,10,-2.059484,-0.3156967,-0.9459482,,0.0172,FALSE,-0.0646401
Y,P,10,-2.5696499,-0.3465958,-1.9960819,,0.0172,FALSE,-0.0687462
Y,Q,10,-1.8413675,-0.1175041,-0.8538312,,0.0172,FALSE,-0.0434321
Y,R,10,-1.786312,-0.1383057,2.9832201,,0.0172,FALSE,-0.0452915
Y,S,10,-0.0033876,-0.0969315,-1.6460374,,0.0149777,FALSE,-0.0416667
Y,T,10,-0.6572442,-0.1028671,-1.7934246,,0.011963,FALSE,-0.0421687
Y,V,10,-1.0797319,-0.1820755,-1.2038758,,0.0147,FALSE,-0.0494616
Y,W,10,-1.7024598,-0.3354149,-1.5170736,,0.0172,FALSE,-0.0672321
A,C,11,-0.3953246,-1.5633507,-1.7750012,,0.0351484,FALSE,-0.6275106
A,D,11,-2.0529871,-1.1393547,1.4172313,,0.0172,FALSE,-0.3107305
A,E,11,-1.0201452,-1.0498009,1.2329973,,0.0087073,FALSE,-0.2646857
A,F,11,0.4186918,-1.5476608,-1.4986502,,0.0159364,FALSE,-0.612574
A,G,11,-1.200735,-1.2591896,-1.9960819,,0.0124775,FALSE,-0.3828623
A,H,11,-0.6051485,-1.2741508,0.8276825,,0.0143136,FALSE,-0.3927708
A,I,11,-0.1677046,-1.2987251,-1.2775694,,0.0160345,FALSE,-0.4094991
A,K,11,-2.1162592,-1.210762,2.1173204,,0.0172,FALSE,-0.3521908
A,L,11,0.3016583,-1.0668297,-1.6460374,,0.0148036,FALSE,-0.2729552
A,M,11,-0.6354615,-0.7348785,-2.1434691,,0.0375,FALSE,-0.1470187
A,N,11,-1.0019274,-1.2400017,-0.5222101,,0.015017,FALSE,-0.3704559
A,P,11,-1.6177723,-1.5374107,-1.5723438,,0.0108758,FALSE,-0.6029562
A,Q,11,-0.6871438,-1.2708168,-0.4300931,,0.0160345,FALSE,-0.3905448
A,R,11,-1.7580383,-1.1191864,3.4069583,,0.0211446,FALSE,-0.2998001
A,S,11,-0.1296019,-1.0739326,-1.2222992,,0.0113268,FALSE,-0.2764705
A,T,11,-0.419764,-0.4620438,-1.3696864,,0.0112861,FALSE,-0.0864289
A,V,11,0.2448374,-1.0772705,-1.627614,,0.0128196,FALSE,-0.2781359
A,W,11,-0.3084527,-1.378006,-1.9408117,,0.0147,FALSE,-0.4674121
A,Y,11,-0.8467531,-1.3602905,-1.7381544,,0.0187163,FALSE,-0.4539395
F,A,12,-0.5264774,-0.4360619,-1.4986502,,0.0110333,FALSE,-0.0821039
F,C,12,-0.0684075,-1.1389275,-1.1117588,,0.0196792,FALSE,-0.3104955
F,D,12,-2.120371,-1.0009232,2.0804736,,0.0172,FALSE,-0.2421557
F,E,12,-2.4669646,-1.2902908,1.8962396,,0.0172,FALSE,-0.4036937
F,G,12,-0.2132992,-1.0450516,-1.3328396,,0.0172,FALSE,-0.2624187
F,H,12,-1.620561,-1.0404205,1.4909249,,0.0172,FALSE,-0.2602245
F,I,12,-0.269782,-0.4222641,-1.9408117,,0.0150609,FALSE,-0.0798922
F,K,12,-2.3210272,-0.9147797,2.7805627,,0.0172,FALSE,-0.2065547
F,L,12,-0.2824796,0.1630249,-2.0145053,,0.0129639,FALSE,-0.0245988
F,M,12,-1.1749857,-0.7129135,-1.5170736,,0.016032,FALSE,-0.1409509
F,N,12,-1.992125,-0.7706032,0.1410323,,0.0192384,FALSE,-0.1574074
F,P,12,-2.0386174,-1.0343285,-0.9091014,,0.0192384,FALSE,-0.2573626
F,Q,12,-1.9602945,-1.2288437,0.2331493,,0.0172,FALSE,-0.3633953
F,R,12,-1.2882625,-0.9143257,4.0702006,,0.0186654,FALSE,-0.2063802
F,S,12,-0.0354637,-0.8922234,-0.5590569,,0.018015,FALSE,-0.1980443
F,T,12,-1.5147559,-1.0798912,-0.7064441,,0.0219,FALSE,-0.2794496
F,V,12,0.0394864,-0.5874481,-2.0329287,,0.0185396,FALSE,-0.1105465
F,W,12,-0.6848593,-0.9841652,-1.719731,,0.0150125,FALSE,-0.2348302
F,Y,12,-1.980238,-0.7718926,-1.074912,,0.0150125,FALSE,-0.1577947
V,A,13,-0.8733119,0.9397163,-1.627614,,0.0230407,FALSE,-0.0050143
V,C,13,-1.6135927,-0.4746284,-1.2407226,,0.0172,FALSE,-0.0886015
V,D,13,-2.289045,-0.0980568,1.9515098,,0.0172,FALSE,-0.0417614
V,E,13,-0.6419464,-0.6600418,1.7672758,,0.0172,FALSE,-0.1272895
V,F,13,-1.7938464,-0.3780403,-2.0329287,,0.0172,FALSE,-0.0731829
V,G,13,-2.0903181,-0.3775902,-1.4618034,,0.0160318,FALSE,-0.0731175
V,H,13,-1.3904541,-0.3863487,1.3619611,,0.0309766,FALSE,-0.0744005
V,I,13,-1.0003716,-0.1245956,-1.811848,,0.0154437,FALSE,-0.0440575
V,K,13,-2.1980014,-0.5284996,2.6515989,,0.0172,FALSE,-0.0985053
V,L,13,-2.2087951,-0.2777672,-2.1434691,,0.0254579,FALSE,-0.0599237
V,M,13,-1.5173847,-0.5147629,-1.6460374,,0.0172,FALSE,-0.0958841
V,N,13,-2.0260578,-0.3223953,0.0120685,,0.0147,FALSE,-0.0655096
V,P,13,-2.3667122,-0.6669579,-1.0380652,,0.0160318,FALSE,-0.1290033
V,Q,13,-1.4375891,-0.641304,0.1041855,,0.02408,FALSE,-0.1227529
V,R,13,-1.4427815,-0.2838745,3.9412368,,0.0172,FALSE,-0.0606599
V,S,13,-0.4650427,0.4319115,-0.6880207,,0.0178575,FALSE,-0.0142096
V,T,13,-1.3159591,-0.0937195,-0.8354078,,0.0136681,FALSE,-0.0413975
V,W,13,-2.029197,-0.5568886,-1.8486948,,0.0172,FALSE,-0.1041399
V,Y,13,-2.1262611,-0.3356705,-1.2038758,,0.0160318,FALSE,-0.0672663
A,C,14,-1.007099,-1.6825294,-1.7750012,,0.015027,FALSE,-0.7494785
A,D,14,-1.6575217,-1.5946045,1.4172313,,0.0067558,FALSE,-0.6580391
A,E,14,-0.8195847,-1.3631172,1.2329973,,0.0172,FALSE,-0.4560684
A,F,14,-1.2623001,-1.6425629,-1.4986502,,0.0172,FALSE,-0.7068979
A,G,14,-1.4655773,-1.564846,-1.9960819,,0.0179527,FALSE,-0.6289477
A,H,14,-1.4561594,-1.7117043,0.8276825,,0.0172,FALSE,-0.7816289
A,I,14,-1.9008921,-1.4771118,-1.2775694,,0.0172,FALSE,-0.5486056
A,K,14,-1.6661413,-1.2133827,2.1173204,,0.0172,FALSE,-0.3537967
A,L,14,-0.8178447,-1.6504593,-1.6460374,,0.0244213,FALSE,-0.7151765
A,M,14,-1.2458153,-1.6353226,-2.1434691,,0.0172,FALSE,-0.6993653
A,N,14,-0.872373,-1.4080505,-0.5222101,,0.015027,FALSE,-0.490975
A,P,14,-1.9544013,-1.634079,-1.5723438,,0.0172,FALSE,-0.698077
A,Q,14,-0.513166,-1.4508171,-0.4300931,,0.015027,FALSE,-0.5260874
A,R,14,-1.4594369,-1.5906372,3.4069583,,0.0200261,FALSE,-0.6541066
A,S,14,-1.1920821,-1.0712624,-1.2222992,,0.0133416,FALSE,-0.2751444
A,T,14,-1.4747877,-1.3136749,-1.3696864,,0.0163887,FALSE,-0.419955
A,V,14,-1.5477,-1.1651878,-1.627614,,0.0213464,FALSE,-0.3252255
A,W,14,-1.3626702,-1.8796043,-1.9408117,,0.0172,FALSE,-0.9838729
A,Y,14,-1.5723517,-1.6524811,-1.7381544,,0.0172,FALSE,-0.7173068
T,A,15,-1.2987743,0.0035248,-1.3696864,,0.0135237,FALSE,-0.0340077
T,C,15,-0.9565323,-1.1441765,-1.7565778,,0.0172,FALSE,-0.3133935
T,D,15,-2.2003611,-0.8815765,0.6250251,,0.0172,FALSE,-0.1941385
T,E,15,-2.1028854,-1.1089668,0.4407911,,0.0172,FALSE,-0.2943885
T,F,15,-2.7080425,-1.2026176,-0.7064441,,0.0172,FALSE,-0.3472389
T,G,15,-2.0595491,-0.9974174,-1.535497,,0.0150151,FALSE,-0.2406067
T,H,15,-2.6006463,-0.9730072,0.0354764,,0.0172,FALSE,-0.2300623
T,I,15,-0.1445589,-0.5498314,-0.4853633,,0.0169093,FALSE,-0.1027113
T,K,15,-2.0681481,-0.9728126,1.3251143,,0.0110234,FALSE,-0.2299799
T,L,15,-3.38888,-0.7722816,-0.8538312,,0.0172,FALSE,-0.1579117
T,M,15,-1.0916657,-0.7370224,-1.351263,,0.0172,FALSE,-0.1476237
T,N,15,-2.3083696,-0.7892227,-1.3144162,,0.0172,FALSE,-0.1630869
T,P,15,-1.1340835,-1.102314,-1.9592351,,0.0160335,FALSE,-0.2909109
T,Q,15,-2.8463093,-1.3333893,-1.2222992,,0.0172,FALSE,-0.4340704
T,R,15,-2.9421669,-0.8979416,2.6147522,,0.0160335,FALSE,-0.2001713
T,S,15,-1.1327557,-0.7605743,-2.0145053,,0.0150151,FALSE,-0.1544244
T,V,15,-0.6129559,-0.6588135,-0.8354078,,0.020513,FALSE,-0.1269873
T,W,15,-1.9206355,-1.0588646,-1.1486056,,0.0172,FALSE,-0.2690596
T,Y,15,-2.4316146,-1.0567131,-1.7934246,,0.0172,FALSE,-0.2680157
D,A,16,-0.4660459,-0.6588516,1.4172313,,0.02064,FALSE,-0.1269967
D,C,16,-1.9730059,-1.1680489,1.0303399,,0.0172,FALSE,-0.3268656
D,E,16,-1.2442514,-0.6855583,-1.9776585,,0.0194182,FALSE,-0.1337203
D,F,16,-2.5022765,-0.9784508,2.0804736,,0.0172,FALSE,-0.2323775
D,G,16,-1.7754792,-0.9264183,1.2514207,,0.0231255,FALSE,-0.2110734
D,H,16,-0.9197876,-0.9720421,2.0117645,,0.0213238,FALSE,-0.2296539
D,I,16,-1.9385629,-0.8792572,2.3015544,,0.0172,FALSE,-0.193297
D,K,16,-0.714507,-0.5278626,2.1223049,,0.0172,FALSE,-0.0983822
D,L,16,-1.7912282,-1.1116486,1.9330864,,0.0160351,FALSE,-0.2958004
D,M,16,-0.7326124,-0.9958153,1.4356547,,0.0172,FALSE,-0.2399017
D,N,16,-1.8299787,-0.2865753,-0.2224512,,0.0172,FALSE,-0.0609883
D,P,16,-3.3937136,-0.9686737,0.8276825,,0.0172,FALSE,-0.2282339
D,Q,16,-1.9639927,-0.8540611,-0.3145682,,0.0172,FALSE,-0.1843659
D,R,16,-0.8165063,-0.8506088,3.4119428,,0.0136439,FALSE,-0.1831718
D,S,16,-1.3857724,-0.6280365,0.4776379,,0.012199,FALSE,-0.1196332
D,T,16,-1.7533606,-0.8620186,0.6250251,,0.0172,FALSE,-0.1871451
D,V,16,-1.6687467,-0.7654114,1.9515098,,0.0172,FALSE,-0.1558565
D,W,16,-1.6121478,-0.8534164,1.638312,,0.0172,FALSE,-0.1841424
D,Y,16,-1.4775016,-0.429142,0.9934931,,0.0132876,FALSE,-0.0809874
A,C,17,-2.5119403,-1.7536507,-1.7750012,,0.0172,FALSE,-0.8294234
A,D,17,-1.9422816,-1.6477509,1.4172313,,0.0172,FALSE,-0.7123296
A,E,17,-2.3774221,-1.6883736,1.2329973,,0.0095559,FALSE,-0.7558467
A,F,17,-2.9242993,-1.7857704,-1.4986502,,0.0172,FALSE,-0.8672638
A,G,17,-1.5371081,-1.5132294,-1.9960819,,0.0160426,FALSE,-0.580704
A,H,17,-2.3642716,-1.8332329,0.8276825,,0.0172,FALSE,-0.9251287
A,I,17,-2.3649503,-1.8737373,-1.2775694,,0.0172,FALSE,-0.9763214
A,K,17,-2.5036631,-1.7212563,2.1173204,,0.0172,FALSE,-0.7923502
A,L,17,-3.3839285,-1.8151093,-1.6460374,,0.0172,FALSE,-0.9027605
A,M,17,-2.2892588,-1.9781227,-2.1434691,,0.0172,FALSE,-1.1156985
A,N,17,-2.537656,-1.7126236,-0.5222101,,0.0172,FALSE,-0.7826565
A,P,17,-3.0485739,-1.7765312,-1.5723438,,0.0172,FALSE,-0.8562693
A,Q,17,-2.536518,-1.7844849,-0.4300931,,0.0172,FALSE,-0.8657288
A,R,17,-3.379975,-1.5909843,3.4069583,,0.0172,FALSE,-0.65445
A,S,17,-1.8409777,-1.7234802,-1.2222992,,0.0234595,FALSE,-0.7948601
A,T,17,-2.8262195,-1.2681236,-1.3696864,,0.0185936,FALSE,-0.3887542
A,V,17,-2.2715613,-1.6249809,-1.627614,,0.0147756,FALSE,-0.6887025
A,W,17,-2.2203509,-1.6461258,-1.9408117,,0.0172,FALSE,-0.7106251
A,Y,17,-3.1506834,-1.9413452,-1.7381544,,0.0172,FALSE,-1.0653934
D,A,18,-2.384953,-1.6856117,1.4172313,-1.0399178,0.0160392,FALSE,-0.7528326
D,C,18,-3.0647259,-1.7194862,1.0303399,-1.0399178,0.0172,FALSE,-0.7903561
D,E,18,-1.9695666,-1.7134438,-1.9776585,-1.0399178,0.0139472,FALSE,-0.7835742
D,F,18,-3.3303975,-1.5805206,2.0804736,-1.0399178,0.0172,FALSE,-0.6441541
D,G,18,-1.3710399,-1.4971199,1.2514207,-1.0399178,0.0216372,FALSE,-0.5662193
D,H,18,-2.9863723,-1.8374939,2.0117645,-1.0399178,0.0186646,FALSE,-0.9304362
D,I,18,-3.3956228,-1.7398834,2.3015544,-1.0399178,0.0172,FALSE,-0.8135333
D,K,18,-2.5263102,-1.8058052,2.1223049,-1.0399178,0.0172,FALSE,-0.8914078
D,L,18,-3.8746358,-1.8677979,1.9330864,-1.0399178,0.0172,FALSE,-0.9687116
D,M,18,-2.6083494,-1.9167938,1.4356547,-1.0399178,0.0172,FALSE,-1.0325312
D,N,18,-1.9804772,-1.4815025,-0.2224512,-1.0399178,0.0136111,FALSE,-0.5524352
D,P,18,-3.0505582,-1.792717,0.8276825,-1.0399178,0.0172,FALSE,-0.8755883
D,Q,18,-2.765642,-2.1898193,-0.3145682,-1.0399178,0.0172,FALSE,-1.4287485
D,R,18,-2.7175109,-2.0409508,3.4119428,-1.0399178,0.0172,FALSE,-1.2045434
D,S,18,-3.5053726,-1.8530006,0.4776379,-1.0399178,0.0172,FALSE,-0.9499064
D,T,18,-2.7740938,-1.6691246,0.6250251,-1.0399178,0.0172,FALSE,-0.7350082
D,V,18,-1.9906606,-1.8770027,1.9515098,-1.0399178,0.01764,FALSE,-0.9805201
D,W,18,-2.5562943,-1.6328354,1.638312,-1.0399178,0.0172,FALSE,-0.6967905
D,Y,18,-1.4095686,-1.9433403,0.9934931,-1.0399178,0.0172,FALSE,-1.0680894
T,A,19,-2.7021361,-1.8492699,-1.3696864,-1.183397,0.0196904,FALSE,-0.9452
T,C,19,-2.5839475,-1.9599991,-1.7565778,-1.183397,0.0172,FALSE,-1.0907485
T,D,19,-1.8306565,-1.8298645,0.6250251,-1.183397,0.0150312,FALSE,-0.9209461
T,E,19,-0.6718561,-1.9013863,0.4407911,-1.183397,0.0190005,FALSE,-1.0122072
T,F,19,-1.5891023,-1.749382,-0.7064441,-1.183397,0.0225646,FALSE,-0.8244753
T,G,19,-3.0709353,-1.8210335,-1.535497,-1.183397,0.0172,FALSE,-0.9100354
T,H,19,-0.4168676,-2.0069542,0.0354764,-1.183397,0.0192064,FALSE,-1.156021
T,I,19,-0.6067354,-1.4274635,-0.4853633,-1.183397,0.0150409,FALSE,-0.506683
T,K,19,-0.1607098,-1.6517792,1.3251143,-1.183397,0.0092475,FALSE,-0.7165668
T,L,19,0.5291602,-1.8179855,-0.8538312,-1.183397,0.0138747,FALSE,-0.906288
T,M,19,-0.6116771,-1.6616783,-1.351263,-1.183397,0.0150312,FALSE,-0.7270523
T,N,19,-0.2915663,-1.8386154,-1.3144162,-1.183397,0.0150312,FALSE,-0.9318362
T,P,19,-3.2397284,-1.9052238,-1.9592351,-1.183397,0.0141397,FALSE,-1.0172475
T,Q,19,0.4665909,-1.8661957,-1.2222992,-1.183397,0.0160426,FALSE,-0.9666648
T,R,19,-0.0379087,-1.7593117,2.6147522,-1.183397,0.0217656,FALSE,-0.8360148
T,S,19,0.0609011,-1.751358,-2.0145053,-1.183397,0.013851,FALSE,-0.8267634
T,V,19,-0.3213724,-1.9463043,-0.8354078,-1.183397,0.023695,FALSE,-1.0721016
T,W,19,-1.9457063,-1.8354492,-1.1486056,-1.183397,0.0172,FALSE,-0.9278871
T,Y,19,-0.554088,-1.7336311,-1.7934246,-1.183397,0.0195194,FALSE,-0.8063824
I,A,20,-3.3935541,-1.8102531,-1.2775694,-1.4361147,0.0172,FALSE,-0.896824
I,C,20,-3.2695748,-2.101307,-0.890678,-1.4361147,0.0172,FALSE,-1.2932066
I,D,20,-2.4532689,-1.9275551,2.3015544,-1.4361147,0.0172,FALSE,-1.0468636
I,E,20,-2.6277265,-1.8788872,2.1173204,-1.4361147,0.0172,FALSE,-0.982948
I,F,20,-3.0513665,-2.002304,-1.9408117,-1.4361147,0.0172,FALSE,-1.1494655
I,G,20,-3.6193819,-1.9772453,-1.1117588,-1.4361147,0.0172,FALSE,-1.1144835
I,H,20,-3.3625417,-2.068615,1.7120056,-1.4361147,0.0172,FALSE,-1.2447891
I,K,20,-1.0741628,-1.8821602,3.0016435,-1.4361147,0.0190087,FALSE,-0.9871733
I,L,20,-1.5849143,-1.447506,-1.7934246,-1.4361147,0.0187447,FALSE,-0.5233023
I,M,20,-1.9351238,-1.9532967,-1.2959928,-1.4361147,0.0192961,FALSE,-1.0816002
I,N,20,-2.8854468,-1.8370438,0.362113,-1.4361147,0.0172,FALSE,-0.9298747
I,P,20,-2.6834459,-1.8095741,-0.6880207,-1.4361147,0.0172,FALSE,-0.8959959
I,Q,20,-2.2531617,-2.1708336,0.45423,-1.4361147,0.0172,FALSE,-1.3991452
I,R,20,-3.3329485,-1.7424927,4.2912814,-1.4361147,0.013389,FALSE,-0.8165297
I,S,20,-2.9754121,-2.1903725,-0.3379761,-1.4361147,0.0172,FALSE,-1.4296153
I,T,20,-2.337816,-1.7900391,-0.4853633,-1.4361147,0.0368264,FALSE,-0.8723733
I,V,20,-1.8157711,-1.5508575,-1.811848,-1.4361147,0.0135839,FALSE,-0.6155962
I,W,20,-3.1261801,-1.8797646,-1.4986502,-1.4361147,0.0172,FALSE,-0.9840797
I,Y,20,-2.7568863,-1.7387314,-0.8538312,-1.4361147,0.0160574,FALSE,-0.8122126
C,A,21,-3.3915961,-2.2931824,-1.7750012,-1.4778963,0.016037,FALSE,-1.5946582
C,D,21,-1.3452103,-1.9815369,1.0303399,-1.4778963,0.0172,FALSE,-1.1204332
C,E,21,-3.6564653,-2.081932,0.8461059,-1.4778963,0.0172,FALSE,-1.2644011
C,F,21,-2.6753179,-1.9351311,-1.1117588,-1.4778963,0.0201967,FALSE,-1.0570208
C,G,21,-3.8163131,-2.1159897,-1.9408117,-1.4778963,0.0133325,FALSE,-1.3152476
C,H,21,-3.5950091,-2.055481,0.4407911,-1.4778963,0.0172,FALSE,-1.2255978
C,I,21,-3.767752,-1.9663544,-0.890678,-1.4778963,0.0172,FALSE,-1.0994624
C,K,21,-2.7119209,-1.9118233,1.730429,-1.4778963,0.0172,FALSE,-1.0259493
C,L,21,-3.2268091,-2.2701569,-1.259146,-1.4778963,0.0172,FALSE,-1.5570317
C,M,21,-2.9029015,-2.0224,-1.7565778,-1.4778963,0.0172,FALSE,-1.1779369
C,N,21,-3.3689837,-2.1451416,-0.9091014,-1.4778963,0.0172,FALSE,-1.3595391
C,P,21,-2.9761671,-2.0343323,-1.9592351,-1.4778963,0.0172,FALSE,-1.1950154
C,Q,21,-3.2526601,-1.9542694,-0.8169844,-1.4778963,0.0172,FALSE,-1.0829252
C,R,21,-3.0746826,-2.1486435,3.0200669,-1.4778963,0.0227213,FALSE,-1.3649063
C,S,21,-3.1868617,-2.0374718,-1.6091906,-1.4778963,0.0192444,FALSE,-1.1995301
C,T,21,-3.5976909,-2.1087837,-1.7565778,-1.4778963,0.0172,FALSE,-1.3044077
C,V,21,-2.6819205,-2.275982,-1.2407226,-1.4778963,0.0172,FALSE,-1.5665157
C,W,21,-1.9925419,-2.049614,-1.5539204,-1.4778963,0.0172,FALSE,-1.217074
C,Y,21,-3.052728,-2.0697594,-2.1250457,-1.4778963,0.010201,FALSE,-1.2464684
I,A,22,-2.6851149,-1.9434738,-1.2775694,-1.6417903,0.0172,FALSE,-1.0682699
I,C,22,-2.8760345,-2.0067558,-0.890678,-1.6417903,0.0160445,FALSE,-1.1557409
I,D,22,-1.8035813,-2.151867,2.3015544,-1.6417903,0.0172,FALSE,-1.3698557
I,E,22,-2.9553293,-1.6984901,2.1173204,-1.6417903,0.0172,FALSE,-0.7669556
I,F,22,-3.2031196,-1.8269272,-1.9408117,-1.6417903,0.0172,FALSE,-0.9173083
I,G,22,-3.8188527,-1.7855988,-1.1117588,-1.6417903,0.0172,FALSE,-0.8670588
I,H,22,-2.7765847,-1.9766006,1.7120056,-1.6417903,0.0172,FALSE,-1.1135912
I,K,22,-2.5481107,-1.9456444,3.0016435,-1.6417903,0.0160234,FALSE,-1.0712076
I,L,22,-1.6145876,-2.0903587,-1.7934246,-1.6417903,0.0170802,FALSE,-1.27689
I,M,22,-2.6589134,-1.7807121,-1.2959928,-1.6417903,0.0234955,FALSE,-0.8612335
I,N,22,-2.6167236,-1.8386459,0.362113,-1.6417903,0.0172,FALSE,-0.9318743
I,P,22,-3.9836108,-1.9236794,-0.6880207,-1.6417903,0.0172,FALSE,-1.0416888
I,Q,22,-3.1565729,-1.8826828,0.45423,-1.6417903,0.0172,FALSE,-0.9878489
I,R,22,-3.6094082,-1.9629517,4.2912814,-1.6417903,0.0160445,FALSE,-1.0947922
I,S,22,-2.9604531,-2.043129,-0.3379761,-1.6417903,0.0172,FALSE,-1.2076877
I,T,22,-2.782923,-1.8404617,-0.4853633,-1.6417903,0.0222576,FALSE,-0.9341438
I,V,22,-1.5557338,-1.2653809,-1.811848,-1.6417903,0.0262096,FALSE,-0.3869375
I,W,22,-2.9651933,-1.8000069,-1.4986502,-1.6417903,0.0172,FALSE,-0.8843777
I,Y,22,-1.8087384,-1.8152237,-0.8538312,-1.6417903,0.0172,FALSE,-0.9029007
G,A,23,-3.1364685,-1.8173409,-1.9960819,-1.6531395,0.016038,FALSE,-0.9054967
G,C,23,-2.7141225,-1.9357834,-1.9408117,-1.6531395,0.0172,FALSE,-1.0578979
G,D,23,-2.7088324,-1.9327583,1.2514207,-1.6531395,0.0096416,FALSE,-1.0538336
G,E,23,-3.1935528,-2.1306725,1.0671867,-1.6531395,0.0172,FALSE,-1.3374684
G,F,23,-3.5966431,-2.0247421,-1.3328396,-1.6531395,0.0172,FALSE,-1.1812789
G,H,23,-3.1965599,-1.9470177,0.6618719,-1.6531395,0.0172,FALSE,-1.0730686
G,I,23,-3.5695573,-1.6802635,-1.1117588,-1.6531395,0.0172,FALSE,-0.7470191
G,K,23,-3.1920915,-2.15971,1.9515098,-1.6531395,0.0172,FALSE,-1.3819326
G,L,23,-3.3208798,-1.8934937,-1.4802268,-1.6531395,0.0172,FALSE,-1.0018863
G,M,23,-3.0080712,-2.1488953,-1.9776585,-1.6531395,0.0172,FALSE,-1.3652926
G,N,23,-3.2347999,-1.9473953,-0.6880207,-1.6531395,0.0172,FALSE,-1.0735806
G,P,23,-2.7399628,-2.0985374,-1.7381544,-1.6531395,0.0172,FALSE,-1.2890694
G,Q,23,-3.2356596,-2.1541367,-0.5959037,-1.6531395,0.0172,FALSE,-1.3733455
G,R,23,-3.1746997,-2.0862503,3.2411477,-1.6531395,0.01764,FALSE,-1.2707935
G,S,23,-1.1453487,-1.9797363,-1.3881098,-1.6531395,0.0205751,FALSE,-1.1179348
G,T,23,-3.9266218,-2.227436,-1.535497,-1.6531395,0.0172,FALSE,-1.4882198
G,V,23,-2.6721308,-2.2586784,-1.4618034,-1.6531395,0.0221507,FALSE,-1.5384136
G,W,23,-2.8572147,-1.9335938,-1.7750012,-1.6531395,0.0172,FALSE,-1.0549553
G,Y,23,-3.2787419,-1.6406364,-1.9039649,-1.6531395,0.0172,FALSE,-0.7048882
Y,A,24,-3.0312615,-2.030548,-1.7381544,-1.7384362,0.0172,FALSE,-1.1895851
Y,C,24,-2.2694363,-1.9741898,-2.1250457,-1.7384362,0.0311561,FALSE,-1.110258
Y,D,24,-3.0478936,-1.779026,0.9934931,-1.7384362,0.01764,FALSE,-0.8592293
Y,E,24,-2.7620854,-1.9333115,0.8092591,-1.7384362,0.0172,FALSE,-1.0545762
Y,F,24,-1.1903403,-1.8033829,-1.074912,-1.7384362,0.0307408,FALSE,-0.8884667
Y,G,24,-4.391937,-1.6791878,-1.9039649,-1.7384362,0.0172,FALSE,-0.7458535
Y,H,24,-2.4215162,-2.0130577,0.4039443,-1.7384362,0.0295341,FALSE,-1.1646552
Y,I,24,-2.6352376,-1.9486885,-0.8538312,-1.7384362,0.0172,FALSE,-1.0753351
Y,K,24,-2.28127,-2.0914726,1.6935822,-1.7384362,0.0172,FALSE,-1.2785455
Y,L,24,-3.6342782,-1.8925247,-1.2222992,-1.7384362,0.0172,FALSE,-1.0006234
Y,M,24,-1.9364309,-1.7992249,-1.719731,-1.7384362,0.0172,FALSE,-0.8834323
Y,N,24,-3.338775,-2.0080223,-0.9459482,-1.7384362,0.0180127,FALSE,-1.1575295
Y,P,24,-4.2745129,-1.9256859,-1.9960819,-1.7384362,0.0172,FALSE,-1.044366
Y,Q,24,-1.6540414,-1.9600754,-0.8538312,-1.7384362,0.0160309,FALSE,-1.0908529
Y,R,24,-3.4069972,-1.990509,2.9832201,-1.7384362,0.0172,FALSE,-1.1329271
Y,S,24,-2.4333187,-1.7938232,-1.6460374,-1.7384362,0.0192371,FALSE,-0.8769185
Y,T,24,-0.9362082,-1.9579849,-1.7934246,-1.7384362,0.0121979,FALSE,-1.0879948
Y,V,24,-1.9251243,-1.9129868,-1.2038758,-1.7384362,0.0172,FALSE,-1.0274878
Y,W,24,-1.6911881,-1.6932144,-1.5170736,-1.7384362,0.0160309,FALSE,-0.7611489
H,A,25,-1.2244625,-2.0096092,0.8276825,-1.4526473,0.0192462,FALSE,-1.1597726
H,C,25,-2.1821613,-2.0240402,0.4407911,-1.4526473,0.0172,FALSE,-1.1802768
H,D,25,-2.6872103,-1.8878708,2.0117645,-1.4526473,0.0172,FALSE,-0.9945708
H,E,25,-2.9518561,-1.9739342,1.8275305,-1.4526473,0.0172,FALSE,-1.109905
H,F,25,-3.3956865,-2.0218315,1.4909249,-1.4526473,0.0172,FALSE,-1.1771264
H,G,25,-2.9623052,-1.9931488,0.6618719,-1.4526473,0.0172,FALSE,-1.1366174
H,I,25,-1.7369296,-1.8478584,1.7120056,-1.4526473,0.0160385,FALSE,-0.9434229
H,K,25,-1.3420176,-2.0546074,-0.8722546,-1.4526473,0.0172,FALSE,-1.2243267
H,L,25,-0.6743229,-1.8060837,1.3435377,-1.4526473,0.0154553,FALSE,-0.8917463
H,M,25,-1.8593377,-2.1403923,0.8461059,-1.4526473,0.0172,FALSE,-1.3522758
H,N,25,-2.1885117,-2.0356445,0.0723232,-1.4526473,0.0147,FALSE,-1.1969013
H,P,25,-2.9356856,-1.928791,0.2381338,-1.4526473,0.0136073,FALSE,-1.0485168
H,Q,25,-1.08613,-2.2918358,0.1644402,-1.4526473,0.0219671,FALSE,-1.5924476
H,R,25,-3.0621316,-1.8774567,0.4173832,-1.4526473,0.0278688,FALSE,-0.9811047
H,S,25,-2.0708197,-1.8355141,-0.1119108,-1.4526473,0.0172,FALSE,-0.9279679
H,T,25,-1.5171866,-2.010601,0.0354764,-1.4526473,0.0160041,FALSE,-1.1611758
H,V,25,-1.2786741,-2.294239,1.3619611,-1.4526473,0.0294684,FALSE,-1.5963936
H,W,25,-2.8201107,-2.1831093,1.0487633,-1.4526473,0.0172,FALSE,-1.4182538
H,Y,25,-1.75766,-2.0340233,0.4039443,-1.4526473,0.0235379,FALSE,-1.1945715
A,C,26,-1.7074271,-2.0124245,-1.7750012,-1.505731,0.0172,FALSE,-1.1637579
A,D,26,-3.5901388,-1.6379738,1.4172313,-1.505731,0.0172,FALSE,-0.7021171
A,E,26,-2.4729894,-1.9553795,1.2329973,-1.505731,0.0078148,FALSE,-1.0844385
A,F,26,-3.1385897,-1.7744293,-1.4986502,-1.505731,0.0172,FALSE,-0.8537804
A,G,26,-3.1366623,-1.773674,-1.9960819,-1.505731,0.0160152,FALSE,-0.8528871
A,H,26,-3.2888753,-1.8494186,0.8276825,-1.505731,0.0172,FALSE,-0.9453873
A,I,26,-3.1156339,-1.8034859,-1.2775694,-1.505731,0.0147,FALSE,-0.8885917
A,K,26,-3.3789064,-1.7403374,2.1173204,-1.505731,0.0172,FALSE,-0.8140541
A,L,26,-3.8755443,-1.8029404,-1.6460374,-1.505731,0.0147,FALSE,-0.8879301
A,M,26,-2.5626653,-1.8557243,-2.1434691,-1.505731,0.0172,FALSE,-0.9533513
A,N,26,-1.4875747,-1.5234146,-0.5222101,-1.505731,0.0189962,FALSE,-0.5900019
A,P,26,-3.8396408,-1.959755,-1.5723438,-1.505731,0.014138,FALSE,-1.0904146
A,Q,26,-2.9559723,-1.9585953,-0.4300931,-1.505731,0.0172,FALSE,-1.0888289
A,R,26,-3.8896041,-1.7623901,3.4069583,-1.505731,0.0172,FALSE,-0.8396131
A,S,26,-1.2688943,-1.3396072,-1.2222992,-1.505731,0.0163492,FALSE,-0.4386002
A,T,26,-2.5557674,-1.55476,-1.3696864,-1.505731,0.0142489,FALSE,-0.6193002
A,V,26,-1.0233139,-1.8901024,-1.627614,-1.505731,0.0282186,FALSE,-0.9974704
A,W,26,-2.87793,-1.8951874,-1.9408117,-1.505731,0.0172,FALSE,-1.0040959
A,Y,26,-1.0417235,-1.9456253,-1.7381544,-1.505731,0.0172,FALSE,-1.0711817
N,A,27,-2.8711481,-2.045662,-0.5222101,-1.398619,0.0172,FALSE,-1.2113495
N,C,27,-3.6042055,-1.9224701,-0.9091014,-1.398619,0.0172,FALSE,-1.0400771
N,D,27,-2.4634244,-2.0028954,-0.2224512,-1.398619,0.0377383,FALSE,-1.1502981
N,E,27,-3.5629994,-2.0064697,-0.3329916,-1.398619,0.0160357,FALSE,-1.155337
N,F,27,-2.2848478,-2.0299797,0.1410323,-1.398619,0.0172,FALSE,-1.1887707
N,G,27,-3.5009448,-1.9168243,-0.6880207,-1.398619,0.0160357,FALSE,-1.0325717
N,H,27,-2.4359089,-1.8882141,0.0723232,-1.398619,0.0160357,FALSE,-0.9950166
N,I,27,-2.8286053,-2.3120613,0.362113,-1.398619,0.0172,FALSE,-1.6257807
N,K,27,-2.3417878,-2.0878906,0.4776379,-1.398619,0.0070447,FALSE,-1.2732258
N,L,27,-3.9596892,-1.958313,-0.0063549,-1.398619,0.0172,FALSE,-1.0884431
N,M,27,-3.2400731,-2.1321983,-0.5037867,-1.398619,0.0172,FALSE,-1.3397877
N,P,27,-4.0988514,-2.0991287,-1.1117588,-1.398619,0.0172,FALSE,-1.2899521
N,Q,27,-3.6106181,-1.8887177,-2.0697755,-1.398619,0.0172,FALSE,-0.9956707
N,R,27,-2.5541175,-1.7466698,1.7672758,-1.398619,0.0249,FALSE,-0.8213413
N,S,27,-2.4252135,-1.9838715,-1.4618034,-1.398619,0.0095945,FALSE,-1.123677
N,T,27,-3.338278,-1.8725166,-1.3144162,-1.398619,0.01764,FALSE,-0.9747545
N,V,27,-4.2366369,-2.0216064,0.0120685,-1.398619,0.0172,FALSE,-1.1768055
N,W,27,-3.1857748,-1.9840736,-0.3011293,-1.398619,0.0172,FALSE,-1.123958
N,Y,27,-3.1538972,-1.9463463,-0.9459482,-1.398619,0.0172,FALSE,-1.0721585
N,A,28,-1.400318,-2.0210419,-0.5222101,-1.0032226,0.0172,FALSE,-1.1760012
N,C,28,-3.6962227,-1.9103622,-0.9091014,-1.0032226,0.0172,FALSE,-1.0240191
N,D,28,-1.8222392,-2.047058,-0.2224512,-1.0032226,0.0177692,FALSE,-1.21337
N,E,28,-2.8513782,-2.1394653,-0.3329916,-1.0032226,0.0160358,FALSE,-1.3508603
N,F,28,-3.1576606,-2.2219086,0.1410323,-1.0032226,0.0172,FALSE,-1.4794142
N,G,28,-3.1563954,-2.0774078,-0.6880207,-1.0032226,0.0172,FALSE,-1.2577211
N,H,28,-3.6821505,-2.075531,0.0723232,-1.0032226,0.0150192,FALSE,-1.2549552
N,I,28,-3.6186462,-2.0444603,0.362113,-1.0032226,0.0172,FALSE,-1.2096116
N,K,28,-2.8121487,-2.1535454,0.4776379,-1.0032226,0.0066621,FALSE,-1.372436
N,L,28,-3.855074,-2.0512543,-0.0063549,-1.0032226,0.0172,FALSE,-1.219454
N,M,28,-2.9762461,-1.993515,-0.5037867,-1.0032226,0.0172,FALSE,-1.1371298
N,P,28,-4.0983067,-2.0533066,-1.1117588,-1.0032226,0.0172,FALSE,-1.2224352
N,Q,28,-3.2557811,-1.9326401,-2.0697755,-1.0032226,0.0172,FALSE,-1.053675
N,R,28,-3.8088852,-2.140499,1.7672758,-1.0032226,0.01764,FALSE,-1.3524388
N,S,28,-2.8665299,-2.052082,-1.4618034,-1.0032226,0.0197152,FALSE,-1.2206559
N,T,28,-3.4123664,-1.7762184,-1.3144162,-1.0032226,0.0172,FALSE,-0.8558986
N,V,28,-3.4864366,-2.0311737,0.0120685,-1.0032226,0.0172,FALSE,-1.1904821
N,W,28,-1.6538812,-1.8684578,-0.3011293,-1.0032226,0.0172,FALSE,-0.9695553
N,Y,28,-3.2347878,-1.9811783,-0.9459482,-1.0032226,0.0150192,FALSE,-1.1199354
S,A,29,-1.272092,-2.033516,-1.2222992,-1.3826237,0.0133375,FALSE,-1.1938429
S,C,29,-2.0306771,-2.1598206,-1.6091906,-1.3826237,0.0160388,FALSE,-1.3821032
S,D,29,-3.9521606,-2.0531807,0.4776379,-1.3826237,0.0172,FALSE,-1.2222522
S,E,29,-1.9883912,-1.9759979,0.293404,-1.3826237,0.01764,FALSE,-1.1127574
S,F,29,-3.3238691,-2.0549278,-0.5590569,-1.3826237,0.0172,FALSE,-1.2247928
S,G,29,-2.4990082,-2.0608063,-1.3881098,-1.3826237,0.0170776,FALSE,-1.2333609
S,H,29,-2.4962523,-1.6527557,-0.1119108,-1.3826237,0.0172,FALSE,-0.7175965
S,I,29,-3.5841435,-2.1001701,-0.3379761,-1.3826237,0.0172,FALSE,-1.2915075
S,K,29,-2.1559341,-1.8400955,1.1777271,-1.3826237,0.0172,FALSE,-0.9336858
S,L,29,-3.6534936,-2.050541,-0.7064441,-1.3826237,0.02064,FALSE,-1.2184187
S,M,29,-2.7495877,-1.9621239,-1.2038758,-1.3826237,0.0172,FALSE,-1.0936576
S,N,29,-1.4480127,-1.9257622,-1.4618034,-1.3826237,0.02614,FALSE,-1.0444679
S,P,29,-3.2433666,-2.0127716,-1.811848,-1.3826237,0.0214518,FALSE,-1.1642497
S,Q,29,-2.6931048,-2.0887756,-1.3696864,-1.3826237,0.0172,FALSE,-1.2745391
S,R,29,-3.3530776,-1.9821854,2.467365,-1.3826237,0.0172,FALSE,-1.1213337
S,T,29,-1.543538,-1.9437294,-2.0145053,-1.3826237,0.0151457,FALSE,-1.0686156
S,V,29,-2.8148716,-1.72995,-0.6880207,-1.3826237,0.0160388,FALSE,-0.8021915
S,W,29,-2.5055547,-1.9106789,-1.0012184,-1.3826237,0.0172,FALSE,-1.0244373
S,Y,29,-3.0201902,-1.9489784,-1.6460374,-1.3826237,0.0172,FALSE,-1.0757287
T,A,30,-3.1849881,-1.980629,-1.3696864,-1.0666573,0.0214396,FALSE,-1.1191731
T,C,30,-3.3201153,-2.0095177,-1.7565778,-1.0666573,0.0172,FALSE,-1.1596432
T,D,30,-3.2614177,-1.8282738,0.6250251,-1.0666573,0.0172,FALSE,-0.9189749
T,E,30,-2.8340784,-1.9040413,0.4407911,-1.0666573,0.0172,FALSE,-1.0156928
T,F,30,-3.1881869,-1.9398537,-0.7064441,-1.0666573,0.0172,FALSE,-1.0633804
T,G,30,-3.0128625,-2.0727196,-1.535497,-1.0666573,0.0172,FALSE,-1.2508176
T,H,30,-2.0272716,-2.0806465,0.0354764,-1.0666573,0.0172,FALSE,-1.2625012
T,I,30,-3.0156193,-2.0621643,-0.4853633,-1.0666573,0.0199888,FALSE,-1.2353445
T,K,30,-3.0719598,-2.0315094,1.3251143,-1.0666573,0.0172,FALSE,-1.1909634
T,L,30,-3.62812,-1.9935989,-0.8538312,-1.0666573,0.0172,FALSE,-1.1372472
T,M,30,-2.5632429,-2.085949,-1.351263,-1.0666573,0.0172,FALSE,-1.270347
T,N,30,-1.2449333,-1.9868164,-1.3144162,-1.0666573,0.0090988,FALSE,-1.127776
T,P,30,-2.3927208,-1.8347588,-1.9592351,-1.0666573,0.0126483,FALSE,-0.9270273
T,Q,30,-3.1336795,-1.8868675,-1.2222992,-1.0666573,0.0172,FALSE,-0.9932688
T,R,30,-3.6831546,-2.0023575,2.6147522,-1.0666573,0.0172,FALSE,-1.1495408
T,S,30,-1.604528,-1.8649025,-2.0145053,-1.0666573,0.0120125,FALSE,-0.9650147
T,V,30,-3.613043,-1.9697227,-0.8354078,-1.0666573,0.0172,FALSE,-1.1040962
T,W,30,-1.0962938,-2.0060883,-1.1486056,-1.0666573,0.0160452,FALSE,-1.1547988
T,Y,30,-3.4442954,-2.0598145,-1.7934246,-1.0666573,0.0172,FALSE,-1.2319132
D,A,31,-2.380882,-1.7986107,1.4172313,-1.4024181,0.0172,FALSE,-0.8826901
D,C,31,-3.2072513,-1.6715546,1.0303399,-1.4024181,0.0172,FALSE,-0.7376173
D,E,31,-1.3468384,-1.4067307,-1.9776585,-1.4024181,0.0095659,FALSE,-0.4899209
D,F,31,-2.7940338,-1.7633209,2.0804736,-1.4024181,0.0172,FALSE,-0.840703
D,G,31,-2.897822,-1.6614685,1.2514207,-1.4024181,0.020456,FALSE,-0.726829
D,H,31,-1.89284,-1.6935501,2.0117645,-1.4024181,0.0180535,FALSE,-0.7615175
D,I,31,-2.7878379,-1.7781143,2.3015544,-1.4024181,0.0172,FALSE,-0.8581469
D,K,31,-2.3693254,-1.811245,2.1223049,-1.4024181,0.0150446,FALSE,-0.8980346
D,L,31,-3.2769719,-1.6512909,1.9330864,-1.4024181,0.0172,FALSE,-0.7160522
D,M,31,-2.9250341,-1.6989708,1.4356547,-1.4024181,0.0172,FALSE,-0.7674862
D,N,31,-2.2818523,-1.7769318,-0.2224512,-1.4024181,0.0157116,FALSE,-0.8567441
D,P,31,-3.8526469,-1.7765884,0.8276825,-1.4024181,0.0160502,FALSE,-0.8563371
D,Q,31,-1.0581175,-1.6903458,-0.3145682,-1.4024181,0.0172,FALSE,-0.7580039
D,R,31,-3.5501586,-1.6511192,3.4119428,-1.4024181,0.0172,FALSE,-0.7158714
D,S,31,-3.7375681,-1.7905884,0.4776379,-1.4024181,0.0172,FALSE,-0.8730322
D,T,31,-1.0903811,-1.753315,0.6250251,-1.4024181,0.0160502,FALSE,-0.8290336
D,V,31,-1.5848383,-1.871273,1.9515098,-1.4024181,0.0160502,FALSE,-0.9731597
D,W,31,-2.5630072,-1.8446541,1.638312,-1.4024181,0.0172,FALSE,-0.9393964
D,Y,31,-2.1581716,-1.907856,0.9934931,-1.4024181,0.0115245,FALSE,-1.0207131
T,A,32,-2.3341963,-1.9286003,-1.3696864,-1.3680617,0.0175685,FALSE,-1.0482616
T,C,32,-2.4152659,-1.9075394,-1.7565778,-1.3680617,0.0172,FALSE,-1.0202959
T,D,32,-3.0582142,-1.9612007,0.6250251,-1.3680617,0.0172,FALSE,-1.0923932
T,E,32,-0.4383536,-2.0714493,0.4407911,-1.3680617,0.0160627,FALSE,-1.2489503
T,F,32,-3.1768576,-1.8677635,-0.7064441,-1.3680617,0.0172,FALSE,-0.9686676
T,G,32,-2.5881567,-1.913929,-1.535497,-1.3680617,0.0172,FALSE,-1.0287347
T,H,32,-2.8382021,-1.8434563,0.0354764,-1.3680617,0.0160627,FALSE,-0.9378938
T,I,32,-2.1515373,-1.5797768,-0.4853633,-1.3680617,0.0162159,FALSE,-0.6434266
T,K,32,-2.8727891,-1.8067894,1.3251143,-1.3680617,0.0160627,FALSE,-0.8926045
T,L,32,-1.3595131,-1.8505592,-0.8538312,-1.3680617,0.0134038,FALSE,-0.9468249
T,M,32,-1.5076958,-1.8986778,-1.351263,-1.3680617,0.0160627,FALSE,-1.0086585
T,N,32,-2.2064173,-1.8908653,-1.3144162,-1.3680617,0.0066742,FALSE,-0.9984628
T,P,32,-2.8496051,-1.9935799,-1.9592351,-1.3680617,0.0172,FALSE,-1.1372206
T,Q,32,-2.2357731,-1.7933693,-1.2222992,-1.3680617,0.0147,FALSE,-0.8763725
T,R,32,-1.2863112,-1.8281403,2.6147522,-1.3680617,0.0147,FALSE,-0.9188096
T,S,32,-1.873223,-1.9124794,-2.0145053,-1.3680617,0.0225709,FALSE,-1.0268167
T,V,32,-1.8368755,-1.5615234,-0.8354078,-1.3680617,0.0160627,FALSE,-0.6257577
T,W,32,-2.5483372,-1.933857,-1.1486056,-1.3680617,0.0172,FALSE,-1.0553087
T,Y,32,-3.3918433,-1.8926773,-1.7934246,-1.3680617,0.0172,FALSE,-1.0008222
V,A,33,-2.6633636,-1.9541855,-1.627614,-1.7589668,0.0286137,FALSE,-1.0828109
V,C,33,-2.7511717,-1.7450676,-1.2407226,-1.7589668,0.0160851,FALSE,-0.8194936
V,D,33,-1.5432524,-1.8310432,1.9515098,-1.7589668,0.0160851,FALSE,-0.9224084
V,E,33,-3.108875,-1.8990593,1.7672758,-1.7589668,0.0172,FALSE,-1.0091579
V,F,33,-2.7796188,-2.0132713,-2.0329287,-1.7589668,0.0190832,FALSE,-1.164958
V,G,33,-3.0276207,-1.7929688,-1.4618034,-1.7589668,0.0160851,FALSE,-0.875891
V,H,33,-3.4067769,-2.0106163,1.3619611,-1.7589668,0.0172,FALSE,-1.1611974
V,I,33,-1.3554871,-1.300209,-1.811848,-1.7589668,0.0122322,FALSE,-0.4105275
V,K,33,-1.9614859,-1.796814,2.6515989,-1.7589668,0.0172,FALSE,-0.8805213
V,L,33,-1.7506178,-1.799099,-2.1434691,-1.7589668,0.0172,FALSE,-0.8832801
V,M,33,-2.9158346,-1.828701,-1.6460374,-1.7589668,0.0172,FALSE,-0.9195041
V,N,33,-3.5908373,-1.7891922,0.0120685,-1.7589668,0.0172,FALSE,-0.8713581
V,P,33,-4.0731609,-1.888298,-1.0380652,-1.7589668,0.0172,FALSE,-0.9951255
V,Q,33,-2.9647049,-1.621048,0.1041855,-1.7589668,0.0172,FALSE,-0.6846773
V,R,33,-3.6820141,-1.8360329,3.9412368,-1.7589668,0.0172,FALSE,-0.9286143
V,S,33,-2.6132895,-1.8967171,-0.6880207,-1.7589668,0.0172,FALSE,-1.006094
V,T,33,-3.5554554,-1.6807175,-0.8354078,-1.7589668,0.0172,FALSE,-0.7475114
V,W,33,-3.1823583,-1.8955994,-1.8486948,-1.7589668,0.0172,FALSE,-1.0046339
V,Y,33,-3.1973141,-1.7944946,-1.2038758,-1.7589668,0.0172,FALSE,-0.8777265
D,A,34,-3.2304767,-2.0018806,1.4172313,-1.5868671,0.0172,FALSE,-1.1488696
D,C,34,-3.3244284,-1.9920158,1.0303399,-1.5868671,0.0172,FALSE,-1.1350327
D,E,34,-2.1625228,-1.983551,-1.9776585,-1.5868671,0.0077926,FALSE,-1.1232314
D,F,34,-2.6328949,-1.8969498,2.0804736,-1.5868671,0.0172,FALSE,-1.0063982
D,G,34,-2.3630705,-1.8555756,1.2514207,-1.5868671,0.013288,FALSE,-0.953163
D,H,34,-2.9939861,-1.7880898,2.0117645,-1.5868671,0.0142971,FALSE,-0.8700377
D,I,34,-3.4142505,-1.7641487,2.3015544,-1.5868671,0.0172,FALSE,-0.8416731
D,K,34,-3.5120889,-1.9091644,2.1223049,-1.5868671,0.0172,FALSE,-1.0224383
D,L,34,-3.2689204,-2.1378174,1.9330864,-1.5868671,0.0172,FALSE,-1.3483456
D,M,34,-2.468218,-1.7316589,1.4356547,-1.5868671,0.0172,FALSE,-0.8041353
D,N,34,-2.1204849,-1.6493416,-0.2224512,-1.5868671,0.0189499,FALSE,-0.7140007
D,P,34,-2.6756245,-2.058525,0.8276825,-1.5868671,0.0172,FALSE,-1.2300322
D,Q,34,-3.1908878,-1.84095,-0.3145682,-1.5868671,0.0172,FALSE,-0.9347546
D,R,34,-3.315145,-2.003086,3.4119428,-1.5868671,0.0172,FALSE,-1.1505665
D,S,34,-3.5606669,-1.7987518,0.4776379,-1.5868671,0.0172,FALSE,-0.8828606
D,T,34,-2.6911249,-1.9105949,0.6250251,-1.5868671,0.0147,FALSE,-1.0243263
D,V,34,-2.4929662,-1.7126007,1.9515098,-1.5868671,0.02408,FALSE,-0.7826309
D,W,34,-2.8788111,-1.8497391,1.638312,-1.5868671,0.0172,FALSE,-0.9457911
D,Y,34,-2.2555006,-1.7572327,0.9934931,-1.5868671,0.0172,FALSE,-0.8335902
T,A,35,-2.8670257,-1.9233665,-1.3696864,-1.8328314,0.0170848,FALSE,-1.0412716
T,C,35,-3.2239856,-1.9571571,-1.7565778,-1.8328314,0.0172,FALSE,-1.0868642
T,D,35,-3.2482304,-1.7304573,0.6250251,-1.8328314,0.0172,FALSE,-0.8027682
T,E,35,-3.3565581,-1.9800987,0.4407911,-1.8328314,0.0172,FALSE,-1.1184374
T,F,35,-3.2732377,-1.738575,-0.7064441,-1.8328314,0.0172,FALSE,-0.8120335
T,G,35,-3.6456371,-1.7356071,-1.535497,-1.8328314,0.0172,FALSE,-0.808638
T,H,35,-2.8120961,-1.9454994,0.0354764,-1.8328314,0.0172,FALSE,-1.0710112
T,I,35,-2.7402027,-1.9847031,-0.4853633,-1.8328314,0.0133148,FALSE,-1.1248337
T,K,35,-2.515968,-1.9231339,1.3251143,-1.8328314,0.0093809,FALSE,-1.0409616
T,L,35,-3.549856,-1.7604599,-0.8538312,-1.8328314,0.0172,FALSE,-0.8373557
T,M,35,-2.8310966,-1.7764435,-1.351263,-1.8328314,0.0172,FALSE,-0.8561653
T,N,35,-2.5158954,-1.960434,-1.3144162,-1.8328314,0.0172,FALSE,-1.0913436
T,P,35,-3.5176429,-1.9789009,-1.9592351,-1.8328314,0.0219,FALSE,-1.1167767
T,Q,35,-2.6893235,-1.9056511,-1.2222992,-1.8328314,0.0172,FALSE,-1.0178097
T,R,35,-3.4688372,-1.8317757,2.6147522,-1.8328314,0.0160718,FALSE,-0.9233179
T,S,35,-1.7468812,-1.7149506,-2.0145053,-1.8328314,0.0172,FALSE,-0.7852618
T,V,35,-3.4948988,-2.123806,-0.8354078,-1.8328314,0.0172,FALSE,-1.3270545
T,W,35,-3.3788698,-1.5994492,-1.1486056,-1.8328314,0.0172,FALSE,-0.662864
T,Y,35,-3.079439,-1.9666748,-1.7934246,-1.8328314,0.0172,FALSE,-1.0999027
I,A,36,-2.0375628,-0.9041405,-1.2775694,-1.91358,0.0172,FALSE,-0.2025003
I,C,36,-2.1023406,-0.7517548,-0.890678,-1.91358,0.0172,FALSE,-0.1518445
I,D,36,-3.285712,-0.9818001,2.3015544,-1.91358,0.0172,FALSE,-0.2338123
I,E,36,-3.1737376,-0.7408142,2.1173204,-1.91358,0.0172,FALSE,-0.1486995
I,F,36,-2.047526,-0.7887573,-1.9408117,-1.91358,0.0172,FALSE,-0.1629427
I,G,36,-3.0264612,-0.6686859,-1.1117588,-1.91358,0.02064,FALSE,-0.1294348
I,H,36,-3.2682026,-1.0008392,1.7120056,-1.91358,0.0172,FALSE,-0.2421185
I,K,36,-2.5341243,-0.9289169,3.0016435,-1.91358,0.02058,FALSE,-0.2120551
I,L,36,-1.4819401,-0.5147438,-1.7934246,-1.91358,0.0171975,FALSE,-0.0958805
I,M,36,-0.8915861,-0.599556,-1.2959928,-1.91358,0.0201078,FALSE,-0.1131866
I,N,36,-3.1028339,-0.7187118,0.362113,-1.91358,0.0172,FALSE,-0.1425297
I,P,36,-2.1710233,-0.7352371,-0.6880207,-1.91358,0.0170959,FALSE,-0.1471197
I,Q,36,-2.5454351,-0.685566,0.45423,-1.91358,0.0172,FALSE,-0.1337222
I,R,36,-3.1707711,-0.8083839,4.2912814,-1.91358,0.02058,FALSE,-0.1691282
I,S,36,-2.9627919,-0.7641945,-0.3379761,-1.91358,0.0172,FALSE,-0.1554951
I,T,36,-1.3676863,-0.5517578,-0.4853633,-1.91358,0.0189375,FALSE,-0.1030994
I,V,36,-2.2768886,1.0537415,-1.811848,-1.91358,0.0278285,FALSE,-0.0039665
I,W,36,-2.8743123,-0.6712227,-1.4986502,-1.91358,0.0172,FALSE,-0.1300708
I,Y,36,-2.0345206,-0.7710686,-0.8538312,-1.91358,0.0172,FALSE,-0.1575471
L,A,37,-1.37375,-1.8295403,-1.6460374,-1.8552775,0.0160887,FALSE,-0.9205442
L,C,37,-0.5724295,-1.9317894,-1.259146,-1.8552775,0.0172,FALSE,-1.0525337
L,D,37,-0.1835333,-1.6072235,1.9330864,-1.8552775,0.0172,FALSE,-0.6706585
L,E,37,-1.4068114,-1.9024086,1.7488524,-1.8552775,0.0172,FALSE,-1.0135485
L,F,37,-0.8232084,-1.7505074,-2.0145053,-1.8552775,0.0194844,FALSE,-0.825778
L,G,37,-2.2698172,-1.6440773,-1.4802268,-1.8552775,0.0160887,FALSE,-0.7084805
L,H,37,-2.5556837,-1.6590424,1.3435377,-1.8552775,0.0160062,FALSE,-0.7242501
L,I,37,-0.924007,-1.7295609,-1.7934246,-1.8552775,0.0157474,FALSE,-0.8017493
L,K,37,-1.4370243,-1.6546631,2.6331756,-1.8552775,0.0172,FALSE,-0.7196108
L,M,37,-1.308413,-1.3286934,-1.6644608,-1.8552775,0.0160887,FALSE,-0.4306742
L,N,37,-1.6053025,-1.5201187,-0.0063549,-1.8552775,0.0195325,FALSE,-0.5869812
L,P,37,-1.9986884,-1.6997147,-1.0564886,-1.8552775,0.0275864,FALSE,-0.7683077
L,Q,37,-0.2705357,-1.6032982,0.0857621,-1.8552775,0.0199468,FALSE,-0.666715
L,R,37,0.4411651,-1.6496582,3.9228134,-1.8552775,0.0128244,FALSE,-0.7143336
L,S,37,1.0190943,-1.7056465,-0.7064441,-1.8552775,0.0159428,FALSE,-0.7748793
L,T,37,0.6622696,-1.7404633,-0.8538312,-1.8552775,0.0198851,FALSE,-0.8141986
L,V,37,-2.6266744,-1.5370483,-2.1434691,-1.8552775,0.0151123,FALSE,-0.6026182
L,W,37,-1.4665065,-1.8131485,-1.8671182,-1.8552775,0.0172,FALSE,-0.9003606
L,Y,37,-0.844842,-1.7386475,-1.2222992,-1.8552775,0.0172,FALSE,-0.8121165
E,A,38,-0.9406792,-1.7598953,1.2329973,-1.5284919,0.0175273,FALSE,-0.8366962
E,C,38,-3.2381058,-1.8836937,0.8461059,-1.5284919,0.0172,FALSE,-0.9891566
E,D,38,-2.0620593,-1.8942337,-1.9776585,-1.5284919,0.0148577,FALSE,-1.0028514
E,F,38,-2.6271305,-1.9014664,1.8962396,-1.5284919,0.0172,FALSE,-1.0123123
E,G,38,-2.3509151,-1.846695,1.0671867,-1.5284919,0.0170799,FALSE,-0.9419598
E,H,38,-2.4325136,-2.132763,1.8275305,-1.5284919,0.0161959,FALSE,-1.3406466
E,I,38,-2.8960159,-2.0309067,2.1173204,-1.5284919,0.0172,FALSE,-1.1900993
E,K,38,-2.4456407,-1.6981926,2.3065389,-1.5284919,0.0146752,FALSE,-0.7666274
E,L,38,-3.7344755,-1.7989502,1.7488524,-1.5284919,0.0172,FALSE,-0.8831003
E,M,38,-2.6900583,-1.9194565,1.2514207,-1.5284919,0.0172,FALSE,-1.036067
E,N,38,-1.993912,-2.1141129,-0.3329916,-1.5284919,0.0249,FALSE,-1.3124201
E,P,38,-3.9682022,-2.0676765,0.6434485,-1.5284919,0.0172,FALSE,-1.2434128
E,Q,38,-0.760539,-1.9928703,-0.2408746,-1.5284919,0.0122441,FALSE,-1.1362277
E,R,38,-2.1670104,-1.9547539,3.5961768,-1.5284919,0.0172,FALSE,-1.0835856
E,S,38,-1.6495046,-2.081955,0.293404,-1.5284919,0.0161959,FALSE,-1.2644351
E,T,38,-2.6942202,-2.1480904,0.4407911,-1.5284919,0.0172,FALSE,-1.364058
E,V,38,-2.7494121,-1.9756584,1.7672758,-1.5284919,0.0153025,FALSE,-1.1122879
E,W,38,-1.8679476,-2.1825752,1.4540781,-1.5284919,0.0172,FALSE,-1.41742
E,Y,38,-2.8221127,-1.9146996,0.8092591,-1.5284919,0.0172,FALSE,-1.0297551
K,A,39,-2.2828896,-1.9791641,2.1173204,-1.4741563,0.0172,FALSE,-1.1171415
K,C,39,-2.3079415,-1.9360619,1.730429,-1.4741563,0.0172,FALSE,-1.0582726
K,D,39,-2.790467,-1.8681526,2.1223049,-1.4741563,0.0172,FALSE,-0.9691651
K,E,39,-1.9914068,-1.7506485,2.3065389,-1.4741563,0.0133751,FALSE,-0.8259414
K,F,39,-2.9414019,-1.9587135,2.7805627,-1.4741563,0.0172,FALSE,-1.0889905
K,G,39,-1.3860026,-1.794281,1.9515098,-1.4741563,0.0172,FALSE,-0.8774694
K,H,39,-2.3010244,-1.9944687,-0.8722546,-1.4741563,0.0172,FALSE,-1.1384649
K,I,39,-2.9935055,-2.0245628,3.0016435,-1.4741563,0.0172,FALSE,-1.1810229
K,L,39,-3.3324729,-1.7762299,2.6331756,-1.4741563,0.0162829,FALSE,-0.8559122
K,M,39,-1.8105901,-1.7952385,2.1357438,-1.4741563,0.0174255,FALSE,-0.8786223
K,N,39,-2.0320302,-1.7580986,0.4776379,-1.4741563,0.0158627,FALSE,-0.8345995
K,P,39,-2.60248,-2.0515175,1.5277716,-1.4741563,0.0172,FALSE,-1.2198361
K,Q,39,-2.9305775,-1.6246147,0.385521,-1.4741563,0.0172,FALSE,-0.688327
K,R,39,-0.1057435,-1.4385071,-0.8722546,-1.4741563,0.0191633,FALSE,-0.5157896
K,S,39,-3.141403,-2.0109215,1.1777271,-1.4741563,0.0172,FALSE,-1.1616294
K,T,39,-1.590593,-2.0249329,1.3251143,-1.4741563,0.0147139,FALSE,-1.1815514
K,V,39,-2.9139796,-2.0522194,2.6515989,-1.4741563,0.0172,FALSE,-1.2208555
K,W,39,-2.4934671,-1.8856316,2.3384012,-1.4741563,0.0172,FALSE,-0.9916663
K,Y,39,-2.6219889,-1.9039268,1.6935822,-1.4741563,0.0172,FALSE,-1.0155424
N,A,40,-2.4185245,-1.9515038,-0.5222101,-1.2827982,0.0172,FALSE,-1.0791603
N,C,40,-3.0147397,-2.0319252,-0.9091014,-1.2827982,0.0172,FALSE,-1.1915598
N,D,40,-2.3994888,-1.9455223,-0.2224512,-1.2827982,0.0184913,FALSE,-1.0710422
N,E,40,-1.9060933,-2.0250359,-0.3329916,-1.2827982,0.0172,FALSE,-1.1816985
N,F,40,-3.0091318,-1.9032211,0.1410323,-1.2827982,0.0172,FALSE,-1.0146153
N,G,40,-2.0262349,-1.8948364,-0.6880207,-1.2827982,0.0183695,FALSE,-1.0036378
N,H,40,-2.4047322,-2.156227,0.0723232,-1.2827982,0.0145099,FALSE,-1.3765632
N,I,40,-3.3731303,-1.9123535,0.362113,-1.2827982,0.0161989,FALSE,-1.0266502
N,K,40,-1.6807824,-1.8281822,0.4776379,-1.2827982,0.011549,FALSE,-0.9188615
N,L,40,-3.7054774,-2.1809158,-0.0063549,-1.2827982,0.0172,FALSE,-1.4148307
N,M,40,-2.5609604,-2.0549583,-0.5037867,-1.2827982,0.0172,FALSE,-1.2248372
N,P,40,-3.2696141,-1.9925957,-1.1117588,-1.2827982,0.0172,FALSE,-1.1358436
N,Q,40,-2.3142493,-2.082737,-2.0697755,-1.2827982,0.0153079,FALSE,-1.2655915
N,R,40,-2.4746586,-2.1270142,1.7672758,-1.2827982,0.0172,FALSE,-1.3319153
N,S,40,-2.0804349,-2.168171,-1.4618034,-1.2827982,0.0251518,FALSE,-1.3950162
N,T,40,-2.832439,-2.0230484,-1.3144162,-1.2827982,0.018702,FALSE,-1.1788616
N,V,40,-3.0299503,-1.8331413,0.0120685,-1.2827982,0.0161989,FALSE,-0.9250149
N,W,40,-2.8136917,-2.2336807,-0.3011293,-1.2827982,0.0172,FALSE,-1.4981954
N,Y,40,-2.5613386,-2.0295334,-0.9459482,-1.2827982,0.0172,FALSE,-1.1881314
V,A,41,-2.4095528,-1.9599953,-1.627614,-1.6687977,0.0216055,FALSE,-1.0907433
V,C,41,-2.2339394,-1.9710007,-1.2407226,-1.6687977,0.0172,FALSE,-1.1058571
V,D,41,-2.9900678,-1.9746628,1.9515098,-1.6687977,0.0172,FALSE,-1.1109116
V,E,41,-2.3974172,-1.7821426,1.7672758,-1.6687977,0.0172,FALSE,-0.8629362
V,F,41,-2.7660096,-2.0199432,-2.0329287,-1.6687977,0.0172,FALSE,-1.1744364
V,G,41,-2.3538559,-1.9470558,-1.4618034,-1.6687977,0.0190898,FALSE,-1.0731202
V,H,41,-2.8768337,-2.1142654,1.3619611,-1.6687977,0.0172,FALSE,-1.3126498
V,I,41,-1.1583312,-1.690506,-1.811848,-1.6687977,0.0147,FALSE,-0.7581793
V,K,41,-2.8666643,-1.7373734,2.6515989,-1.6687977,0.0172,FALSE,-0.8106576
V,L,41,-2.3381937,-1.6230049,-2.1434691,-1.6687977,0.0172,FALSE,-0.686678
V,M,41,-2.08883,-1.8896599,-1.6460374,-1.6687977,0.0151337,FALSE,-0.9968951
V,N,41,-2.0719988,-1.7724915,0.0120685,-1.6687977,0.0172,FALSE,-0.8514899
V,P,41,-3.2317783,-1.8873444,-1.0380652,-1.6687977,0.0172,FALSE,-0.9938876
V,Q,41,-2.3459365,-1.9318161,0.1041855,-1.6687977,0.0172,FALSE,-1.0525695
V,R,41,-3.313995,-1.8062973,3.9412368,-1.6687977,0.0172,FALSE,-0.892006
V,S,41,-3.6854984,-1.9036942,-0.6880207,-1.6687977,0.0172,FALSE,-1.0152368
V,T,41,-2.891181,-1.8194656,-0.8354078,-1.6687977,0.0172,FALSE,-0.9081065
V,W,41,-2.1404181,-2.1557274,-1.8486948,-1.6687977,0.0172,FALSE,-1.3757939
V,Y,41,-2.965791,-2.0180397,-1.2038758,-1.6687977,0.0172,FALSE,-1.1717281
A,C,42,0.0745845,-0.4778671,-1.7750012,-1.345107,0.0172,FALSE,-0.089169
A,D,42,-1.3488379,-0.4555626,1.4172313,-1.345107,0.0172,FALSE,-0.0853301
A,E,42,-1.2424647,-0.2041321,1.2329973,-1.345107,0.0191689,FALSE,-0.0517027
A,F,42,-0.3424074,-0.3551407,-1.4986502,-1.345107,0.0172,FALSE,-0.0699254
A,G,42,-0.9871315,-0.3948288,-1.9960819,-1.345107,0.015506,FALSE,-0.0756634
A,H,42,-1.1743804,-0.4196129,0.8276825,-1.345107,0.0172,FALSE,-0.0794738
A,I,42,-0.6360133,-0.4113426,-1.2775694,-1.345107,0.015506,FALSE,-0.0781823
A,K,42,-0.1651169,-0.2913399,2.1173204,-1.345107,0.0172,FALSE,-0.0615718
A,L,42,-1.7741263,-0.4016724,-1.6460374,-1.345107,0.0172,FALSE,-0.0766977
A,M,42,-1.1660645,-0.4622421,-2.1434691,-1.345107,0.0172,FALSE,-0.0864628
A,N,42,-2.1080201,-0.3442879,-0.5222101,-1.345107,0.0172,FALSE,-0.068431
A,P,42,0.2313215,-0.4487724,-1.5723438,-1.345107,0.0142697,FALSE,-0.0841931
A,Q,42,-1.3743634,-0.5552483,-0.4300931,-1.345107,0.0172,FALSE,-0.1038062
A,R,42,-0.7234103,-0.5708046,3.4069583,-1.345107,0.0172,FALSE,-0.1070124
A,S,42,-1.3379265,-0.3782654,-1.2222992,-1.345107,0.0172,FALSE,-0.0732156
A,T,42,-0.8771355,1.3494873,-1.3696864,-1.345107,0.0164515,FALSE,-0.0021586
A,V,42,0.0741567,-0.3047104,-1.627614,-1.345107,0.0311696,FALSE,-0.0632382
A,W,42,-0.862783,-0.3271446,-1.9408117,-1.345107,0.0172,FALSE,-0.066133
A,Y,42,-1.2056012,-0.3244591,-1.7381544,-1.345107,0.0172,FALSE,-0.0657798
V,A,43,-1.1946971,-1.8889465,-1.627614,-1.7130194,0.0184297,FALSE,-0.9959679
V,C,43,-1.7528119,-1.9968452,-1.2407226,-1.7130194,0.0172,FALSE,-1.1417955
V,D,43,-1.826115,-1.895031,1.9515098,-1.7130194,0.0172,FALSE,-1.0038918
V,E,43,-1.6329465,-1.870533,1.7672758,-1.7130194,0.02064,FALSE,-0.9722115
V,F,43,-1.9480272,-1.7524643,-2.0329287,-1.7130194,0.0172,FALSE,-0.8280463
V,G,43,-2.0466679,-2.1079216,-1.4618034,-1.7130194,0.02064,FALSE,-1.3031137
V,H,43,-1.2445116,-2.1835594,1.3619611,-1.7130194,0.0172,FALSE,-1.4189567
V,I,43,-1.1868992,-1.8940392,-1.811848,-1.7130194,0.0172,FALSE,-1.0025976
V,K,43,-1.6241282,-2.105938,2.6515989,-1.7130194,0.0172,FALSE,-1.3001389
V,L,43,-2.9585271,-2.082859,-2.1434691,-1.7130194,0.0192099,FALSE,-1.265772
V,M,43,-1.4343933,-1.963829,-1.6460374,-1.7130194,0.0174334,FALSE,-1.0959952
V,N,43,-1.6119128,-2.0047684,0.0120685,-1.7130194,0.0172,FALSE,-1.1529371
V,P,43,-1.8659194,-2.1033783,-1.0380652,-1.7130194,0.0172,FALSE,-1.296305
V,Q,43,-1.6642526,-1.8138237,0.1041855,-1.7130194,0.0172,FALSE,-0.9011866
V,R,43,-2.4087073,-2.0248756,3.9412368,-1.7130194,0.0172,FALSE,-1.1814696
V,S,43,-2.1529815,-1.9189873,-0.6880207,-1.7130194,0.0172,FALSE,-1.0354435
V,T,43,-2.0444993,-1.8718834,-0.8354078,-1.7130194,0.0172,FALSE,-0.9739423
V,W,43,-1.7045698,-1.9774895,-1.8486948,-1.7130194,0.0172,FALSE,-1.1148216
V,Y,43,-1.6918476,-2.0462112,-1.2038758,-1.7130194,0.0172,FALSE,-1.2121442
T,A,44,-2.7866632,-1.8671379,-1.3696864,-1.6629717,0.0339495,FALSE,-0.9678682
T,C,44,-3.4926164,-1.9687881,-1.7565778,-1.6629717,0.0172,FALSE,-1.1028094
T,D,44,-2.4157418,-1.8910904,0.6250251,-1.6629717,0.0172,FALSE,-0.9987557
T,E,44,-2.8449139,-1.8489037,0.4407911,-1.6629717,0.0172,FALSE,-0.9447387
T,F,44,-2.2826193,-1.8889809,-0.7064441,-1.6629717,0.0172,FALSE,-0.9960126
T,G,44,-3.3000136,-1.8410606,-1.535497,-1.6629717,0.0172,FALSE,-0.934893
T,H,44,-2.9955103,-1.7157516,0.0354764,-1.6629717,0.0172,FALSE,-0.7861599
T,I,44,-2.6254547,-1.8748779,-0.4853633,-1.6629717,0.0244324,FALSE,-0.9777868
T,K,44,-2.2398289,-1.9423103,1.3251143,-1.6629717,0.0172578,FALSE,-1.0666971
T,L,44,-2.8659852,-1.990345,-0.8538312,-1.6629717,0.0172,FALSE,-1.1326981
T,M,44,-2.7654219,-1.9559784,-1.351263,-1.6629717,0.0172,FALSE,-1.0852554
T,N,44,-2.7698329,-1.873249,-1.3144162,-1.6629717,0.0172,FALSE,-0.9756944
T,P,44,-4.2181988,-2.0116196,-1.9592351,-1.6629717,0.0172,FALSE,-1.1626177
T,Q,44,-2.9302714,-1.8320656,-1.2222992,-1.6629717,0.0172,FALSE,-0.923678
T,R,44,-3.4451891,-1.8269272,2.6147522,-1.6629717,0.0172,FALSE,-0.9173083
T,S,44,-2.6957447,-1.8256073,-2.0145053,-1.6629717,0.0154049,FALSE,-0.9156764
T,V,44,-2.3992907,-1.8244896,-0.8354078,-1.6629717,0.0172,FALSE,-0.9142959
T,W,44,-2.56136,-2.0537071,-1.1486056,-1.6629717,0.0172,FALSE,-1.2230174
T,Y,44,-2.9743552,-1.8623734,-1.7934246,-1.6629717,0.0172,FALSE,-0.9617924
H,A,45,-1.7232748,-2.0656548,0.8276825,-1.465735,0.02032,FALSE,-1.2404505
H,C,45,-2.8708796,-2.0707817,0.4407911,-1.465735,0.0172,FALSE,-1.2479695
H,D,45,-1.7992415,-1.8590317,2.0117645,-1.465735,0.0213063,FALSE,-0.9575445
H,E,45,-2.5444701,-1.8645859,1.8275305,-1.465735,0.0172,FALSE,-0.964611
H,F,45,-1.5892759,-1.9928284,1.4909249,-1.465735,0.0172,FALSE,-1.1361691
H,G,45,-2.5897277,-2.0284767,0.6618719,-1.465735,0.0174713,FALSE,-1.1866183
H,I,45,-3.4104602,-2.0350647,1.7120056,-1.465735,0.0172,FALSE,-1.1960678
H,K,45,-3.3814402,-2.0768242,-0.8722546,-1.465735,0.0172,FALSE,-1.2568607
H,L,45,-2.7130617,-2.1578712,1.3435377,-1.465735,0.0154184,FALSE,-1.3790967
H,M,45,-1.8266183,-2.0270462,0.8461059,-1.465735,0.0172,FALSE,-1.1845716
H,N,45,-2.3510796,-2.0812988,0.0723232,-1.465735,0.0137516,FALSE,-1.2634651
H,P,45,-2.9919762,-1.9746437,0.2381338,-1.465735,0.017591,FALSE,-1.1108852
H,Q,45,-1.8187825,-1.9301414,0.1644402,-1.465735,0.0249637,FALSE,-1.0503248
H,R,45,-2.9988816,-1.9675407,0.4173832,-1.465735,0.0232494,FALSE,-1.1010932
H,S,45,-1.0376505,-1.8980789,-0.1119108,-1.465735,0.1332394,TRUE,-1.0078748
H,T,45,-3.3212422,-1.7892036,0.0354764,-1.465735,0.0172,FALSE,-0.8713718
H,V,45,-3.5726716,-1.9243851,1.3619611,-1.465735,0.0172,FALSE,-1.0426299
H,W,45,-2.4914469,-2.0859756,1.0487633,-1.465735,0.0172,FALSE,-1.2703864
H,Y,45,-2.38618,-1.829998,0.4039443,-1.465735,0.0147212,FALSE,-0.9211117
S,A,46,-2.0397403,-1.9381294,-1.2222992,-1.6268017,0.0148414,FALSE,-1.0610559
S,C,46,-2.5011544,-2.0741005,-1.6091906,-1.6268017,0.0163347,FALSE,-1.252849
S,D,46,-2.5755483,-2.1506233,0.4776379,-1.6268017,0.0172,FALSE,-1.3679451
S,E,46,-2.9212535,-1.9657364,0.293404,-1.6268017,0.0172,FALSE,-1.0986134
S,F,46,-1.7036137,-2.0063667,-0.5590569,-1.6268017,0.0128781,FALSE,-1.1551917
S,G,46,-3.1466561,-1.9544716,-1.3881098,-1.6268017,0.0172,FALSE,-1.0832008
S,H,46,-1.5853796,-2.0196838,-0.1119108,-1.6268017,0.0163347,FALSE,-1.1740672
S,I,46,-2.5988133,-2.066124,-0.3379761,-1.6268017,0.0172,FALSE,-1.2411377
S,K,46,-2.2448362,-1.8292198,1.1777271,-1.6268017,0.0172,FALSE,-0.9201469
S,L,46,-1.8072996,-2.1140823,-0.7064441,-1.6268017,0.0172,FALSE,-1.3123741
S,M,46,-2.1862705,-1.9165916,-1.2038758,-1.6268017,0.0172,FALSE,-1.032263
S,N,46,-2.1605717,-2.0962868,-1.4618034,-1.6268017,0.0172,FALSE,-1.2857122
S,P,46,-2.6648959,-2.1818733,-1.811848,-1.6268017,0.0316849,FALSE,-1.4163245
S,Q,46,-2.5811447,-2.1675072,-1.3696864,-1.6268017,0.0172,FALSE,-1.3939876
S,R,46,-3.1409573,-2.1265793,2.467365,-1.6268017,0.0172,FALSE,-1.3312558
S,T,46,-2.2684998,-1.7621841,-2.0145053,-1.6268017,0.0187758,FALSE,-0.839372
S,V,46,-2.8765802,-2.0137367,-0.6880207,-1.6268017,0.0172,FALSE,-1.1656178
S,W,46,-1.1568474,-2.013916,-1.0012184,-1.6268017,0.0155523,FALSE,-1.1658721
S,Y,46,-2.5226257,-1.9210243,-1.6460374,-1.6268017,0.0085498,FALSE,-1.0381521
V,A,47,-1.9499889,-1.9038544,-1.627614,-1.5551319,0.0229587,FALSE,-1.0154473
V,C,47,-2.3594445,-2.1629868,-1.2407226,-1.5551319,0.0172,FALSE,-1.3869929
V,D,47,-2.6311,-1.964901,1.9515098,-1.5551319,0.0197035,FALSE,-1.0974663
V,E,47,-2.6285441,-1.934864,1.7672758,-1.5551319,0.0172,FALSE,-1.0566618
V,F,47,-0.8326183,-2.1130905,-2.0329287,-1.5551319,0.016996,FALSE,-1.3108811
V,G,47,-2.7115649,-1.8365898,-1.4618034,-1.5551319,0.0164057,FALSE,-0.9293085
V,H,47,-2.2759624,-1.9263611,1.3619611,-1.5551319,0.0150186,FALSE,-1.0452678
V,I,47,-0.9267323,-1.5696487,-1.811848,-1.5551319,0.0504748,FALSE,-0.6335793
V,K,47,-0.9735507,-1.9347038,2.6515989,-1.5551319,0.0406,FALSE,-1.0564464
V,L,47,-1.3996953,-2.030014,-2.1434691,-1.5551319,0.0150186,FALSE,-1.1888199
V,M,47,-1.4663609,-1.936367,-1.6460374,-1.5551319,0.0172,FALSE,-1.058683
V,N,47,-3.1998293,-1.8544273,0.0120685,-1.5551319,0.0172,FALSE,-0.9517099
V,P,47,-3.7251546,-2.0425224,-1.0380652,-1.5551319,0.0172,FALSE,-1.2068116
V,Q,47,-1.1878589,-2.0569687,0.1041855,-1.5551319,0.016096,FALSE,-1.227764
V,R,47,-1.7424655,-1.8708,3.9412368,-1.5551319,0.0227749,FALSE,-0.9725536
V,S,47,-2.6302981,-1.6814499,-0.6880207,-1.5551319,0.0172,FALSE,-0.7483061
V,T,47,-1.609605,-1.8346825,-0.8354078,-1.5551319,0.0176929,FALSE,-0.9269323
V,W,47,-2.3005107,-2.0630379,-1.8486948,-1.5551319,0.0172,FALSE,-1.2366215
V,Y,47,-0.4772272,-1.8696327,-1.2038758,-1.5551319,0.0270186,FALSE,-0.9710586
N,A,48,-3.743031,-2.0704918,-0.5222101,-1.4878492,0.0160666,FALSE,-1.2475438
N,C,48,-3.2440474,-1.8956757,-0.9091014,-1.4878492,0.0172,FALSE,-1.0047335
N,D,48,-1.7898544,-1.915657,-0.2224512,-1.4878492,0.0119748,FALSE,-1.0310237
N,E,48,-1.8334243,-1.905716,-0.3329916,-1.4878492,0.02064,FALSE,-1.017895
N,F,48,-2.724131,-1.9018326,0.1410323,-1.4878492,0.0172,FALSE,-1.0127927
N,G,48,-3.1756048,-1.9998093,-0.6880207,-1.4878492,0.0172,FALSE,-1.1459568
N,H,48,-3.5066341,-2.071415,0.0723232,-1.4878492,0.0150734,FALSE,-1.2488999
N,I,48,-3.4264269,-2.0331306,0.362113,-1.4878492,0.02064,FALSE,-1.1932896
N,K,48,-2.4422035,-1.7843704,0.4776379,-1.4878492,0.0095684,FALSE,-0.8655921
N,L,48,-3.6791186,-1.9952812,-0.0063549,-1.4878492,0.0172,FALSE,-1.139603
N,M,48,-2.6878811,-1.957016,-0.5037867,-1.4878492,0.0172,FALSE,-1.0866716
N,P,48,-2.3548046,-2.013115,-1.1117588,-1.4878492,0.018788,FALSE,-1.1647364
N,Q,48,-2.8090454,-1.9200325,-2.0697755,-1.4878492,0.0150734,FALSE,-1.0368328
N,R,48,-2.8144557,-1.9461632,1.7672758,-1.4878492,0.0172,FALSE,-1.0719104
N,S,48,-1.1683132,-1.8806953,-1.4618034,-1.4878492,0.0212798,FALSE,-0.9852809
N,T,48,-1.2978288,-2.0346107,-1.3144162,-1.4878492,0.0203442,FALSE,-1.1954154
N,V,48,-3.1144146,-2.0067406,0.0120685,-1.4878492,0.02408,FALSE,-1.1557194
N,W,48,-2.0531559,-1.8251266,-0.3011293,-1.4878492,0.0172,FALSE,-0.9150825
N,Y,48,-3.1770098,-1.8559151,-0.9459482,-1.4878492,0.0192799,FALSE,-0.9535929
L,A,49,-4.0251758,-1.9521217,-1.6460374,-1.7646478,0.02064,FALSE,-1.0800008
L,C,49,-2.8770522,-1.8307381,-1.259146,-1.7646478,0.0172,FALSE,-0.9220298
L,D,49,-3.1820832,-2.0516129,1.9330864,-1.7646478,0.0172,FALSE,-1.2199747
L,E,49,-2.8442708,-1.7475853,1.7488524,-1.7646478,0.0172,FALSE,-0.8223983
L,F,49,-1.6915445,-1.779541,-2.0145053,-1.7646478,0.0172,FALSE,-0.8598412
L,G,49,-3.8946263,-1.7762451,-1.4802268,-1.7646478,0.0172,FALSE,-0.8559302
L,H,49,-3.1382309,-1.5169258,1.3435377,-1.7646478,0.0172,FALSE,-0.5840658
L,I,49,-2.08643,-1.8901176,-1.7934246,-1.7646478,0.0172,FALSE,-0.9974902
L,K,49,-3.2270048,-1.8570099,2.6331756,-1.7646478,0.0172,FALSE,-0.9549799
L,M,49,-2.7057335,-1.7502174,-1.6644608,-1.7646478,0.0144672,FALSE,-0.8254422
L,N,49,-3.4264636,-1.8017731,-0.0063549,-1.7646478,0.0172,FALSE,-0.8865155
L,P,49,-2.4873325,-1.9361877,-1.0564886,-1.7646478,0.0234163,FALSE,-1.0584418
L,Q,49,-2.5704735,-1.9683189,0.0857621,-1.7646478,0.0175262,FALSE,-1.1021637
L,R,49,-3.252278,-1.6978798,3.9228134,-1.7646478,0.0153956,FALSE,-0.7662824
L,S,49,-3.5005143,-1.9707146,-0.7064441,-1.7646478,0.0172,FALSE,-1.1054628
L,T,49,-3.3484488,-1.7664337,-0.8538312,-1.7646478,0.0172,FALSE,-0.8443546
L,V,49,-3.3074452,-1.8680992,-2.1434691,-1.7646478,0.0172,FALSE,-0.9690968
L,W,49,-3.0476605,-1.922184,-1.8671182,-1.7646478,0.0172,FALSE,-1.039696
L,Y,49,-2.8996391,-1.9269066,-1.2222992,-1.7646478,0.0172,FALSE,-1.0459967
L,A,50,-2.9833967,-1.8409576,-1.6460374,-1.68133,0.0213501,FALSE,-0.9347641
L,C,50,-2.9941832,-1.9242859,-1.259146,-1.68133,0.0172,FALSE,-1.0424976
L,D,50,-1.8247151,-1.8964653,1.9330864,-1.68133,0.0172,FALSE,-1.005765
L,E,50,-3.5610832,-1.8186188,1.7488524,-1.68133,0.0172,FALSE,-0.9070658
L,F,50,-2.8380345,-1.9125252,-2.0145053,-1.68133,0.0183384,FALSE,-1.0268773
L,G,50,-3.4182176,-1.8795891,-1.4802268,-1.68133,0.0172,FALSE,-0.9838533
L,H,50,-3.4488651,-1.8073082,1.3435377,-1.68133,0.022581,FALSE,-0.8932357
L,I,50,-3.0720064,-1.8200493,-1.7934246,-1.68133,0.0079478,FALSE,-0.9088243
L,K,50,-3.1218136,-1.8285675,2.6331756,-1.68133,0.0172,FALSE,-0.9193387
L,M,50,-2.5836179,-1.7639809,-1.6644608,-1.68133,0.0161293,FALSE,-0.8414764
L,N,50,-3.7842337,-2.0482292,-0.0063549,-1.68133,0.0172,FALSE,-1.2150665
L,P,50,-3.1185449,-1.8056526,-1.0564886,-1.68133,0.0142479,FALSE,-0.8912223
L,Q,50,-3.2443867,-1.8158379,0.0857621,-1.68133,0.0172,FALSE,-0.9036533
L,R,50,-3.887324,-1.8094177,3.9228134,-1.68133,0.0172,FALSE,-0.8958052
L,S,50,-2.8181102,-1.9763565,-0.7064441,-1.68133,0.0172,FALSE,-1.1132535
L,T,50,-3.9660083,-1.9918098,-0.8538312,-1.68133,0.0172,FALSE,-1.1347447
L,V,50,-2.3363246,-1.729126,-2.1434691,-1.68133,0.0172,FALSE,-0.8012553
L,W,50,-2.9598045,-1.9521523,-1.8671182,-1.68133,0.0172,FALSE,-1.0800425
L,Y,50,-2.9569363,-1.9471817,-1.2222992,-1.68133,0.0172,FALSE,-1.0732909
E,A,51,0.0161944,-1.7888031,1.2329973,-1.5441712,0.0136697,FALSE,-0.8708919
E,C,51,-0.8079948,-1.9499168,0.8461059,-1.5441712,0.0269414,FALSE,-1.0770031
E,D,51,-1.296734,-1.5657196,-1.9776585,-1.5441712,0.01593,FALSE,-0.6297883
E,F,51,-1.8973413,-1.9077606,1.8962396,-1.5441712,0.0160558,FALSE,-1.0205874
E,G,51,-2.3194582,-1.8138885,1.0671867,-1.5441712,0.0125414,FALSE,-0.9012659
E,H,51,-2.4042597,-1.8932228,1.8275305,-1.5441712,0.0172,FALSE,-1.0015331
E,I,51,-0.9365289,-1.8358536,2.1173204,-1.5441712,0.0114756,FALSE,-0.9283909
E,K,51,-1.821028,-1.9646873,2.3065389,-1.5441712,0.0156728,FALSE,-1.0971729
E,L,51,-1.6971209,-1.9705086,1.7488524,-1.5441712,0.0172,FALSE,-1.1051789
E,M,51,-2.5652866,-1.7677383,1.2514207,-1.5441712,0.0150544,FALSE,-0.8458881
E,N,51,-3.1076044,-1.8131485,-0.3329916,-1.5441712,0.0172,FALSE,-0.9003606
E,P,51,-4.1834336,-1.9389725,0.6434485,-1.5441712,0.0172,FALSE,-1.0621922
E,Q,51,-1.5742257,-1.7474174,-0.2408746,-1.5441712,0.0147,FALSE,-0.8222044
E,R,51,-2.5411853,-1.8923988,3.5961768,-1.5441712,0.0172,FALSE,-1.0004594
E,S,51,-2.9388123,-1.8193893,0.293404,-1.5441712,0.0160558,FALSE,-0.9080127
E,T,51,-0.8048918,-1.751049,0.4407911,-1.5441712,0.0155488,FALSE,-0.8264054
E,V,51,-0.0697813,-1.825428,1.7672758,-1.5441712,0.013776,FALSE,-0.9154549
E,W,51,-2.6326671,-1.9377785,1.4540781,-1.5441712,0.0172,FALSE,-1.0605833
E,Y,51,-1.9926718,-1.9495811,0.8092591,-1.5441712,0.0172,FALSE,-1.0765471
D,A,52,-0.4350351,-1.5477982,1.4172313,-1.3394364,0.012038,FALSE,-0.6127037
D,C,52,-2.5288232,-1.675457,1.0303399,-1.3394364,0.0172,FALSE,-0.7418202
D,E,52,-0.9911445,-0.8474579,-1.9776585,-1.3394364,0.0140706,FALSE,-0.1820882
D,F,52,-2.978696,-1.6615944,2.0804736,-1.3394364,0.0172068,FALSE,-0.726963
D,G,52,-0.9947685,-1.3480911,1.2514207,-1.3394364,0.0132078,FALSE,-0.4448415
D,H,52,-0.9257839,-1.66008,2.0117645,-1.3394364,0.0378961,FALSE,-0.7253523
D,I,52,-2.0802302,-1.4019585,2.3015544,-1.3394364,0.014339,FALSE,-0.4861241
D,K,52,-1.4609858,-1.7117615,2.1223049,-1.3394364,0.0135857,FALSE,-0.7816928
D,L,52,-1.6923674,-1.494957,1.9330864,-1.3394364,0.0135857,FALSE,-0.5642952
D,M,52,-1.5018021,-1.4402122,1.4356547,-1.3394364,0.0172,FALSE,-0.5172068
D,N,52,-0.8937646,-0.681778,-0.2224512,-1.3394364,0.0154165,FALSE,-0.1327487
D,P,52,-3.331828,-1.7585335,0.8276825,-1.3394364,0.0172,FALSE,-0.8351067
D,Q,52,-2.5279421,-1.473526,-0.3145682,-1.3394364,0.014339,FALSE,-0.5454927
D,R,52,-2.1778991,-1.5596123,3.4119428,-1.3394364,0.014339,FALSE,-0.6239281
D,S,52,-0.429484,-1.1329498,0.4776379,-1.3394364,0.011925,FALSE,-0.307223
D,T,52,-0.6856806,-1.0428963,0.6250251,-1.3394364,0.0270766,FALSE,-0.2613956
D,V,52,-1.1184505,-1.7299423,1.9515098,-1.3394364,0.0195711,FALSE,-0.8021827
D,W,52,-2.1287797,-1.5304413,1.638312,-1.3394364,0.0172,FALSE,-0.5964799
D,Y,52,-1.0222715,-1.5147057,0.9934931,-1.3394364,0.0189943,FALSE,-0.5820449
S,A,53,0.1975233,-1.1936188,-1.2222992,-1.2392452,0.0136438,FALSE,-0.3418355
S,C,53,-2.050161,-1.3122673,-1.6091906,-1.2392452,0.0183515,FALSE,-0.4189614
S,D,53,-1.2524266,-1.0823021,0.4776379,-1.2392452,0.0140735,FALSE,-0.2806629
S,E,53,0.8363856,-1.2256126,0.293404,-1.2392452,0.0300187,FALSE,-0.3613717
S,F,53,-0.4622265,-1.2175522,-0.5590569,-1.2392452,0.0207983,FALSE,-0.3563642
S,G,53,0.0229251,-1.0390816,-1.3881098,-1.2392452,0.0194836,FALSE,-0.2595932
S,H,53,-0.3178165,-1.4270248,-0.1119108,-1.2392452,0.0201949,FALSE,-0.5063238
S,I,53,-0.9232442,-1.1857986,-0.3379761,-1.2392452,0.0186077,FALSE,-0.3371971
S,K,53,-0.5413043,-0.752903,1.1777271,-1.2392452,0.0182494,FALSE,-0.1521781
S,L,53,-0.5447417,-1.1825752,-0.7064441,-1.2392452,0.0236496,FALSE,-0.3353007
S,M,53,-0.1562537,-1.094326,-1.2038758,-1.2392452,0.015231,FALSE,-0.2867822
S,N,53,-0.4462172,-0.5140877,-1.4618034,-1.2392452,0.0248858,FALSE,-0.095757
S,P,53,-3.639313,-1.1270332,-1.811848,-1.2392452,0.0172,FALSE,-0.304013
S,Q,53,-0.0258991,-0.9839859,-1.3696864,-1.2392452,0.0219661,FALSE,-0.2347529
S,R,53,-0.3828428,-0.8898506,2.467365,-1.2392452,0.0088921,FALSE,-0.1971678
S,T,53,-0.1027126,-0.9559326,-2.0145053,-1.2392452,0.0150388,FALSE,-0.2229328
S,V,53,-0.3592599,-0.8672981,-0.6880207,-1.2392452,0.0214867,FALSE,-0.18901
S,W,53,-1.1458459,-1.1572227,-1.0012184,-1.2392452,0.0172,FALSE,-0.3206963
S,Y,53,-0.9154852,-1.0235825,-1.6460374,-1.2392452,0.0207112,FALSE,-0.2523816
H,A,54,-1.4752112,-1.9239311,0.8276825,-1.4432861,0.0243161,FALSE,-1.0420244
H,C,54,-2.8682844,-1.932457,0.4407911,-1.4432861,0.0172,FALSE,-1.0534293
H,D,54,-2.8199364,-1.8421364,2.0117645,-1.4432861,0.0219,FALSE,-0.9362398
H,E,54,-2.8026381,-1.7991714,1.8275305,-1.4432861,0.0172,FALSE,-0.8833676
H,F,54,-3.3317444,-1.8098831,1.4909249,-1.4432861,0.0172,FALSE,-0.8963727
H,G,54,-3.0569936,-1.7472496,0.6618719,-1.4432861,0.0172,FALSE,-0.8220106
H,I,54,-2.4053234,-2.054882,1.7120056,-1.4432861,0.0172,FALSE,-1.2247262
H,K,54,-2.8628838,-1.807476,-0.8722546,-1.4432861,0.0172,FALSE,-0.89344
H,L,54,-3.8678426,-2.0484543,1.3435377,-1.4432861,0.0172,FALSE,-1.2153927
H,M,54,-1.8272189,-1.9390182,0.8461059,-1.4432861,0.0172,FALSE,-1.0622538
H,N,54,-2.4991812,-1.6616287,0.0723232,-1.4432861,0.011354,FALSE,-0.7269995
H,P,54,-1.9321815,-1.9578323,0.2381338,-1.4432861,0.0156039,FALSE,-1.0877863
H,Q,54,-1.9977457,-2.0344505,0.1644402,-1.4432861,0.0108843,FALSE,-1.1951852
H,R,54,-2.0483174,-1.7700539,0.4173832,-1.4432861,0.0209125,FALSE,-0.8486141
H,S,54,-1.8554462,-1.8030891,-0.1119108,-1.4432861,0.0161533,FALSE,-0.8881104
H,T,54,-0.7967708,-1.6822662,0.0354764,-1.4432861,0.0122202,FALSE,-0.7491925
H,V,54,-2.4322454,-1.6993027,1.3619611,-1.4432861,0.0226,FALSE,-0.7678526
H,W,54,-2.5690156,-1.9554367,1.0487633,-1.4432861,0.0172,FALSE,-1.0845165
H,Y,54,-1.1948551,-1.8240814,0.4039443,-1.4432861,0.0161335,FALSE,-0.9137921
N,A,55,-3.3847316,-1.8878937,-0.5222101,-1.4077532,0.0172,FALSE,-0.9946006
N,C,55,-3.3038767,-1.8670654,-0.9091014,-1.4077532,0.0172,FALSE,-0.9677755
N,D,55,-2.2644007,-1.7502937,-0.2224512,-1.4077532,0.0282776,FALSE,-0.8255305
N,E,55,-2.7707907,-1.8458748,-0.3329916,-1.4077532,0.0161181,FALSE,-0.9409291
N,F,55,-1.2377389,-1.8553085,0.1410323,-1.4077532,0.0172,FALSE,-0.9528249
N,G,55,-2.7636064,-1.9307442,-0.6880207,-1.4077532,0.0172,FALSE,-1.0511325
N,H,55,-2.8628553,-1.8915787,0.0723232,-1.4077532,0.0161181,FALSE,-0.9993913
N,I,55,-2.7434789,-1.9770317,0.362113,-1.4077532,0.0172,FALSE,-1.1141879
N,K,55,-2.0704733,-1.977066,0.4776379,-1.4077532,0.0108793,FALSE,-1.1142353
N,L,55,-3.7163982,-1.7331314,-0.0063549,-1.4077532,0.0172,FALSE,-0.8058127
N,M,55,-2.5330459,-1.9530487,-0.5037867,-1.4077532,0.0172,FALSE,-1.0812625
N,P,55,-3.6822687,-2.0749435,-1.1117588,-1.4077532,0.0172,FALSE,-1.25409
N,Q,55,-2.5810942,-1.8352661,-2.0697755,-1.4077532,0.02058,FALSE,-0.927659
N,R,55,-3.6000955,-1.8768692,1.7672758,-1.4077532,0.0172,FALSE,-0.9803482
N,S,55,-1.7262462,-1.8060532,-1.4618034,-1.4077532,0.017982,FALSE,-0.8917093
N,T,55,-1.7977961,-1.7321815,-1.3144162,-1.4077532,0.014714,FALSE,-0.8047304
N,V,55,-3.3362582,-1.8493767,0.0120685,-1.4077532,0.0172,FALSE,-0.9453345
N,W,55,-2.8641641,-2.061512,-0.3011293,-1.4077532,0.0172,FALSE,-1.2343915
N,Y,55,-3.3656403,-1.8971901,-0.9459482,-1.4077532,0.0172,FALSE,-1.0067123
G,A,56,-1.8066882,-2.081192,-1.9960819,-1.3564265,0.0188411,FALSE,-1.2633073
G,C,56,-2.7537913,-1.9060593,-1.9408117,-1.3564265,0.0172,FALSE,-1.0183468
G,D,56,-2.0443097,-1.8102493,1.2514207,-1.3564265,0.0172,FALSE,-0.8968194
G,E,56,-1.426181,-1.5703545,1.0671867,-1.3564265,0.0195336,FALSE,-0.634262
G,F,56,-2.0314906,-1.8635445,-1.3328396,-1.3564265,0.0172,FALSE,-0.9632837
G,H,56,-1.3328265,-2.0168152,0.6618719,-1.3564265,0.0172,FALSE,-1.1699876
G,I,56,-1.5876878,-2.003933,-1.1117588,-1.3564265,0.0172,FALSE,-1.1517597
G,K,56,-2.2971338,-1.8352547,1.9515098,-1.3564265,0.0172,FALSE,-0.9276448
G,L,56,-3.9073904,-2.0623894,-1.4802268,-1.3564265,0.0172,FALSE,-1.2356735
G,M,56,-0.7008176,-1.9593811,-1.9776585,-1.3564265,0.0172,FALSE,-1.0899032
G,N,56,-2.0430991,-2.0214462,-0.6880207,-1.3564265,0.0160821,FALSE,-1.1765772
G,P,56,-3.2884997,-1.9849815,-1.7381544,-1.3564265,0.0172,FALSE,-1.1252211
G,Q,56,-1.9253147,-1.7682533,-0.5959037,-1.3564265,0.0172,FALSE,-0.8464939
G,R,56,-2.0966133,-2.0435944,3.2411477,-1.3564265,0.0123208,FALSE,-1.2083601
G,S,56,-1.5360929,-1.9400291,-1.3881098,-1.3564265,0.0105806,FALSE,-1.063617
G,T,56,-2.1353322,-1.8330688,-1.535497,-1.3564265,0.013458,FALSE,-0.9249247
G,V,56,-2.9027863,-1.8068619,-1.4618034,-1.3564265,0.0172,FALSE,-0.8926927
G,W,56,-2.137462,-1.9108162,-1.7750012,-1.3564265,0.0172,FALSE,-1.0246186
G,Y,56,-2.2304542,-1.953125,-1.9039649,-1.3564265,0.0160821,FALSE,-1.0813664
K,A,57,-0.244463,-1.7729759,2.1173204,-1.2246095,0.0277988,FALSE,-0.8520621
K,C,57,-2.0896407,-1.7641411,1.730429,-1.2246095,0.0160513,FALSE,-0.8416642
K,D,57,-2.3797859,-2.0813103,2.1223049,-1.2246095,0.0172,FALSE,-1.2634821
K,E,57,-3.1676341,-1.7200546,2.3065389,-1.2246095,0.0167139,FALSE,-0.7909961
K,F,57,-0.0378112,-1.9569321,2.7805627,-1.2246095,0.0150464,FALSE,-1.086557
K,G,57,-1.9921732,-1.7063255,1.9515098,-1.2246095,0.0109379,FALSE,-0.7756339
K,H,57,-0.8267267,-1.613842,-0.8722546,-1.2246095,0.0196723,FALSE,-0.6773447
K,I,57,-2.824526,-1.8761711,3.0016435,-1.2246095,0.0172,FALSE,-0.9794498
K,L,57,-1.4155579,-1.9982948,2.6331756,-1.2246095,0.0211186,FALSE,-1.1438296
K,M,57,-0.7737751,-1.7470245,2.1357438,-1.2246095,0.0147,FALSE,-0.8217508
K,N,57,-1.936513,-1.754879,0.4776379,-1.2246095,0.0240743,FALSE,-0.8308507
K,P,57,-3.0344033,-1.8687592,1.5277716,-1.2246095,0.0172,FALSE,-0.9699409
K,Q,57,-0.6714617,-1.7298317,0.385521,-1.2246095,0.0160513,FALSE,-0.802057
K,R,57,-0.9096239,-1.3050156,-0.8722546,-1.2246095,0.0150879,FALSE,-0.4138728
K,S,57,-3.3289055,-1.8471794,1.1777271,-1.2246095,0.0172,FALSE,-0.9425688
K,T,57,-2.8352371,-1.8319321,1.3251143,-1.2246095,0.0172,FALSE,-0.9235122
K,V,57,-0.9909239,-1.827961,2.6515989,-1.2246095,0.0202274,FALSE,-0.9185876
K,W,57,-1.0071372,-1.7195969,2.3384012,-1.2246095,0.0147,FALSE,-0.7904807
K,Y,57,-1.2030828,-1.8936081,1.6935822,-1.2246095,0.0136086,FALSE,-1.0020354
L,A,58,-3.7154716,-2.0309486,-1.6460374,-1.5973036,0.0172,FALSE,-1.1901593
L,C,58,-2.9059399,-1.784874,-1.259146,-1.5973036,0.0172,FALSE,-0.8661932
L,D,58,-3.5192307,-1.8970871,1.9330864,-1.5973036,0.0172,FALSE,-1.0065777
L,E,58,-2.440377,-2.1046333,1.7488524,-1.5973036,0.0172,FALSE,-1.298184
L,F,58,-2.8518716,-1.8319397,-2.0145053,-1.5973036,0.0172,FALSE,-0.9235216
L,G,58,-3.6669829,-1.6951561,-1.4802268,-1.5973036,0.0172,FALSE,-0.7632826
L,H,58,-2.7412407,-1.7308617,1.3435377,-1.5973036,0.0172,FALSE,-0.8032281
L,I,58,-1.6055219,-1.6746254,-1.7934246,-1.5973036,0.0105858,FALSE,-0.7409232
L,K,58,-3.0057443,-1.8742905,2.6331756,-1.5973036,0.0172,FALSE,-0.9770319
L,M,58,-2.4326142,-1.8661308,-1.6644608,-1.5973036,0.0172,FALSE,-0.966582
L,N,58,-2.6209494,-1.844677,-0.0063549,-1.5973036,0.0151153,FALSE,-0.9394251
L,P,58,-2.704633,-1.8637695,-1.0564886,-1.5973036,0.0274019,FALSE,-0.9635703
L,Q,58,-2.8108582,-1.7473068,0.0857621,-1.5973036,0.0160904,FALSE,-0.8220767
L,R,58,-2.706252,-1.6744881,3.9228134,-1.5973036,0.0160904,FALSE,-0.7407752
L,S,58,-3.1539709,-1.9443398,-0.7064441,-1.5973036,0.0151153,FALSE,-1.0694414
L,T,58,-3.3627154,-1.7774391,-0.8538312,-1.5973036,0.0160904,FALSE,-0.8573457
L,V,58,-3.0421679,-1.7003365,-2.1434691,-1.5973036,0.01764,FALSE,-0.7689948
L,W,58,-2.3003221,-1.8013992,-1.8671182,-1.5973036,0.0172,FALSE,-0.8860627
L,Y,58,-2.5732601,-1.9379311,-1.2222992,-1.5973036,0.0172,FALSE,-1.0607888
C,A,59,-3.590768,-1.965435,-1.7750012,-1.5514301,0.0150535,FALSE,-1.0981994
C,D,59,-2.8843133,-1.8048706,1.0303399,-1.5514301,0.0172,FALSE,-0.8902723
C,E,59,-2.5421187,-1.9085426,0.8461059,-1.5514301,0.0172,FALSE,-1.0216182
C,F,59,-2.5832331,-1.9890175,-1.1117588,-1.5514301,0.0121974,FALSE,-1.130845
C,G,59,-2.9046883,-1.855259,-1.9408117,-1.5514301,0.02408,FALSE,-0.9527623
C,H,59,-3.4506662,-2.0014877,0.4407911,-1.5514301,0.0172,FALSE,-1.1483168
C,I,59,-3.0298918,-1.8687172,-0.890678,-1.5514301,0.0172,FALSE,-0.9698871
C,K,59,-3.5810227,-1.9106407,1.730429,-1.5514301,0.0172,FALSE,-1.0243868
C,L,59,-3.173635,-2.0247993,-1.259146,-1.5514301,0.0172,FALSE,-1.1813606
C,M,59,-2.3529921,-1.9630241,-1.7565778,-1.5514301,0.0160553,FALSE,-1.0948914
C,N,59,-2.8619098,-1.8735085,-0.9091014,-1.5514301,0.0172,FALSE,-0.9760276
C,P,59,-3.6682008,-1.9001007,-1.9592351,-1.5514301,0.0172,FALSE,-1.0105219
C,Q,59,-1.8466178,-1.8705559,-0.8169844,-1.5514301,0.0172,FALSE,-0.9722409
C,R,59,-3.3625055,-1.9060707,3.0200669,-1.5514301,0.0331177,FALSE,-1.0183618
C,S,59,-3.388676,-2.0018158,-1.6091906,-1.5514301,0.0160553,FALSE,-1.1487784
C,T,59,-3.7861812,-2.232212,-1.7565778,-1.5514301,0.0172,FALSE,-1.4958467
C,V,59,-3.1078543,-1.859314,-1.2407226,-1.5514301,0.0160553,FALSE,-0.9579029
C,W,59,-2.7859926,-2.0564575,-1.5539204,-1.5514301,0.0160553,FALSE,-1.2270195
C,Y,59,-2.0049431,-2.013176,-2.1250457,-1.5514301,0.0214135,FALSE,-1.1648229
K,A,60,-0.8064779,-0.9447288,2.1173204,-1.1873004,0.0204157,FALSE,-0.2183625
K,C,60,-2.6325173,-1.1253395,1.730429,-1.1873004,0.0160355,FALSE,-0.3030994
K,D,60,-1.6724686,-0.7996063,2.1223049,-1.1873004,0.0172,FALSE,-0.1663356
K,E,60,-1.9094797,-1.0320892,2.3065389,-1.1873004,0.0161761,FALSE,-0.2563176
K,F,60,-0.6079595,-1.0706902,2.7805627,-1.1873004,0.0090924,FALSE,-0.274861
K,G,60,-3.0228751,-0.9790535,1.9515098,-1.1873004,0.0172,FALSE,-0.2326351
K,H,60,-0.5433008,-1.0989914,-0.8722546,-1.1873004,0.0351253,FALSE,-0.2891874
K,I,60,-3.0716349,-1.0493126,3.0016435,-1.1873004,0.0172,FALSE,-0.2644519
K,L,60,-0.8241965,-0.8495789,2.6331756,-1.1873004,0.0105307,FALSE,-0.182817
K,M,60,-1.3068622,-1.0465736,2.1357438,-1.1873004,0.0201893,FALSE,-0.2631434
K,N,60,-0.1789662,-0.6734581,0.4776379,-1.1873004,0.016298,FALSE,-0.1306337
K,P,60,-3.9134983,-1.3123207,1.5277716,-1.1873004,0.0172,FALSE,-0.4189991
K,Q,60,-1.1611849,-0.6426735,0.385521,-1.1873004,0.0114742,FALSE,-0.1230793
K,R,60,0.1271696,-0.0603828,-0.8722546,-1.1873004,0.0185705,FALSE,-0.0387021
K,S,60,-0.4174036,-0.6764412,1.1777271,-1.1873004,0.0215418,FALSE,-0.1313884
K,T,60,-0.8669065,-0.9288673,1.3251143,-1.1873004,0.0138552,FALSE,-0.2120355
K,V,60,-3.812754,-0.9523315,2.6515989,-1.1873004,0.0172,FALSE,-0.2214546
K,W,60,-1.7588764,-1.1917915,2.3384012,-1.1873004,0.0249,FALSE,-0.3407469
K,Y,60,-0.009618,-1.1958656,1.6935822,-1.1873004,0.0138212,FALSE,-0.3431779
L,A,61,-3.975089,-1.5516319,-1.6460374,-1.5699003,0.0172,FALSE,-0.6163299
L,C,61,-3.5575367,-1.8635216,-1.259146,-1.5699003,0.0172,FALSE,-0.9632545
L,D,61,-3.4291534,-1.6510391,1.9330864,-1.5699003,0.0172,FALSE,-0.715787
L,E,61,-2.6580287,-1.7463303,1.7488524,-1.5699003,0.0172,FALSE,-0.8209496
L,F,61,-2.6437828,-1.4956245,-2.0145053,-1.5699003,0.0191051,FALSE,-0.5648885
L,G,61,-3.2496626,-1.7989426,-1.4802268,-1.5699003,0.0172,FALSE,-0.8830911
L,H,61,-3.7493541,-1.6510162,1.3435377,-1.5699003,0.0172,FALSE,-0.7157629
L,I,61,-0.4155522,-1.4631271,-1.7934246,-1.5699003,0.0298801,FALSE,-0.5365407
L,K,61,-3.4767713,-1.8245621,2.6331756,-1.5699003,0.0172,FALSE,-0.9143854
L,M,61,-1.8288482,-1.5719643,-1.6644608,-1.5699003,0.0172117,FALSE,-0.6358211
L,N,61,-2.9954022,-1.6104164,-0.0063549,-1.5699003,0.0172,FALSE,-0.6738782
L,P,61,-3.2409581,-1.732235,-1.0564886,-1.5699003,0.0172,FALSE,-0.8047913
L,Q,61,-3.6757668,-1.5233994,0.0857621,-1.5699003,0.0172,FALSE,-0.5899879
L,R,61,-3.7921476,-1.3902893,3.9228134,-1.5699003,0.0172,FALSE,-0.4769364
L,S,61,-3.2321387,-1.5096169,-0.7064441,-1.5699003,0.0218074,FALSE,-0.5774323
L,T,61,-3.1421567,-1.7090645,-0.8538312,-1.5699003,0.0172,FALSE,-0.7786829
L,V,61,-0.8051523,-1.4891739,-2.1434691,-1.5699003,0.0182454,FALSE,-0.5591744
L,W,61,-3.1911838,-1.7686081,-1.8671182,-1.5699003,0.0172,FALSE,-0.8469114
L,Y,61,-1.8429331,-1.7372475,-1.2222992,-1.5699003,0.0172,FALSE,-0.8105136
K,A,62,-0.8550322,-0.992733,2.1173204,-1.2382281,0.0125376,FALSE,-0.2385506
K,C,62,-2.8526204,-1.3292694,1.730429,-1.2382281,0.0160625,FALSE,-0.4310896
K,D,62,-0.2854241,-0.817482,2.1223049,-1.2382281,0.0160839,FALSE,-0.172068
K,E,62,-0.6581015,-0.774231,2.3065389,-1.2382281,0.0158899,FALSE,-0.1584994
K,F,62,-0.8402313,-1.1541176,2.7805627,-1.2382281,0.0131725,FALSE,-0.3189452
K,G,62,-0.9271318,-0.9769211,1.9515098,-1.2382281,0.0152428,FALSE,-0.2317248
K,H,62,0.4513587,-1.2557106,-0.8722546,-1.2382281,0.01524,FALSE,-0.3805878
K,I,62,-3.3394342,-0.9979858,3.0016435,-1.2382281,0.0167153,FALSE,-0.2408572
K,L,62,-2.1661575,-1.1508598,2.6331756,-1.2382281,0.0150661,FALSE,-0.3171168
K,M,62,-1.4282425,-1.1983948,2.1357438,-1.2382281,0.0160625,FALSE,-0.3446944
K,N,62,0.2067149,-0.2220383,0.4776379,-1.2382281,0.0443048,FALSE,-0.0535946
K,P,62,-3.6376819,-1.1043816,1.5277716,-1.2382281,0.0172,FALSE,-0.2919879
K,Q,62,-0.4515282,-1.2585602,0.385521,-1.2382281,0.0154628,FALSE,-0.38245
K,R,62,-0.8962326,-0.5013962,-0.8722546,-1.2382281,0.0239841,FALSE,-0.0933974
K,S,62,-1.5211063,-0.8835297,1.1777271,-1.2382281,0.0083404,FALSE,-0.1948498
K,T,62,-2.5007859,-0.6569405,1.3251143,-1.2382281,0.0134033,FALSE,-0.1265279
K,V,62,-3.24593,-1.059452,2.6515989,-1.2382281,0.0150661,FALSE,-0.2693453
K,W,62,-0.9303402,-1.2734947,2.3384012,-1.2382281,0.0172,FALSE,-0.3923319
K,Y,62,-0.275873,-1.1274185,1.6935822,-1.2382281,0.0178125,FALSE,-0.3042212
G,A,63,-3.3417886,-1.9244499,-1.9960819,-1.1690809,0.0172,FALSE,-1.0427164
G,C,63,-3.0086535,-1.9619827,-1.9408117,-1.1690809,0.0172,FALSE,-1.0934642
G,D,63,-2.0247942,-1.7049065,1.2514207,-1.1690809,0.0172,FALSE,-0.7740575
G,E,63,-2.3224519,-1.7986565,1.0671867,-1.1690809,0.0210143,FALSE,-0.8827454
G,F,63,-2.5956921,-2.0389328,-1.3328396,-1.1690809,0.0172,FALSE,-1.2016341
G,H,63,-1.1108685,-2.0352669,0.6618719,-1.1690809,0.01502,FALSE,-1.1963585
G,I,63,-3.3095369,-1.96632,-1.1117588,-1.1690809,0.0172,FALSE,-1.0994151
G,K,63,-2.4905867,-1.5767288,1.9515098,-1.1690809,0.0172,FALSE,-0.6404517
G,L,63,-3.7432178,-1.8244553,-1.4802268,-1.1690809,0.0172,FALSE,-0.9142536
G,M,63,-2.5952089,-2.0539246,-1.9776585,-1.1690809,0.0172,FALSE,-1.2233337
G,N,63,-1.6076775,-1.9234009,-0.6880207,-1.1690809,0.0133289,FALSE,-1.0413175
G,P,63,-3.5228328,-1.95298,-1.7381544,-1.1690809,0.0172,FALSE,-1.081169
G,Q,63,-2.4060409,-2.0515022,-0.5959037,-1.1690809,0.0172,FALSE,-1.2198139
G,R,63,-2.4426049,-1.7763824,3.2411477,-1.1690809,0.0124698,FALSE,-0.8560929
G,S,63,-1.5809302,-2.0197601,-1.3881098,-1.1690809,0.021028,FALSE,-1.1741758
G,T,63,-2.8022531,-1.935009,-1.535497,-1.1690809,0.0172,FALSE,-1.0568567
G,V,63,-2.6498193,-2.171566,-1.4618034,-1.1690809,0.0256894,FALSE,-1.4002819
G,W,63,-2.7161353,-2.1111488,-1.7750012,-1.1690809,0.0172,FALSE,-1.3079607
G,Y,63,-3.0372252,-2.0104523,-1.9039649,-1.1690809,0.0172,FALSE,-1.1609653
I,A,64,-1.611824,-1.4629402,-1.2775694,-1.2855859,0.0150314,FALSE,-0.5363808
I,C,64,-2.2668394,-1.4081955,-0.890678,-1.2855859,0.0172,FALSE,-0.4910909
I,D,64,-1.777353,-1.5282822,2.3015544,-1.2855859,0.0172,FALSE,-0.5944839
I,E,64,-1.2643811,-1.3986626,2.1173204,-1.2855859,0.0133484,FALSE,-0.4835153
I,F,64,-1.9408301,-1.6193352,-1.9408117,-1.2855859,0.0160427,FALSE,-0.6829294
I,G,64,-1.7552696,-1.2992287,-1.1117588,-1.2855859,0.0249,FALSE,-0.4098479
I,H,64,-0.522123,-1.4716148,1.7120056,-1.2855859,0.0310043,FALSE,-0.5438391
I,K,64,-0.4888403,-1.1106491,3.0016435,-1.2855859,0.0162305,FALSE,-0.2952735
I,L,64,-1.5336126,-1.3675385,-1.7934246,-1.2855859,0.0177331,FALSE,-0.4594141
I,M,64,-1.0938104,-0.8955727,-1.2959928,-1.2855859,0.0158035,FALSE,-0.1992876
I,N,64,-0.7774241,-1.41185,0.362113,-1.2855859,0.01414,FALSE,-0.4940194
I,P,64,-3.6003398,-1.4983826,-0.6880207,-1.2855859,0.0172,FALSE,-0.5673449
I,Q,64,-0.7990514,-1.5007477,0.45423,-1.2855859,0.0172,FALSE,-0.5694576
I,R,64,-0.1172424,-1.4080315,4.2912814,-1.2855859,0.0133277,FALSE,-0.4909598
I,S,64,-1.9732371,-1.3061142,-0.3379761,-1.2855859,0.0184477,FALSE,-0.4146405
I,T,64,-1.4831274,-1.0374489,-0.4853633,-1.2855859,0.0207596,FALSE,-0.2588251
I,V,64,-0.2358037,-0.5705452,-1.811848,-1.2855859,0.0226303,FALSE,-0.1069582
I,W,64,-2.2815608,-1.5893745,-1.4986502,-1.2855859,0.0160427,FALSE,-0.6528584
I,Y,64,-2.5682305,-1.3635712,-0.8538312,-1.2855859,0.0172,FALSE,-0.4564111
A,C,65,-2.6390849,-1.455761,-1.7750012,-1.3359329,0.0172,FALSE,-0.5302669
A,D,65,-0.856278,-1.420414,1.4172313,-1.3359329,0.0152886,FALSE,-0.5009348
A,E,65,0.5844533,-1.0296669,1.2329973,-1.3359329,0.0386425,FALSE,-0.2551914
A,F,65,-1.569377,-1.570549,-1.4986502,-1.3359329,0.0172,FALSE,-0.6344502
A,G,65,-0.7299815,-1.3314819,-1.9960819,-1.3359329,0.0208222,FALSE,-0.4326883
A,H,65,-0.4910396,-1.545681,0.8276825,-1.3359329,0.0147,FALSE,-0.6107077
A,I,65,-2.2979712,-1.2886238,-1.2775694,-1.3359329,0.0172,FALSE,-0.4025542
A,K,65,-0.0640268,-1.4119377,2.1173204,-1.3359329,0.0225595,FALSE,-0.4940898
A,L,65,-0.7232007,-1.5225449,-1.6460374,-1.3359329,0.016038,FALSE,-0.5892037
A,M,65,-0.3722937,-1.4169884,-2.1434691,-1.3359329,0.01524,FALSE,-0.4981597
A,N,65,-0.3782201,-1.4913673,-0.5222101,-1.3359329,0.016038,FALSE,-0.5611125
A,P,65,-0.5002312,-1.0765495,-1.5723438,-1.3359329,0.0154215,FALSE,-0.2777754
A,Q,65,-0.4584553,-1.4719391,-0.4300931,-1.3359329,0.0229852,FALSE,-0.5441194
A,R,65,-0.7306288,-1.4492455,3.4069583,-1.3359329,0.0108886,FALSE,-0.5247641
A,S,65,-0.9894036,-0.9546623,-1.2222992,-1.3359329,0.0147,FALSE,-0.2224104
A,T,65,-0.7731536,-0.9250107,-1.3696864,-1.3359329,0.0140461,FALSE,-0.2105222
A,V,65,-1.7119064,-1.1002312,-1.627614,-1.3359329,0.0188607,FALSE,-0.2898295
A,W,65,-1.7180769,-1.450016,-1.9408117,-1.3359329,0.016038,FALSE,-0.5254125
A,Y,65,-0.6218681,-1.3873634,-1.7381544,-1.3359329,0.0176764,FALSE,-0.474654
P,A,66,-1.4363772,-2.1268654,-1.5723438,-1.6048133,0.0169575,FALSE,-1.3316896
P,C,66,-3.056169,-1.7464142,-1.9592351,-1.6048133,0.0172,FALSE,-0.8210464
P,D,66,-3.0617058,-1.9523735,0.8276825,-1.6048133,0.0172,FALSE,-1.0803435
P,E,66,-3.1497785,-1.7382393,0.6434485,-1.6048133,0.0172,FALSE,-0.8116489
P,F,66,-3.1234245,-1.8728447,-0.9091014,-1.6048133,0.0172,FALSE,-0.9751755
P,G,66,-2.7520422,-1.5699005,-1.7381544,-1.6048133,0.0172,FALSE,-0.6338228
P,H,66,-2.7008734,-1.9860611,0.2381338,-1.6048133,0.0172,FALSE,-1.1267239
P,I,66,-3.1933333,-2.0435448,-0.6880207,-1.6048133,0.0172,FALSE,-1.2082884
P,K,66,-3.0767465,-1.8629684,1.5277716,-1.6048133,0.0172,FALSE,-0.9625499
P,L,66,-3.3440048,-1.830616,-1.0564886,-1.6048133,0.0192398,FALSE,-0.9218783
P,M,66,-2.549634,-1.9871483,-1.5539204,-1.6048133,0.0172,FALSE,-1.1282385
P,N,66,-3.3871029,-2.065876,-1.1117588,-1.6048133,0.0172,FALSE,-1.2407745
P,Q,66,-3.538478,-1.8438454,-1.0196418,-1.6048133,0.0172,FALSE,-0.9383818
P,R,66,-3.7800316,-1.9640121,2.8174095,-1.6048133,0.0172,FALSE,-1.0962464
P,S,66,-3.2007067,-1.8907852,-1.811848,-1.6048133,0.0170904,FALSE,-0.9983586
P,T,66,-3.4158819,-1.8361092,-1.9592351,-1.6048133,0.0172,FALSE,-0.9287094
P,V,66,-3.5065176,-1.5632591,-1.0380652,-1.6048133,0.0172,FALSE,-0.6274226
P,W,66,-2.7573657,-1.7789307,-1.351263,-1.6048133,0.0172,FALSE,-0.8591161
P,Y,66,-3.0969856,-1.8827057,-1.9960819,-1.6048133,0.0172,FALSE,-0.9878786
L,A,67,-3.7346733,-1.8916321,-1.6460374,-1.644389,0.0172,FALSE,-0.9994609
L,C,67,-2.893019,-1.9138832,-1.259146,-1.644389,0.0172,FALSE,-1.0286741
L,D,67,-3.3393927,-1.9122581,1.9330864,-1.644389,0.0172,FALSE,-1.0265241
L,E,67,-3.2719872,-1.641552,1.7488524,-1.644389,0.0172,FALSE,-0.7058428
L,F,67,-2.2437937,-1.836689,-2.0145053,-1.644389,0.019242,FALSE,-0.9294322
L,G,67,-3.8951889,-1.6223946,-1.4802268,-1.644389,0.0172,FALSE,-0.6860536
L,H,67,-2.45985,-1.5582962,1.3435377,-1.644389,0.0172,FALSE,-0.6226704
L,I,67,-1.6664806,-1.4405098,-1.7934246,-1.644389,0.0070555,FALSE,-0.5174544
L,K,67,-2.8414395,-1.9765015,2.6331756,-1.644389,0.0172,FALSE,-1.1134541
L,M,67,-2.2429266,-1.4523468,-1.6644608,-1.644389,0.0172,FALSE,-0.5273779
L,N,67,-2.7220722,-1.7598648,-0.0063549,-1.644389,0.0172,FALSE,-0.8366605
L,P,67,-2.8353162,-1.4040604,-1.0564886,-1.644389,0.013582,FALSE,-0.4877936
L,Q,67,-2.9315421,-1.7790756,0.0857621,-1.644389,0.0170641,FALSE,-0.8592882
L,R,67,-2.6692359,-1.5736046,3.9228134,-1.644389,0.0159925,FALSE,-0.6374126
L,S,67,-3.2566772,-1.6882782,-0.7064441,-1.644389,0.0172,FALSE,-0.7557424
L,T,67,-2.7170989,-1.5532494,-0.8538312,-1.644389,0.0172,FALSE,-0.6178645
L,V,67,-1.7494286,-1.7740211,-2.1434691,-1.644389,0.016035,FALSE,-0.8532976
L,W,67,-2.3238672,-1.5016937,-1.8671182,-1.644389,0.0172,FALSE,-0.5703043
L,Y,67,-2.7050949,-1.8391151,-1.2222992,-1.644389,0.0172,FALSE,-0.9324604
Q,A,68,-0.3634309,-1.4981728,-0.4300931,-1.3816198,0.0206071,FALSE,-0.5671578
Q,C,68,-1.8386385,-1.5893631,-0.8169844,-1.3816198,0.0249,FALSE,-0.6528472
Q,D,68,0.6118631,-1.2639275,-0.3145682,-1.3816198,0.0135979,FALSE,-0.3859777
Q,E,68,0.3295608,-1.2329826,-0.2408746,-1.3816198,0.0154555,FALSE,-0.3660012
Q,F,68,-0.696524,-1.343998,0.2331493,-1.3816198,0.0179009,FALSE,-0.4418216
Q,G,68,-1.0818489,-1.3266792,-0.5959037,-1.3816198,0.0245593,FALSE,-0.429224
Q,H,68,-0.994136,-1.4687767,0.1644402,-1.3816198,0.0257591,FALSE,-0.5413904
Q,I,68,0.1321862,-1.678791,0.45423,-1.3816198,0.0228868,FALSE,-0.7454238
Q,K,68,-1.297339,-1.4151611,0.385521,-1.3816198,0.011324,FALSE,-0.4966843
Q,L,68,0.0224645,-1.3387566,0.0857621,-1.3816198,0.0222865,FALSE,-0.4379783
Q,M,68,0.3467554,-1.7544937,-0.4116697,-1.3816198,0.0200253,FALSE,-0.8304028
Q,N,68,-1.6080989,-1.2005539,-2.0697755,-1.3816198,0.0150312,FALSE,-0.3459935
Q,P,68,-0.9984664,-1.4729424,-1.0196418,-1.3816198,0.0135979,FALSE,-0.5449874
Q,R,68,-0.1953569,-1.4113235,1.6751588,-1.3816198,0.0145877,FALSE,-0.4935966
Q,S,68,-0.7103274,-1.5738487,-1.3696864,-1.3816198,0.009386,FALSE,-0.6376497
Q,T,68,-0.4115128,-1.4162102,-1.2222992,-1.3816198,0.0239695,FALSE,-0.4975309
Q,V,68,0.0292051,-1.4426079,0.1041855,-1.3816198,0.0230012,FALSE,-0.5192029
Q,W,68,-0.8530807,-1.6873741,-0.2090123,-1.3816198,0.0150312,FALSE,-0.754755
Q,Y,68,-0.4208147,-1.4788399,-0.8538312,-1.3816198,0.0172617,FALSE,-0.5501105
L,A,69,-4.0295805,-1.9849358,-1.6460374,-1.7441868,0.0172,FALSE,-1.1251575
L,C,69,-3.516839,-1.6842575,-1.259146,-1.7441868,0.0172,FALSE,-0.7513577
L,D,69,-2.9376835,-1.8527145,1.9330864,-1.7441868,0.0172,FALSE,-0.949545
L,E,69,-2.5510171,-2.017807,1.7488524,-1.7441868,0.0172,FALSE,-1.1713972
L,F,69,-2.4099222,-1.7632217,-2.0145053,-1.7441868,0.0172,FALSE,-0.8405868
L,G,69,-2.5554983,-1.8955307,-1.4802268,-1.7441868,0.0172,FALSE,-1.0045441
L,H,69,-3.6087357,-2.0763664,1.3435377,-1.7441868,0.0172,FALSE,-1.256186
L,I,69,-2.3618858,-1.4519577,-1.7934246,-1.7441868,0.0172,FALSE,-0.5270494
L,K,69,-3.7963759,-1.7844772,2.6331756,-1.7441868,0.0172,FALSE,-0.8657196
L,M,69,-2.6946529,-1.7216339,-1.6644608,-1.7441868,0.0172,FALSE,-0.7927759
L,N,69,-3.0185316,-1.8114738,-0.0063549,-1.7441868,0.0172,FALSE,-0.898314
L,P,69,-3.9342797,-2.0040894,-1.0564886,-1.7441868,0.02058,FALSE,-1.1519801
L,Q,69,-3.8114114,-1.8977356,0.0857621,-1.7441868,0.0172,FALSE,-1.0074257
L,R,69,-2.3307438,-1.8772354,3.9228134,-1.7441868,0.0160427,FALSE,-0.9808197
L,S,69,-2.4810038,-1.8035393,-0.7064441,-1.7441868,0.0431617,FALSE,-0.8886564
L,T,69,-3.463444,-1.8901901,-0.8538312,-1.7441868,0.0172,FALSE,-0.9975845
L,V,69,-3.0770735,-1.6573296,-2.1434691,-1.7441868,0.0150312,FALSE,-0.7224332
L,W,69,-2.9150971,-1.9926109,-1.8671182,-1.7441868,0.02628,FALSE,-1.1358649
L,Y,69,-3.6148439,-1.7930832,-1.2222992,-1.7441868,0.0172,FALSE,-0.8760285
G,A,70,-1.5325432,-2.0447273,-1.9960819,-1.4804387,0.0118841,FALSE,-1.2099976
G,C,70,-2.6312268,-1.9148941,-1.9408117,-1.4804387,0.0172,FALSE,-1.0300128
G,D,70,-0.8979623,-2.12574,1.2514207,-1.4804387,0.0300195,FALSE,-1.3299837
G,E,70,-0.7481212,-1.8144455,1.0671867,-1.4804387,0.0115548,FALSE,-0.9019476
G,F,70,-1.5222853,-2.0131645,-1.3328396,-1.4804387,0.0150097,FALSE,-1.1648066
G,H,70,-0.6003623,-2.0505524,0.6618719,-1.4804387,0.013815,FALSE,-1.2184353
G,I,70,-3.032835,-2.0287437,-1.1117588,-1.4804387,0.0249,FALSE,-1.1870005
G,K,70,-0.7824735,-1.7217941,1.9515098,-1.4804387,0.0199101,FALSE,-0.7929566
G,L,70,-0.9843814,-1.7869987,-1.4802268,-1.4804387,0.0248174,FALSE,-0.8687321
G,M,70,-1.2068492,-2.2587166,-1.9776585,-1.4804387,0.0172,FALSE,-1.5384754
G,N,70,-1.1728344,-2.0227432,-0.6880207,-1.4804387,0.0217214,FALSE,-1.1784263
G,P,70,-2.4417475,-2.086876,-1.7381544,-1.4804387,0.0172,FALSE,-1.2717211
G,Q,70,-0.5748398,-2.076641,-0.5959037,-1.4804387,0.0159093,FALSE,-1.2565906
G,R,70,-0.7679344,-1.758194,3.2411477,-1.4804387,0.0108252,FALSE,-0.8347107
G,S,70,-1.5134466,-1.9239922,-1.3881098,-1.4804387,0.01864,FALSE,-1.0421059
G,T,70,-1.9350874,-1.9788017,-1.535497,-1.4804387,0.0159771,FALSE,-1.1166393
G,V,70,-2.8193445,-2.115181,-1.4618034,-1.4804387,0.0225587,FALSE,-1.3140289
G,W,70,-2.8242226,-2.1203232,-1.7750012,-1.4804387,0.0172,FALSE,-1.3217873
G,Y,70,-1.9434754,-2.1389885,-1.9039649,-1.4804387,0.0172,FALSE,-1.3501325
K,A,71,0.0935879,-1.72509,2.1173204,-1.3531535,0.01778,FALSE,-0.7966801
K,C,71,-1.8279163,-1.3948708,1.730429,-1.3531535,0.0172,FALSE,-0.4805274
K,D,71,-1.4344145,-1.2496986,2.1223049,-1.3531535,0.0172,FALSE,-0.3766836
K,E,71,-0.2245728,-1.2529755,2.3065389,-1.3531535,0.0279458,FALSE,-0.3788075
K,F,71,-0.9672514,-1.6818581,2.7805627,-1.3531535,0.0208479,FALSE,-0.7487493
K,G,71,0.405228,-1.5035248,1.9515098,-1.3531535,0.0145351,FALSE,-0.5719458
K,H,71,-1.2125959,-1.6260643,-0.8722546,-1.3531535,0.0160323,FALSE,-0.6898142
K,I,71,-0.4051437,-1.5482254,3.0016435,-1.3531535,0.0184848,FALSE,-0.613107
K,L,71,-0.7306837,-1.4798698,2.6331756,-1.3531535,0.0108676,FALSE,-0.5510088
K,M,71,-0.3111813,-1.4116516,2.1357438,-1.3531535,0.0172,FALSE,-0.49386
K,N,71,-0.68727,-1.0632362,0.4776379,-1.3531535,0.016136,FALSE,-0.2711917
K,P,71,0.7485779,-1.6673775,1.5277716,-1.3531535,0.0172966,FALSE,-0.7331363
K,Q,71,-0.4284097,-1.4907761,0.385521,-1.3531535,0.0134898,FALSE,-0.5605896
K,R,71,-0.3322294,-0.779541,-0.8722546,-1.3531535,0.0121948,FALSE,-0.1601105
K,S,71,-0.3771301,-1.4898415,1.1777271,-1.3531535,0.0189937,FALSE,-0.5597638
K,T,71,1.1018134,-1.661541,1.3251143,-1.3531535,0.0159113,FALSE,-0.7269062
K,V,71,-1.1049666,-1.666748,2.6515989,-1.3531535,0.0141157,FALSE,-0.7324626
K,W,71,-0.5250616,-1.7684784,2.3384012,-1.3531535,0.015013,FALSE,-0.8467587
K,Y,71,-0.3602492,-1.4727135,1.6935822,-1.3531535,0.0375,FALSE,-0.5447893
C,A,72,-3.4283741,-2.1708984,-1.7750012,-1.7269318,0.0160298,FALSE,-1.3992457
C,D,72,-3.6366445,-1.9463081,1.0303399,-1.7269318,0.0172,FALSE,-1.0721068
C,E,72,-3.4906411,-1.8797913,0.8461059,-1.7269318,0.0172,FALSE,-0.9841141
C,F,72,-2.7344217,-1.9076653,-1.1117588,-1.7269318,0.0136405,FALSE,-1.0204618
C,G,72,-3.8510105,-1.9483299,-1.9408117,-1.7269318,0.0195129,FALSE,-1.0748484
C,H,72,-3.6002586,-2.0680237,0.4407911,-1.7269318,0.0172,FALSE,-1.2439219
C,I,72,-3.3996634,-1.846592,-0.890678,-1.7269318,0.0172,FALSE,-0.9418303
C,K,72,-3.2068406,-1.792984,1.730429,-1.7269318,0.0172,FALSE,-0.8759093
C,L,72,-3.5516829,-2.0269852,-1.259146,-1.7269318,0.0172,FALSE,-1.1844844
C,M,72,-1.680486,-1.945961,-1.7565778,-1.7269318,0.0172,FALSE,-1.0716365
C,N,72,-3.5405511,-2.0050697,-0.9091014,-1.7269318,0.0172,FALSE,-1.153362
C,P,72,-4.1130746,-1.9222412,-1.9592351,-1.7269318,0.0160298,FALSE,-1.0397722
C,Q,72,-3.3405263,-2.0086899,-0.8169844,-1.7269318,0.0172,FALSE,-1.1584729
C,R,72,-2.9540447,-2.0228462,3.0200669,-1.7269318,0.0247843,FALSE,-1.1785732
C,S,72,-3.7117211,-1.8897934,-1.6091906,-1.7269318,0.0150087,FALSE,-0.9970686
C,T,72,-4.0510493,-2.0118408,-1.7565778,-1.7269318,0.0172,FALSE,-1.162931
C,V,72,-2.9364746,-1.9361839,-1.2407226,-1.7269318,0.0172,FALSE,-1.0584367
C,W,72,-3.2269424,-2.1365623,-1.5539204,-1.7269318,0.0121955,FALSE,-1.3464318
C,Y,72,-2.8907812,-2.0324974,-2.1250457,-1.7269318,0.0146694,FALSE,-1.1923808
N,A,73,-1.3670249,-1.3971558,-0.5222101,-1.8033774,0.0150073,FALSE,-0.4823262
N,C,73,-1.9515091,-1.5282059,-0.9091014,-1.8033774,0.016029,FALSE,-0.5944134
N,D,73,-0.9439897,-1.0184784,-0.2224512,-1.8033774,0.0294979,FALSE,-0.2500456
N,E,73,-1.418668,-1.3632088,-0.3329916,-1.8033774,0.0147,FALSE,-0.4561375
N,F,73,-3.1790594,-1.1403542,0.1410323,-1.8033774,0.0172,FALSE,-0.3112809
N,G,73,-0.8164247,-1.4038239,-0.6880207,-1.8033774,0.0133294,FALSE,-0.4876055
N,H,73,-1.9766088,-1.4241409,0.0723232,-1.8033774,0.0147,FALSE,-0.5039674
N,I,73,-3.5448743,-1.3871956,0.362113,-1.8033774,0.0192348,FALSE,-0.4745234
N,K,73,-1.8049384,-1.2772255,0.4776379,-1.8033774,0.0131942,FALSE,-0.3948329
N,L,73,-3.4529912,-1.3822479,-0.0063549,-1.8033774,0.0150073,FALSE,-0.4706842
N,M,73,-1.5153273,-1.4992561,-0.5037867,-1.8033774,0.0172,FALSE,-0.5681245
N,P,73,-3.4782521,-1.355259,-1.1117588,-1.8033774,0.0172,FALSE,-0.4501694
N,Q,73,-1.0450501,-1.3339844,-2.0697755,-1.8033774,0.0191406,FALSE,-0.4345023
N,R,73,-2.0710494,-1.4515266,1.7672758,-1.8033774,0.0133104,FALSE,-0.5266857
N,S,73,-0.1338003,-0.6552124,-1.4618034,-1.8033774,0.0197048,FALSE,-0.1261054
N,T,73,-0.3769978,-1.1392632,-1.3144162,-1.8033774,0.017309,FALSE,-0.3106802
N,V,73,-3.6610503,-1.2279396,0.0120685,-1.8033774,0.0172,FALSE,-0.3628281
N,W,73,-2.7532485,-1.317234,-0.3011293,-1.8033774,0.0172,FALSE,-0.4224757
N,Y,73,-3.0226844,-1.3593979,-0.9459482,-1.8033774,0.016029,FALSE,-0.4532688
I,A,74,-3.7278117,-1.2819786,-1.2775694,-1.9062049,0.0172,FALSE,-0.3980379
I,C,74,-2.3858281,-1.5256729,-0.890678,-1.9062049,0.0172,FALSE,-0.5920782
I,D,74,-3.8459406,-1.6232414,2.3015544,-1.9062049,0.0172,FALSE,-0.6869201
I,E,74,-3.5891538,-1.5664978,2.1173204,-1.9062049,0.0172,FALSE,-0.6305379
I,F,74,-1.0072698,-1.4388809,-1.9408117,-1.9062049,0.0225544,FALSE,-0.5161001
I,G,74,-3.6921784,-1.5910187,-1.1117588,-1.9062049,0.0172,FALSE,-0.654484
I,H,74,-3.3235101,-1.5882645,1.7120056,-1.9062049,0.0172,FALSE,-0.6517626
I,K,74,-3.5327122,-1.4883041,3.0016435,-1.9062049,0.0172,FALSE,-0.5584072
I,L,74,-0.2368815,-1.7037926,-1.7934246,-1.9062049,0.0112109,FALSE,-0.7728215
I,M,74,-1.2190819,-1.3783646,-1.2959928,-1.9062049,0.0209062,FALSE,-0.467688
I,N,74,-3.3358851,-1.4653397,0.362113,-1.9062049,0.0141465,FALSE,-0.5384361
I,P,74,-1.5478391,-1.5953407,-0.6880207,-1.9062049,0.0172,FALSE,-0.6587707
I,Q,74,-2.9123714,-1.7365036,0.45423,-1.9062049,0.0172,FALSE,-0.8096627
I,R,74,-3.687095,-1.6219254,4.2912814,-1.9062049,0.0172,FALSE,-0.6855738
I,S,74,-4.2415469,-1.9426041,-0.3379761,-1.9062049,0.0172,FALSE,-1.0670941
I,T,74,-2.5616682,-1.5870361,-0.4853633,-1.9062049,0.0116744,FALSE,-0.6505515
I,V,74,-0.357136,-0.3422318,-1.811848,-1.9062049,0.0227149,FALSE,-0.0681513
I,W,74,-2.8863808,-1.5471878,-1.4986502,-1.9062049,0.0172,FALSE,-0.6121278
I,Y,74,-3.8329642,-1.4776268,-0.8538312,-1.9062049,0.0172,FALSE,-0.5490537
T,A,75,-1.2361695,1.4219284,-1.3696864,-1.9359899,0.0213613,FALSE,-0.0018596
T,C,75,-1.2222731,-0.3665924,-1.7565778,-1.9359899,0.0172,FALSE,-0.0715366
T,D,75,-3.7196832,-0.3405533,0.6250251,-1.9359899,0.02752,FALSE,-0.0679239
T,E,75,-2.2937047,-0.1767082,0.4407911,-1.9359899,0.0210353,FALSE,-0.0489308
T,F,75,-2.3337956,-0.235363,-0.7064441,-1.9359899,0.0150252,FALSE,-0.055046
T,G,75,-1.7457765,-0.3814545,-1.535497,-1.9359899,0.0133306,FALSE,-0.0736809
T,H,75,-1.6754554,-0.3860016,0.0354764,-1.9359899,0.0160064,FALSE,-0.0743493
T,I,75,-0.1285466,-0.1609192,-0.4853633,-1.9359899,0.0198658,FALSE,-0.0474012
T,K,75,-1.8426958,-0.464489,1.3251143,-1.9359899,0.0172,FALSE,-0.086847
T,L,75,-0.4603406,-0.1388817,-0.8538312,-1.9359899,0.0101335,FALSE,-0.0453441
T,M,75,-1.1816365,-0.1875954,-1.351263,-1.9359899,0.0160392,FALSE,-0.0500134
T,N,75,-1.5477648,-0.172905,-1.3144162,-1.9359899,0.0098966,FALSE,-0.048558
T,P,75,-0.9653023,-0.3207207,-1.9592351,-1.9359899,0.0114165,FALSE,-0.0652912
T,Q,75,-1.8181813,-0.5119858,-1.2222992,-1.9359899,0.0178873,FALSE,-0.0953623
T,R,75,-2.0921319,-0.340889,2.6147522,-1.9359899,0.0172,FALSE,-0.0679693
T,S,75,-1.4597219,-0.547226,-2.0145053,-1.9359899,0.0254962,FALSE,-0.1021886
T,V,75,-0.189822,-0.244606,-0.8354078,-1.9359899,0.0142228,FALSE,-0.0560752
T,W,75,-2.5837851,-0.1366005,-1.1486056,-1.9359899,0.0160392,FALSE,-0.0451362
T,Y,75,-1.960898,-0.2659569,-1.7934246,-1.9359899,0.020437,FALSE,-0.0585245
G,A,76,-1.6170158,-1.9817162,-1.9960819,-1.8851707,0.014899,FALSE,-1.1206821
G,C,76,-3.3740967,-1.8419342,-1.9408117,-1.8851707,0.0172,FALSE,-0.9359866
G,D,76,-3.2829711,-1.9104462,1.2514207,-1.8851707,0.0172,FALSE,-1.02413
G,E,76,-2.585394,-1.8974457,1.0671867,-1.8851707,0.0147607,FALSE,-1.0070465
G,F,76,-3.5439777,-1.9959259,-1.3328396,-1.8851707,0.0172,FALSE,-1.1405065
G,H,76,-3.6314865,-1.9443779,0.6618719,-1.8851707,0.0172,FALSE,-1.069493
G,I,76,-3.9629315,-2.1069756,-1.1117588,-1.8851707,0.0172,FALSE,-1.3016946
G,K,76,-2.8973036,-1.8731079,1.9515098,-1.8851707,0.0172,FALSE,-0.9755133
G,L,76,-3.6277247,-1.953701,-1.4802268,-1.8851707,0.0172,FALSE,-1.0821509
G,M,76,-2.809392,-1.8651505,-1.9776585,-1.8851707,0.0172,FALSE,-0.965331
G,N,76,-3.4807186,-1.9587708,-0.6880207,-1.8851707,0.0172,FALSE,-1.0890688
G,P,76,-4.1305992,-1.9297523,-1.7381544,-1.8851707,0.0172,FALSE,-1.0498037
G,Q,76,-3.3781421,-2.0296364,-0.5959037,-1.8851707,0.0172,FALSE,-1.1882789
G,R,76,-3.1430094,-1.8756828,3.2411477,-1.8851707,0.0187335,FALSE,-0.9788216
G,S,76,-3.4392199,-2.12986,-1.3881098,-1.8851707,0.0150143,FALSE,-1.3362341
G,T,76,-3.8687867,-1.9455986,-1.535497,-1.8851707,0.0172,FALSE,-1.0711456
G,V,76,-2.6119518,-2.1694183,-1.4618034,-1.8851707,0.0135901,FALSE,-1.3969497
G,W,76,-3.0436658,-1.7084961,-1.7750012,-1.8851707,0.0172,FALSE,-0.7780495
G,Y,76,-3.6405904,-2.0309753,-1.9039649,-1.8851707,0.0172,FALSE,-1.1901976
W,A,77,-3.880289,-2.2228775,-1.9408117,-1.7524135,0.0172,FALSE,-1.4809561
W,C,77,-2.5699018,-2.1275063,-1.5539204,-1.7524135,0.0187842,FALSE,-1.3326616
W,D,77,-3.3933728,-2.0404205,1.638312,-1.7524135,0.0172,FALSE,-1.2037786
W,E,77,-3.1381987,-2.0065308,1.4540781,-1.7524135,0.0172,FALSE,-1.1554233
W,F,77,-3.2806524,-2.0415115,-1.719731,-1.7524135,0.0172,FALSE,-1.2053524
W,G,77,-2.6756847,-1.9330254,-1.7750012,-1.7524135,0.0133128,FALSE,-1.0541921
W,H,77,-3.349218,-2.126152,1.0487633,-1.7524135,0.0172,FALSE,-1.3306081
W,I,77,-3.0632213,-2.288231,-1.4986502,-1.7524135,0.0172,FALSE,-1.5865359
W,K,77,-2.9839145,-2.0328827,2.3384012,-1.7524135,0.0172,FALSE,-1.1929338
W,L,77,-2.648882,-1.8781395,-1.8671182,-1.7524135,0.0172,FALSE,-0.9819843
W,M,77,-3.1883988,-2.1018562,-1.9592351,-1.7524135,0.0172,FALSE,-1.2940278
W,N,77,-2.9898413,-1.8380508,-0.3011293,-1.7524135,0.0172,FALSE,-0.9311313
W,P,77,-4.2220739,-2.1665192,-1.351263,-1.7524135,0.0172,FALSE,-1.3924574
W,Q,77,-3.1035307,-2.1524582,-0.2090123,-1.7524135,0.0172,FALSE,-1.3707643
W,R,77,-3.5585329,-1.6022606,3.6280391,-1.7524135,0.0159077,FALSE,-0.6656753
W,S,77,-3.7445859,-2.0014954,-1.0012184,-1.7524135,0.0160298,FALSE,-1.1483276
W,T,77,-3.6922951,-2.0506248,-1.1486056,-1.7524135,0.0172,FALSE,-1.2185403
W,V,77,-2.6698507,-2.152588,-1.8486948,-1.7524135,0.0172,FALSE,-1.3709638
W,Y,77,-3.0965491,-2.1163445,-1.5170736,-1.7524135,0.0172,FALSE,-1.3157824
L,A,78,-3.3154243,-1.3894615,-1.6460374,-1.8659592,0.0172,FALSE,-0.4762898
L,C,78,-3.5271748,-1.1557999,-1.259146,-1.8659592,0.0172,FALSE,-0.319893
L,D,78,-2.7346592,-1.5468445,1.9330864,-1.8659592,0.015017,FALSE,-0.611804
L,E,78,-3.3279469,-1.3277245,1.7488524,-1.8659592,0.0172,FALSE,-0.4299761
L,F,78,-2.4617048,-1.4000244,-2.0145053,-1.8659592,0.0172,FALSE,-0.4845919
L,G,78,-3.1279732,-1.5459671,-1.4802268,-1.8659592,0.0172,FALSE,-0.6109772
L,H,78,-2.9048485,-1.3951492,1.3435377,-1.8659592,0.015017,FALSE,-0.4807462
L,I,78,-2.6858949,-0.3334084,-1.7934246,-1.8659592,0.0110408,FALSE,-0.0669638
L,K,78,-3.452315,-1.5817413,2.6331756,-1.8659592,0.0172,FALSE,-0.6453492
L,M,78,-1.8075402,-1.1584511,-1.6644608,-1.8659592,0.0172,FALSE,-0.3213913
L,N,78,-3.1359959,-1.5335083,-0.0063549,-1.8659592,0.0172,FALSE,-0.5993236
L,P,78,-2.1690929,-1.6396103,-1.0564886,-1.8659592,0.0136798,FALSE,-0.7038194
L,Q,78,-3.5409937,-1.4522171,0.0857621,-1.8659592,0.0172,FALSE,-0.5272684
L,R,78,-3.14972,-1.1644478,3.9228134,-1.8659592,0.0157346,FALSE,-0.3248025
L,S,78,-1.3395046,-1.5339165,-0.7064441,-1.8659592,0.0172,FALSE,-0.5997028
L,T,78,-3.7068263,-1.4509315,-0.8538312,-1.8659592,0.0172,FALSE,-0.5261838
L,V,78,-1.4833743,-1.125248,-2.1434691,-1.8659592,0.0151186,FALSE,-0.3030501
L,W,78,-3.0891765,-1.2341423,-1.8671182,-1.8659592,0.0172,FALSE,-0.3667341
L,Y,78,-3.5137892,-1.4452782,-1.2222992,-1.8659592,0.0172,FALSE,-0.5214347
L,A,79,-2.8178549,-2.139717,-1.6460374,-1.879104,0.0160334,FALSE,-1.3512445
L,C,79,-3.4558046,-2.0042343,-1.259146,-1.879104,0.015015,FALSE,-1.1521843
L,D,79,-3.7405821,-1.7825508,1.9330864,-1.879104,0.0249,FALSE,-0.8634225
L,E,79,-3.4252703,-1.7634544,1.7488524,-1.879104,0.0172,FALSE,-0.8408594
L,F,79,-2.9868243,-2.012249,-2.0145053,-1.879104,0.0141183,FALSE,-1.1635092
L,G,79,-4.2918157,-1.862957,-1.4802268,-1.879104,0.0172,FALSE,-0.9625354
L,H,79,-3.8690764,-2.0091248,1.3435377,-1.879104,0.0172,FALSE,-1.1590877
L,I,79,-1.1958537,-1.9602203,-1.7934246,-1.879104,0.0133327,FALSE,-1.0910512
L,K,79,-3.7909458,-1.9257736,2.6331756,-1.879104,0.0172,FALSE,-1.0444831
L,M,79,-2.2258328,-1.9179611,-1.6644608,-1.879104,0.0210236,FALSE,-1.0340804
L,N,79,-2.668707,-1.8048973,-0.0063549,-1.879104,0.0172,FALSE,-0.8903048
L,P,79,-1.8828925,-2.1712646,-1.0564886,-1.879104,0.0172,FALSE,-1.3998141
L,Q,79,-3.4663693,-2.0684814,0.0857621,-1.879104,0.0172,FALSE,-1.2445931
L,R,79,-2.3684533,-2.0316467,3.9228134,-1.879104,0.0172,FALSE,-1.1911604
L,S,79,-3.4251401,-1.8117409,-0.7064441,-1.879104,0.0261235,FALSE,-0.8986402
L,T,79,-2.5698053,-2.0340614,-0.8538312,-1.879104,0.0160334,FALSE,-1.1946262
L,V,79,-2.6393158,-1.9217072,-2.1434691,-1.879104,0.0212297,FALSE,-1.0390611
L,W,79,-2.4864573,-2.0186005,-1.8671182,-1.879104,0.0224468,FALSE,-1.1725257
L,Y,79,-2.5455346,-1.831871,-1.2222992,-1.879104,0.020496,FALSE,-0.9234363
G,A,80,-2.166666,-1.820507,-1.9960819,-1.6858736,0.0150104,FALSE,-0.9093874
G,C,80,-3.7364939,-2.0263672,-1.9408117,-1.6858736,0.0172,FALSE,-1.1836008
G,D,80,-4.0555228,-2.1150742,1.2514207,-1.6858736,0.0172,FALSE,-1.313868
G,E,80,-3.2030416,-2.1369057,1.0671867,-1.6858736,0.0185394,FALSE,-1.3469553
G,F,80,-4.0052772,-1.9627228,-1.3328396,-1.6858736,0.0172,FALSE,-1.0944784
G,H,80,-3.8790862,-2.1111984,0.6618719,-1.6858736,0.0172,FALSE,-1.3080352
G,I,80,-4.2614902,-1.8981857,-1.1117588,-1.6858736,0.0172,FALSE,-1.0080145
G,K,80,-3.3540551,-2.2220726,1.9515098,-1.6858736,0.0172,FALSE,-1.4796752
G,L,80,-4.5031802,-2.0377197,-1.4802268,-1.6858736,0.0172,FALSE,-1.199887
G,M,80,-3.2293042,-1.9995575,-1.9776585,-1.6858736,0.0172,FALSE,-1.145603
G,N,80,-3.6618083,-1.9855194,-0.6880207,-1.6858736,0.0172,FALSE,-1.1259697
G,P,80,-3.7689418,-2.1345978,-1.7381544,-1.6858736,0.0172,FALSE,-1.343439
G,Q,80,-3.2901837,-2.0815315,-0.5959037,-1.6858736,0.0172,FALSE,-1.263809
G,R,80,-3.1997606,-2.0271034,3.2411477,-1.6858736,0.0185965,FALSE,-1.1846535
G,S,80,-4.0887236,-2.0843925,-1.3881098,-1.6858736,0.0172,FALSE,-1.2680414
G,T,80,-4.0092377,-2.0359993,-1.535497,-1.6858736,0.0172,FALSE,-1.1974115
G,V,80,-2.5546581,-1.8458939,-1.4618034,-1.6858736,0.0165205,FALSE,-0.9409531
G,W,80,-3.2408316,-1.9793243,-1.7750012,-1.6858736,0.0172,FALSE,-1.1173636
G,Y,80,-3.7633473,-1.9606361,-1.9039649,-1.6858736,0.0172,FALSE,-1.0916202
N,A,81,-2.2983042,-1.6240234,-0.5222101,-1.7075106,0.0172,FALSE,-0.687721
N,C,81,-3.3565268,-1.9003716,-0.9091014,-1.7075106,0.0172,FALSE,-1.0108769
N,D,81,-2.3143316,-1.6685295,-0.2224512,-1.7075106,0.0226723,FALSE,-0.7343702
N,E,81,-3.1504689,-1.7855835,-0.3329916,-1.7075106,0.0172,FALSE,-0.8670405
N,F,81,-3.8398228,-1.892601,0.1410323,-1.7075106,0.0172,FALSE,-1.0007228
N,G,81,-3.63759,-1.8103371,-0.6880207,-1.7075106,0.0172,FALSE,-0.8969265
N,H,81,-0.8691939,-1.7357826,0.0723232,-1.7075106,0.0172516,FALSE,-0.8088385
N,I,81,-2.6821735,-2.019802,0.362113,-1.7075106,0.0172,FALSE,-1.1742354
N,K,81,-2.6185705,-1.9068642,0.4776379,-1.7075106,0.0145445,FALSE,-1.0194065
N,L,81,-3.5361054,-1.8320122,-0.0063549,-1.7075106,0.0147,FALSE,-0.9236116
N,M,81,-3.4415141,-1.788948,-0.5037867,-1.7075106,0.0172,FALSE,-0.8710655
N,P,81,-4.9202186,-2.114891,-1.1117588,-1.7075106,0.0172,FALSE,-1.313592
N,Q,81,-3.1642291,-1.975441,-2.0697755,-1.7075106,0.0172,FALSE,-1.1119873
N,R,81,-3.2539913,-1.7359009,1.7672758,-1.7075106,0.0160346,FALSE,-0.8089737
N,S,81,-1.5378411,-1.7149162,-1.4618034,-1.7075106,0.0172,FALSE,-0.7852232
N,T,81,-2.5647586,-1.8865585,-1.3144162,-1.7075106,0.015991,FALSE,-0.992868
N,V,81,-3.3457719,-1.7807198,0.0120685,-1.7075106,0.0160346,FALSE,-0.8612427
N,W,81,-3.3630287,-1.9545784,-0.3011293,-1.7075106,0.0172,FALSE,-1.0833464
N,Y,81,-3.5952208,-1.8919029,-0.9459482,-1.7075106,0.0172,FALSE,-0.9998135
P,A,82,-3.4643384,-2.0624962,-1.5723438,-1.5334296,0.019236,FALSE,-1.2358296
P,C,82,-3.1365825,-2.1569214,-1.9592351,-1.5334296,0.0172,FALSE,-1.3776329
P,D,82,-2.995985,-2.0303612,0.8276825,-1.5334296,0.01603,FALSE,-1.1893174
P,E,82,-2.8480643,-1.9804115,0.6434485,-1.5334296,0.0172,FALSE,-1.1188713
P,F,82,-3.7895952,-2.1545753,-0.9091014,-1.5334296,0.0172,FALSE,-1.3740204
P,G,82,-3.7197246,-1.913105,-1.7381544,-1.5334296,0.0172,FALSE,-1.0276442
P,H,82,-1.3010051,-1.9370918,0.2381338,-1.5334296,0.0172,FALSE,-1.0596586
P,I,82,-3.7578171,-1.8287392,-0.6880207,-1.5334296,0.0172,FALSE,-0.9195514
P,K,82,-3.3956907,-1.7718239,1.5277716,-1.5334296,0.0172,FALSE,-0.8507017
P,L,82,-2.8727439,-2.0589256,-1.0564886,-1.5334296,0.0136046,FALSE,-1.2306164
P,M,82,-3.2296104,-2.100174,-1.5539204,-1.5334296,0.0172,FALSE,-1.2915134
P,N,82,-3.7454384,-1.9594193,-1.1117588,-1.5334296,0.0172,FALSE,-1.0899555
P,Q,82,-3.5800159,-2.007824,-1.0196418,-1.5334296,0.0172,FALSE,-1.1572493
P,R,82,-3.6876548,-1.8034325,2.8174095,-1.5334296,0.01603,FALSE,-0.8885269
P,S,82,-3.0971597,-2.023487,-1.811848,-1.5334296,0.020545,FALSE,-1.1794874
P,T,82,-3.0204668,-2.0820198,-1.9592351,-1.5334296,0.0090863,FALSE,-1.2645309
P,V,82,-3.3829252,-1.6249619,-1.0380652,-1.5334296,0.0172,FALSE,-0.688683
P,W,82,-3.4882262,-2.026474,-1.351263,-1.5334296,0.0172,FALSE,-1.1837535
P,Y,82,-3.6913793,-1.7579231,-1.9960819,-1.5334296,0.0172,FALSE,-0.8343949
E,A,83,-0.5647488,-1.2911034,1.2329973,-1.2916639,0.0153478,FALSE,-0.4042501
E,C,83,-2.0173305,-1.5286865,0.8461059,-1.2916639,0.0206218,FALSE,-0.5948572
E,D,83,-1.1315471,-1.3852158,-1.9776585,-1.2916639,0.0123613,FALSE,-0.4729843
E,F,83,-1.8490519,-1.6424141,1.8962396,-1.2916639,0.0173803,FALSE,-0.7067425
E,G,83,-1.1329289,-1.4864731,1.0671867,-1.2916639,0.0149497,FALSE,-0.5567949
E,H,83,-2.2151037,-1.7114105,1.8275305,-1.2916639,0.015942,FALSE,-0.7813006
E,I,83,-2.0915781,-1.5485878,2.1173204,-1.2916639,0.0133318,FALSE,-0.6134493
E,K,83,-1.9618677,-0.9868736,2.3065389,-1.2916639,0.0218602,FALSE,-0.2360006
E,L,83,-1.4007135,-1.3502274,1.7488524,-1.2916639,0.03415,FALSE,-0.4464242
E,M,83,-1.3126361,-1.627121,1.2514207,-1.2916639,0.028021,FALSE,-0.6908997
E,N,83,-0.702569,-1.6025658,-0.3329916,-1.2916639,0.0113872,FALSE,-0.665981
E,P,83,-4.458071,-1.5773048,0.6434485,-1.2916639,0.0172,FALSE,-0.6410131
E,Q,83,-1.4093913,-1.6348724,-0.2408746,-1.2916639,0.016935,FALSE,-0.6988987
E,R,83,-3.4089627,-1.6095161,3.5961768,-1.2916639,0.0172,FALSE,-0.6729693
E,S,83,-1.5889895,-1.426506,0.293404,-1.2916639,0.0187392,FALSE,-0.5058993
E,T,83,-1.4576156,-1.5269089,0.4407911,-1.2916639,0.0268,FALSE,-0.5932168
E,V,83,-1.9960015,-1.3836021,1.7672758,-1.2916639,0.0150107,FALSE,-0.4717326
E,W,83,-1.5835603,-1.442173,1.4540781,-1.2916639,0.0172,FALSE,-0.5188401
E,Y,83,-0.5596586,-1.6852379,0.8092591,-1.2916639,0.0147,FALSE,-0.7524253
C,A,84,-3.7500029,-1.9871063,-1.7750012,-1.7214336,0.0172,FALSE,-1.12818
C,D,84,-3.3631087,-2.1882286,1.0303399,-1.7214336,0.0172,FALSE,-1.4262574
C,E,84,-3.3883504,-1.992939,0.8461059,-1.7214336,0.0172,FALSE,-1.1363239
C,F,84,-2.71539,-1.9958725,-1.1117588,-1.7214336,0.0201685,FALSE,-1.1404316
C,G,84,-2.9822344,-1.9508209,-1.9408117,-1.7214336,0.0160217,FALSE,-1.0782317
C,H,84,-3.7313847,-2.1369057,0.4407911,-1.7214336,0.0172,FALSE,-1.3469553
C,I,84,-3.5970235,-1.9270821,-0.890678,-1.7214336,0.0172,FALSE,-1.0462312
C,K,84,-3.4125182,-1.9392967,1.730429,-1.7214336,0.0172,FALSE,-1.0626292
C,L,84,-4.6814012,-2.019535,-1.259146,-1.7214336,0.0172,FALSE,-1.1738554
C,M,84,-3.020878,-2.149578,-1.7565778,-1.7214336,0.0172,FALSE,-1.3663403
C,N,84,-3.039158,-1.9793091,-0.9091014,-1.7214336,0.0172,FALSE,-1.1173425
C,P,84,-3.7495796,-2.0781708,-1.9592351,-1.7214336,0.0172,FALSE,-1.2588464
C,Q,84,-3.4536014,-2.0636253,-0.8169844,-1.7214336,0.0172,FALSE,-1.2374804
C,R,84,-2.7712101,-1.9724312,3.0200669,-1.7214336,0.0215587,FALSE,-1.10783
C,S,84,-3.3800291,-1.9329033,-1.6091906,-1.7214336,0.0192415,FALSE,-1.0540282
C,T,84,-3.5320889,-1.9674225,-1.7565778,-1.7214336,0.0172,FALSE,-1.1009306
C,V,84,-3.0756538,-2.0989723,-1.2407226,-1.7214336,0.01764,FALSE,-1.2897186
C,W,84,-2.2818973,-2.1132126,-1.5539204,-1.7214336,0.0150171,FALSE,-1.3110649
C,Y,84,-3.0054972,-2.0436668,-2.1250457,-1.7214336,0.0099356,FALSE,-1.2084647
D,A,85,-2.6881775,-0.9352226,1.4172313,-1.3026471,0.02058,FALSE,-0.2145506
D,C,85,-2.7220501,-0.8947525,1.0303399,-1.3026471,0.0172,FALSE,-0.1989825
D,E,85,-0.8108995,0.1458931,-1.9776585,-1.3026471,0.0090036,FALSE,-0.0254713
D,F,85,-3.4099294,-1.0435677,2.0804736,-1.3026471,0.0172,FALSE,-0.2617139
D,G,85,-2.6747322,-0.9200401,1.2514207,-1.3026471,0.0248986,FALSE,-0.2085862
D,H,85,-2.9620626,-1.013134,2.0117645,-1.3026471,0.0160306,FALSE,-0.24762
D,I,85,-3.6237391,-1.1337891,2.3015544,-1.3026471,0.0172,FALSE,-0.3076807
D,K,85,-3.8707695,-0.8187408,2.1223049,-1.3026471,0.0172,FALSE,-0.1724785
D,L,85,-2.7647467,-0.8911362,1.9330864,-1.3026471,0.0150101,FALSE,-0.1976423
D,M,85,-2.8698979,-1.2313995,1.4356547,-1.3026471,0.0172,FALSE,-0.3650026
D,N,85,-2.4705052,-0.770607,-0.2224512,-1.3026471,0.0074489,FALSE,-0.1574085
D,P,85,-3.687546,-1.0313606,0.8276825,-1.3026471,0.0172,FALSE,-0.2559784
D,Q,85,-2.337764,-1.0839157,-0.3145682,-1.3026471,0.0160306,FALSE,-0.2814775
D,R,85,-4.0613375,-1.0308533,3.4119428,-1.3026471,0.0172,FALSE,-0.2557424
D,S,85,-3.1342663,-0.7990761,0.4776379,-1.3026471,0.0160306,FALSE,-0.1661683
D,T,85,-2.1380939,-0.9870491,0.6250251,-1.3026471,0.0147,FALSE,-0.2360767
D,V,85,-3.1597303,-0.9355736,1.9515098,-1.3026471,0.0160306,FALSE,-0.2146902
D,W,85,-3.2505052,-1.1771812,1.638312,-1.3026471,0.0172,FALSE,-0.3321474
D,Y,85,-2.3829035,-1.161377,0.9934931,-1.3026471,0.0113417,FALSE,-0.3230519
S,A,86,-0.0763407,-0.9216118,-1.2222992,-1.1785526,0.010571,FALSE,-0.2091966
S,C,86,-1.5862075,-0.9456215,-1.6091906,-1.1785526,0.0172,FALSE,-0.2187235
S,D,86,0.5301163,-0.8343582,0.4776379,-1.1785526,0.0117182,FALSE,-0.1776455
S,E,86,0.1522911,-0.9323463,0.293404,-1.1785526,0.0180951,FALSE,-0.213409
S,F,86,-0.3689774,-0.6569443,-0.5590569,-1.1785526,0.0251575,FALSE,-0.1265288
S,G,86,-0.6983719,-0.8637085,-1.3881098,-1.1785526,0.0174695,FALSE,-0.1877402
S,H,86,0.3367477,-0.9821854,-0.1119108,-1.1785526,0.0492923,FALSE,-0.2339778
S,I,86,0.1430422,-0.6339989,-0.3379761,-1.1785526,0.0239035,FALSE,-0.1210258
S,K,86,-1.4445864,-1.1444283,1.1777271,-1.1785526,0.0189755,FALSE,-0.3135331
S,L,86,0.3626202,-0.2401848,-0.7064441,-1.1785526,0.0175323,FALSE,-0.0555806
S,M,86,-0.3173206,-0.5900078,-1.2038758,-1.1785526,0.0210137,FALSE,-0.1110997
S,N,86,-0.4939862,-0.9464684,-1.4618034,-1.1785526,0.0160316,FALSE,-0.2190665
S,P,86,-0.4857333,-0.5392227,-1.811848,-1.1785526,0.0114208,FALSE,-0.1005987
S,Q,86,-0.1726209,-0.9306755,-1.3696864,-1.1785526,0.0153256,FALSE,-0.2127484
S,R,86,-0.8715413,-0.8050652,2.467365,-1.1785526,0.02058,FALSE,-0.1680673
S,T,86,-0.5285052,-0.8952942,-2.0145053,-1.1785526,0.0257559,FALSE,-0.199184
S,V,86,-0.1932338,-0.6657104,-0.6880207,-1.1785526,0.0169008,FALSE,-0.1286926
S,W,86,-0.8540566,-1.127533,-1.0012184,-1.1785526,0.0249,FALSE,-0.3042831
S,Y,86,0.5278101,-1.0882187,-1.6460374,-1.1785526,0.0135944,FALSE,-0.2836597
L,A,87,-2.5650349,-1.3734131,-1.6460374,-1.5217026,0.0172,FALSE,-0.4638894
L,C,87,-2.9655193,-1.5877266,-1.259146,-1.5217026,0.0172,FALSE,-0.6512321
L,D,87,-2.4042617,-1.2219734,1.9330864,-1.5217026,0.015008,FALSE,-0.3591036
L,E,87,-3.3373875,-1.5779419,1.7488524,-1.5217026,0.0172,FALSE,-0.6416345
L,F,87,-3.3446492,-1.07547,-2.0145053,-1.5217026,0.0172,FALSE,-0.2772365
L,G,87,-3.6315594,-1.3830833,-1.4802268,-1.5217026,0.0172,FALSE,-0.4713308
L,H,87,-2.9315952,-1.5572624,1.3435377,-1.5217026,0.0172,FALSE,-0.6216838
L,I,87,-0.980709,-1.3189735,-1.7934246,-1.5217026,0.0258453,FALSE,-0.423712
L,K,87,-3.4889303,-1.5582352,2.6331756,-1.5217026,0.0172,FALSE,-0.6226122
L,M,87,-2.1024638,-1.0046196,-1.6644608,-1.5217026,0.0077683,FALSE,-0.2437985
L,N,87,-3.6413077,-1.4745865,-0.0063549,-1.5217026,0.0172,FALSE,-0.546412
L,P,87,-2.9100055,-1.6037827,-1.0564886,-1.5217026,0.0176728,FALSE,-0.6672008
L,Q,87,-2.6315185,-1.3107986,0.0857621,-1.5217026,0.0120368,FALSE,-0.4179268
L,R,87,-2.6989924,-1.5645943,3.9228134,-1.5217026,0.0192353,FALSE,-0.6287056
L,S,87,-3.35376,-1.5031357,-0.7064441,-1.5217026,0.0172,FALSE,-0.5715967
L,T,87,-2.6850024,-1.0022011,-0.8538312,-1.5217026,0.0172,FALSE,-0.2427225
L,V,87,-2.6389823,-1.0716896,-2.1434691,-1.5217026,0.0125994,FALSE,-0.2753562
L,W,87,-2.9190058,-1.7974663,-1.8671182,-1.5217026,0.0172,FALSE,-0.8813083
L,Y,87,-3.135274,-1.5999069,-1.2222992,-1.5217026,0.0172,FALSE,-0.6633211
L,A,88,-1.2661152,-1.0582008,-1.6460374,-1.3638891,0.00882,FALSE,-0.2687372
L,C,88,-3.0183172,-1.5104866,-1.259146,-1.3638891,0.0172,FALSE,-0.5782187
L,D,88,-2.0895767,-0.7788353,1.9330864,-1.3638891,0.0172,FALSE,-0.1598955
L,E,88,-0.6131434,-0.993351,1.7488524,-1.3638891,0.0160285,FALSE,-0.2388209
L,F,88,-1.4247014,-0.2069359,-2.0145053,-1.3638891,0.0158812,FALSE,-0.0519946
L,G,88,-1.9361762,-1.090126,-1.4802268,-1.3638891,0.014907,FALSE,-0.2846317
L,H,88,-1.5688441,-1.1835938,1.3435377,-1.3638891,0.015971,FALSE,-0.335899
L,I,88,-0.1210203,-0.756485,-1.7934246,-1.3638891,0.0083159,FALSE,-0.1532232
L,K,88,-1.2868356,-1.0469589,2.6331756,-1.3638891,0.0172,FALSE,-0.2633271
L,M,88,-0.3351793,-0.8229752,-1.6644608,-1.3638891,0.0169283,FALSE,-0.1738656
L,N,88,-2.1044608,-1.1347885,-0.0063549,-1.3638891,0.0133318,FALSE,-0.3082265
L,P,88,-2.7793848,-1.0610313,-1.0564886,-1.3638891,0.015857,FALSE,-0.2701145
L,Q,88,-0.8173034,-1.1631584,0.0857621,-1.3638891,0.0191308,FALSE,-0.3240665
L,R,88,-3.4252307,-0.9413567,3.9228134,-1.3638891,0.0158874,FALSE,-0.2170034
L,S,88,-1.6141726,-0.5291328,-0.7064441,-1.3638891,0.0166006,FALSE,-0.0986278
L,T,88,-1.7503056,-0.6079254,-0.8538312,-1.3638891,0.0172,FALSE,-0.1150462
L,V,88,-1.2526211,-0.6198196,-2.1434691,-1.3638891,0.0147689,FALSE,-0.1177386
L,W,88,-0.3530364,-0.9504318,-1.8671182,-1.3638891,0.0133318,FALSE,-0.2206783
L,Y,88,-1.7355202,-1.4090157,-1.2222992,-1.3638891,0.0125968,FALSE,-0.491747
P,A,89,-0.280652,-0.2264023,-1.5723438,-1.1130986,0.0114406,FALSE,-0.0540658
P,C,89,-3.4052897,-0.5922966,-1.9592351,-1.1130986,0.0172,FALSE,-0.1115966
P,D,89,0.4419805,-0.4051819,0.8276825,-1.1130986,0.2319885,TRUE,-0.0772333
P,E,89,0.0597964,-0.1150169,0.6434485,-1.1130986,0.2308179,TRUE,-0.0432149
P,F,89,0.4571879,-0.5326843,-0.9091014,-1.1130986,0.048185,FALSE,-0.0993173
P,G,89,0.2576397,-0.4819794,-1.7381544,-1.1130986,0.024121,FALSE,-0.0898946
P,H,89,-0.2355493,-0.4668426,0.2381338,-1.1130986,0.0159703,FALSE,-0.0872513
P,I,89,0.1813507,-0.4482231,-0.6880207,-1.1130986,0.069281,TRUE,-0.0841018
P,K,89,-0.7200961,-0.2614861,1.5277716,-1.1130986,0.0133086,FALSE,-0.0580032
P,L,89,0.5326719,-0.5339966,-1.0564886,-1.1130986,0.0509739,FALSE,-0.0995732
P,M,89,-0.1881739,-0.38768,-1.5539204,-1.1130986,0.020283,FALSE,-0.0745974
P,N,89,-0.2274229,-0.4271355,-1.1117588,-1.1130986,0.0164218,FALSE,-0.0806664
P,Q,89,-1.1918108,-0.6535835,-1.0196418,-1.1130986,0.0141065,FALSE,-0.1257084
P,R,89,-1.023146,-0.4701042,2.8174095,-1.1130986,0.0143473,FALSE,-0.0878145
P,S,89,-0.4020797,0.622551,-1.811848,-1.1130986,0.015445,FALSE,-0.0096162
P,T,89,-0.2381612,0.202816,-1.9592351,-1.1130986,0.0129815,FALSE,-0.0226843
P,V,89,-0.3369255,-0.1782646,-1.0380652,-1.1130986,0.0111698,FALSE,-0.0490841
P,W,89,-1.0982373,-0.6631928,-1.351263,-1.1130986,0.0229256,FALSE,-0.1280676
P,Y,89,0.1066781,-0.5294914,-1.9960819,-1.1130986,0.1217353,TRUE,-0.0986972
A,C,90,-1.7140582,-1.379158,-1.7750012,-1.3452593,0.0172,FALSE,-0.468299
A,D,90,-0.3064192,-1.2229843,1.4172313,-1.3452593,0.3456528,TRUE,-0.3597325
A,E,90,0.0469193,-1.0374413,1.2329973,-1.3452593,0.0996908,TRUE,-0.2588215
A,F,90,0.3426597,-1.3285065,-1.4986502,-1.3452593,0.1609261,TRUE,-0.4305394
A,G,90,-0.8932929,-1.0119667,-1.9960819,-1.3452593,0.015883,FALSE,-0.247093
A,H,90,-0.1529098,-1.2556725,0.8276825,-1.3452593,0.1976776,TRUE,-0.380563
A,I,90,0.5638254,-1.0803947,-1.2775694,-1.3452593,0.0120663,FALSE,-0.2797026
A,K,90,-0.204154,-0.6980591,2.1173204,-1.3452593,0.0435106,FALSE,-0.1369805
A,L,90,-0.095224,-1.1198349,-1.6460374,-1.3452593,0.0172213,FALSE,-0.3001464
A,M,90,0.1370086,-1.2986908,-2.1434691,-1.3452593,0.0417856,FALSE,-0.4094754
A,N,90,-0.670675,-1.4130707,-0.5222101,-1.3452593,0.1173112,TRUE,-0.4950005
A,P,90,-0.8810266,-1.1415367,-1.5723438,-1.3452593,0.0262224,FALSE,-0.3119332
A,Q,90,-0.280644,-1.2401237,-0.4300931,-1.3452593,0.0573566,TRUE,-0.3705337
A,R,90,-1.0447817,-0.7427559,3.4069583,-1.3452593,0.3827657,TRUE,-0.1492532
A,S,90,-0.2289383,-1.146492,-1.2222992,-1.3452593,0.0168488,FALSE,-0.3146792
A,T,90,0.3932522,-0.6912727,-1.3696864,-1.3452593,0.0131636,FALSE,-0.1352015
A,V,90,-0.500404,-0.5609703,-1.627614,-1.3452593,0.0176942,FALSE,-0.1049748
A,W,90,-1.4359389,-1.277195,-1.9408117,-1.3452593,0.0160295,FALSE,-0.3948124
A,Y,90,-0.4639824,-1.0042953,-1.7381544,-1.3452593,0.028536,FALSE,-0.243654
R,A,91,-0.9918185,-0.8852043,3.4069583,-1.1298676,0.186116,TRUE,-0.1954615
R,C,91,-2.0856453,-0.8578148,3.0200669,-1.1298676,0.0172,FALSE,-0.1856722
R,D,91,-1.31524,-0.5074882,3.4119428,-1.1298676,0.140658,TRUE,-0.0945231
R,E,91,-0.016697,-0.2125206,3.5961768,-1.1298676,0.0329156,FALSE,-0.0525808
R,F,91,-1.0934902,-0.805542,4.0702006,-1.1298676,0.1001441,TRUE,-0.1682193
R,G,91,-0.8094661,-0.8098297,3.2411477,-1.1298676,0.1329115,TRUE,-0.1695922
R,H,91,0.0603883,-0.8520279,0.4173832,-1.1298676,0.0610708,TRUE,-0.1836618
R,I,91,-0.6111228,-0.9231987,4.2912814,-1.1298676,0.1252775,TRUE,-0.2098146
R,K,91,-0.6627214,-0.2595062,-0.8722546,-1.1298676,0.0200128,FALSE,-0.0577738
R,L,91,-0.5112118,-0.8307342,3.9228134,-1.1298676,0.2673072,TRUE,-0.176434
R,M,91,-0.3176935,-0.7105255,3.4253817,-1.1298676,0.0739606,TRUE,-0.1403055
R,N,91,0.1046497,-0.1453171,1.7672758,-1.1298676,0.1922077,TRUE,-0.0459356
R,P,91,-2.2633635,-0.9433289,2.8174095,-1.1298676,0.0160289,FALSE,-0.2177973
R,Q,91,-0.6581716,-0.7659073,1.6751588,-1.1298676,0.1267851,TRUE,-0.1560041
R,S,91,-0.7795781,-0.2397156,2.467365,-1.1298676,0.3927538,TRUE,-0.0555283
R,T,91,-0.6579804,-0.6172447,2.6147522,-1.1298676,0.5222133,TRUE,-0.1171507
R,V,91,-0.26663,-0.781456,3.9412368,-1.1298676,0.421177,TRUE,-0.1606952
R,W,91,-1.5012321,-0.9070816,3.6280391,-1.1298676,0.0172,FALSE,-0.2036139
R,Y,91,-0.55502,-0.8958397,2.9832201,-1.1298676,0.1428722,TRUE,-0.1993871
S,A,92,-1.1562295,-2.0655746,-1.2222992,-1.2522175,0.0133502,FALSE,-1.2403331
S,C,92,-2.4503376,-1.9708786,-1.6091906,-1.2522175,0.0172,FALSE,-1.1056888
S,D,92,-0.1044598,-1.7797127,0.4776379,-1.2522175,0.0177632,FALSE,-0.8600452
S,E,92,-0.2511567,-1.9657745,0.293404,-1.2522175,0.0172,FALSE,-1.0986657
S,F,92,-0.4666212,-1.9851952,-0.5590569,-1.2522175,0.015007,FALSE,-1.1255185
S,G,92,-0.5230342,-1.9896584,-1.3881098,-1.2522175,0.0295874,FALSE,-1.1317394
S,H,92,-0.2160495,-2.026371,-0.1119108,-1.2522175,0.0172,FALSE,-1.1836063
S,I,92,-0.2850743,-2.1582527,-0.3379761,-1.2522175,0.0236064,FALSE,-1.3796848
S,K,92,-0.8913989,-1.9676666,1.1777271,-1.2522175,0.0133324,FALSE,-1.1012663
S,L,92,-0.9343049,-1.9109154,-0.7064441,-1.2522175,0.028223,FALSE,-1.0247496
S,M,92,0.3886782,-2.0269432,-1.2038758,-1.2522175,0.0249,FALSE,-1.1844244
S,N,92,-0.4603574,-2.1337318,-1.4618034,-1.2522175,0.0955802,TRUE,-1.3421207
S,P,92,-0.5151516,-2.0092926,-1.811848,-1.2522175,0.1893787,TRUE,-1.1593249
S,Q,92,0.3307135,-1.8409042,-1.3696864,-1.2522175,0.0200436,FALSE,-0.9346973
S,R,92,-1.1801621,-2.1294632,2.467365,-1.2522175,0.0153112,FALSE,-1.3356315
S,T,92,-0.2220559,-1.9725418,-2.0145053,-1.2522175,0.0225606,FALSE,-1.1079826
S,V,92,-0.6521565,-1.9656868,-0.6880207,-1.2522175,0.0260291,FALSE,-1.0985452
S,W,92,-1.0403743,-2.0271645,-1.0012184,-1.2522175,0.0360756,FALSE,-1.1847408
S,Y,92,-0.1904216,-1.9414749,-1.6460374,-1.2522175,0.0256462,FALSE,-1.0655685
W,A,93,-3.4287727,-2.1049118,-1.9408117,-1.6252426,0.0172,FALSE,-1.2986012
W,C,93,-1.3820898,-2.052761,-1.5539204,-1.6252426,0.0157744,FALSE,-1.2216423
W,D,93,-1.6871182,-1.8551788,1.638312,-1.6252426,0.0172,FALSE,-0.9526608
W,E,93,-2.6861922,-1.8829956,1.4540781,-1.6252426,0.0172,FALSE,-0.9882535
W,F,93,-0.6160934,-1.9603958,-1.719731,-1.6252426,0.0190686,FALSE,-1.0912913
W,G,93,-2.9895408,-1.9926872,-1.7750012,-1.6252426,0.0160284,FALSE,-1.1359716
W,H,93,-3.0843968,-2.1137848,1.0487633,-1.6252426,0.0172,FALSE,-1.3119262
W,I,93,-2.8136703,-2.1023788,-1.4986502,-1.6252426,0.0172,FALSE,-1.2948094
W,K,93,-2.2345382,-2.2186089,2.3384012,-1.6252426,0.0172,FALSE,-1.4741684
W,L,93,-1.9533767,-2.0125504,-1.8671182,-1.6252426,0.0160284,FALSE,-1.1639363
W,M,93,-2.7578624,-2.068592,-1.9592351,-1.6252426,0.0172,FALSE,-1.2447554
W,N,93,-2.8348393,-1.8639145,-0.3011293,-1.6252426,0.0172,FALSE,-0.9637551
W,P,93,-3.3559272,-1.8647232,-1.351263,-1.6252426,0.0172,FALSE,-0.964786
W,Q,93,-2.7580378,-1.9215088,-0.2090123,-1.6252426,0.0172,FALSE,-1.038797
W,R,93,-2.8106108,-1.8309975,3.6280391,-1.6252426,0.0239188,FALSE,-0.9223517
W,S,93,-3.4325073,-1.9041748,-1.0012184,-1.6252426,0.01764,FALSE,-1.0158683
W,T,93,-3.4793855,-1.8983078,-1.1486056,-1.6252426,0.0172,FALSE,-1.0081743
W,V,93,-3.2388951,-1.8447456,-1.8486948,-1.6252426,0.0172,FALSE,-0.9395112
W,Y,93,-2.7771508,-2.2075653,-1.5170736,-1.6252426,0.0172,FALSE,-1.456671
S,A,94,-1.4056561,-1.8074188,-1.2222992,-1.5746598,0.0133706,FALSE,-0.8933703
S,C,94,-2.8579283,-1.8683128,-1.6091906,-1.5746598,0.02064,FALSE,-0.9693699
S,D,94,-2.8987323,-2.0472603,0.4776379,-1.5746598,0.0172,FALSE,-1.213663
S,E,94,-3.0530216,-1.9251328,0.293404,-1.5746598,0.0172,FALSE,-1.0436276
S,F,94,-2.6396791,-1.9427757,-0.5590569,-1.5746598,0.0158894,FALSE,-1.067326
S,G,94,-0.8930979,-2.0208092,-1.3881098,-1.5746598,0.0217114,FALSE,-1.1756697
S,H,94,-3.3111851,-2.0854073,-0.1119108,-1.5746598,0.0172,FALSE,-1.2695443
S,I,94,-3.8351427,-1.862648,-0.3379761,-1.5746598,0.0172,FALSE,-0.9621419
S,K,94,-3.8040119,-1.9338531,1.1777271,-1.5746598,0.0172,FALSE,-1.0553035
S,L,94,-4.058714,-2.1499672,-0.7064441,-1.5746598,0.0172,FALSE,-1.3669377
S,M,94,-3.0466243,-1.9713974,-1.2038758,-1.5746598,0.0172,FALSE,-1.106404
S,N,94,-3.7000003,-1.9864311,-1.4618034,-1.5746598,0.0172,FALSE,-1.1272393
S,P,94,-2.742118,-1.7768135,-1.811848,-1.5746598,0.0182826,FALSE,-0.8566039
S,Q,94,-2.8156864,-1.9227486,-1.3696864,-1.5746598,0.0172,FALSE,-1.0404482
S,R,94,-3.9669738,-1.7792702,2.467365,-1.5746598,0.0150074,FALSE,-0.8595194
S,T,94,-3.3348183,-1.9068031,-2.0145053,-1.5746598,0.0150074,FALSE,-1.019326
S,V,94,-3.8092852,-1.8820839,-0.6880207,-1.5746598,0.0172,FALSE,-0.9870747
S,W,94,-2.2338405,-1.7449493,-1.0012184,-1.5746598,0.0172,FALSE,-0.8193573
S,Y,94,-2.8044635,-1.8547401,-1.6460374,-1.5746598,0.0172,FALSE,-0.9521056
Y,A,95,-4.0343974,-2.0338898,-1.7381544,-1.7509898,0.0172,FALSE,-1.1943797
Y,C,95,-2.8090467,-1.7504234,-2.1250457,-1.7509898,0.0242224,FALSE,-0.8256807
Y,D,95,-3.1548642,-1.8333092,0.9934931,-1.7509898,0.0150077,FALSE,-0.9252236
Y,E,95,-4.0906671,-2.2293625,0.8092591,-1.7509898,0.0172,FALSE,-1.4912942
Y,F,95,-2.6637188,-2.1251411,-1.074912,-1.7509898,0.0160292,FALSE,-1.3290763
Y,G,95,-3.6362829,-1.9895973,-1.9039649,-1.7509898,0.0172,FALSE,-1.1316542
Y,H,95,-2.9671995,-1.8777122,0.4039443,-1.7509898,0.0324374,FALSE,-0.9814338
Y,I,95,-4.3762708,-2.0061035,-0.8538312,-1.7509898,0.0147,FALSE,-1.1548202
Y,K,95,-3.455605,-2.0125618,1.6935822,-1.7509898,0.0172,FALSE,-1.1639524
Y,L,95,-3.9717246,-2.0009155,-1.2222992,-1.7509898,0.0172,FALSE,-1.1475119
Y,M,95,-3.4582795,-2.0568924,-1.719731,-1.7509898,0.0172,FALSE,-1.2276529
Y,N,95,-3.2685134,-1.9413338,-0.9459482,-1.7509898,0.0186658,FALSE,-1.065378
Y,P,95,-3.9237278,-1.9906502,-1.9960819,-1.7509898,0.0172,FALSE,-1.1331244
Y,Q,95,-3.2141939,-2.1259766,-0.8538312,-1.7509898,0.0172,FALSE,-1.3303422
Y,R,95,-3.6393886,-1.9779816,2.9832201,-1.7509898,0.0172,FALSE,-1.1155031
Y,S,95,-3.0786471,-1.9057426,-1.6460374,-1.7509898,0.0172,FALSE,-1.01793
Y,T,95,-3.5169654,-1.8587341,-1.7934246,-1.7509898,0.0172,FALSE,-0.9571668
Y,V,95,-3.9024709,-2.1086502,-1.2038758,-1.7509898,0.0172,FALSE,-1.3042073
Y,W,95,-3.459757,-2.1853104,-1.5170736,-1.7509898,0.0172,FALSE,-1.4216926
I,A,96,-4.0020186,-1.8545227,-1.2775694,-1.8130453,0.0172,FALSE,-0.9518306
I,C,96,-2.4485528,-2.051941,-0.890678,-1.8130453,0.0172,FALSE,-1.2204511
I,D,96,-3.4875443,-1.734932,2.3015544,-1.8130453,0.0172,FALSE,-0.8078669
I,E,96,-3.6139562,-1.8801537,2.1173204,-1.8130453,0.0172,FALSE,-0.9845818
I,F,96,-2.6613886,-1.8738403,-1.9408117,-1.8130453,0.0154616,FALSE,-0.9764536
I,G,96,-3.8319089,-1.8222923,-1.1117588,-1.8130453,0.0172,FALSE,-0.9115858
I,H,96,-3.3163445,-1.6819801,1.7120056,-1.8130453,0.0249,FALSE,-0.7488818
I,K,96,-3.7494111,-1.9675789,3.0016435,-1.8130453,0.0172,FALSE,-1.1011457
I,L,96,-1.7637471,-1.4783936,-1.7934246,-1.8130453,0.0124432,FALSE,-0.5497215
I,M,96,-2.9016661,-1.6433525,-1.2959928,-1.8130453,0.0161698,FALSE,-0.7077227
I,N,96,-2.7687079,-1.9451599,0.362113,-1.8130453,0.0192862,FALSE,-1.0705515
I,P,96,-4.0498557,-1.5998306,-0.6880207,-1.8130453,0.0172,FALSE,-0.6632449
I,Q,96,-3.0719251,-1.8601532,0.45423,-1.8130453,0.0172,FALSE,-0.9589689
I,R,96,-3.8651862,-1.6881676,4.2912814,-1.8130453,0.0172,FALSE,-0.7556216
I,S,96,-2.9546936,-1.9671478,-0.3379761,-1.8130453,0.0178804,FALSE,-1.1005529
I,T,96,-2.9438192,-1.8699379,-0.4853633,-1.8130453,0.025909,FALSE,-0.9714494
I,V,96,-0.9229451,-1.5597191,-1.811848,-1.8130453,0.0257047,FALSE,-0.6240303
I,W,96,-2.7438784,-1.8698425,-1.4986502,-1.8130453,0.0172,FALSE,-0.9713272
I,Y,96,-3.5998506,-1.964138,-0.8538312,-1.8130453,0.0172,FALSE,-1.0964191
V,A,97,-1.7386205,-0.4098816,-1.627614,-1.6685231,0.0437855,FALSE,-0.0779562
V,C,97,-2.909105,-1.180912,-1.2407226,-1.6685231,0.0172,FALSE,-0.3343257
V,D,97,-2.8174745,-1.1911125,1.9515098,-1.6685231,0.0172,FALSE,-0.3403431
V,E,97,-2.6197029,-1.2550468,1.7672758,-1.6685231,0.0161694,FALSE,-0.3801551
V,F,97,-3.6736718,-1.2550697,-2.0329287,-1.6685231,0.0172,FALSE,-0.3801701
V,G,97,-3.5911332,-1.179306,-1.4618034,-1.6685231,0.0161694,FALSE,-0.3333865
V,H,97,-2.6192506,-1.1153069,1.3619611,-1.6685231,0.0172,FALSE,-0.2977358
V,I,97,-0.7685065,-0.0682106,-1.811848,-1.6685231,0.0171272,FALSE,-0.0393191
V,K,97,-3.4998355,-1.3019753,2.6515989,-1.6685231,0.0172,FALSE,-0.4117542
V,L,97,-2.7538854,-1.2121086,-2.1434691,-1.6685231,0.0218326,FALSE,-0.3530152
V,M,97,-2.8053002,-1.1404533,-1.6460374,-1.6685231,0.0172,FALSE,-0.3113355
V,N,97,-3.3759714,-1.0834274,0.0120685,-1.6685231,0.0172,FALSE,-0.2812307
V,P,97,-3.8641488,-1.1003876,-1.0380652,-1.6685231,0.0172,FALSE,-0.2899105
V,Q,97,-3.2593716,-1.0886154,0.1041855,-1.6685231,0.0172,FALSE,-0.2838617
V,R,97,-4.2784523,-1.1178894,3.9412368,-1.6685231,0.0161694,FALSE,-0.2991086
V,S,97,-3.8573068,-1.1206741,-0.6880207,-1.6685231,0.0172,FALSE,-0.300595
V,T,97,-3.0318627,-0.9755364,-0.8354078,-1.6685231,0.0172,FALSE,-0.2311354
V,W,97,-2.8715256,-1.1634903,-1.8486948,-1.6685231,0.0172,FALSE,-0.3242558
V,Y,97,-3.5023264,-1.1493683,-1.2038758,-1.6685231,0.0172,FALSE,-0.3162826
E,A,98,-3.5944545,-1.4483185,1.2329973,-1.7653761,0.0161704,FALSE,-0.5239847
E,C,98,-3.2798407,-1.7617645,0.8461059,-1.7653761,0.0172,FALSE,-0.838881
E,D,98,-2.2475582,-1.4442406,-1.9776585,-1.7653761,0.0118973,FALSE,-0.5205666
E,F,98,-2.4830158,-1.750721,1.8962396,-1.7653761,0.0172,FALSE,-0.8260254
E,G,98,-2.5911602,-1.5653801,1.0671867,-1.7653761,0.0193896,FALSE,-0.6294615
E,H,98,-3.5488182,-1.4349823,1.8275305,-1.7653761,0.0172,FALSE,-0.5128696
E,I,98,-1.6327538,-1.7506218,2.1173204,-1.7653761,0.0172,FALSE,-0.8259105
E,K,98,-2.8881398,-1.6735802,2.3065389,-1.7653761,0.0134715,FALSE,-0.7397969
E,L,98,-2.7029259,-1.7862244,1.7488524,-1.7653761,0.0172,FALSE,-0.8678063
E,M,98,-2.723544,-1.6400948,1.2514207,-1.7653761,0.0172,FALSE,-0.7043239
E,N,98,-3.5097442,-1.5909538,-0.3329916,-1.7653761,0.0172,FALSE,-0.6544198
E,P,98,-3.4513543,-1.6362152,0.6434485,-1.7653761,0.0172,FALSE,-0.7002909
E,Q,98,-1.6200995,-1.7963066,-0.2408746,-1.7653761,0.0152571,FALSE,-0.8799094
E,R,98,-3.885663,-1.6547279,3.5961768,-1.7653761,0.0172,FALSE,-0.7196793
E,S,98,-3.1012141,-1.5982857,0.293404,-1.7653761,0.0172,FALSE,-0.661703
E,T,98,-3.0615726,-1.8063965,0.4407911,-1.7653761,0.0172,FALSE,-0.8921267
E,V,98,-1.7184003,-1.5483398,1.7672758,-1.7653761,0.0152571,FALSE,-0.6132151
E,W,98,-3.1069289,-1.6877403,1.4540781,-1.7653761,0.0172,FALSE,-0.7551548
E,Y,98,-3.3113625,-1.7284164,0.8092591,-1.7653761,0.0172,FALSE,-0.8004497
T,A,99,0.326256,-0.3339653,-1.3696864,-1.4773898,0.0111534,FALSE,-0.0670382
T,C,99,-2.1503643,-1.581913,-1.7565778,-1.4773898,0.0161709,FALSE,-0.6455175
T,D,99,0.0407614,-1.2378082,0.6250251,-1.4773898,0.0161709,FALSE,-0.369059
T,E,99,0.1872165,-1.3571243,0.4407911,-1.4773898,0.0210295,FALSE,-0.4515642
T,F,99,-2.0037751,-1.5794029,-0.7064441,-1.4773898,0.0161709,FALSE,-0.6430612
T,G,99,-1.0798678,-1.3899841,-1.535497,-1.4773898,0.026337,FALSE,-0.4766979
T,H,99,-0.4480399,-1.3639412,0.0354764,-1.4773898,0.0244729,FALSE,-0.4566905
T,I,99,-1.3914897,-1.119854,-0.4853633,-1.4773898,0.012604,FALSE,-0.3001566
T,K,99,-0.9733421,-1.0779533,1.3251143,-1.4773898,0.0096187,FALSE,-0.2784777
T,L,99,-0.3385469,-1.3968582,-0.8538312,-1.4773898,0.0286803,FALSE,-0.4820916
T,M,99,-2.2052917,-1.296257,-1.351263,-1.4773898,0.0172,FALSE,-0.4077934
T,N,99,-1.007578,-1.1600952,-1.3144162,-1.4773898,0.0192126,FALSE,-0.3223235
T,P,99,-0.9217395,-1.3519287,-1.9592351,-1.4773898,0.0161878,FALSE,-0.4476877
T,Q,99,0.692448,-1.2390099,-1.2222992,-1.4773898,0.0144426,FALSE,-0.3698237
T,R,99,-0.1217932,-1.1543999,2.6147522,-1.4773898,0.0172551,FALSE,-0.3191041
T,S,99,0.1354022,-1.2346687,-2.0145053,-1.4773898,0.020826,FALSE,-0.3670672
T,V,99,-0.4779336,-1.0280952,-0.8354078,-1.4773898,0.0147,FALSE,-0.254463
T,W,99,-0.7255931,-1.15765,-1.1486056,-1.4773898,0.0159563,FALSE,-0.320938
T,Y,99,-1.1695841,-1.3293152,-1.7934246,-1.4773898,0.0334175,FALSE,-0.4311226
P,A,100,-0.1637781,-1.0722313,-1.5723438,-1.33206,0.0150532,FALSE,-0.2756249
P,C,100,-3.1841344,-1.3005219,-1.9592351,-1.33206,0.0172,FALSE,-0.4107446
P,D,100,-0.6227699,-1.0838966,0.8276825,-1.33206,0.0147,FALSE,-0.2814678
P,E,100,-0.4770097,-1.465126,0.6434485,-1.33206,0.0161715,FALSE,-0.5382528
P,F,100,-1.0042139,-1.4794502,-0.9091014,-1.33206,0.0172,FALSE,-0.5506427
P,G,100,-0.3745379,-1.4888649,-1.7381544,-1.33206,0.0183108,FALSE,-0.5589018
P,H,100,-0.1760947,-1.5178642,0.2381338,-1.33206,0.0178892,FALSE,-0.5849216
P,I,100,-0.5636003,-1.2003479,-0.6880207,-1.33206,0.0172,FALSE,-0.3458694
P,K,100,-1.2314824,-1.494194,1.5277716,-1.33206,0.0161715,FALSE,-0.5636176
P,L,100,-0.8043188,-1.1980705,-1.0564886,-1.33206,0.0181187,FALSE,-0.3444997
P,M,100,-0.5821508,-1.2712364,-1.5539204,-1.33206,0.0172,FALSE,-0.3908244
P,N,100,-1.1029048,-1.201973,-1.1117588,-1.33206,0.0172,FALSE,-0.3468495
P,Q,100,-0.3890342,-1.3507462,-1.0196418,-1.33206,0.0114606,FALSE,-0.4468092
P,R,100,-0.9884759,-1.1379051,2.8174095,-1.33206,0.0137116,FALSE,-0.3099337
P,S,100,-1.042156,-0.1893883,-1.811848,-1.33206,0.0260241,FALSE,-0.050194
P,T,100,-1.0953101,-1.1451874,-1.9592351,-1.33206,0.0061655,FALSE,-0.3139543
P,V,100,-0.4413162,-1.2820663,-1.0380652,-1.33206,0.0218995,FALSE,-0.3980972
P,W,100,-0.2120566,-1.4358711,-1.351263,-1.33206,0.014444,FALSE,-0.5136047
P,Y,100,-0.7919161,-1.5025826,-1.9960819,-1.33206,0.0182699,FALSE,-0.5711007
N,A,101,-0.9194373,-1.2926445,-0.5222101,-1.1615328,0.0162359,FALSE,-0.405307
N,C,101,-1.3644719,-1.6992416,-0.9091014,-1.1615328,0.0172,FALSE,-0.7677852
N,D,101,0.5720193,-0.741291,-0.2224512,-1.1615328,0.0196926,FALSE,-0.1488353
N,E,101,-0.8849385,-1.0948524,-0.3329916,-1.1615328,0.0137129,FALSE,-0.2870527
N,F,101,-0.0985262,-1.5823288,0.1410323,-1.1615328,0.0172,FALSE,-0.645925
N,G,101,0.069673,-1.1547165,-0.6880207,-1.1615328,0.0191463,FALSE,-0.3192824
N,H,101,-1.4747161,-1.3328552,0.0723232,-1.1615328,0.0152598,FALSE,-0.433683
N,I,101,-1.0524195,-1.2541351,0.362113,-1.1615328,0.0158207,FALSE,-0.3795615
N,K,101,-1.4011766,-1.1107788,0.4776379,-1.1615328,0.0078901,FALSE,-0.2953418
N,L,101,-0.6536906,-1.4186974,-0.0063549,-1.1615328,0.0124508,FALSE,-0.4995427
N,M,101,-1.2445546,-1.4054413,-0.5037867,-1.1615328,0.0172,FALSE,-0.4888928
N,P,101,-2.594742,-1.5744286,-1.1117588,-1.1615328,0.0172,FALSE,-0.6382132
N,Q,101,-1.1357264,-1.2172089,-2.0697755,-1.1615328,0.0161719,FALSE,-0.3561522
N,R,101,-0.6077276,-1.315052,1.7672758,-1.1615328,0.0130514,FALSE,-0.4209289
N,S,101,-0.8129056,-0.9703903,-1.4618034,-1.1615328,0.0156108,FALSE,-0.2289566
N,T,101,-1.5664278,-1.2280159,-1.3144162,-1.1615328,0.0170257,FALSE,-0.3628759
N,V,101,-1.4734361,-1.1965828,0.0120685,-1.1615328,0.0197339,FALSE,-0.3436074
N,W,101,-1.6748623,-1.5243187,-0.3011293,-1.1615328,0.0147,FALSE,-0.5908325
N,Y,101,-1.5370392,-1.5368652,-0.9459482,-1.1615328,0.0161719,FALSE,-0.6024475
S,A,102,-0.7838569,-1.1179161,-1.2222992,-1.6204063,0.0190221,FALSE,-0.2991229
S,C,102,-1.3231578,-1.8293686,-1.6091906,-1.6204063,0.016173,FALSE,-0.9203313
S,D,102,-2.5104074,-1.4842644,0.4776379,-1.6204063,0.0172,FALSE,-0.5548545
S,E,102,-2.0427431,-1.6731339,0.293404,-1.6204063,0.0172,FALSE,-0.7393163
S,F,102,-1.7386436,-1.6381493,-0.5590569,-1.6204063,0.0143715,FALSE,-0.7022995
S,G,102,-0.2458889,-1.5298576,-1.3881098,-1.6204063,0.0149455,FALSE,-0.5959398
S,H,102,-2.8143378,-1.7205505,-0.1119108,-1.6204063,0.0172,FALSE,-0.7915547
S,I,102,-2.6545124,-1.4334488,-0.3379761,-1.6204063,0.0172,FALSE,-0.5116031
S,K,102,-3.3957959,-1.7324333,1.1777271,-1.6204063,0.0172,FALSE,-0.8050172
S,L,102,-3.7689903,-1.609127,-0.7064441,-1.6204063,0.0172,FALSE,-0.6725767
S,M,102,-2.0865668,-1.6867943,-1.2038758,-1.6204063,0.0172,FALSE,-0.7541222
S,N,102,-0.2200581,-1.6474724,-1.4618034,-1.6204063,0.0227532,FALSE,-0.7120373
S,P,102,-0.1810608,-0.923336,-1.811848,-1.6204063,0.0106812,FALSE,-0.2098681
S,Q,102,0.2704892,-1.9271507,-1.3696864,-1.6204063,0.0218895,FALSE,-1.0463229
S,R,102,-2.7889921,-1.713417,2.467365,-1.6204063,0.0172,FALSE,-0.7835442
S,T,102,-0.3419347,-1.649231,-2.0145053,-1.6204063,0.0141767,FALSE,-0.7138844
S,V,102,-0.4094338,-1.3756828,-0.6880207,-1.6204063,0.0162883,FALSE,-0.4656276
S,W,102,-1.8991238,-1.7609901,-1.0012184,-1.6204063,0.0172,FALSE,-0.8379754
S,Y,102,-1.5205071,-1.6195602,-1.6460374,-1.6204063,0.0094802,FALSE,-0.6831588
E,A,103,-1.1940393,-0.8465614,1.2329973,-1.2934514,0.031578,FALSE,-0.181781
E,C,103,-1.5518789,-1.3890572,0.8461059,-1.2934514,0.0249,FALSE,-0.4759742
E,D,103,-0.7603343,-0.4646454,-1.9776585,-1.2934514,0.0118298,FALSE,-0.0868739
E,F,103,-1.6618095,-1.361805,1.8962396,-1.2934514,0.0369344,FALSE,-0.4550791
E,G,103,-1.3042877,-1.0089569,1.0671867,-1.2934514,0.0175862,FALSE,-0.2457386
E,H,103,-0.8468234,-1.1853065,1.8275305,-1.2934514,0.0161732,FALSE,-0.336907
E,I,103,-0.3842626,-1.108757,2.1173204,-1.2934514,0.0172,FALSE,-0.2942783
E,K,103,-1.4510725,-0.8055115,2.3065389,-1.2934514,0.0226361,FALSE,-0.1682096
E,L,103,-1.2312639,-1.2719765,1.7488524,-1.2934514,0.0150557,FALSE,-0.3913179
E,M,103,-1.2829674,-1.210556,1.2514207,-1.2934514,0.02058,FALSE,-0.3520648
E,N,103,-0.9179534,-0.9271736,-0.3329916,-1.2934514,0.0161732,FALSE,-0.2113697
E,P,103,-0.771418,-1.3591995,0.6434485,-1.2934514,0.0159693,FALSE,-0.4531199
E,Q,103,-0.5900141,-1.3124046,-0.2408746,-1.2934514,0.0288091,FALSE,-0.4190583
E,R,103,-1.6448555,-0.8809891,3.5961768,-1.2934514,0.0152621,FALSE,-0.1939251
E,S,103,-1.4589441,-1.1809044,0.293404,-1.2934514,0.0172,FALSE,-0.3343213
E,T,103,-0.8993833,-1.1496239,0.4407911,-1.2934514,0.0102391,FALSE,-0.3164254
E,V,103,-0.6252035,-0.9140854,1.7672758,-1.2934514,0.0117948,FALSE,-0.2062879
E,W,103,-1.6276978,-1.2442131,1.4540781,-1.2934514,0.0172,FALSE,-0.3731501
E,Y,103,-1.7106591,-1.3488121,0.8092591,-1.2934514,0.0183145,FALSE,-0.4453751
N,A,104,-0.6024492,-1.2340164,-0.5222101,-1.4508634,0.0233581,FALSE,-0.3666545
N,C,104,-0.5729343,-1.719635,-0.9091014,-1.4508634,0.0315753,FALSE,-0.7905236
N,D,104,-1.4032378,-1.2471313,-0.2224512,-1.4508634,0.0233537,FALSE,-0.3750264
N,E,104,0.5200273,-1.2892418,-0.3329916,-1.4508634,0.015654,FALSE,-0.4029764
N,F,104,0.4119765,-1.6600075,0.1410323,-1.4508634,0.0132177,FALSE,-0.7252753
N,G,104,-1.8069984,-1.3640747,-0.6880207,-1.4508634,0.0183075,FALSE,-0.4567913
N,H,104,0.7671397,-1.8922119,0.0723232,-1.4508634,0.013279,FALSE,-1.0002159
N,I,104,-0.2388723,-1.6469498,0.362113,-1.4508634,0.0194116,FALSE,-0.711489
N,K,104,-0.9596745,-1.4034691,0.4776379,-1.4508634,0.0204332,FALSE,-0.4873235
N,L,104,-0.4532453,-1.8249092,-0.0063549,-1.4508634,0.023719,FALSE,-0.914814
N,M,104,-1.1089596,-1.7720337,-0.5037867,-1.4508634,0.0144404,FALSE,-0.8509493
N,P,104,-3.1510912,-1.7491798,-1.1117588,-1.4508634,0.0161699,FALSE,-0.8242414
N,Q,104,-0.2565371,-1.5528183,-2.0697755,-1.4508634,0.0243551,FALSE,-0.6174553
N,R,104,-1.4238337,-1.381607,1.7672758,-1.4508634,0.0169538,FALSE,-0.4701887
N,S,104,-0.7129215,-1.4853973,-1.4618034,-1.4508634,0.0115606,FALSE,-0.5558491
N,T,104,-1.0955277,-1.3408203,-1.3144162,-1.4508634,0.0110625,FALSE,-0.4394883
N,V,104,-0.2050052,-1.5452995,0.0120685,-1.4508634,0.0131719,FALSE,-0.6103486
N,W,104,0.2474462,-1.6197548,-0.3011293,-1.4508634,0.0137073,FALSE,-0.6833573
N,Y,104,-0.0048382,-1.6743393,-0.9459482,-1.4508634,0.0101178,FALSE,-0.7406148
G,A,105,-1.7752899,-1.7878952,-1.9960819,-1.8342234,0.0157918,FALSE,-0.8698048
G,C,105,-3.1611885,-1.9331665,-1.9408117,-1.8342234,0.0172,FALSE,-1.0543815
G,D,105,-2.6593167,-1.737999,1.2514207,-1.8342234,0.0152703,FALSE,-0.8113737
G,E,105,-2.560062,-1.7077065,1.0671867,-1.8342234,0.0161891,FALSE,-0.7771702
G,F,105,-3.0521926,-2.0887413,-1.3328396,-1.8342234,0.0172,FALSE,-1.2744882
G,H,105,-2.7262064,-2.06818,0.6618719,-1.8342234,0.0172,FALSE,-1.2441511
G,I,105,-4.0705121,-1.7964134,-1.1117588,-1.8342234,0.0172,FALSE,-0.8800382
G,K,105,-2.2405067,-2.044567,1.9515098,-1.8342234,0.0161778,FALSE,-1.2097658
G,L,105,-4.2050176,-2.0622559,-1.4802268,-1.8342234,0.0161778,FALSE,-1.2354784
G,M,105,-2.8452614,-2.0005836,-1.9776585,-1.8342234,0.0172,FALSE,-1.1470452
G,N,105,-2.6912544,-1.7380333,-0.6880207,-1.8342234,0.0172,FALSE,-0.811413
G,P,105,-3.1698726,-1.9674149,-1.7381544,-1.8342234,0.0172,FALSE,-1.1009202
G,Q,105,-3.5820703,-2.0083618,-0.5959037,-1.8342234,0.0172,FALSE,-1.1580092
G,R,105,-2.6700994,-1.8222961,3.2411477,-1.8342234,0.0267029,FALSE,-0.9115904
G,S,105,-1.8609615,-1.8949661,-1.3881098,-1.8342234,0.0137099,FALSE,-1.003807
G,T,105,-3.7194163,-1.8548431,-1.535497,-1.8342234,0.0172,FALSE,-0.952236
G,V,105,-2.7821589,-2.0043068,-1.4618034,-1.8342234,0.0245024,FALSE,-1.1522864
G,W,105,-2.528548,-2.0999603,-1.7750012,-1.8342234,0.0172,FALSE,-1.2911941
G,Y,105,-2.6701158,-2.0205421,-1.9039649,-1.8342234,0.0172,FALSE,-1.1752892
A,C,106,-1.3115101,-0.7693214,-1.7750012,-1.7668862,0.0161714,FALSE,-0.1570232
A,D,106,-2.3190946,-0.7479973,1.4172313,-1.7668862,0.0172,FALSE,-0.1507575
A,E,106,-0.6762001,-0.3119011,1.2329973,-1.7668862,0.0066423,FALSE,-0.0641524
A,F,106,-1.201166,-0.8376579,-1.4986502,-1.7668862,0.0249,FALSE,-0.1787551
A,G,106,-2.534588,-0.6842613,-1.9960819,-1.7668862,0.0161714,FALSE,-0.1333862
A,H,106,-2.3907565,-0.7825546,0.8276825,-1.7668862,0.0152588,FALSE,-0.1610316
A,I,106,-2.2157361,0.1961746,-1.2775694,-1.7668862,0.0161714,FALSE,-0.0229933
A,K,106,-2.7659484,-0.5725594,2.1173204,-1.7668862,0.0172,FALSE,-0.1073799
A,L,106,-0.5209608,-0.5723686,-1.6460374,-1.7668862,0.0250975,FALSE,-0.1073399
A,M,106,-1.846044,-0.682621,-2.1434691,-1.7668862,0.0172,FALSE,-0.1329648
A,N,106,-1.5870642,-0.6217537,-0.5222101,-1.7668862,0.0124489,FALSE,-0.118182
A,P,106,0.1261495,-0.8877602,-1.5723438,-1.7668862,0.017715,FALSE,-0.1963984
A,Q,106,-1.2427111,-0.7363167,-0.4300931,-1.7668862,0.0172,FALSE,-0.1474243
A,R,106,-3.7477684,-0.7914085,3.4069583,-1.7668862,0.0172,FALSE,-0.1637659
A,S,106,-0.6570645,-0.7906342,-1.2222992,-1.7668862,0.0132085,FALSE,-0.163525
A,T,106,-1.9136272,0.4232101,-1.3696864,-1.7668862,0.0316306,FALSE,-0.0144648
A,V,106,-0.1756305,-0.4042282,-1.627614,-1.7668862,0.0317527,FALSE,-0.0770874
A,W,106,-2.2230128,-0.8320923,-1.9408117,-1.7668862,0.0172,FALSE,-0.1768871
A,Y,106,-1.6993352,-0.6903648,-1.7381544,-1.7668862,0.0172,FALSE,-0.1349651
C,A,107,-3.4931041,-1.9744377,-1.7750012,-1.7604729,0.0172,FALSE,-1.1106005
C,D,107,-3.6946896,-1.9028015,1.0303399,-1.7604729,0.0172,FALSE,-1.0140643
C,E,107,-3.7638536,-2.0241623,0.8461059,-1.7604729,0.0172,FALSE,-1.1804511
C,F,107,-3.3462194,-2.3232155,-1.1117588,-1.7604729,0.0230877,FALSE,-1.6442816
C,G,107,-4.0146762,-2.0344238,-1.9408117,-1.7604729,0.0130551,FALSE,-1.1951468
C,H,107,-3.6277905,-2.0009842,0.4407911,-1.7604729,0.0172,FALSE,-1.1476086
C,I,107,-3.5616641,-2.0053024,-0.890678,-1.7604729,0.0172,FALSE,-1.1536901
C,K,107,-3.2839633,-2.1327438,1.730429,-1.7604729,0.0172,FALSE,-1.3406174
C,L,107,-4.2720062,-2.2034378,-1.259146,-1.7604729,0.0172,FALSE,-1.450155
C,M,107,-2.3105983,-1.7036171,-1.7565778,-1.7604729,0.0172,FALSE,-0.7726269
C,N,107,-3.5698895,-1.8876343,-0.9091014,-1.7604729,0.0172,FALSE,-0.9942638
C,P,107,-4.0282784,-2.3150444,-1.9592351,-1.7604729,0.0172,FALSE,-1.6307205
C,Q,107,-3.7963426,-1.943119,-0.8169844,-1.7604729,0.0172,FALSE,-1.0677901
C,R,107,-3.5893372,-2.040432,3.0200669,-1.7604729,0.0192027,FALSE,-1.2037951
C,S,107,-3.1408191,-1.9273338,-1.6091906,-1.7604729,0.0183142,FALSE,-1.0465677
C,T,107,-3.612761,-2.1739464,-1.7565778,-1.7604729,0.0172,FALSE,-1.4039794
C,V,107,-4.0644274,-2.0733986,-1.2407226,-1.7604729,0.0172,FALSE,-1.2518163
C,W,107,-2.4490435,-2.0604744,-1.5539204,-1.7604729,0.0152618,FALSE,-1.2328763
C,Y,107,-2.5964969,-2.190113,-2.1250457,-1.7604729,0.0139416,FALSE,-1.4292086
Y,A,108,-3.2260868,-2.2028084,-1.7381544,-1.721572,0.0172,FALSE,-1.4491626
Y,C,108,-3.0906566,-2.1006317,-2.1250457,-1.721572,0.0139549,FALSE,-1.2921973
Y,D,108,-3.3854454,-2.0506325,0.9934931,-1.721572,0.0249,FALSE,-1.2185515
Y,E,108,-3.6625305,-1.9180756,0.8092591,-1.721572,0.0172,FALSE,-1.0342325
Y,F,108,-1.9333389,-1.981781,-1.074912,-1.721572,0.0185298,FALSE,-1.1207721
Y,G,108,-3.5607124,-1.8834724,-1.9039649,-1.721572,0.0172,FALSE,-0.9888703
Y,H,108,-2.9017349,-1.879406,0.4039443,-1.721572,0.0163932,FALSE,-0.9836171
Y,I,108,-3.0229989,-1.8888016,-0.8538312,-1.721572,0.0172,FALSE,-0.9957797
Y,K,108,-3.6850159,-1.9272995,1.6935822,-1.721572,0.0172,FALSE,-1.0465218
Y,L,108,-3.2666308,-2.0312004,-1.2222992,-1.721572,0.0161815,FALSE,-1.1905203
Y,M,108,-2.7317279,-1.9988976,-1.719731,-1.721572,0.0172,FALSE,-1.144676
Y,N,108,-3.0037515,-1.9694557,-0.9459482,-1.721572,0.0172,FALSE,-1.1037285
Y,P,108,-3.757781,-2.0402756,-1.9960819,-1.721572,0.0172,FALSE,-1.2035696
Y,Q,108,-3.2527362,-2.1679382,-0.8538312,-1.721572,0.0172,FALSE,-1.3946554
Y,R,108,-3.7925061,-1.9323578,2.9832201,-1.721572,0.0172,FALSE,-1.0532962
Y,S,108,-3.4516569,-2.0758057,-1.6460374,-1.721572,0.0172,FALSE,-1.2553598
Y,T,108,-3.0307886,-1.8199997,-1.7934246,-1.721572,0.0161815,FALSE,-0.9087633
Y,V,108,-2.9243797,-2.0073586,-1.2038758,-1.721572,0.0172,FALSE,-1.156592
Y,W,108,-2.3336699,-2.067131,-1.5170736,-1.721572,0.0172,FALSE,-1.2426131
P,A,109,-3.3731818,-1.8923569,-1.5723438,-1.6733063,0.0164062,FALSE,-1.0004048
P,C,109,-3.5708357,-2.0263062,-1.9592351,-1.6733063,0.0172,FALSE,-1.1835136
P,D,109,-3.5356876,-2.0764084,0.8276825,-1.6733063,0.0172,FALSE,-1.2562478
P,E,109,-3.1823911,-1.902111,0.6434485,-1.6733063,0.0172,FALSE,-1.013158
P,F,109,-3.7429449,-2.0550652,-0.9091014,-1.6733063,0.0172,FALSE,-1.2249927
P,G,109,-3.8623069,-2.0228195,-1.7381544,-1.6733063,0.0161761,FALSE,-1.1785351
P,H,109,-3.2529567,-1.9375954,0.2381338,-1.6733063,0.0172,FALSE,-1.0603367
P,I,109,-3.850805,-1.7835808,-0.6880207,-1.6733063,0.0172,FALSE,-0.8646502
P,K,109,-3.7132283,-1.6796608,1.5277716,-1.6733063,0.0172,FALSE,-0.7463659
P,L,109,-2.5449361,-2.0567017,-1.0564886,-1.6733063,0.0172,FALSE,-1.2273751
P,M,109,-3.3402885,-2.0929337,-1.5539204,-1.6733063,0.0172,FALSE,-1.2807185
P,N,109,-3.6172076,-1.845398,-1.1117588,-1.6733063,0.0172,FALSE,-0.9403302
P,Q,109,-3.1781615,-1.9651871,-1.0196418,-1.6733063,0.0172,FALSE,-1.097859
P,R,109,-3.6298324,-1.9700127,2.8174095,-1.6733063,0.0161761,FALSE,-1.1044956
P,S,109,-3.4106521,-1.980381,-1.811848,-1.6733063,0.0222771,FALSE,-1.118829
P,T,109,-3.1706692,-2.077076,-1.9592351,-1.6733063,0.0123609,FALSE,-1.2572319
P,V,109,-2.2594904,-2.0782166,-1.0380652,-1.6733063,0.0172,FALSE,-1.258914
P,W,109,-2.4793326,-2.156456,-1.351263,-1.6733063,0.0172,FALSE,-1.376916
P,Y,109,-3.170758,-2.110073,-1.9960819,-1.6733063,0.0172,FALSE,-1.306344
G,A,110,-3.6601685,-2.062313,-1.9960819,-1.7765294,0.02064,FALSE,-1.2355618
G,C,110,-2.7757746,-1.926117,-1.9408117,-1.7765294,0.0172,FALSE,-1.0449417
G,D,110,-3.5092099,-1.9391251,1.2514207,-1.7765294,0.0172,FALSE,-1.0623979
G,E,110,-2.0942371,-2.0143585,1.0671867,-1.7765294,0.012181,FALSE,-1.1664998
G,F,110,-2.9408797,-2.0298958,-1.3328396,-1.7765294,0.0172,FALSE,-1.1886505
G,H,110,-3.9134011,-2.073677,0.6618719,-1.7765294,0.0172,FALSE,-1.2522258
G,I,110,-3.6945337,-2.0508232,-1.1117588,-1.7765294,0.0172,FALSE,-1.2188283
G,K,110,-3.3354469,-1.811058,1.9515098,-1.7765294,0.0172,FALSE,-0.8978063
G,L,110,-4.5588822,-1.9261589,-1.4802268,-1.7765294,0.0152717,FALSE,-1.0449977
G,M,110,-2.3186972,-2.1415977,-1.9776585,-1.7765294,0.0172,FALSE,-1.3541175
G,N,110,-3.6541547,-2.0125237,-0.6880207,-1.7765294,0.0172,FALSE,-1.1638984
G,P,110,-3.6191557,-1.9339523,-1.7381544,-1.7765294,0.0172,FALSE,-1.0554367
G,Q,110,-3.604917,-2.0184402,-0.5959037,-1.7765294,0.0172,FALSE,-1.1722977
G,R,110,-2.8183258,-1.9550552,3.2411477,-1.7765294,0.0214518,FALSE,-1.0839963
G,S,110,-3.4850892,-1.9549675,-1.3881098,-1.7765294,0.0172,FALSE,-1.0838768
G,T,110,-3.5404424,-1.7705231,-1.535497,-1.7765294,0.0172,FALSE,-0.8491672
G,V,110,-2.6474986,-1.913208,-1.4618034,-1.7765294,0.0172,FALSE,-1.0277805
G,W,110,-2.5674472,-2.193287,-1.7750012,-1.7765294,0.0172,FALSE,-1.4341857
G,Y,110,-3.0205813,-1.9412308,-1.9039649,-1.7765294,0.0172,FALSE,-1.0652389
D,A,111,-0.5756717,-0.9928589,1.4172313,-1.7654068,0.0158249,FALSE,-0.2386056
D,C,111,-1.9069015,-0.9407616,1.0303399,-1.7654068,0.0161852,FALSE,-0.2167643
D,E,111,-0.3974111,-0.2112236,-1.9776585,-1.7654068,0.0203334,FALSE,-0.0524441
D,F,111,-1.777977,-0.9178772,2.0804736,-1.7654068,0.0161852,FALSE,-0.2077487
D,G,111,-0.9627007,-0.8671608,1.2514207,-1.7654068,0.0159399,FALSE,-0.1889613
D,H,111,-1.6700798,-0.9919357,2.0117645,-1.7654068,0.014477,FALSE,-0.2382022
D,I,111,-1.2676086,-1.1482201,2.3015544,-1.7654068,0.0172,FALSE,-0.3156417
D,K,111,-1.549718,-1.0003357,2.1223049,-1.7654068,0.014477,FALSE,-0.2418955
D,L,111,-0.9923681,-0.9772415,1.9330864,-1.7654068,0.0165016,FALSE,-0.2318614
D,M,111,-1.4323269,-0.978569,1.4356547,-1.7654068,0.0161852,FALSE,-0.232428
D,N,111,-0.8708026,-0.6587715,-0.2224512,-1.7654068,0.0205073,FALSE,-0.126977
D,P,111,-0.8260552,-0.8517113,0.8276825,-1.7654068,0.0182754,FALSE,-0.1835524
D,Q,111,-1.4073288,-0.6324959,-0.3145682,-1.7654068,0.0147,FALSE,-0.1206733
D,R,111,-1.8700074,-0.7239151,3.4119428,-1.7654068,0.0172,FALSE,-0.1439603
D,S,111,-1.101831,-0.6083565,0.4776379,-1.7654068,0.0190872,FALSE,-0.1151427
D,T,111,-1.1374488,-0.7503242,0.6250251,-1.7654068,0.0152835,FALSE,-0.1514298
D,V,111,-0.9550626,-0.8675919,1.9515098,-1.7654068,0.0208477,FALSE,-0.1891143
D,W,111,-1.9893228,-0.9500313,1.638312,-1.7654068,0.0147,FALSE,-0.220515
D,Y,111,-1.11072,-0.7176857,0.9934931,-1.7654068,0.0119537,FALSE,-0.1422491
L,A,112,-4.0577078,-0.2350769,-1.6460374,-1.8904183,0.0172,FALSE,-0.0550144
L,C,112,-3.031713,-0.2249146,-1.259146,-1.8904183,0.0172,FALSE,-0.0539047
L,D,112,-3.0337909,-0.2602081,1.9330864,-1.8904183,0.0172,FALSE,-0.057855
L,E,112,-3.3389293,-0.3904877,1.7488524,-1.8904183,0.0172,FALSE,-0.0750144
L,F,112,-1.2338623,1.473774,-2.0145053,-1.8904183,0.0375492,FALSE,-0.0016714
L,G,112,-4.1374958,-0.3893814,-1.4802268,-1.8904183,0.0172,FALSE,-0.0748498
L,H,112,-2.2377524,-0.3314819,1.3435377,-1.8904183,0.0172,FALSE,-0.0667072
L,I,112,-0.3914965,-0.3627968,-1.7934246,-1.8904183,0.0060428,FALSE,-0.0709986
L,K,112,-3.4826017,-0.3214951,2.6331756,-1.8904183,0.0172,FALSE,-0.0653921
L,M,112,-1.3351418,-0.1732254,-1.6644608,-1.8904183,0.0194172,FALSE,-0.0485893
L,N,112,-3.0931053,-0.1817436,-0.0063549,-1.8904183,0.0172,FALSE,-0.0494287
L,P,112,-3.4174454,-0.2751274,-1.0564886,-1.8904183,0.0141105,FALSE,-0.0596082
L,Q,112,-3.1587407,-0.2153358,0.0857621,-1.8904183,0.0172,FALSE,-0.0528787
L,R,112,-3.6247493,0.010704,3.9228134,-1.8904183,0.019302,FALSE,-0.0335166
L,S,112,-3.399872,0.0416412,-0.7064441,-1.8904183,0.0172,FALSE,-0.0314792
L,T,112,-1.7231763,0.0294914,-0.8538312,-1.8904183,0.0172,FALSE,-0.0322644
L,V,112,-0.908117,-0.1902084,-2.1434691,-1.8904183,0.0139413,FALSE,-0.0502767
L,W,112,-0.9942235,-0.3451881,-1.8671182,-1.8904183,0.0172,FALSE,-0.0685538
L,Y,112,-3.5356813,-0.1816788,-1.2222992,-1.8904183,0.0172,FALSE,-0.0494222
I,A,113,0.7182611,-0.3461609,-1.2775694,-1.8372012,0.0101903,FALSE,-0.0686867
I,C,113,-0.287611,-1.4510231,-0.890678,-1.8372012,0.0223306,FALSE,-0.5262611
I,D,113,-0.3462523,-1.3582039,2.3015544,-1.8372012,0.0152715,FALSE,-0.452373
I,E,113,-0.8115627,-1.1319122,2.1173204,-1.8372012,0.0247131,FALSE,-0.306658
I,F,113,0.0055925,-1.1012421,-1.9408117,-1.8372012,0.0177243,FALSE,-0.2903539
I,G,113,-0.0850793,-1.1484528,-1.1117588,-1.8372012,0.0206062,FALSE,-0.3157715
I,H,113,0.3981905,-1.3567696,1.7120056,-1.8372012,0.0105294,FALSE,-0.4512987
I,K,113,-0.4972317,-1.3486938,3.0016435,-1.8372012,0.0147,FALSE,-0.4452875
I,L,113,-0.3458333,-1.3346748,-1.7934246,-1.8372012,0.0124783,FALSE,-0.4350038
I,M,113,-0.0935144,-0.9529572,-1.2959928,-1.8372012,0.0146437,FALSE,-0.2217108
I,N,113,-0.1137894,-1.1153412,0.362113,-1.8372012,0.026426,FALSE,-0.297754
I,P,113,-3.3079989,-1.4633789,-0.6880207,-1.8372012,0.0172,FALSE,-0.5367561
I,Q,113,0.0348482,-1.175354,0.45423,-1.8372012,0.0152715,FALSE,-0.3310849
I,R,113,-0.954969,-1.170166,4.2912814,-1.8372012,0.0199719,FALSE,-0.3280837
I,S,113,0.3545648,-0.7793999,-0.3379761,-1.8372012,0.0106004,FALSE,-0.1600675
I,T,113,0.1938426,-0.5621605,-0.4853633,-1.8372012,0.0281498,FALSE,-0.1052194
I,V,113,-0.8832331,-0.9926071,-1.811848,-1.8372012,0.0229643,FALSE,-0.2384955
I,W,113,-0.7665954,-1.2498817,-1.4986502,-1.8372012,0.0172,FALSE,-0.376802
I,Y,113,-0.131239,-1.3461151,-0.8538312,-1.8372012,0.0170621,FALSE,-0.4433816
D,A,114,-0.6821843,-1.4243965,1.4172313,-1.8365043,0.0237911,FALSE,-0.5041759
D,C,114,-2.8245975,-1.8244553,1.0303399,-1.8365043,0.0172,FALSE,-0.9142536
D,E,114,-0.9203992,-1.4924736,-1.9776585,-1.8365043,0.0087536,FALSE,-0.562092
D,F,114,-2.2347727,-1.6254196,2.0804736,-1.8365043,0.0152848,FALSE,-0.6891525
D,G,114,-2.5596031,-1.4215355,1.2514207,-1.8365043,0.0180279,FALSE,-0.5018459
D,H,114,-1.1774824,-1.3756409,2.0117645,-1.8365043,0.0175834,FALSE,-0.4655955
D,I,114,-3.9686144,-1.4122086,2.3015544,-1.8365043,0.0172,FALSE,-0.4943074
D,K,114,-3.3149962,-1.3328934,2.1223049,-1.8365043,0.0172,FALSE,-0.4337107
D,L,114,-1.1617178,-1.3755226,1.9330864,-1.8365043,0.0220238,FALSE,-0.4655048
D,M,114,-1.4401071,-1.2146454,1.4356547,-1.8365043,0.0194231,FALSE,-0.3545726
D,N,114,-1.313234,-0.4878082,-0.2224512,-1.8365043,0.0144461,FALSE,-0.0909327
D,P,114,-3.2357642,-1.2524757,0.8276825,-1.8365043,0.0172,FALSE,-0.3784829
D,Q,114,-1.1831834,-1.4942741,-0.3145682,-1.8365043,0.02064,FALSE,-0.5636887
D,R,114,-3.731915,-1.5678482,3.4119428,-1.8365043,0.03504,FALSE,-0.6318401
D,S,114,-1.2373775,-0.9978485,0.4776379,-1.8365043,0.0119565,FALSE,-0.2407967
D,T,114,-3.4126729,-1.4132652,0.6250251,-1.8365043,0.0161859,FALSE,-0.495157
D,V,114,-3.9186171,-1.5602989,1.9515098,-1.8365043,0.0172,FALSE,-0.624585
D,W,114,-2.2855608,-1.5118446,1.638312,-1.8365043,0.0172,FALSE,-0.5794482
D,Y,114,-2.0126065,-1.5530434,0.9934931,-1.8365043,0.0286097,FALSE,-0.6176689
Y,A,115,-1.4269086,-2.0122795,-1.7381544,-1.8793237,0.020706,FALSE,-1.1635524
Y,C,115,-2.1677868,-1.6964798,-2.1250457,-1.8793237,0.0181708,FALSE,-0.7647395
Y,D,115,-2.57586,-1.9948578,0.9934931,-1.8793237,0.0161856,FALSE,-1.1390099
Y,E,115,-2.9534382,-1.9325066,0.8092591,-1.8793237,0.0161856,FALSE,-1.0534958
Y,F,115,-1.4130424,-1.9230652,-1.074912,-1.8793237,0.0251313,FALSE,-1.0408701
Y,G,115,-1.6858762,-1.8564491,-1.9039649,-1.8793237,0.0220039,FALSE,-0.9542693
Y,H,115,-2.2381598,-1.9753914,0.4039443,-1.8793237,0.0238714,FALSE,-1.1119187
Y,I,115,-0.3612714,-1.9470329,-0.8538312,-1.8793237,0.0154946,FALSE,-1.0730892
Y,K,115,-2.9751315,-2.06781,1.6935822,-1.8793237,0.0172,FALSE,-1.2436085
Y,L,115,-0.8694493,-2.032528,-1.2222992,-1.8793237,0.0157593,FALSE,-1.1924247
Y,M,115,-1.2149029,-2.069706,-1.719731,-1.8793237,0.018341,FALSE,-1.24639
Y,N,115,-1.9087802,-1.9534378,-0.9459482,-1.8793237,0.0192924,FALSE,-1.0817924
Y,P,115,-1.6622262,-1.8904686,-1.9960819,-1.8793237,0.0147,FALSE,-0.9979467
Y,Q,115,-1.3945311,-1.9963989,-0.8538312,-1.8793237,0.0161856,FALSE,-1.1411696
Y,R,115,-2.664432,-2.1043625,2.9832201,-1.8793237,0.0220212,FALSE,-1.2977785
Y,S,115,-0.5840172,-1.7342339,-1.6460374,-1.8793237,0.0223702,FALSE,-0.8070701
Y,T,115,-1.3152562,-1.7823105,-1.7934246,-1.8793237,0.0130962,FALSE,-0.8631362
Y,V,115,-1.8926665,-2.0732841,-1.2038758,-1.8793237,0.0094779,FALSE,-1.2516478
Y,W,115,-2.3848342,-2.0296898,-1.5170736,-1.8793237,0.0161856,FALSE,-1.1883554
E,A,116,-1.1184268,-1.9168663,1.2329973,-1.8468237,0.0273938,FALSE,-1.0326274
E,C,116,-2.6451331,-1.7657738,0.8461059,-1.8468237,0.02408,FALSE,-0.8435797
E,D,116,-2.6231084,-1.944725,-1.9776585,-1.8468237,0.0162123,FALSE,-1.0699627
E,F,116,-2.0737328,-2.0524292,1.8962396,-1.8468237,0.0172,FALSE,-1.2211602
E,G,116,-1.7950201,-1.8197708,1.0671867,-1.8468237,0.0202093,FALSE,-0.9084818
E,H,116,-1.8791299,-2.0887642,1.8275305,-1.8468237,0.0120171,FALSE,-1.2745222
E,I,116,-3.8016326,-1.9075165,2.1173204,-1.8468237,0.0172,FALSE,-1.0202657
E,K,116,-2.5912354,-1.615757,2.3065389,-1.8468237,0.0151147,FALSE,-0.6792879
E,L,116,-3.3903204,-1.8862839,1.7488524,-1.8468237,0.018788,FALSE,-0.9925119
E,M,116,-2.5068248,-1.8055611,1.2514207,-1.8468237,0.0172,FALSE,-0.8911112
E,N,116,-3.6898323,-1.9073563,-0.3329916,-1.8468237,0.0172,FALSE,-1.0200547
E,P,116,-1.1237704,-1.9694557,0.6434485,-1.8468237,0.0222277,FALSE,-1.1037285
E,Q,116,-0.7390743,-2.1130524,-0.2408746,-1.8468237,0.0191613,FALSE,-1.3108238
E,R,116,-3.900904,-1.8967476,3.5961768,-1.8468237,0.0172,FALSE,-1.0061339
E,S,116,-2.7486635,-1.8201523,0.293404,-1.8468237,0.0172,FALSE,-0.908951
E,T,116,-3.7375006,-1.904808,0.4407911,-1.8468237,0.0162123,FALSE,-1.0167007
E,V,116,-2.6190215,-1.8810196,1.7672758,-1.8468237,0.0194528,FALSE,-0.9856996
E,W,116,-2.7234646,-2.081337,1.4540781,-1.8468237,0.0172,FALSE,-1.2635216
E,Y,116,-2.4933246,-1.8688812,0.8092591,-1.8468237,0.0172,FALSE,-0.9700969
E,A,117,-3.2349648,-1.8846092,1.2329973,-1.8864924,0.0162343,FALSE,-0.9903418
E,C,117,-3.6118398,-1.8753586,0.8461059,-1.8864924,0.0172,FALSE,-0.9784047
E,D,117,-2.7602272,-2.0890007,-1.9776585,-1.8864924,0.0162343,FALSE,-1.2748733
E,F,117,-3.0360141,-1.7263794,1.8962396,-1.8864924,0.0172,FALSE,-0.7981399
E,G,117,-3.0352723,-1.7357674,1.0671867,-1.8864924,0.0155549,FALSE,-0.8088211
E,H,117,-3.1178356,-1.8546104,1.8275305,-1.8864924,0.0172,FALSE,-0.9519416
E,I,117,-2.698201,-1.9433708,2.1173204,-1.8864924,0.0172,FALSE,-1.0681306
E,K,117,-2.2667978,-1.8046112,2.3065389,-1.8864924,0.0113291,FALSE,-0.8899573
E,L,117,-4.1986293,-1.8021393,1.7488524,-1.8864924,0.0172,FALSE,-0.8869591
E,M,117,-2.5051445,-1.8797989,1.2514207,-1.8864924,0.0172,FALSE,-0.9841239
E,N,117,-3.015084,-1.5718842,-0.3329916,-1.8864924,0.0172,FALSE,-0.6357435
E,P,117,-3.2049951,-1.7895927,0.6434485,-1.8864924,0.0172,FALSE,-0.8718381
E,Q,117,-3.1477967,-1.9439278,-0.2408746,-1.8864924,0.0172,FALSE,-1.068884
E,R,117,-3.9026867,-1.8918724,3.5961768,-1.8864924,0.0172,FALSE,-0.9997738
E,S,117,-3.4454248,-1.9339485,0.293404,-1.8864924,0.0172,FALSE,-1.0554316
E,T,117,-2.3324993,-1.9223557,0.4407911,-1.8864924,0.0172,FALSE,-1.0399247
E,V,117,-3.646184,-2.0432777,1.7672758,-1.8864924,0.022728,FALSE,-1.2079025
E,W,117,-2.3272667,-1.9420891,1.4540781,-1.8864924,0.0172,FALSE,-1.0663982
E,Y,117,-3.6503433,-1.927185,0.8092591,-1.8864924,0.0172,FALSE,-1.0463688
L,A,118,-3.8128808,-1.9446144,-1.6460374,-1.9164196,0.0147,FALSE,-1.069813
L,C,118,-3.6139356,-1.9054184,-1.259146,-1.9164196,0.0172,FALSE,-1.0175035
L,D,118,-3.1328351,-1.8350334,1.9330864,-1.9164196,0.0172,FALSE,-0.9273692
L,E,118,-3.8010084,-1.9240837,1.7488524,-1.9164196,0.0172,FALSE,-1.0422279
L,F,118,-2.8695853,-2.0171127,-2.0145053,-1.9164196,0.016219,FALSE,-1.1704103
L,G,118,-4.1668147,-1.8708954,-1.4802268,-1.9164196,0.0172,FALSE,-0.9726758
L,H,118,-4.2329623,-1.8029213,1.3435377,-1.9164196,0.0172,FALSE,-0.8879069
L,I,118,-2.3551069,-1.7955742,-1.7934246,-1.9164196,0.0138494,FALSE,-0.8790267
L,K,118,-3.7951935,-1.8279266,2.6331756,-1.9164196,0.0172,FALSE,-0.918545
L,M,118,-2.3642901,-1.9364586,-1.6644608,-1.9164196,0.0068095,FALSE,-1.0588063
L,N,118,-3.7484151,-1.7872086,-0.0063549,-1.9164196,0.0172,FALSE,-0.8689832
L,P,118,-3.2087445,-2.0805206,-1.0564886,-1.9164196,0.0232909,FALSE,-1.2623153
L,Q,118,-2.6580649,-2.0235367,0.0857621,-1.9164196,0.02988,FALSE,-1.1795583
L,R,118,-4.1418363,-1.7367249,3.9228134,-1.9164196,0.0145584,FALSE,-0.8099157
L,S,118,-4.5111495,-1.9783707,-0.7064441,-1.9164196,0.0172,FALSE,-1.1160421
L,T,118,-3.8313616,-1.8567581,-0.8538312,-1.9164196,0.0172,FALSE,-0.9546608
L,V,118,-3.1440889,-1.9115562,-2.1434691,-1.9164196,0.0193552,FALSE,-1.0255963
L,W,118,-3.2757923,-1.9242401,-1.8671182,-1.9164196,0.0172,FALSE,-1.0424365
L,Y,118,-3.2044235,-1.9703522,-1.2222992,-1.9164196,0.0172,FALSE,-1.1049634
R,A,119,-2.8634748,-2.0419579,3.4069583,-1.9006444,0.0162066,FALSE,-1.2059967
R,C,119,-2.0891011,-2.0303307,3.0200669,-1.9006444,0.0162066,FALSE,-1.1892737
R,D,119,-3.5540229,-1.759079,3.4119428,-1.9006444,0.0172,FALSE,-0.8357432
R,E,119,-3.0126305,-1.90345,3.5961768,-1.9006444,0.0172,FALSE,-1.014916
R,F,119,-0.9435221,-1.8935127,4.0702006,-1.9006444,0.0200886,FALSE,-1.0019111
R,G,119,-3.0459119,-1.8363419,3.2411477,-1.9006444,0.0211793,FALSE,-0.9289995
R,H,119,-0.6919377,-1.9128151,0.4173832,-1.9006444,0.0114485,FALSE,-1.0272607
R,I,119,-1.3946041,-1.7583504,4.2912814,-1.9006444,0.0132218,FALSE,-0.8348931
R,K,119,-1.3914861,-1.5795975,-0.8722546,-1.9006444,0.0098886,FALSE,-0.6432513
R,L,119,-1.9776409,-1.9142494,3.9228134,-1.9006444,0.0145284,FALSE,-1.0291589
R,M,119,-2.1571406,-2.0496902,3.4253817,-1.9006444,0.0172,FALSE,-1.2171845
R,N,119,-2.4031227,-2.057846,1.7672758,-1.9006444,0.0219,FALSE,-1.2290424
R,P,119,-3.7038614,-1.8928604,2.8174095,-1.9006444,0.0172,FALSE,-1.0010608
R,Q,119,-3.1213012,-1.672802,1.6751588,-1.9006444,0.0172,FALSE,-0.738959
R,S,119,-3.0531992,-1.8626366,2.467365,-1.9006444,0.0162066,FALSE,-0.9621274
R,T,119,-1.8311121,-1.9560966,2.6147522,-1.9006444,0.0153217,FALSE,-1.0854167
R,V,119,-1.7682276,-1.9340057,3.9412368,-1.9006444,0.0220323,FALSE,-1.0555085
R,W,119,-1.5204891,-1.8732147,3.6280391,-1.9006444,0.0183398,FALSE,-0.9756504
R,Y,119,-0.4540725,-1.9880104,2.9832201,-1.9006444,0.011467,FALSE,-1.1294402
E,A,120,-2.8555478,-1.8857384,1.2329973,-1.8817427,0.02058,FALSE,-0.9918047
E,C,120,-3.0130218,-2.0040321,0.8461059,-1.8817427,0.0172,FALSE,-1.1518993
E,D,120,-2.509983,-1.9707031,-1.9776585,-1.8817427,0.0155951,FALSE,-1.1054469
E,F,120,-2.874889,-1.9046936,1.8962396,-1.8817427,0.0172,FALSE,-1.0165503
E,G,120,-3.025553,-1.5362282,1.0671867,-1.8817427,0.0157351,FALSE,-0.6018538
E,H,120,-2.7750265,-2.0154724,1.8275305,-1.8817427,0.0172,FALSE,-1.1680805
E,I,120,-3.4159335,-1.7867737,2.1173204,-1.8817427,0.0172,FALSE,-0.868463
E,K,120,-1.7605187,-2.0573502,2.3065389,-1.8817427,0.0169113,FALSE,-1.2283199
E,L,120,-3.5498317,-1.8729477,1.7488524,-1.8817427,0.0172,FALSE,-0.9753077
E,M,120,-2.5871612,-1.9196663,1.2514207,-1.8817427,0.0172,FALSE,-1.0363459
E,N,120,-2.7352019,-1.7878609,-0.3329916,-1.8817427,0.0172,FALSE,-0.8697637
E,P,120,-4.2278649,-1.8687744,0.6434485,-1.8817427,0.0172,FALSE,-0.9699603
E,Q,120,-2.9866561,-1.8108025,-0.2408746,-1.8817427,0.0172,FALSE,-0.8974944
E,R,120,-3.0838683,-2.09169,3.5961768,-1.8817427,0.0172,FALSE,-1.2788687
E,S,120,-2.7909667,-1.8371849,0.293404,-1.8817427,0.0172,FALSE,-0.9300507
E,T,120,-3.5937366,-2.1388092,0.4407911,-1.8817427,0.0172,FALSE,-1.3498588
E,V,120,-3.5135736,-1.8498573,1.7672758,-1.8817427,0.0172,FALSE,-0.9459401
E,W,120,-2.4822174,-2.0039902,1.4540781,-1.8817427,0.0172,FALSE,-1.1518403
E,Y,120,-2.7153497,-1.8427162,0.8092591,-1.8817427,0.0172,FALSE,-0.9369662
Q,A,121,-2.6202145,-2.0381165,-0.4300931,-1.7954649,0.0161764,FALSE,-1.2004583
Q,C,121,-2.7829189,-1.7193832,-0.8169844,-1.7954649,0.0172,FALSE,-0.7902402
Q,D,121,-2.7710047,-1.732357,-0.3145682,-1.7954649,0.0172,FALSE,-0.8049303
Q,E,121,-2.7230685,-1.5459175,-0.2408746,-1.7954649,0.0161764,FALSE,-0.6109305
Q,F,121,-2.5882023,-1.7017021,0.2331493,-1.7954649,0.0152677,FALSE,-0.7705053
Q,G,121,-3.3016066,-1.6582947,-0.5959037,-1.7954649,0.0161764,FALSE,-0.7234566
Q,H,121,-1.0777731,-1.5793533,0.1644402,-1.7954649,0.0264199,FALSE,-0.6430127
Q,I,121,-2.8221286,-1.7143517,0.45423,-1.7954649,0.0152677,FALSE,-0.7845907
Q,K,121,-2.3910666,-1.8237648,0.385521,-1.7954649,0.011391,FALSE,-0.9134014
Q,L,121,-2.7599852,-1.707531,0.0857621,-1.7954649,0.0137257,FALSE,-0.7769749
Q,M,121,-2.4928809,-1.6480141,-0.4116697,-1.7954649,0.0172,FALSE,-0.7126059
Q,N,121,-2.6268426,-1.8252983,-2.0697755,-1.7954649,0.0172,FALSE,-0.9152946
Q,P,121,-4.0373475,-1.8310165,-1.0196418,-1.7954649,0.0172,FALSE,-0.9223753
Q,R,121,-1.3603162,-1.6070251,1.6751588,-1.7954649,0.0485632,FALSE,-0.6704588
Q,S,121,-2.0923984,-1.8526268,-1.3696864,-1.7954649,0.0172,FALSE,-0.9494342
Q,T,121,-2.1537279,-1.7427826,-1.2222992,-1.7954649,0.0161764,FALSE,-0.816863
Q,V,121,-2.897408,-1.7805748,0.1041855,-1.7954649,0.0161764,FALSE,-0.8610702
Q,W,121,-2.2629892,-1.9785576,-0.2090123,-1.7954649,0.0172,FALSE,-1.116301
Q,Y,121,-1.983814,-1.8858299,-0.8538312,-1.7954649,0.0147,FALSE,-0.9919233
L,A,122,-3.3371196,-1.6061821,-1.6460374,-1.8495508,0.0172,FALSE,-0.6696107
L,C,122,-3.4433103,-2.0182228,-1.259146,-1.8495508,0.0172,FALSE,-1.1719885
L,D,122,-2.9643275,-2.0142517,1.9330864,-1.8495508,0.0172,FALSE,-1.1663482
L,E,122,-3.3292778,-1.9996147,1.7488524,-1.8495508,0.0172,FALSE,-1.1456834
L,F,122,-2.5348156,-1.7643661,-2.0145053,-1.8495508,0.0172,FALSE,-0.841928
L,G,122,-4.4794477,-1.9890022,-1.4802268,-1.8495508,0.0172,FALSE,-1.1308236
L,H,122,-3.12001,-1.8524933,1.3435377,-1.8495508,0.0172,FALSE,-0.9492656
L,I,122,-0.9664437,-1.7141037,-1.7934246,-1.8495508,0.016186,FALSE,-0.784313
L,K,122,-3.1882625,-2.0606232,2.6331756,-1.8495508,0.0172,FALSE,-1.2330936
L,M,122,-2.4016449,-1.5922661,-1.6644608,-1.8495508,0.0144788,FALSE,-0.6557192
L,N,122,-3.6344121,-1.9358978,-0.0063549,-1.8495508,0.0172,FALSE,-1.0580518
L,P,122,-3.7931164,-2.0325851,-1.0564886,-1.8495508,0.0172,FALSE,-1.1925066
L,Q,122,-3.0828218,-1.7557297,0.0857621,-1.8495508,0.0172,FALSE,-0.8318402
L,R,122,-4.0533391,-1.8173447,3.9228134,-1.8495508,0.0172,FALSE,-0.9055014
L,S,122,-2.0187607,-1.7111664,-0.7064441,-1.8495508,0.0257887,FALSE,-0.781028
L,T,122,-3.5481841,-1.9131737,-0.8538312,-1.8495508,0.0172,FALSE,-1.0277351
L,V,122,-2.1986138,-1.5419655,-2.1434691,-1.8495508,0.01764,FALSE,-0.6072164
L,W,122,-2.7675697,-1.7839088,-1.8671182,-1.8495508,0.0172,FALSE,-0.8650414
L,Y,122,-3.4790159,-1.956253,-1.2222992,-1.8495508,0.0172,FALSE,-1.0856301
S,A,123,-0.7389698,-2.027523,-1.2222992,-1.867529,0.0154336,FALSE,-1.1852536
S,C,123,-0.6372958,-1.8543167,-1.6091906,-1.867529,0.0192122,FALSE,-0.9515701
S,D,123,-2.0625363,-1.9917374,0.4776379,-1.867529,0.0172,FALSE,-1.1346435
S,E,123,-1.0365464,-1.8293953,0.293404,-1.867529,0.0172,FALSE,-0.9203644
S,F,123,-0.5508311,-2.0717926,-0.5590569,-1.867529,0.0156689,FALSE,-1.2494548
S,G,123,0.2419771,-1.9702492,-1.3881098,-1.867529,0.0190211,FALSE,-1.1048214
S,H,123,-1.0425603,-2.2166557,-0.1119108,-1.867529,0.0147,FALSE,-1.4710671
S,I,123,-0.8448145,-1.9116402,-0.3379761,-1.867529,0.0122031,FALSE,-1.0257073
S,K,123,-1.4515551,-2.124298,1.1777271,-1.867529,0.0183549,FALSE,-1.3277994
S,L,123,-1.299535,-1.8235703,-0.7064441,-1.867529,0.0191678,FALSE,-0.9131615
S,M,123,-0.8591724,-1.8931465,-1.2038758,-1.867529,0.0172,FALSE,-1.0014337
S,N,123,-0.5120923,-1.962265,-1.4618034,-1.867529,0.0285241,FALSE,-1.093851
S,P,123,-2.8906515,-1.8739815,-1.811848,-1.867529,0.0172,FALSE,-0.976635
S,Q,123,-0.7990811,-1.9209747,-1.3696864,-1.867529,0.0161921,FALSE,-1.0380861
S,R,123,-1.2807606,-1.8988838,2.467365,-1.867529,0.0075863,FALSE,-1.0089281
S,T,123,-0.2800294,-1.8898697,-2.0145053,-1.867529,0.0110002,FALSE,-0.9971678
S,V,123,-1.2278959,-1.6217499,-0.6880207,-1.867529,0.0131173,FALSE,-0.6853944
S,W,123,-1.8821562,-2.0619125,-1.0012184,-1.867529,0.0172,FALSE,-1.2349766
S,Y,123,-1.0382813,-1.995327,-1.6460374,-1.867529,0.0161921,FALSE,-1.1396672
S,A,124,-0.4837955,-1.8754349,-1.2222992,-1.6862512,0.0157061,FALSE,-0.9785028
S,C,124,-2.2831561,-2.3468437,-1.6091906,-1.6862512,0.0172,FALSE,-1.6837427
S,D,124,-1.1666272,-2.0742378,0.4776379,-1.6862512,0.0144722,FALSE,-1.2530511
S,E,124,-0.5936864,-1.9829826,0.293404,-1.6862512,0.0195106,FALSE,-1.1224413
S,F,124,-1.0858224,-1.8409576,-0.5590569,-1.6862512,0.0313563,FALSE,-0.9347641
S,G,124,-0.5044299,-1.8328362,-1.3881098,-1.6862512,0.0201485,FALSE,-0.9246356
S,H,124,-1.9892658,-2.1391945,-0.1119108,-1.6862512,0.0161832,FALSE,-1.3504469
S,I,124,-0.9736354,-2.075348,-0.3379761,-1.6862512,0.0137456,FALSE,-1.2546856
S,K,124,-2.6404628,-1.8354416,1.1777271,-1.6862512,0.0161832,FALSE,-0.9278776
S,L,124,-0.8600653,-1.8591232,-0.7064441,-1.6862512,0.0125921,FALSE,-0.9576607
S,M,124,-1.0870177,-2.22192,-1.2038758,-1.6862512,0.018336,FALSE,-1.4794324
S,N,124,-2.034563,-2.0611992,-1.4618034,-1.6862512,0.0172,FALSE,-1.2339346
S,P,124,-2.7446676,-2.1196976,-1.811848,-1.6862512,0.0143865,FALSE,-1.3208422
S,Q,124,-0.4438413,-1.9472237,-1.3696864,-1.6862512,0.0144722,FALSE,-1.0733479
S,R,124,-1.3369853,-1.7765694,2.467365,-1.6862512,0.0161832,FALSE,-0.8563145
S,T,124,-1.1955065,-1.9243622,-2.0145053,-1.6862512,0.0172056,FALSE,-1.0425994
S,V,124,-0.8659031,-1.8259621,-0.6880207,-1.6862512,0.01528,FALSE,-0.9161149
S,W,124,-2.1950307,-1.938652,-1.0012184,-1.6862512,0.0172,FALSE,-1.0617602
S,Y,124,-0.9531553,-2.0464592,-1.6460374,-1.6862512,0.0172,FALSE,-1.2125031
V,A,125,-0.3517084,-1.7485161,-1.627614,-1.7171277,0.0220643,FALSE,-0.8234739
V,C,125,-1.3326168,-2.230156,-1.2407226,-1.7171277,0.0173678,FALSE,-1.4925614
V,D,125,-3.1214335,-2.0552483,1.9515098,-1.7171277,0.0172,FALSE,-1.2252592
V,E,125,-2.8603798,-1.9017258,1.7672758,-1.7171277,0.0161836,FALSE,-1.0126525
V,F,125,-1.4696039,-1.943325,-2.0329287,-1.7171277,0.0161836,FALSE,-1.0680687
V,G,125,-3.1642532,-1.9653358,-1.4618034,-1.7171277,0.0172,FALSE,-1.0980632
V,H,125,-3.1575214,-1.8878479,1.3619611,-1.7171277,0.0172,FALSE,-0.9945411
V,I,125,0.0265379,-1.5232086,-1.811848,-1.7171277,0.0130995,FALSE,-0.5898128
V,K,125,-2.91082,-1.8461647,2.6515989,-1.7171277,0.0172,FALSE,-0.9412933
V,L,125,-1.2646365,-2.0297394,-2.1434691,-1.7171277,0.0149314,FALSE,-1.1884265
V,M,125,-1.4835116,-1.7954216,-1.6460374,-1.7171277,0.0161836,FALSE,-0.8788428
V,N,125,-2.9465038,-1.7718506,0.0120685,-1.7171277,0.0172,FALSE,-0.8507332
V,P,125,-3.8996413,-1.7597122,-1.0380652,-1.7171277,0.0172,FALSE,-0.8364823
V,Q,125,-3.1685296,-1.8482742,0.1041855,-1.7171277,0.0172,FALSE,-0.9439462
V,R,125,-3.6623524,-2.1419106,3.9412368,-1.7171277,0.0161836,FALSE,-1.3545958
V,S,125,-1.3765509,-1.9322586,-0.6880207,-1.7171277,0.0218817,FALSE,-1.0531631
V,T,125,0.0046642,-2.1305084,-0.8354078,-1.7171277,0.0172289,FALSE,-1.337219
V,W,125,-2.2480007,-1.8304176,-1.8486948,-1.7171277,0.0172,FALSE,-0.9216321
V,Y,125,-2.4250074,-2.0999641,-1.2038758,-1.7171277,0.0254,FALSE,-1.2911998
S,A,126,-0.953709,-2.004486,-1.2222992,-1.4632828,0.0152926,FALSE,-1.152539
S,C,126,-2.12825,-2.0745811,-1.6091906,-1.4632828,0.0172,FALSE,-1.2535564
S,D,126,-0.203172,-1.9184074,0.4776379,-1.4632828,0.0182297,FALSE,-1.0346731
S,E,126,-0.3366601,-1.931942,0.293404,-1.4632828,0.0137659,FALSE,-1.0527384
S,F,126,-0.3690441,-1.9914589,-0.5590569,-1.4632828,0.0161903,FALSE,-1.1342543
S,G,126,-0.595688,-2.0824966,-1.3881098,-1.4632828,0.0186518,FALSE,-1.265236
S,H,126,-1.7450726,-1.9943619,-0.1119108,-1.4632828,0.0161903,FALSE,-1.1383154
S,I,126,0.0910386,-1.9452171,-0.3379761,-1.4632828,0.0143677,FALSE,-1.0706289
S,K,126,-0.6000918,-1.8461876,1.1777271,-1.4632828,0.0137659,FALSE,-0.9413221
S,L,126,0.1146615,-2.0657425,-0.7064441,-1.4632828,0.0224263,FALSE,-1.2405789
S,M,126,-1.0134371,-1.8935966,-1.2038758,-1.4632828,0.0203071,FALSE,-1.0020204
S,N,126,-0.9149983,-1.7631874,-1.4618034,-1.4632828,0.020969,FALSE,-0.8405467
S,P,126,-2.0533526,-1.8454285,-1.811848,-1.4632828,0.0313179,FALSE,-0.9403685
S,Q,126,-0.272053,-1.8009453,-1.3696864,-1.4632828,0.0147,FALSE,-0.8855131
S,R,126,-0.3985224,-1.9643898,2.467365,-1.4632828,0.0224416,FALSE,-1.0967646
S,T,126,0.1523083,-2.0399551,-2.0145053,-1.4632828,0.0220253,FALSE,-1.2031075
S,V,126,-0.5182924,-1.8585663,-0.6880207,-1.4632828,0.0197457,FALSE,-0.9569538
S,W,126,-1.2261662,-1.8916855,-1.0012184,-1.4632828,0.0172,FALSE,-0.9995304
S,Y,126,-0.5324026,-2.1633224,-1.6460374,-1.4632828,0.0172,FALSE,-1.3875116
S,A,127,-0.5432092,-2.0271034,-1.2222992,-1.4069012,0.0130842,FALSE,-1.1846535
S,C,127,-2.156626,-2.0795898,-1.6091906,-1.4069012,0.0172,FALSE,-1.2609406
S,D,127,-0.135846,-2.0654144,0.4776379,-1.4069012,0.0153819,FALSE,-1.2400985
S,E,127,-0.272905,-2.0298424,0.293404,-1.4069012,0.0120105,FALSE,-1.188574
S,F,127,-0.8524087,-2.0295944,-0.5590569,-1.4069012,0.0161832,FALSE,-1.1882188
S,G,127,-0.7068683,-1.9455299,-1.3881098,-1.4069012,0.023075,FALSE,-1.0710525
S,H,127,-1.2798061,-1.9888725,-0.1119108,-1.4069012,0.0172,FALSE,-1.1306427
S,I,127,-2.2254577,-2.1782646,-0.3379761,-1.4069012,0.0249,FALSE,-1.4106983
S,K,127,-0.1529495,-2.106041,1.1777271,-1.4069012,0.0258931,FALSE,-1.3002933
S,L,127,-0.6040523,-2.0478363,-0.7064441,-1.4069012,0.0211263,FALSE,-1.2144973
S,M,127,-1.1635448,-1.8995323,-1.2038758,-1.4069012,0.0172,FALSE,-1.0097773
S,N,127,-1.1293114,-1.9398422,-1.4618034,-1.4069012,0.0132199,FALSE,-1.0633649
S,P,127,-2.3951598,-2.0465126,-1.811848,-1.4069012,0.03024,FALSE,-1.2125804
S,Q,127,0.3446479,-1.922432,-1.3696864,-1.4069012,0.0147,FALSE,-1.0400264
S,R,127,-0.4576934,-1.8785362,2.467365,-1.4069012,0.016993,FALSE,-0.9824955
S,T,127,-0.4364619,-1.7615585,-2.0145053,-1.4069012,0.0178315,FALSE,-0.8386401
S,V,127,-0.6282294,-1.9864006,-0.6880207,-1.4069012,0.0152799,FALSE,-1.1271968
S,W,127,-1.8129483,-2.0042648,-1.0012184,-1.4069012,0.0172,FALSE,-1.1522272
S,Y,127,-0.8770868,-1.9240189,-1.6460374,-1.4069012,0.0161832,FALSE,-1.0421415
L,A,128,-0.3356151,-0.2165375,-1.6460374,-1.5957162,0.0144878,FALSE,-0.0530064
L,C,128,-2.5537786,-0.3080368,-1.259146,-1.5957162,0.0172,FALSE,-0.0636596
L,D,128,-2.8272202,-0.2471161,1.9330864,-1.5957162,0.0172,FALSE,-0.0563579
L,E,128,-3.1992682,-0.2768669,1.7488524,-1.5957162,0.0172,FALSE,-0.0598159
L,F,128,-1.0925,1.8292809,-2.0145053,-1.5957162,0.0197929,FALSE,-0.0008038
L,G,128,-1.7790408,-0.0906601,-1.4802268,-1.5957162,0.0172,FALSE,-0.0411426
L,H,128,-1.796498,-0.3022118,1.3435377,-1.5957162,0.0172,FALSE,-0.0629235
L,I,128,-0.55588,-0.1144066,-1.7934246,-1.5957162,0.0197584,FALSE,-0.0431617
L,K,128,-2.4393989,-0.3046379,2.6331756,-1.5957162,0.0172,FALSE,-0.0632291
L,M,128,-0.2514311,-0.2462997,-1.6644608,-1.5957162,0.0172,FALSE,-0.0562658
L,N,128,-3.6039172,-0.2962685,-0.0063549,-1.5957162,0.0172,FALSE,-0.062181
L,P,128,-3.3611416,-0.2844009,-1.0564886,-1.5957162,0.0172,FALSE,-0.0607238
L,Q,128,-2.3044472,-0.4051743,0.0857621,-1.5957162,0.0172,FALSE,-0.0772321
L,R,128,-3.807854,-0.2208023,3.9228134,-1.5957162,0.0172,FALSE,-0.0534619
L,S,128,-1.4557772,-0.2043953,-0.7064441,-1.5957162,0.0266785,FALSE,-0.0517301
L,T,128,-0.8026325,-0.2138252,-0.8538312,-1.5957162,0.0249,FALSE,-0.0527186
L,V,128,-0.9906111,-0.2215157,-2.1434691,-1.5957162,0.0238937,FALSE,-0.0535384
L,W,128,-0.6189395,-0.2305527,-1.8671182,-1.5957162,0.0172,FALSE,-0.0545177
L,Y,128,-1.6792404,-0.2721748,-1.2222992,-1.5957162,0.0172,FALSE,-0.0592572
E,A,129,-2.280645,-1.6903038,1.2329973,-1.2875035,0.02064,FALSE,-0.7579579
E,C,129,-3.253031,-1.6071739,0.8461059,-1.2875035,0.0172,FALSE,-0.6706085
E,D,129,-1.075289,-1.6094627,-1.9776585,-1.2875035,0.0221827,FALSE,-0.6729154
E,F,129,-3.2528262,-1.7109413,1.8962396,-1.2875035,0.0172,FALSE,-0.7807766
E,G,129,-3.0725417,-1.5129509,1.0671867,-1.2875035,0.0202311,FALSE,-0.5804513
E,H,129,-1.4118424,-1.6301689,1.8275305,-1.2875035,0.0194872,FALSE,-0.6940374
E,I,129,-2.1392869,-1.582058,2.1173204,-1.2875035,0.0234071,FALSE,-0.6456596
E,K,129,-1.8872393,-1.15728,2.3065389,-1.2875035,0.0139207,FALSE,-0.3207287
E,L,129,-2.5294726,-1.8102341,1.7488524,-1.2875035,0.0172,FALSE,-0.8968008
E,M,129,-1.3321516,-1.8425522,1.2514207,-1.2875035,0.0172,FALSE,-0.9367607
E,N,129,-2.3997195,-1.7366295,-0.3329916,-1.2875035,0.0172,FALSE,-0.8098066
E,P,129,-3.21613,-1.7338295,0.6434485,-1.2875035,0.0172,FALSE,-0.8066087
E,Q,129,-2.6666775,-1.7290115,-0.2408746,-1.2875035,0.0172,FALSE,-0.8011253
E,R,129,-3.3863968,-1.6419067,3.5961768,-1.2875035,0.0172,FALSE,-0.7062129
E,S,129,-1.6375152,-1.6057243,0.293404,-1.2875035,0.0296643,FALSE,-0.6691504
E,T,129,-1.4555249,-1.6088066,0.4407911,-1.2875035,0.0220519,FALSE,-0.6722535
E,V,129,-1.6724659,-1.7058716,1.7672758,-1.2875035,0.0194872,FALSE,-0.7751295
E,W,129,-2.8034311,-1.8303757,1.4540781,-1.2875035,0.0172,FALSE,-0.9215802
E,Y,129,-2.2113681,-1.669796,0.8092591,-1.2875035,0.0172,FALSE,-0.7357285
R,A,130,-3.4190251,-1.4298286,3.4069583,-1.4315195,0.0172,FALSE,-0.5086228
R,C,130,-2.8797506,-1.7746811,3.0200669,-1.4315195,0.0172,FALSE,-0.8540783
R,D,130,-2.8895722,-1.6642265,3.4119428,-1.4315195,0.0162293,FALSE,-0.7297683
R,E,130,-2.9275921,-1.5428543,3.5961768,-1.4315195,0.0172,FALSE,-0.6080503
R,F,130,-3.0960014,-1.754467,4.0702006,-1.4315195,0.0172,FALSE,-0.8303718
R,G,130,-2.7366357,-1.4546127,3.2411477,-1.4315195,0.0153265,FALSE,-0.5292939
R,H,130,-2.9429271,-1.8341827,0.4173832,-1.4315195,0.0172,FALSE,-0.9263102
R,I,130,-2.5883113,-1.489296,4.2912814,-1.4315195,0.0153142,FALSE,-0.5592822
R,K,130,-1.7183397,-0.5679245,-0.8722546,-1.4315195,0.0189317,FALSE,-0.1064118
R,L,130,-3.6196747,-1.6815491,3.9228134,-1.4315195,0.0172,FALSE,-0.7484138
R,M,130,-2.5349532,-1.6162491,3.4253817,-1.4315195,0.0172,FALSE,-0.6797879
R,N,130,-3.1734508,-1.6549759,1.7672758,-1.4315195,0.0172,FALSE,-0.7199415
R,P,130,-2.7165542,-1.7402573,2.8174095,-1.4315195,0.0172,FALSE,-0.8139622
R,Q,130,-3.2152729,-1.63237,1.6751588,-1.4315195,0.0172,FALSE,-0.6963094
R,S,130,-3.5866198,-1.6835365,2.467365,-1.4315195,0.0172,FALSE,-0.7505733
R,T,130,-3.0650104,-1.61969,2.6147522,-1.4315195,0.0172,FALSE,-0.6832912
R,V,130,-3.3430398,-1.5676155,3.9412368,-1.4315195,0.0172,FALSE,-0.6316155
R,W,130,-2.8419735,-1.7624702,3.6280391,-1.4315195,0.0172,FALSE,-0.8397069
R,Y,130,-3.3303168,-1.6710739,2.9832201,-1.4315195,0.0172,FALSE,-0.7371006
F,A,131,-3.0965021,-1.9048157,-1.4986502,-1.453346,0.0172,FALSE,-1.0167108
F,C,131,-2.9546302,-2.1690292,-1.1117588,-1.453346,0.02064,FALSE,-1.3963464
F,D,131,-2.7380946,-2.190525,2.0804736,-1.453346,0.0172,FALSE,-1.4298542
F,E,131,-2.887642,-1.9939461,1.8962396,-1.453346,0.0172,FALSE,-1.1377332
F,G,131,-2.8068144,-2.052929,-1.3328396,-1.453346,0.0172,FALSE,-1.2218864
F,H,131,-2.9104471,-1.9306717,1.4909249,-1.453346,0.0172,FALSE,-1.0510353
F,I,131,-1.9307901,-1.7923203,-1.9408117,-1.453346,0.014427,FALSE,-0.8751116
F,K,131,-2.8881845,-2.067337,2.7805627,-1.453346,0.0172,FALSE,-1.2429151
F,L,131,-2.6075236,-2.089779,-2.0145053,-1.453346,0.0115679,FALSE,-1.2760289
F,M,131,-2.5625235,-2.0779343,-1.5170736,-1.453346,0.0172,FALSE,-1.2584976
F,N,131,-3.0866196,-2.0886917,0.1410323,-1.453346,0.0172,FALSE,-1.2744146
F,P,131,-3.1725947,-2.003521,-0.9091014,-1.453346,0.0172,FALSE,-1.1511792
F,Q,131,-2.9472269,-1.9834213,0.2331493,-1.453346,0.0172,FALSE,-1.1230511
F,R,131,-3.6418864,-2.221367,4.0702006,-1.453346,0.0172,FALSE,-1.4785527
F,S,131,-2.8301677,-2.0788307,-0.5590569,-1.453346,0.0176894,FALSE,-1.2598201
F,T,131,-3.0826052,-1.9943581,-0.7064441,-1.453346,0.0172,FALSE,-1.13831
F,V,131,-2.3700359,-1.9868393,-2.0329287,-1.453346,0.01524,FALSE,-1.1278079
F,W,131,-2.2977083,-2.062664,-1.719731,-1.453346,0.0172,FALSE,-1.2360749
F,Y,131,-1.5540324,-2.0584984,-1.074912,-1.453346,0.02064,FALSE,-1.2299934
E,A,132,-1.6151675,-1.9062157,1.2329973,-1.207293,0.0158682,FALSE,-1.0185527
E,C,132,-2.2968408,-1.7258301,0.8461059,-1.207293,0.0172,FALSE,-0.7975178
E,D,132,-1.9975659,-1.7689819,-1.9776585,-1.207293,0.0153345,FALSE,-0.8473514
E,F,132,-2.8047092,-1.6397133,1.8962396,-1.207293,0.0172,FALSE,-0.7039266
E,G,132,-2.9062827,-1.9293289,1.0671867,-1.207293,0.0296064,FALSE,-1.0492367
E,H,132,-2.9321878,-1.8318558,1.8275305,-1.207293,0.0172,FALSE,-0.9234174
E,I,132,-2.6394351,-1.9600449,2.1173204,-1.207293,0.0172,FALSE,-1.0908112
E,K,132,-1.7794609,-1.6726952,2.3065389,-1.207293,0.0238433,FALSE,-0.738844
E,L,132,-2.3487303,-1.9826851,1.7488524,-1.207293,0.0172,FALSE,-1.1220279
E,M,132,-2.3342409,-1.9692879,1.2514207,-1.207293,0.0172,FALSE,-1.1034974
E,N,132,-2.0498336,-1.72155,-0.3329916,-1.207293,0.0172,FALSE,-0.7926813
E,P,132,-1.0000076,-1.9004974,0.6434485,-1.207293,0.0198206,FALSE,-1.0110418
E,Q,132,-1.8605185,-1.9568329,-0.2408746,-1.207293,0.0145457,FALSE,-1.0864216
E,R,132,-3.1697625,-1.8336258,3.5961768,-1.207293,0.0172,FALSE,-0.9256174
E,S,132,-2.4009561,-1.8092384,0.293404,-1.207293,0.0147,FALSE,-0.8955866
E,T,132,-2.1008484,-1.9328842,0.4407911,-1.207293,0.0172,FALSE,-1.0540026
E,V,132,-1.7022016,-1.9194298,1.7672758,-1.207293,0.0220348,FALSE,-1.0360315
E,W,132,-2.2973217,-2.2238426,1.4540781,-1.207293,0.0172,FALSE,-1.4824927
E,Y,132,-2.7499579,-1.9571838,0.8092591,-1.207293,0.0172,FALSE,-1.0869007
I,A,133,-1.7041243,-1.8261414,-1.2775694,-1.6340915,0.0151549,FALSE,-0.9163365
I,C,133,-2.2191161,-1.8410301,-0.890678,-1.6340915,0.0172,FALSE,-0.9348549
I,D,133,-2.5788143,-1.8132019,2.3015544,-1.6340915,0.0172,FALSE,-0.9004259
I,E,133,-2.6197604,-1.5524406,2.1173204,-1.6340915,0.0172,FALSE,-0.6170968
I,F,133,-1.9122426,-1.8633766,-1.9408117,-1.6340915,0.0249,FALSE,-0.9630698
I,G,133,-3.1371992,-1.6315727,-1.1117588,-1.6340915,0.0172,FALSE,-0.6954858
I,H,133,-2.8386573,-1.813961,1.7120056,-1.6340915,0.0172,FALSE,-0.9013546
I,K,133,-2.4692712,-1.5417824,3.0016435,-1.6340915,0.0203901,FALSE,-0.6070447
I,L,133,-0.9156151,-1.3339882,-1.7934246,-1.6340915,0.0185169,FALSE,-0.434505
I,M,133,-0.9341867,-1.481636,-1.2959928,-1.6340915,0.0258049,FALSE,-0.552552
I,N,133,-2.2684685,-1.6457062,0.362113,-1.6340915,0.0172,FALSE,-0.7101854
I,P,133,-3.2981707,-1.6428337,-0.6880207,-1.6340915,0.0172,FALSE,-0.7071807
I,Q,133,-2.9966079,-1.6271706,0.45423,-1.6340915,0.0172,FALSE,-0.6909507
I,R,133,-3.1667283,-1.7845612,4.2912814,-1.6340915,0.03784,FALSE,-0.8658198
I,S,133,-3.4450588,-1.6357613,-0.3379761,-1.6340915,0.0172,FALSE,-0.6998201
I,T,133,-2.7416389,-1.636425,-0.4853633,-1.6340915,0.0302812,FALSE,-0.7005086
I,V,133,-1.9884302,-1.2291794,-1.811848,-1.6340915,0.0159641,FALSE,-0.3636061
I,W,133,-2.1430143,-1.4626808,-1.4986502,-1.6340915,0.0172,FALSE,-0.536159
I,Y,133,-2.3885997,-1.6707916,-0.8538312,-1.6340915,0.0172,FALSE,-0.7367974
F,A,134,-3.0430434,-1.9929962,-1.4986502,-1.5566341,0.0172,FALSE,-1.1364039
F,C,134,-2.5409962,-1.8753204,-1.1117588,-1.5566341,0.0194816,FALSE,-0.9783556
F,D,134,-2.6162284,-2.0891953,2.0804736,-1.5566341,0.0153719,FALSE,-1.2751622
F,E,134,-3.1954579,-2.0598373,1.8962396,-1.5566341,0.0172,FALSE,-1.2319465
F,G,134,-4.0191126,-2.154045,-1.3328396,-1.5566341,0.0172,FALSE,-1.3732045
F,H,134,-3.250554,-1.8516998,1.4909249,-1.5566341,0.0172,FALSE,-0.9482638
F,I,134,-2.7131239,-2.0270119,-1.9408117,-1.5566341,0.0204347,FALSE,-1.1845226
F,K,134,-2.8419244,-1.9585495,2.7805627,-1.5566341,0.0172,FALSE,-1.0887663
F,L,134,-2.9855266,-1.932106,-2.0145053,-1.5566341,0.0280511,FALSE,-1.0529584
F,M,134,-1.4395895,-1.9608421,-1.5170736,-1.5566341,0.0172,FALSE,-1.0919022
F,N,134,-3.3602621,-1.8728409,0.1410323,-1.5566341,0.0172,FALSE,-0.9751706
F,P,134,-4.0802157,-2.1496162,-0.9091014,-1.5566341,0.0172,FALSE,-1.3663989
F,Q,134,-3.4164018,-2.0854454,0.2331493,-1.5566341,0.0172,FALSE,-1.2696008
F,R,134,-3.8714014,-1.8183403,4.0702006,-1.5566341,0.0172,FALSE,-0.9067237
F,S,134,-3.1677402,-1.7325745,-0.5590569,-1.5566341,0.0264544,FALSE,-0.805178
F,T,134,-3.5808901,-2.04319,-0.7064441,-1.5566341,0.0172,FALSE,-1.2077758
F,V,134,-3.2522527,-1.796814,-2.0329287,-1.5566341,0.02064,FALSE,-0.8805213
F,W,134,-2.6383604,-2.0518417,-1.719731,-1.5566341,0.0172,FALSE,-1.2203069
F,Y,134,-1.778709,-2.1396065,-1.074912,-1.5566341,0.0138951,FALSE,-1.3510758
P,A,135,-1.2311681,-1.8861084,-1.5723438,-1.2037178,0.0306262,FALSE,-0.9922844
P,C,135,-2.834653,-1.8161049,-1.9592351,-1.2037178,0.0172,FALSE,-0.9039806
P,D,135,0.5469218,-2.0659142,0.8276825,-1.2037178,0.0120886,FALSE,-1.2408304
P,E,135,-0.4680337,-1.8957558,0.6434485,-1.2037178,0.0174026,FALSE,-1.0048381
P,F,135,-1.9691254,-2.068348,-0.9091014,-1.2037178,0.0172,FALSE,-1.2443975
P,G,135,-1.6731056,-1.9062653,-1.7381544,-1.2037178,0.0147524,FALSE,-1.018618
P,H,135,-1.9730278,-1.975071,0.2381338,-1.2037178,0.0212213,FALSE,-1.1114758
P,I,135,-2.6942203,-1.9984665,-0.6880207,-1.2037178,0.0172,FALSE,-1.1440707
P,K,135,-0.5780263,-1.6396904,1.5277716,-1.2037178,0.0201355,FALSE,-0.7039028
P,L,135,-3.0304249,-2.047081,-1.0564886,-1.2037178,0.0164848,FALSE,-1.2134033
P,M,135,-2.6665861,-2.005371,-1.5539204,-1.2037178,0.0162986,FALSE,-1.1537869
P,N,135,-0.4770389,-1.9329338,-1.1117588,-1.2037178,0.0161423,FALSE,-1.0540692
P,Q,135,-0.9924721,-1.9482689,-1.0196418,-1.2037178,0.015487,FALSE,-1.0747657
P,R,135,-1.7039891,-2.1734657,2.8174095,-1.2037178,0.015487,FALSE,-1.4032324
P,S,135,-0.6958612,-1.9679375,-1.811848,-1.2037178,0.0225112,FALSE,-1.1016389
P,T,135,-1.7702958,-1.794548,-1.9592351,-1.2037178,0.0100545,FALSE,-0.8777908
P,V,135,-2.1110724,-2.006031,-1.0380652,-1.2037178,0.0162986,FALSE,-1.1547179
P,W,135,-2.4238563,-1.9708939,-1.351263,-1.2037178,0.0172,FALSE,-1.1057099
P,Y,135,-1.987733,-1.9766006,-1.9960819,-1.2037178,0.0162986,FALSE,-1.1135912
K,A,136,-0.4519895,-1.2568893,2.1173204,-1.1765758,0.0877868,TRUE,-0.3813572
K,C,136,-1.6210393,-1.763958,1.730429,-1.1765758,0.0208881,FALSE,-0.8414496
K,D,136,-0.6556447,-1.502449,2.1223049,-1.1765758,0.1037716,TRUE,-0.5709809
K,E,136,-0.5421157,-1.2863426,2.3065389,-1.1765758,0.0440753,FALSE,-0.4009992
K,F,136,0.2932663,-1.624466,2.7805627,-1.1765758,0.0637202,TRUE,-0.6881746
K,G,136,-0.935096,-1.3703308,1.9515098,-1.1765758,0.0386508,FALSE,-0.461537
K,H,136,-1.5544937,-1.549099,-0.8722546,-1.1765758,0.0275199,FALSE,-0.6139324
K,I,136,-1.6583983,-1.2705917,3.0016435,-1.1765758,0.0163533,FALSE,-0.3903949
K,L,136,-0.2832054,-1.5733109,2.6331756,-1.1765758,0.067855,TRUE,-0.6371274
K,M,136,-1.1232263,-1.3297424,2.1357438,-1.1765758,0.0361394,FALSE,-0.431431
K,N,136,-2.1339128,-1.1598892,0.4776379,-1.1765758,0.0525502,FALSE,-0.3222066
K,P,136,-0.8759578,-1.6469498,1.5277716,-1.1765758,0.0616518,TRUE,-0.711489
K,Q,136,-0.8231977,-1.5385132,0.385521,-1.1765758,0.0305505,FALSE,-0.6039854
K,R,136,-1.2045317,-0.9542618,-0.8722546,-1.1765758,0.0264773,FALSE,-0.2222459
K,S,136,-0.5565992,-1.4562149,1.1777271,-1.1765758,0.0334596,FALSE,-0.5306519
K,T,136,-0.6032222,-1.5368919,1.3251143,-1.1765758,0.0566306,TRUE,-0.6024724
K,V,136,-0.2528339,-1.4068146,2.6515989,-1.1765758,0.0776948,TRUE,-0.4899879
K,W,136,-0.7911313,-1.364315,2.3384012,-1.1765758,0.0992562,TRUE,-0.4569729
K,Y,136,-0.2864639,-1.59441,1.6935822,-1.1765758,0.0324422,FALSE,-0.6578459
E,A,137,-0.3232224,-0.4977798,1.2329973,-0.8838814,0.0241696,FALSE,-0.0927353
E,C,137,-4.0382507,-1.066433,0.8461059,-0.8838814,0.0172,FALSE,-0.2727601
E,D,137,-0.3150363,-0.7427292,-1.9776585,-0.8838814,0.0139673,FALSE,-0.1492456
E,F,137,-1.9178438,-1.1417313,1.8962396,-0.8838814,0.0147996,FALSE,-0.3120407
E,G,137,-1.1700772,-1.0496521,1.0671867,-0.8838814,0.0190741,FALSE,-0.2646145
E,H,137,-1.4428239,-1.2985802,1.8275305,-0.8838814,0.022323,FALSE,-0.4093988
E,I,137,-1.6525753,-0.8876343,2.1173204,-0.8838814,0.0230856,FALSE,-0.1963522
E,K,137,-2.836586,-0.6696281,2.3065389,-0.8838814,0.0177397,FALSE,-0.1296707
E,L,137,-1.5583046,-1.3540459,1.7488524,-0.8838814,0.0216404,FALSE,-0.4492642
E,M,137,-1.3874678,-1.2234535,1.2514207,-0.8838814,0.0172,FALSE,-0.3600246
E,N,137,-0.544717,-0.9330025,-0.3329916,-0.8838814,0.0224193,FALSE,-0.213669
E,P,137,-2.1201082,-1.3204994,0.6434485,-0.8838814,0.0147996,FALSE,-0.424799
E,Q,137,-2.0013875,-1.2478752,-0.2408746,-0.8838814,0.02064,FALSE,-0.375506
E,R,137,-3.9714657,-1.0501328,3.5961768,-0.8838814,0.0172,FALSE,-0.2648448
E,S,137,-0.7412542,-1.2939072,0.293404,-0.8838814,0.0153646,FALSE,-0.4061747
E,T,137,-0.9284753,-0.7635689,0.4407911,-0.8838814,0.0237578,FALSE,-0.1553096
E,V,137,-1.3622479,-1.17033,1.7672758,-0.8838814,0.0110669,FALSE,-0.3281782
E,W,137,-1.8827446,-1.2649689,1.4540781,-0.8838814,0.0163178,FALSE,-0.3866653
E,Y,137,-2.0836038,-1.080677,0.8092591,-0.8838814,0.0172,FALSE,-0.2798446
S,A,138,-0.062673,-1.4923592,-1.2222992,-1.003054,0.0264785,FALSE,-0.5619906
S,C,138,-2.4339394,-1.5751038,-1.6091906,-1.003054,0.0179096,FALSE,-0.6388697
S,D,138,-0.9538085,-1.3844719,0.4776379,-1.003054,0.0147,FALSE,-0.4724069
S,E,138,-0.1678062,-1.2770576,0.293404,-1.003054,0.016592,FALSE,-0.39472
S,F,138,-0.7095712,-1.497467,-0.5590569,-1.003054,0.0193923,FALSE,-0.5665286
S,G,138,0.4643584,-1.3600578,-1.3881098,-1.003054,0.0217033,FALSE,-0.4537646
S,H,138,-0.8066327,-1.6577911,-0.1119108,-1.003054,0.0217382,FALSE,-0.7229225
S,I,138,0.1309548,-1.5787506,-0.3379761,-1.003054,0.0102046,FALSE,-0.6424239
S,K,138,-1.470445,-1.4613342,1.1777271,-1.003054,0.0171532,FALSE,-0.5350085
S,L,138,-0.1736237,-1.640213,-0.7064441,-1.003054,0.0195201,FALSE,-0.704447
S,M,138,-0.2202608,-1.7044334,-1.2038758,-1.003054,0.0219,FALSE,-0.7735324
S,N,138,0.7830556,-1.0742035,-1.4618034,-1.003054,0.0100725,FALSE,-0.2766053
S,P,138,-1.1187051,-1.5733185,-1.811848,-1.003054,0.0137411,FALSE,-0.6371348
S,Q,138,-0.4136381,-1.5327301,-1.3696864,-1.003054,0.0323352,FALSE,-0.5986011
S,R,138,-0.9495331,-1.35606,2.467365,-1.003054,0.0171919,FALSE,-0.4507679
S,T,138,-0.6100351,-1.0771332,-2.0145053,-1.003054,0.0111248,FALSE,-0.2780672
S,V,138,-0.6700465,-1.3784027,-0.6880207,-1.003054,0.0250493,FALSE,-0.4677174
S,W,138,-0.5519358,-1.4934616,-1.0012184,-1.003054,0.0172,FALSE,-0.5629677
S,Y,138,-0.0999726,-1.7137337,-1.6460374,-1.003054,0.0157185,FALSE,-0.7838987
S,A,139,0.9593563,-1.5832939,-1.2222992,-1.345197,0.0169977,FALSE,-0.6468716
S,C,139,-1.8880032,-1.8129005,-1.6091906,-1.345197,0.0180308,FALSE,-0.9000574
S,D,139,-2.7581168,-1.7948723,0.4776379,-1.345197,0.0172,FALSE,-0.8781812
S,E,139,-2.815151,-1.7792778,0.293404,-1.345197,0.0156867,FALSE,-0.8595284
S,F,139,-0.8447203,-1.9045715,-0.5590569,-1.345197,0.0196902,FALSE,-1.0163898
S,G,139,-0.7955668,-1.8217506,-1.3881098,-1.345197,0.0181112,FALSE,-0.9109184
S,H,139,-0.9655657,-1.7906837,-0.1119108,-1.345197,0.0239672,FALSE,-0.8731465
S,I,139,-1.3137999,-1.6765518,-0.3379761,-1.345197,0.0265457,FALSE,-0.7430022
S,K,139,-1.3515886,-1.6797104,1.1777271,-1.345197,0.02628,FALSE,-0.7464196
S,L,139,-2.0057322,-1.7255974,-0.7064441,-1.345197,0.0185783,FALSE,-0.7972544
S,M,139,-0.6095337,-2.0459366,-1.2038758,-1.345197,0.0147,FALSE,-1.2117468
S,N,139,-0.9047351,-1.7188606,-1.4618034,-1.345197,0.0257168,FALSE,-0.7896522
S,P,139,-3.4924658,-1.582859,-1.811848,-1.345197,0.0224231,FALSE,-0.6464449
S,Q,139,-0.2712654,-2.013256,-1.3696864,-1.345197,0.0173018,FALSE,-1.1649363
S,R,139,-1.6692154,-1.8521957,2.467365,-1.345197,0.0198918,FALSE,-0.9488898
S,T,139,0.1062968,-1.5917854,-2.0145053,-1.345197,0.0197635,FALSE,-0.655243
S,V,139,-0.2690256,-1.785656,-0.6880207,-1.345197,0.0164085,FALSE,-0.8671271
S,W,139,0.5444961,-1.7621231,-1.0012184,-1.345197,0.0083447,FALSE,-0.8393006
S,Y,139,-1.1050617,-1.8631172,-1.6460374,-1.345197,0.0227598,FALSE,-0.9627394
W,A,140,-3.6980709,-1.6829758,-1.9408117,-1.5063119,0.0172,FALSE,-0.7499636
W,C,140,-2.5824425,-2.0404282,-1.5539204,-1.5063119,0.0198823,FALSE,-1.2037897
W,D,140,-3.8289532,-1.9269485,1.638312,-1.5063119,0.0172,FALSE,-1.0460527
W,E,140,-3.657861,-1.9819489,1.4540781,-1.5063119,0.0172,FALSE,-1.1210053
W,F,140,-1.0223917,-1.9260521,-1.719731,-1.5063119,0.0172,FALSE,-1.044855
W,G,140,-3.1675609,-1.8391533,-1.7750012,-1.5063119,0.0242038,FALSE,-0.9325081
W,H,140,-2.8473377,-2.0131378,1.0487633,-1.5063119,0.0172,FALSE,-1.1647687
W,I,140,-3.9629952,-1.958355,-1.4986502,-1.5063119,0.0172,FALSE,-1.0885005
W,K,140,-3.8385444,-1.6954651,2.3384012,-1.5063119,0.0172,FALSE,-0.7636225
W,L,140,-3.2770915,-1.8125038,-1.8671182,-1.5063119,0.0172,FALSE,-0.8995724
W,M,140,-2.288713,-2.320301,-1.9592351,-1.5063119,0.02064,FALSE,-1.6394395
W,N,140,-3.9728275,-1.969677,-0.3011293,-1.5063119,0.0172,FALSE,-1.1040332
W,P,140,-4.6574116,-1.9921913,-1.351263,-1.5063119,0.0172,FALSE,-1.1352781
W,Q,140,-3.8018111,-1.6363411,-0.2090123,-1.5063119,0.0172,FALSE,-0.7004215
W,R,140,-3.8729986,-1.8809547,3.6280391,-1.5063119,0.0324642,FALSE,-0.9856158
W,S,140,-4.4428225,-1.9722977,-1.0012184,-1.5063119,0.0172,FALSE,-1.1076458
W,T,140,-3.7946621,-1.7190018,-1.1486056,-1.5063119,0.0172,FALSE,-0.789811
W,V,140,-3.5092032,-2.0145226,-1.8486948,-1.5063119,0.0172,FALSE,-1.1667326
W,Y,140,-1.3367678,-1.821537,-1.5170736,-1.5063119,0.0203511,FALSE,-0.9106553
P,A,141,-1.8583622,-1.6035995,-1.5723438,-0.9962108,0.0154391,FALSE,-0.6670171
P,C,141,-1.7755743,-1.7941246,-1.9592351,-0.9962108,0.0172,FALSE,-0.8772812
P,D,141,-2.0638057,-1.7380142,0.8276825,-0.9962108,0.01524,FALSE,-0.8113912
P,E,141,-0.8186731,-1.8970985,0.6434485,-0.9962108,0.0183882,FALSE,-1.0065926
P,F,141,-2.0192285,-2.1025352,-0.9091014,-0.9962108,0.0172,FALSE,-1.2950434
P,G,141,-1.5193114,-2.0298233,-1.7381544,-0.9962108,0.0160639,FALSE,-1.1885467
P,H,141,-2.9748402,-1.7538414,0.2381338,-0.9962108,0.0144605,FALSE,-0.8296449
P,I,141,-1.5748054,-1.8263359,-0.6880207,-0.9962108,0.0375,FALSE,-0.916577
P,K,141,-2.317201,-1.5158081,1.5277716,-0.9962108,0.0172,FALSE,-0.5830478
P,L,141,-1.7131116,-1.8486023,-1.0564886,-0.9962108,0.037752,FALSE,-0.9443592
P,M,141,-0.8429875,-2.0559921,-1.5539204,-0.9962108,0.020565,FALSE,-1.2263418
P,N,141,-1.8155951,-1.8823586,-1.1117588,-0.9962108,0.0172,FALSE,-0.9874298
P,Q,141,-0.556833,-1.921814,-1.0196418,-0.9962108,0.0172,FALSE,-1.0392033
P,R,141,-1.6352901,-1.9396858,2.8174095,-0.9962108,0.0162729,FALSE,-1.063154
P,S,141,-1.1785703,-1.0730896,-1.811848,-0.9962108,0.0303877,FALSE,-0.2760512
P,T,141,-1.1603073,-1.6477432,-1.9592351,-0.9962108,0.0138434,FALSE,-0.7123215
P,V,141,-1.5550641,-1.7461853,-1.0380652,-0.9962108,0.0286053,FALSE,-0.8207823
P,W,141,-2.8989146,-1.7762909,-1.351263,-0.9962108,0.0172,FALSE,-0.8559845
P,Y,141,-2.5194582,-1.6518822,-1.9960819,-0.9962108,0.0172,FALSE,-0.7166753
N,A,142,-4.2171086,-1.0706253,-0.5222101,-0.9848707,0.0172,FALSE,-0.2748288
N,C,142,-3.356767,-1.2218704,-0.9091014,-0.9848707,0.0172,FALSE,-0.3590396
N,D,142,-3.097718,-0.7112122,-0.2224512,-0.9848707,0.0251596,FALSE,-0.1404908
N,E,142,-3.0891442,-1.3349457,-0.3329916,-0.9848707,0.0172,FALSE,-0.4352007
N,F,142,-4.1398005,-1.3293076,0.1410323,-0.9848707,0.0172,FALSE,-0.4311172
N,G,142,-3.4701261,-1.4364815,-0.6880207,-0.9848707,0.0172,FALSE,-0.51411
N,H,142,-2.5673177,-1.3263168,0.0723232,-0.9848707,0.0145204,FALSE,-0.4289635
N,I,142,-3.2925381,-1.2267876,0.362113,-0.9848707,0.0172,FALSE,-0.3621065
N,K,142,-3.1225441,-0.4386406,0.4776379,-0.9848707,0.0093463,FALSE,-0.0825237
N,L,142,-3.1436265,-1.1355057,-0.0063549,-0.9848707,0.0406,FALSE,-0.3086186
N,M,142,-3.629801,-1.4039574,-0.5037867,-0.9848707,0.0172,FALSE,-0.4877117
N,P,142,-3.3246185,-1.1735611,-1.1117588,-0.9848707,0.0172,FALSE,-0.3300451
N,Q,142,-2.6480387,-1.15382,-2.0697755,-0.9848707,0.0172,FALSE,-0.3187778
N,R,142,-3.6784582,-1.0880585,1.7672758,-0.9848707,0.0172,FALSE,-0.2835782
N,S,142,-2.9537442,-1.4115562,-1.4618034,-0.9848707,0.0210007,FALSE,-0.4937834
N,T,142,-3.9268002,-1.0754776,-1.3144162,-0.9848707,0.0172,FALSE,-0.2772403
N,V,142,-3.8253001,-1.2682495,0.0120685,-0.9848707,0.0172,FALSE,-0.3888377
N,W,142,-3.0653069,-1.233551,-0.3011293,-0.9848707,0.0172,FALSE,-0.3663603
N,Y,142,-2.9069208,-1.4531212,-0.9459482,-0.9848707,0.02064,FALSE,-0.5280321
H,A,143,-2.3292554,-2.0010147,0.8276825,-1.3571312,0.0125975,FALSE,-1.1476515
H,C,143,-3.4920835,-2.0135727,0.4407911,-1.3571312,0.0172,FALSE,-1.1653853
H,D,143,-2.693007,-1.5600243,2.0117645,-1.3571312,0.0172,FALSE,-0.6243222
H,E,143,-2.7155569,-1.7672653,1.8275305,-1.3571312,0.0172,FALSE,-0.8453319
H,F,143,-0.6195019,-1.9199829,1.4909249,-1.3571312,0.0162128,FALSE,-1.0367669
H,G,143,-4.1237101,-1.9439201,0.6618719,-1.3571312,0.0162128,FALSE,-1.0688736
H,I,143,-2.3070071,-1.9386063,1.7120056,-1.3571312,0.02064,FALSE,-1.0616986
H,K,143,-3.460328,-1.7675133,-0.8722546,-1.3571312,0.0172,FALSE,-0.8456235
H,L,143,-2.0430065,-1.8186035,1.3435377,-1.3571312,0.0442276,FALSE,-0.907047
H,M,143,-1.4510047,-2.0702744,0.8461059,-1.3571312,0.0145433,FALSE,-1.2472245
H,N,143,-0.8970454,-1.7833328,0.0723232,-1.3571312,0.0084656,FALSE,-0.8643545
H,P,143,-3.8924334,-2.192688,0.2381338,-1.3571312,0.0185079,FALSE,-1.4332459
H,Q,143,-1.5546328,-2.0258331,0.1644402,-1.3571312,0.0162128,FALSE,-1.1828375
H,R,143,-2.6845227,-2.128212,0.4173832,-1.3571312,0.0184597,FALSE,-1.3337322
H,S,143,-0.8066983,-2.2253838,-0.1119108,-1.3571312,0.011004,FALSE,-1.4849479
H,T,143,-0.8420882,-2.0440826,0.0354764,-1.3571312,0.0153327,FALSE,-1.2090656
H,V,143,-1.4339448,-1.8330078,1.3619611,-1.3571312,0.0170647,FALSE,-0.9248489
H,W,143,-2.239943,-2.1170921,1.0487633,-1.3571312,0.0172,FALSE,-1.3169097
H,Y,143,0.2694744,-1.4842415,0.4039443,-1.3571312,0.0068544,FALSE,-0.5548344
T,A,144,-2.6470023,-0.6944771,-1.3696864,-1.1021537,0.0520315,FALSE,-0.1360388
T,C,144,-3.4093494,-1.107254,-1.7565778,-1.1021537,0.0172,FALSE,-0.2934898
T,D,144,-2.2506768,-0.2414474,0.6250251,-1.1021537,0.0172,FALSE,-0.0557214
T,E,144,-2.688786,-0.4767532,0.4407911,-1.1021537,0.0163501,FALSE,-0.0889734
T,F,144,-3.0387761,-0.7725906,-0.7064441,-1.1021537,0.0172,FALSE,-0.1580048
T,G,144,-0.4590164,-0.7166481,-1.535497,-1.1021537,0.0158444,FALSE,-0.1419659
T,H,144,-3.3043202,-0.9391518,0.0354764,-1.1021537,0.0172,FALSE,-0.2161188
T,I,144,-2.3049462,-0.877739,-0.4853633,-1.1021537,0.0221714,FALSE,-0.1927479
T,K,144,-1.1296002,-0.7204857,1.3251143,-1.1021537,0.0109191,FALSE,-0.1430159
T,L,144,-3.5224124,-1.1832542,-0.8538312,-1.1021537,0.0172,FALSE,-0.3356994
T,M,144,-3.0002028,-0.7513924,-1.351263,-1.1021537,0.0163501,FALSE,-0.1517393
T,N,144,-3.493527,-0.4458313,-1.3144162,-1.1021537,0.0172,FALSE,-0.0837052
T,P,144,-3.1792163,-0.7825165,-1.9592351,-1.1021537,0.0186964,FALSE,-0.1610199
T,Q,144,-3.049051,-1.0009003,-1.2222992,-1.1021537,0.0172,FALSE,-0.2421455
T,R,144,-3.8172731,-0.6888733,2.6147522,-1.1021537,0.0163501,FALSE,-0.1345777
T,S,144,-2.1432534,-0.0614815,-2.0145053,-1.1021537,0.0284294,FALSE,-0.0387881
T,V,144,-4.0127727,-0.5312157,-0.8354078,-1.1021537,0.0172,FALSE,-0.0990316
T,W,144,-3.1844109,-0.9883156,-1.1486056,-1.1021537,0.0172,FALSE,-0.2366259
T,Y,144,-3.4866712,-0.8621902,-1.7934246,-1.1021537,0.0163501,FALSE,-0.1872055
F,A,145,-0.110947,0.3840485,-1.4986502,-1.2869738,0.0133126,FALSE,-0.0156708
F,C,145,-1.2760504,-0.1293106,-1.1117588,-1.2869738,0.0147,FALSE,-0.0444781
F,D,145,0.6606387,0.2660103,2.0804736,-1.2869738,0.0146322,FALSE,-0.0199425
F,E,145,1.116394,0.130394,1.8962396,-1.2869738,0.0095732,FALSE,-0.0262871
F,G,145,-1.3485669,0.0838242,-1.3328396,-1.2869738,0.0227669,FALSE,-0.0288963
F,H,145,-1.5751325,0.1366272,1.4909249,-1.2869738,0.0157827,FALSE,-0.025956
F,I,145,-1.3642589,0.981945,-1.9408117,-1.2869738,0.0159557,FALSE,-0.0045974
F,K,145,-2.4974579,0.1798019,2.7805627,-1.2869738,0.0151582,FALSE,-0.0237729
F,L,145,-1.6899384,0.087738,-2.0145053,-1.2869738,0.0116125,FALSE,-0.0286675
F,M,145,-0.9768141,0.4499931,-1.5170736,-1.2869738,0.0179366,FALSE,-0.0136936
F,N,145,-0.77604,0.0964356,0.1410323,-1.2869738,0.0249,FALSE,-0.0281655
F,P,145,-3.0551339,0.2497978,-0.9091014,-1.2869738,0.0157827,FALSE,-0.0206129
F,Q,145,-1.1910168,0.0177994,0.2331493,-1.2869738,0.023909,FALSE,-0.0330382
F,R,145,-2.4826567,-0.0183411,4.0702006,-1.2869738,0.0189393,FALSE,-0.0355472
F,S,145,-1.0273404,0.3804283,-0.5590569,-1.2869738,0.0175264,FALSE,-0.0157872
F,T,145,-1.7363862,0.7768745,-0.7064441,-1.2869738,0.0140466,FALSE,-0.0070062
F,V,145,-1.4534834,1.1107063,-2.0329287,-1.2869738,0.0140466,FALSE,-0.0035281
F,W,145,-0.5423195,0.0506859,-1.719731,-1.2869738,0.0196481,FALSE,-0.0309069
F,Y,145,-1.2430968,0.008976,-1.074912,-1.2869738,0.0156103,FALSE,-0.0336342
N,A,146,-0.1195959,-0.4485855,-0.5222101,-1.0705335,0.0110403,FALSE,-0.0841621
N,C,146,-1.9251004,-0.8001022,-0.9091014,-1.0705335,0.0172,FALSE,-0.1664923
N,D,146,-0.0348344,-0.2727165,-0.2224512,-1.0705335,0.272302,TRUE,-0.0593214
N,E,146,0.0633242,-0.6101761,-0.3329916,-1.0705335,0.0125198,FALSE,-0.1155512
N,F,146,-0.0192543,-0.8551559,0.1410323,-1.0705335,0.0086048,FALSE,-0.184746
N,G,146,-0.427135,-0.5369759,-0.6880207,-1.0705335,0.0151814,FALSE,-0.1001566
N,H,146,-0.1298945,-0.851902,0.0723232,-1.0705335,0.0065401,FALSE,-0.1836183
N,I,146,-1.4139978,-0.5190773,0.362113,-1.0705335,0.0133957,FALSE,-0.0967001
N,K,146,-1.3657348,-0.04422,0.4776379,-1.0705335,0.008876,FALSE,-0.037458
N,L,146,-1.2870475,-0.7914619,-0.0063549,-1.0705335,0.0110924,FALSE,-0.1637825
N,M,146,-0.6149065,-0.6233444,-0.5037867,-1.0705335,0.0172,FALSE,-0.1185478
N,P,146,-0.9383788,-0.7179756,-1.1117588,-1.0705335,0.0136705,FALSE,-0.1423283
N,Q,146,0.6597764,-0.4882736,-2.0697755,-1.0705335,0.0119838,FALSE,-0.0910161
N,R,146,-0.7481031,-0.1840172,1.7672758,-1.0705335,0.0080591,FALSE,-0.0496551
N,S,146,-1.4066895,-0.4471741,-1.4618034,-1.0705335,0.014132,FALSE,-0.0839276
N,T,146,-1.3204561,0.091938,-1.3144162,-1.0705335,0.0180222,FALSE,-0.028424
N,V,146,-0.1352879,-0.4686317,0.0120685,-1.0705335,0.0047084,FALSE,-0.0875598
N,W,146,-1.5912031,-0.9109497,-0.3011293,-1.0705335,0.0162756,FALSE,-0.2050868
N,Y,146,0.5622198,-0.6627045,-0.9459482,-1.0705335,0.0147905,FALSE,-0.1279467
G,A,147,-1.5445524,-1.7675781,-1.9960819,-1.3462275,0.0147,FALSE,-0.8456997
G,C,147,-2.871487,-1.7492561,-1.9408117,-1.3462275,0.0172,FALSE,-0.8243297
G,D,147,-1.7839139,-1.5703087,1.2514207,-1.3462275,0.0172,FALSE,-0.6342177
G,E,147,-1.9023299,-2.0016823,1.0671867,-1.3462275,0.0267125,FALSE,-1.1485906
G,F,147,-2.2321937,-2.0245552,-1.3328396,-1.3462275,0.0172,FALSE,-1.1810121
G,H,147,-1.8071725,-1.999691,0.6618719,-1.3462275,0.0154774,FALSE,-1.1457906
G,I,147,-1.9092595,-1.7560425,-1.1117588,-1.3462275,0.0172,FALSE,-0.8322042
G,K,147,-1.5759797,-1.4895668,1.9515098,-1.3462275,0.0154774,FALSE,-0.5595212
G,L,147,-2.1412116,-1.7760048,-1.4802268,-1.3462275,0.0172,FALSE,-0.8556455
G,M,147,-2.5885436,-1.6903648,-1.9776585,-1.3462275,0.0172,FALSE,-0.7580247
G,N,147,-1.7658195,-1.5083122,-0.6880207,-1.3462275,0.0172,FALSE,-0.576254
G,P,147,-2.5104071,-2.1031647,-1.7381544,-1.3462275,0.0172,FALSE,-1.2959853
G,Q,147,-1.8399315,-2.102581,-0.5959037,-1.3462275,0.0172,FALSE,-1.2951119
G,R,147,-2.2405507,-1.8132057,3.2411477,-1.3462275,0.0170045,FALSE,-0.9004306
G,S,147,-2.2020717,-2.1541824,-1.3881098,-1.3462275,0.0147,FALSE,-1.3734159
G,T,147,-2.1513613,-1.7998314,-1.535497,-1.3462275,0.0147393,FALSE,-0.8841655
G,V,147,-2.123105,-1.9106293,-1.4618034,-1.3462275,0.0172,FALSE,-1.0243718
G,W,147,-1.8582869,-1.9790192,-1.7750012,-1.3462275,0.0172,FALSE,-1.1169407
G,Y,147,-2.3871716,-2.1773186,-1.9039649,-1.3462275,0.0147,FALSE,-1.4092252
V,A,148,-0.7191771,-0.7601662,-1.627614,-1.2506716,0.0159289,FALSE,-0.1543041
V,C,148,-3.3143675,-1.5534477,-1.2407226,-1.2506716,0.0172,FALSE,-0.6180529
V,D,148,-1.5198039,-1.1763725,1.9515098,-1.2506716,0.0182997,FALSE,-0.3316768
V,E,148,-1.4407509,-0.9449425,1.7672758,-1.2506716,0.0168452,FALSE,-0.2184489
V,F,148,-1.9265305,-1.349575,-2.0329287,-1.2506716,0.0172,FALSE,-0.4459404
V,G,148,-1.7048231,-1.2588615,-1.4618034,-1.2506716,0.0122597,FALSE,-0.3826473
V,H,148,-1.018097,-1.3444824,1.3619611,-1.2506716,0.0133047,FALSE,-0.4421781
V,I,148,0.5534576,-1.364357,-1.811848,-1.2506716,0.0417081,FALSE,-0.4570046
V,K,148,-0.6315966,-0.870369,2.6515989,-1.2506716,0.0153969,FALSE,-0.1901025
V,L,148,-1.4143266,-1.3822594,-2.1434691,-1.2506716,0.0130622,FALSE,-0.4706931
V,M,148,-1.1396908,-1.3973923,-1.6460374,-1.2506716,0.0172,FALSE,-0.4825127
V,N,148,-0.8831815,-1.1354523,0.0120685,-1.2506716,0.0172,FALSE,-0.3085894
V,P,148,-1.8154462,-1.5152435,-1.0380652,-1.2506716,0.0162486,FALSE,-0.582534
V,Q,148,-1.7439056,-1.6434937,0.1041855,-1.2506716,0.0153969,FALSE,-0.7078703
V,R,148,-0.6954704,-1.3656273,3.9412368,-1.2506716,0.01463,FALSE,-0.4579655
V,S,148,0.0245559,-1.3473129,-0.6880207,-1.2506716,0.2506315,TRUE,-0.4442661
V,T,148,0.4902257,-0.8270454,-0.8354078,-1.2506716,0.249673,TRUE,-0.1752087
V,W,148,-2.4195834,-1.5359459,-1.8486948,-1.2506716,0.01463,FALSE,-0.6015908
V,Y,148,-1.7219266,-1.34301,-1.2038758,-1.2506716,0.0172,FALSE,-0.4410951
T,A,149,-2.7455024,-0.9772492,-1.3696864,-1.5407782,0.0152629,FALSE,-0.2318647
T,C,149,-2.3262312,-1.6952591,-1.7565778,-1.5407782,0.0172,FALSE,-0.7633959
T,D,149,-2.8479846,-1.5634499,0.6250251,-1.5407782,0.0172,FALSE,-0.6276059
T,E,149,-2.466204,-1.3423653,0.4407911,-1.5407782,0.0172,FALSE,-0.4406215
T,F,149,-3.2336209,-1.5173569,-0.7064441,-1.5407782,0.0172,FALSE,-0.5844588
T,G,149,-2.9084695,-1.2788048,-1.535497,-1.5407782,0.0147,FALSE,-0.3958954
T,H,149,-1.9723658,-1.5766869,0.0354764,-1.5407782,0.0172,FALSE,-0.6404109
T,I,149,-2.0178538,-1.3701286,-0.4853633,-1.5407782,0.010778,FALSE,-0.461383
T,K,149,-2.5220999,-1.0401115,1.3251143,-1.5407782,0.0085304,FALSE,-0.2600787
T,L,149,-3.4880412,-1.550003,-0.8538312,-1.5407782,0.0172,FALSE,-0.6147873
T,M,149,-2.1257882,-1.268631,-1.351263,-1.5407782,0.0172,FALSE,-0.389091
T,N,149,-2.2754498,-1.2742844,-1.3144162,-1.5407782,0.0172,FALSE,-0.3928602
T,P,149,-2.6861841,-1.6048508,-1.9592351,-1.5407782,0.0162516,FALSE,-0.6682728
T,Q,149,-2.7022394,-1.594387,-1.2222992,-1.5407782,0.0162516,FALSE,-0.6578231
T,R,149,-3.392106,-1.3297195,2.6147522,-1.5407782,0.0162516,FALSE,-0.4314144
T,S,149,0.8710291,-1.1963425,-2.0145053,-1.5407782,0.0042214,FALSE,-0.3434635
T,V,149,-2.6444028,-1.144783,-0.8354078,-1.5407782,0.0172,FALSE,-0.3137299
T,W,149,-2.3002529,-1.6599464,-1.1486056,-1.5407782,0.0172,FALSE,-0.7252103
T,Y,149,-2.2924461,-1.5922813,-1.7934246,-1.5407782,0.0172,FALSE,-0.6557342
V,A,150,1.8352603,0.9766274,-1.627614,-1.1937873,0.0097076,FALSE,-0.004648
V,C,150,-1.4629104,-0.6468315,-1.2407226,-1.1937873,0.0172,FALSE,-0.1240751
V,D,150,-1.040788,-0.4403839,1.9515098,-1.1937873,0.0162615,FALSE,-0.0828086
V,E,150,-0.6119434,-0.58675,1.7672758,-1.1937873,0.0172,FALSE,-0.1103961
V,F,150,1.2084113,-0.6290245,-2.0329287,-1.1937873,0.0141449,FALSE,-0.1198629
V,G,150,0.0491482,-0.3932152,-1.4618034,-1.1937873,0.0200579,FALSE,-0.0754216
V,H,150,-0.4152356,-0.5069428,1.3619611,-1.1937873,0.0292707,FALSE,-0.0944217
V,I,150,-0.3980611,-0.5268135,-1.811848,-1.1937873,0.015543,FALSE,-0.0981799
V,K,150,-1.3383812,-0.3262253,2.6515989,-1.1937873,0.0147,FALSE,-0.0660118
V,L,150,0.7634015,-0.5457497,-2.1434691,-1.1937873,0.0076887,FALSE,-0.1018935
V,M,150,-0.32908,-0.4358788,-1.6460374,-1.1937873,0.0172,FALSE,-0.0820741
V,N,150,-0.27302,-0.3292046,0.0120685,-1.1937873,0.0162615,FALSE,-0.0664051
V,P,150,-1.4357898,-0.2668037,-1.0380652,-1.1937873,0.0154202,FALSE,-0.0586238
V,Q,150,1.2894931,-0.404026,0.1041855,-1.1937873,0.0123686,FALSE,-0.0770565
V,R,150,-1.9969476,-0.3377342,3.9412368,-1.1937873,0.0172,FALSE,-0.0675435
V,S,150,1.6185428,-0.6217918,-0.6880207,-1.1937873,0.011187,FALSE,-0.1181907
V,T,150,0.3678098,0.1293335,-0.8354078,-1.1937873,0.0113202,FALSE,-0.0263438
V,W,150,0.8018408,-0.6272507,-1.8486948,-1.1937873,0.0509725,FALSE,-0.1194507
V,Y,150,0.2532508,-0.6159401,-1.2038758,-1.1937873,0.0446886,FALSE,-0.1168539
S,A,151,-0.2073368,0.105587,-1.2222992,-1.5632495,0.0041433,FALSE,-0.0276466
S,C,151,-1.8415967,-1.0061951,-1.6091906,-1.5632495,0.0172,FALSE,-0.2445017
S,D,151,-2.3687495,-1.0221481,0.4776379,-1.5632495,0.0172,FALSE,-0.2517232
S,E,151,-2.5244114,-0.8830223,0.293404,-1.5632495,0.0172,FALSE,-0.1946648
S,F,151,-2.0916589,-1.0463715,-0.5590569,-1.5632495,0.0154034,FALSE,-0.2630471
S,G,151,-2.1171207,-0.7771339,-1.3881098,-1.5632495,0.0162522,FALSE,-0.1593783
S,H,151,-1.9824174,-1.0106697,-0.1119108,-1.5632495,0.01764,FALSE,-0.2465085
S,I,151,-3.0881718,-1.095581,-0.3379761,-1.5632495,0.0172,FALSE,-0.2874275
S,K,151,-1.9619936,-1.0385704,1.1777271,-1.5632495,0.0162522,FALSE,-0.2593525
S,L,151,-0.6918173,-1.101677,-0.7064441,-1.5632495,0.0123412,FALSE,-0.2905798
S,M,151,-1.5925956,-1.3492966,-1.2038758,-1.5632495,0.0172,FALSE,-0.445734
S,N,151,-2.2503488,-0.8480339,-1.4618034,-1.5632495,0.0172,FALSE,-0.1822859
S,P,151,-3.201529,-0.8506775,-1.811848,-1.5632495,0.0164194,FALSE,-0.1831955
S,Q,151,-2.3846449,-0.9669342,-1.3696864,-1.5632495,0.0172,FALSE,-0.2275036
S,R,151,-2.3258114,-0.997982,2.467365,-1.5632495,0.0172,FALSE,-0.2408555
S,T,151,-1.4585141,-0.5165825,-2.0145053,-1.5632495,0.0264812,FALSE,-0.0962275
S,V,151,-2.3850414,-0.7719002,-0.6880207,-1.5632495,0.0172,FALSE,-0.157797
S,W,151,-3.048841,-1.1264343,-1.0012184,-1.5632495,0.0162522,FALSE,-0.3036897
S,Y,151,-2.6151705,-0.888691,-1.6460374,-1.5632495,0.0172,FALSE,-0.1967406
C,A,152,-2.7684199,-1.8746529,-1.7750012,-1.7178655,0.0172,FALSE,-0.9774976
C,D,152,-2.896125,-2.0778503,1.0303399,-1.7178655,0.0172,FALSE,-1.2583737
C,E,152,-2.8207753,-2.1018257,0.8461059,-1.7178655,0.016229,FALSE,-1.2939822
C,F,152,-2.5358101,-2.1788406,-1.1117588,-1.7178655,0.0124653,FALSE,-1.4115957
C,G,152,-2.5055717,-2.0070915,-1.9408117,-1.7178655,0.0184856,FALSE,-1.1562148
C,H,152,-3.255893,-1.9585075,0.4407911,-1.7178655,0.0172,FALSE,-1.0887089
C,I,152,-3.7808511,-2.3328476,-0.890678,-1.7178655,0.0172,FALSE,-1.660324
C,K,152,-2.7559239,-2.1069984,1.730429,-1.7178655,0.0172,FALSE,-1.3017288
C,L,152,-3.1599255,-1.8870125,-1.259146,-1.7178655,0.0172,FALSE,-0.9934569
C,M,152,-3.1265438,-2.1588783,-1.7565778,-1.7178655,0.0172,FALSE,-1.3806496
C,N,152,-3.538416,-1.8479652,-0.9091014,-1.7178655,0.0172,FALSE,-0.9435573
C,P,152,-2.7295603,-2.0266457,-1.9592351,-1.7178655,0.0147,FALSE,-1.183999
C,Q,152,-3.0196925,-1.7895813,-0.8169844,-1.7178655,0.0172,FALSE,-0.8718244
C,R,152,-3.1544666,-1.9912186,3.0200669,-1.7178655,0.020424,FALSE,-1.1339185
C,S,152,-2.4665495,-2.1955605,-1.6091906,-1.7178655,0.0145825,FALSE,-1.4377555
C,T,152,-2.8432691,-1.90168,-1.7565778,-1.7178655,0.0172,FALSE,-1.0125925
C,V,152,-2.9787467,-2.0217552,-1.2407226,-1.7178655,0.0172,FALSE,-1.1770176
C,W,152,-2.4394194,-2.190796,-1.5539204,-1.7178655,0.0172,FALSE,-1.430279
C,Y,152,-2.1361134,-1.9184914,-2.1250457,-1.7178655,0.018849,FALSE,-1.0347847
S,A,153,-0.268146,-1.3085632,-1.2222992,-1.1832442,0.1223542,TRUE,-0.4163559
S,C,153,-1.2804906,-1.4959946,-1.6091906,-1.1832442,0.0482702,FALSE,-0.5652176
S,D,153,-0.7362921,-1.4169235,0.4776379,-1.1832442,0.0118161,FALSE,-0.4981072
S,E,153,0.8200494,-1.595459,0.293404,-1.1832442,0.0062756,FALSE,-0.6588883
S,F,153,-0.2460937,-1.4638901,-0.5590569,-1.1832442,0.3164314,TRUE,-0.5371937
S,G,153,0.7380149,-1.378933,-1.3881098,-1.1832442,0.2540227,TRUE,-0.4681257
S,H,153,0.082948,-1.4405937,-0.1119108,-1.1832442,0.1311075,TRUE,-0.5175242
S,I,153,0.7971799,-1.3590584,-0.3379761,-1.1832442,0.3984215,TRUE,-0.453014
S,K,153,0.155878,-1.4020157,1.1777271,-1.1832442,0.3442218,TRUE,-0.4861695
S,L,153,0.1750304,-1.2645988,-0.7064441,-1.1832442,0.4005771,TRUE,-0.3864208
S,M,153,-0.4512408,-1.143673,-1.2038758,-1.1832442,0.0996122,TRUE,-0.3131145
S,N,153,1.0636742,-1.4019585,-1.4618034,-1.1832442,0.0561645,TRUE,-0.4861241
S,P,153,1.0103861,-0.8466682,-1.811848,-1.1832442,0.3673058,TRUE,-0.1818176
S,Q,153,0.8112318,-1.3538208,-1.3696864,-1.1832442,0.2960484,TRUE,-0.4490964
S,R,153,0.1678731,-1.3802071,2.467365,-1.1832442,0.2911473,TRUE,-0.4691078
S,T,153,0.9423792,-1.2405739,-2.0145053,-1.1832442,0.0915849,TRUE,-0.370821
S,V,153,0.3364685,-1.3094101,-0.6880207,-1.1832442,0.2637084,TRUE,-0.4169505
S,W,153,-0.9272262,-1.4833145,-1.0012184,-1.1832442,0.1619307,TRUE,-0.5540215
S,Y,153,0.4694484,-1.4451027,-1.6460374,-1.1832442,0.2396353,TRUE,-0.5212878
H,A,154,1.0583204,-1.1131973,0.8276825,-1.1609818,0.0257062,FALSE,-0.2966184
H,C,154,-0.3444095,-1.5884285,0.4407911,-1.1609818,0.0143689,FALSE,-0.6519244
H,D,154,0.6994575,-0.8965683,2.0117645,-1.1609818,0.3153563,TRUE,-0.1996586
H,E,154,0.4042984,-1.0689011,1.8275305,-1.1609818,0.3101688,TRUE,-0.2739763
H,F,154,-0.8101936,-1.5623741,1.4909249,-1.1609818,0.030116,FALSE,-0.6265733
H,G,154,-1.7095401,-1.3032074,0.6618719,-1.1609818,0.0147,FALSE,-0.4126117
H,I,154,0.079254,-1.431694,1.7120056,-1.1609818,0.02286,FALSE,-0.5101568
H,K,154,-0.7646458,-0.5371742,-0.8722546,-1.1609818,0.0178951,FALSE,-0.1001955
H,L,154,-0.6860704,-1.200367,1.3435377,-1.1609818,0.0466577,FALSE,-0.3458809
H,M,154,0.3545928,-1.3400688,0.8461059,-1.1609818,0.0115467,FALSE,-0.438938
H,N,154,0.1208029,-1.5482979,0.0723232,-1.1609818,0.0089544,FALSE,-0.6131755
H,P,154,-1.7092723,-1.3901672,0.2381338,-1.1609818,0.0166095,FALSE,-0.476841
H,Q,154,0.1078589,-1.0656586,0.1644402,-1.1609818,0.0149895,FALSE,-0.2723794
H,R,154,0.1404814,-1.1418076,0.4173832,-1.1609818,0.0205551,FALSE,-0.3120828
H,S,154,0.4392174,-1.3520622,-0.1119108,-1.1609818,0.0345782,FALSE,-0.447787
H,T,154,1.0543695,-1.2226448,0.0354764,-1.1609818,0.0317604,FALSE,-0.3595212
H,V,154,0.5719668,-1.4087944,1.3619611,-1.1609818,0.0104772,FALSE,-0.4915699
H,W,154,-0.1541185,-1.3576736,1.0487633,-1.1609818,0.0268024,FALSE,-0.4519756
H,Y,154,-0.3635497,-0.8170548,0.4039443,-1.1609818,0.0194927,FALSE,-0.1719289
R,A,155,0.009136,0.2983666,3.4069583,-0.8609985,0.0143027,FALSE,-0.0186683
R,C,155,-2.5666077,-0.3485184,3.0200669,-0.8609985,0.0172,FALSE,-0.0690098
R,D,155,-1.5861707,-0.0803719,3.4119428,-0.8609985,0.0384577,FALSE,-0.0402969
R,E,155,-0.0166346,-0.0667725,3.5961768,-0.8609985,0.0152981,FALSE,-0.039205
R,F,155,-0.6294306,-0.5745392,4.0702006,-0.8609985,0.0249,FALSE,-0.107796
R,G,155,0.0069988,-0.1776581,3.2411477,-0.8609985,0.0394758,FALSE,-0.0490243
R,H,155,0.1126734,-0.2785416,0.4173832,-0.8609985,0.0147,FALSE,-0.0600166
R,I,155,0.1584143,-0.2945786,4.2912814,-0.8609985,0.0100487,FALSE,-0.0619715
R,K,155,-0.3074225,0.431736,-0.8722546,-0.8609985,0.0134296,FALSE,-0.0142147
R,L,155,0.1872988,-0.5015373,3.9228134,-0.8609985,0.0316676,FALSE,-0.0934234
R,M,155,-0.3268281,-0.5012817,3.4253817,-0.8609985,0.0172,FALSE,-0.0933764
R,N,155,0.3479197,0.1945763,1.7672758,-0.8609985,0.0161934,FALSE,-0.0230683
R,P,155,-3.1403879,-0.5218811,2.8174095,-0.8609985,0.0152981,FALSE,-0.097234
R,Q,155,0.260451,0.2749558,1.6751588,-0.8609985,0.0175556,FALSE,-0.0195818
R,S,155,-0.0198307,0.1552162,2.467365,-0.8609985,0.0143372,FALSE,-0.0249928
R,T,155,-0.1041354,0.0594711,2.6147522,-0.8609985,0.0106068,FALSE,-0.0303608
R,V,155,0.0460955,-0.5075874,3.9412368,-0.8609985,0.0095971,FALSE,-0.0945415
R,W,155,-0.9648292,-0.3105316,3.6280391,-0.8609985,0.0202953,FALSE,-0.0639773
R,Y,155,0.6866284,-0.5653915,2.9832201,-0.8609985,0.0131027,FALSE,-0.1058862
G,A,156,0.1162777,-1.8994026,-1.9960819,-0.8929576,0.245039,TRUE,-1.0096074
G,C,156,-1.7358244,-1.7056313,-1.9408117,-0.8929576,0.0172,FALSE,-0.7748625
G,D,156,0.3865278,-1.7278519,1.2514207,-0.8929576,0.1987288,TRUE,-0.7998091
G,E,156,-0.2592992,-1.3402481,1.0671867,-0.8929576,0.1365243,TRUE,-0.4390692
G,F,156,-1.9199608,-1.9463081,-1.3328396,-0.8929576,0.0172,FALSE,-1.0721068
G,H,156,-0.5715475,-1.9499321,0.6618719,-0.8929576,0.1515307,TRUE,-1.0770239
G,I,156,-2.4987969,-1.6079865,-1.1117588,-0.8929576,0.0172,FALSE,-0.6714269
G,K,156,-0.4768511,-1.6065559,1.9515098,-0.8929576,0.0178524,FALSE,-0.6699866
G,L,156,-2.4285342,-1.9195633,-1.4802268,-0.8929576,0.0358771,FALSE,-1.036209
G,M,156,-0.4355813,-2.0312233,-1.9776585,-0.8929576,0.0201211,FALSE,-1.1905532
G,N,156,-0.4581174,-1.7496986,-0.6880207,-0.8929576,0.3040814,TRUE,-0.8248416
G,P,156,-2.6653066,-2.0352936,-1.7381544,-0.8929576,0.0172,FALSE,-1.1963968
G,Q,156,-0.0050995,-1.7282486,-0.5959037,-0.8929576,0.1930937,TRUE,-0.8002592
G,R,156,-1.4526623,-1.9946175,3.2411477,-0.8929576,0.058776,TRUE,-1.1386733
G,S,156,0.1686336,-1.9023895,-1.3881098,-0.8929576,0.3313104,TRUE,-1.0135235
G,T,156,-0.9821003,-1.6760063,-1.535497,-0.8929576,0.116465,TRUE,-0.7424131
G,V,156,-1.5041151,-1.7059479,-1.4618034,-0.8929576,0.0172,FALSE,-0.7752142
G,W,156,-1.3825387,-2.0369072,-1.7750012,-0.8929576,0.0161896,FALSE,-1.1987176
G,Y,156,-1.3174481,-2.0194817,-1.9039649,-0.8929576,0.0172,FALSE,-1.1737795
K,A,157,-0.4114624,-0.3321419,2.1173204,-0.8459175,0.0966741,TRUE,-0.066795
K,C,157,-2.0350795,-1.2330818,1.730429,-0.8459175,0.0172,FALSE,-0.3660638
K,D,157,0.3233672,-1.0279007,2.1223049,-0.8459175,0.3726512,TRUE,-0.2543729
K,E,157,0.6219982,-0.7944069,2.3065389,-0.8459175,0.3133705,TRUE,-0.1647015
K,F,157,-0.8081674,-1.2902374,2.7805627,-0.8459175,0.2670018,TRUE,-0.4036572
K,G,157,0.5778435,-1.0284119,1.9515098,-0.8459175,0.2997895,TRUE,-0.2546096
K,H,157,0.2196176,-1.1528969,-0.8722546,-0.8459175,0.2464936,TRUE,-0.3182591
K,I,157,0.2483384,-0.8718643,3.0016435,-0.8459175,0.4098116,TRUE,-0.1906366
K,L,157,-0.2872341,-0.9514809,2.6331756,-0.8459175,0.3553238,TRUE,-0.2211067
K,M,157,0.2636245,-0.9160156,2.1357438,-0.8459175,0.1980642,TRUE,-0.2070304
K,N,157,0.0228834,-0.8650322,0.4776379,-0.8459175,0.2194093,TRUE,-0.1882076
K,P,157,-1.8989494,-1.2362175,1.5277716,-0.8459175,0.0172,FALSE,-0.3680487
K,Q,157,0.0766205,-1.1718712,0.385521,-0.8459175,0.3669765,TRUE,-0.3290676
K,R,157,-0.8594316,-0.5042038,-0.8722546,-0.8459175,0.1805583,TRUE,-0.0939146
K,S,157,0.2220544,-0.9633369,1.1777271,-0.8459175,0.4100732,TRUE,-0.2259999
K,T,157,1.0001467,-0.6876564,1.3251143,-0.8459175,0.3637595,TRUE,-0.1342623
K,V,157,-0.0939057,-1.0337105,2.6515989,-0.8459175,0.3035737,TRUE,-0.2570739
K,W,157,-1.4859354,-1.3543739,2.3384012,-0.8459175,0.0172,FALSE,-0.4495088
K,Y,157,-0.2958055,-1.1608124,1.6935822,-0.8459175,0.1733284,TRUE,-0.3227309
S,A,158,0.900279,-1.2624092,-1.2222992,-1.1498448,0.2244609,TRUE,-0.3849771
S,C,158,-2.4204304,-1.3030586,-1.6091906,-1.1498448,0.0154806,FALSE,-0.4125081
S,D,158,-0.6536687,-1.2570152,0.4776379,-1.1498448,0.0172,FALSE,-0.3814394
S,E,158,-1.0846814,-0.9500618,0.293404,-1.1498448,0.0172,FALSE,-0.2205274
S,F,158,-1.495652,-1.0828705,-0.5590569,-1.1498448,0.0233566,FALSE,-0.2809496
S,G,158,-1.7302125,-0.8809509,-1.3881098,-1.1498448,0.0251892,FALSE,-0.1939112
S,H,158,0.2890892,-1.1528587,-0.1119108,-1.1498448,0.2391601,TRUE,-0.3182376
S,I,158,-0.5140058,-1.0325584,-0.3379761,-1.1498448,0.0493918,FALSE,-0.2565363
S,K,158,0.0910041,-0.6682396,1.1777271,-1.1498448,0.0161818,FALSE,-0.1293232
S,L,158,0.6267694,-1.1922836,-0.7064441,-1.1498448,0.2571971,TRUE,-0.3410398
S,M,158,0.1496257,-1.108715,-1.2038758,-1.1498448,0.0467631,FALSE,-0.2942562
S,N,158,-1.1697252,-0.7026558,-1.4618034,-1.1498448,0.1074733,TRUE,-0.1381979
S,P,158,0.5659808,-1.3642693,-1.811848,-1.1498448,0.4537434,TRUE,-0.4569384
S,Q,158,-0.0194549,-1.2565765,-1.3696864,-1.1498448,0.0264459,FALSE,-0.3811529
S,R,158,-1.1204896,-0.6090279,2.467365,-1.1498448,0.0298396,FALSE,-0.1152933
S,T,158,0.6284316,-0.9514809,-2.0145053,-1.1498448,0.099436,TRUE,-0.2211067
S,V,158,-1.288708,-1.2110481,-0.6880207,-1.1498448,0.0120079,FALSE,-0.3523658
S,W,158,-1.4104902,-1.3924675,-1.0012184,-1.1498448,0.0161818,FALSE,-0.478641
S,Y,158,-0.0539845,-1.2196579,-1.6460374,-1.1498448,0.0185194,FALSE,-0.3576668
S,A,159,-0.1617798,-1.8469315,-1.2222992,-1.2967442,0.0138632,FALSE,-0.9422571
S,C,159,-2.5232126,-1.7796059,-1.6091906,-1.2967442,0.01764,FALSE,-0.8599183
S,D,159,-0.2954255,-1.7252808,0.4776379,-1.2967442,0.184169,TRUE,-0.796896
S,E,159,0.1829166,-1.6611481,0.293404,-1.2967442,0.0821832,TRUE,-0.7264881
S,F,159,-2.1176797,-2.047371,-0.5590569,-1.2967442,0.0172,FALSE,-1.2138233
S,G,159,0.3246409,-1.4714851,-1.3881098,-1.2967442,0.0175275,FALSE,-0.543727
S,H,159,-0.2758518,-2.068367,-0.1119108,-1.2967442,0.013216,FALSE,-1.2444253
S,I,159,-2.6095541,-1.745594,-0.3379761,-1.2967442,0.0190539,FALSE,-0.8201004
S,K,159,-0.8760174,-1.8780365,1.1777271,-1.2967442,0.0172,FALSE,-0.9818516
S,L,159,-1.8246533,-1.8290329,-0.7064441,-1.2967442,0.0147,FALSE,-0.9199153
S,M,159,-1.2372866,-1.7276611,-1.2038758,-1.2967442,0.0147,FALSE,-0.7995927
S,N,159,-1.2013204,-1.3857765,-1.4618034,-1.2967442,0.0098416,FALSE,-0.4734198
S,P,159,-2.6296084,-1.7191353,-1.811848,-1.2967442,0.0161789,FALSE,-0.7899612
S,Q,159,-0.1492811,-1.8176498,-1.3696864,-1.2967442,0.0145864,FALSE,-0.9058758
S,R,159,-2.2690876,-1.7998314,2.467365,-1.2967442,0.0117203,FALSE,-0.8841655
S,T,159,-0.4312654,-1.7143784,-2.0145053,-1.2967442,0.0190591,FALSE,-0.7846206
S,V,159,-2.7486241,-1.864048,-0.6880207,-1.2967442,0.0161789,FALSE,-0.9639253
S,W,159,-1.8928639,-1.9411964,-1.0012184,-1.2967442,0.0172,FALSE,-1.0651925
S,Y,159,-2.3863568,-1.8267059,-1.6460374,-1.2967442,0.0161789,FALSE,-0.9170345
F,A,160,-3.1832384,-2.092102,-1.4986502,-1.5948614,0.0172,FALSE,-1.2794813
F,C,160,-3.0242264,-1.9313087,-1.1117588,-1.5948614,0.0152716,FALSE,-1.0518891
F,D,160,-3.0926183,-1.8951378,2.0804736,-1.5948614,0.0172,FALSE,-1.0040312
F,E,160,-3.5752398,-1.7338715,1.8962396,-1.5948614,0.0172,FALSE,-0.8066566
F,G,160,-3.29947,-1.7805443,-1.3328396,-1.5948614,0.0161786,FALSE,-0.8610339
F,H,160,-2.5852734,-2.0002174,1.4909249,-1.5948614,0.0172,FALSE,-1.1465304
F,I,160,-3.7102205,-1.7161026,-1.9408117,-1.5948614,0.0152716,FALSE,-0.7865537
F,K,160,-3.5850841,-1.9204903,2.7805627,-1.5948614,0.0172,FALSE,-1.0374417
F,L,160,-3.5977562,-2.1166039,-2.0145053,-1.5948614,0.0147608,FALSE,-1.3161735
F,M,160,-1.6928659,-2.0041199,-1.5170736,-1.5948614,0.0147,FALSE,-1.152023
F,N,160,-3.5045699,-1.8153801,0.1410323,-1.5948614,0.0172,FALSE,-0.9030923
F,P,160,-3.6496944,-1.9039116,-0.9091014,-1.5948614,0.02064,FALSE,-1.0155224
F,Q,160,-3.8349852,-1.8546982,0.2331493,-1.5948614,0.0172,FALSE,-0.9520526
F,R,160,-3.8259763,-1.7891426,4.0702006,-1.5948614,0.0172,FALSE,-0.8712987
F,S,160,-3.2891929,-1.8746529,-0.5590569,-1.5948614,0.0172516,FALSE,-0.9774976
F,T,160,-3.5702076,-1.6906204,-0.7064441,-1.5948614,0.0172,FALSE,-0.7583045
F,V,160,-2.7219997,-1.8414078,-2.0329287,-1.5948614,0.0154751,FALSE,-0.9353276
F,W,160,-2.6827219,-1.9711647,-1.719731,-1.5948614,0.0172,FALSE,-1.1060832
F,Y,160,-2.5723416,-1.8285141,-1.074912,-1.5948614,0.0172,FALSE,-0.9192726
Y,A,161,-4.0997107,-1.7065125,-1.7381544,-1.8020123,0.0172,FALSE,-0.7758419
Y,C,161,-2.9998502,-1.9319649,-2.1250457,-1.8020123,0.015141,FALSE,-1.0527691
Y,D,161,-2.6891304,-1.696991,0.9934931,-1.8020123,0.0172,FALSE,-0.7653026
Y,E,161,-2.8051126,-1.8253975,0.8092591,-1.8020123,0.0172,FALSE,-0.9154172
Y,F,161,-1.0413416,-1.7634811,-1.074912,-1.8020123,0.0271781,FALSE,-0.8408907
Y,G,161,-3.995317,-1.6814575,-1.9039649,-1.8020123,0.0172,FALSE,-0.7483144
Y,H,161,-2.3023694,-1.8516502,0.4039443,-1.8020123,0.0306844,FALSE,-0.9482012
Y,I,161,-3.6527241,-1.5841866,-0.8538312,-1.8020123,0.0172,FALSE,-0.6477481
Y,K,161,-3.9790152,-1.887207,1.6935822,-1.8020123,0.0172,FALSE,-0.9937093
Y,L,161,-3.7593458,-1.6582375,-1.2222992,-1.8020123,0.0172,FALSE,-0.7233959
Y,M,161,-3.2088335,-1.7306824,-1.719731,-1.8020123,0.0172,FALSE,-0.8030242
Y,N,161,-3.3915905,-1.696167,-0.9459482,-1.8020123,0.0137276,FALSE,-0.7643951
Y,P,161,-3.682583,-2.014431,-1.9960819,-1.8020123,0.0172,FALSE,-1.1666026
Y,Q,161,-3.1065739,-1.7172661,-0.8538312,-1.8020123,0.0172,FALSE,-0.7878598
Y,R,161,-4.1292393,-1.8234978,2.9832201,-1.8020123,0.0172,FALSE,-0.913072
Y,S,161,-3.7653697,-1.7861748,-1.6460374,-1.8020123,0.0152688,FALSE,-0.867747
Y,T,161,-3.1076901,-1.7495918,-1.7934246,-1.8020123,0.016177,FALSE,-0.8247181
Y,V,161,-3.9379849,-1.7556,-1.2038758,-1.8020123,0.0172,FALSE,-0.8316893
Y,W,161,-2.6146926,-1.9404259,-1.5170736,-1.8020123,0.0172,FALSE,-1.0641524
R,A,162,-2.7491009,-1.540638,3.4069583,-1.3784013,0.0172,FALSE,-0.6059725
R,C,162,-2.5911271,-1.8037682,3.0200669,-1.3784013,0.0172,FALSE,-0.8889341
R,D,162,-2.9541549,-1.6399269,3.4119428,-1.3784013,0.0172,FALSE,-0.704149
R,E,162,-2.5987912,-1.3576698,3.5961768,-1.3784013,0.0161756,FALSE,-0.4519727
R,F,162,-3.3685322,-1.368763,4.0702006,-1.3784013,0.0172,FALSE,-0.4603441
R,G,162,-2.2562588,-1.682991,3.2411477,-1.3784013,0.0307851,FALSE,-0.7499801
R,H,162,-0.7468616,-1.660778,0.4173832,-1.3784013,0.0161756,FALSE,-0.7260944
R,I,162,-3.4554865,-1.4706917,4.2912814,-1.3784013,0.0172,FALSE,-0.5430417
R,K,162,-0.5777411,-0.6428108,-0.8722546,-1.3784013,0.010031,FALSE,-0.1231121
R,L,162,-3.794633,-1.5433273,3.9228134,-1.3784013,0.0172,FALSE,-0.6084944
R,M,162,-2.7531219,-1.5982132,3.4253817,-1.3784013,0.0172,FALSE,-0.6616307
R,N,162,-0.7872542,-1.4029655,1.7672758,-1.3784013,0.0222563,FALSE,-0.4869234
R,P,162,-3.7581829,-1.7058563,2.8174095,-1.3784013,0.0172,FALSE,-0.7751124
R,Q,162,-2.5532519,-1.287384,1.6751588,-1.3784013,0.0172,FALSE,-0.4017085
R,S,162,-1.1193521,-1.4297295,2.467365,-1.3784013,0.0192184,FALSE,-0.5085414
R,T,162,-2.3033959,-1.0596886,2.6147522,-1.3784013,0.0144539,FALSE,-0.2694604
R,V,162,-3.634751,-1.623127,3.9412368,-1.3784013,0.0172,FALSE,-0.686803
R,W,162,-2.9208468,-1.8369102,3.6280391,-1.3784013,0.0172,FALSE,-0.9297081
R,Y,162,-2.7548981,-1.4706917,2.9832201,-1.3784013,0.0161756,FALSE,-0.5430417
N,A,163,-3.9692973,-1.8902168,-0.5222101,-1.644407,0.0172,FALSE,-0.9976192
N,C,163,-3.3383224,-1.954361,-0.9091014,-1.644407,0.0172,FALSE,-1.0830501
N,D,163,-2.6123654,-1.6930084,-0.2224512,-1.644407,0.0274986,FALSE,-0.7609227
N,E,163,-3.5498411,-1.518467,-0.3329916,-1.644407,0.0172,FALSE,-0.5854717
N,F,163,-3.8249332,-1.728096,0.1410323,-1.644407,0.0172,FALSE,-0.8000861
N,G,163,-4.2749958,-1.6697578,-0.6880207,-1.644407,0.0172,FALSE,-0.7356875
N,H,163,-2.6748031,-1.9696541,0.0723232,-1.644407,0.0130829,FALSE,-1.1040017
N,I,163,-3.0321969,-1.5848465,0.362113,-1.644407,0.0226542,FALSE,-0.6483965
N,K,163,-2.4739332,-1.7771072,0.4776379,-1.644407,0.0144073,FALSE,-0.8569521
N,L,163,-4.8269089,-1.7620201,-0.0063549,-1.644407,0.0172,FALSE,-0.8391801
N,M,163,-3.3973743,-1.7931824,-0.5037867,-1.644407,0.0172,FALSE,-0.8761478
N,P,163,-4.3398044,-1.882019,-1.1117588,-1.644407,0.0172,FALSE,-0.9869908
N,Q,163,-3.4903149,-1.7412834,-2.0697755,-1.644407,0.0172,FALSE,-0.8151401
N,R,163,-4.5549556,-1.6621246,1.7672758,-1.644407,0.0161816,FALSE,-0.7275275
N,S,163,-2.819939,-1.3548279,-1.4618034,-1.644407,0.0174793,FALSE,-0.4498476
N,T,163,-2.3503994,-1.6924782,-1.3144162,-1.644407,0.0137407,FALSE,-0.7603409
N,V,163,-4.1050405,-1.788578,0.0120685,-1.644407,0.0172,FALSE,-0.8706223
N,W,163,-3.2438125,-1.7841072,-0.3011293,-1.644407,0.0172,FALSE,-0.8652781
N,Y,163,-3.4146287,-2.0061378,-0.9459482,-1.644407,0.0172,FALSE,-1.1548686
L,A,164,-4.2460253,-1.8687973,-1.6460374,-1.7481996,0.0172,FALSE,-0.9699896
L,C,164,-2.7315788,-1.6924629,-1.259146,-1.7481996,0.0172,FALSE,-0.7603241
L,D,164,-3.3534087,-1.9165344,1.9330864,-1.7481996,0.0172,FALSE,-1.0321871
L,E,164,-3.4590472,-1.6526337,1.7488524,-1.7481996,0.0172,FALSE,-0.7174678
L,F,164,-1.9599284,-1.9359436,-2.0145053,-1.7481996,0.0154605,FALSE,-1.0581134
L,G,164,-3.6337844,-1.7672539,-1.4802268,-1.7481996,0.0172,FALSE,-0.8453185
L,H,164,-3.4130112,-1.9705963,1.3435377,-1.7481996,0.0172,FALSE,-1.1052997
L,I,164,-0.5771384,-1.3449783,-1.7934246,-1.7481996,0.0109466,FALSE,-0.4425434
L,K,164,-3.239262,-1.9929504,2.6331756,-1.7481996,0.0172,FALSE,-1.1363398
L,M,164,-1.2764821,-1.6027756,-1.6644608,-1.7481996,0.0234064,FALSE,-0.6661912
L,N,164,-3.2671468,-1.7289162,-0.0063549,-1.7481996,0.0172,FALSE,-0.8010171
L,P,164,-3.7378571,-1.7258492,-1.0564886,-1.7481996,0.0172,FALSE,-0.7975395
L,Q,164,-3.3150605,-1.8394814,0.0857621,-1.7481996,0.0172,FALSE,-0.9329181
L,R,164,-4.2158446,-1.7904587,3.9228134,-1.7481996,0.0172,FALSE,-0.8728766
L,S,164,-2.9195535,-1.7111893,-0.7064441,-1.7481996,0.0279913,FALSE,-0.7810536
L,T,164,-3.9196697,-1.9899216,-0.8538312,-1.7481996,0.0172,FALSE,-1.1321069
L,V,164,-1.3683852,-1.7225647,-2.1434691,-1.7481996,0.0073726,FALSE,-0.7938262
L,W,164,-2.4858508,-1.8247185,-1.8671182,-1.7481996,0.0172,FALSE,-0.9145785
L,Y,164,-3.6229925,-1.8897438,-1.2222992,-1.7481996,0.0172,FALSE,-0.9970042
L,A,165,-1.6817205,-1.3402405,-1.6460374,-1.4864466,0.0172,FALSE,-0.4390637
L,C,165,-2.7067979,-1.5460129,-1.259146,-1.4864466,0.0172,FALSE,-0.6110203
L,D,165,-2.5799349,-1.4942207,1.9330864,-1.4864466,0.0172,FALSE,-0.5636413
L,E,165,-2.4427688,-1.4021072,1.7488524,-1.4864466,0.0220175,FALSE,-0.4862421
L,F,165,-1.1150102,-1.3671646,-2.0145053,-1.4864466,0.0172,FALSE,-0.4591304
L,G,165,-1.8101386,-1.5784645,-1.4802268,-1.4864466,0.0152615,FALSE,-0.6421446
L,H,165,-1.6452431,-1.3708,1.3435377,-1.4864466,0.0144473,FALSE,-0.4618945
L,I,165,-1.8931524,-0.6750412,-1.7934246,-1.4864466,0.0114986,FALSE,-0.1310337
L,K,165,-2.6944588,-1.5996704,2.6331756,-1.4864466,0.0172,FALSE,-0.6630849
L,M,165,-2.187703,-0.9533119,-1.6644608,-1.4864466,0.0172,FALSE,-0.2218562
L,N,165,-1.8440221,-1.2830925,-0.0063549,-1.4864466,0.0161728,FALSE,-0.3987921
L,P,165,-3.5135718,-1.4812508,-1.0564886,-1.4864466,0.0224001,FALSE,-0.5522152
L,Q,165,-2.4489732,-1.34552,0.0857621,-1.4864466,0.0220175,FALSE,-0.4429426
L,R,165,-2.9112715,-1.2438583,3.9228134,-1.4864466,0.0172,FALSE,-0.3729225
L,S,165,-2.3015951,-1.3946953,-0.7064441,-1.4864466,0.0237779,FALSE,-0.4803894
L,T,165,-3.2487068,-1.5097885,-0.8538312,-1.4864466,0.0172,FALSE,-0.5775874
L,V,165,-0.5499831,-1.0770912,-2.1434691,-1.4864466,0.0458468,FALSE,-0.2780462
L,W,165,-2.4605798,-1.47089,-1.8671182,-1.4864466,0.0172,FALSE,-0.5432129
L,Y,165,-1.6540815,-1.4595985,-1.2222992,-1.4864466,0.0172,FALSE,-0.5335284
W,A,166,-3.7258504,-2.0925293,-1.9408117,-1.5798224,0.0172,FALSE,-1.2801168
W,C,166,-2.7510047,-1.8792152,-1.5539204,-1.5798224,0.0152081,FALSE,-0.983371
W,D,166,-3.6103624,-1.7074394,1.638312,-1.5798224,0.0172,FALSE,-0.7768729
W,E,166,-3.3128749,-1.932087,1.4540781,-1.5798224,0.0172,FALSE,-1.0529329
W,F,166,-3.1530414,-2.0376892,-1.719731,-1.5798224,0.0152588,FALSE,-1.1998431
W,G,166,-3.6141502,-2.0621643,-1.7750012,-1.5798224,0.0161713,FALSE,-1.2353445
W,H,166,-3.1963172,-1.6362724,1.0487633,-1.5798224,0.0172,FALSE,-0.7003502
W,I,166,-4.0744108,-1.7585602,-1.4986502,-1.5798224,0.0172,FALSE,-0.8351378
W,K,166,-3.9283306,-1.7208176,2.3384012,-1.5798224,0.0172,FALSE,-0.7918556
W,L,166,-3.5270721,-1.9072113,-1.8671182,-1.5798224,0.0172,FALSE,-1.0198637
W,M,166,-2.852011,-1.8191795,-1.9592351,-1.5798224,0.0172,FALSE,-0.9077548
W,N,166,-3.8656337,-1.7731247,-0.3011293,-1.5798224,0.0172,FALSE,-0.8522379
W,P,166,-3.5448765,-2.065319,-1.351263,-1.5798224,0.0161713,FALSE,-1.2399588
W,Q,166,-3.6642905,-1.9356728,-0.2090123,-1.5798224,0.0161713,FALSE,-1.0577492
W,R,166,-2.3359905,-1.8338966,3.6280391,-1.5798224,0.0259667,FALSE,-0.9259542
W,S,166,-3.2968094,-1.8496742,-1.0012184,-1.5798224,0.01764,FALSE,-0.9457093
W,T,166,-3.7183901,-1.9761543,-1.1486056,-1.5798224,0.0172,FALSE,-1.1129738
W,V,166,-3.8193992,-1.6887016,-1.8486948,-1.5798224,0.0172,FALSE,-0.7562052
W,Y,166,-3.9879178,-2.1727753,-1.5170736,-1.5798224,0.0172,FALSE,-1.4021598
L,A,167,-2.9759022,-1.5857048,-1.6460374,-1.5667758,0.0172,FALSE,-0.6492406
L,C,167,-2.629234,-1.4588737,-1.259146,-1.5667758,0.0172,FALSE,-0.5329112
L,D,167,-3.4699076,-1.4544868,1.9330864,-1.5667758,0.0172,FALSE,-0.5291873
L,E,167,-3.1044772,-1.3529243,1.7488524,-1.5667758,0.0172,FALSE,-0.4484285
L,F,167,-3.8789017,-1.3383713,-2.0145053,-1.5667758,0.0172,FALSE,-0.4376968
L,G,167,-3.8263629,-1.4743118,-1.4802268,-1.5667758,0.0172,FALSE,-0.5461738
L,H,167,-3.8852284,-1.5641708,1.3435377,-1.5667758,0.0172,FALSE,-0.6282985
L,I,167,-0.177701,-0.5520744,-1.7934246,-1.5667758,0.0186431,FALSE,-0.1031633
L,K,167,-3.3297252,-1.260437,2.6331756,-1.5667758,0.0172,FALSE,-0.3836805
L,M,167,-2.2334639,-1.1510963,-1.6644608,-1.5667758,0.0086609,FALSE,-0.3172492
L,N,167,-3.067496,-1.444004,-0.0063549,-1.5667758,0.0172,FALSE,-0.5203688
L,P,167,-2.3640078,-1.511158,-1.0564886,-1.5667758,0.0317513,FALSE,-0.5788263
L,Q,167,-2.7992281,-1.2439613,0.0857621,-1.5667758,0.0219678,FALSE,-0.3729885
L,R,167,-3.9143621,-1.2262421,3.9228134,-1.5667758,0.01764,FALSE,-0.3617652
L,S,167,-4.4987788,-1.5965385,-0.7064441,-1.5667758,0.0172,FALSE,-0.6599622
L,T,167,-2.3650713,-1.1326065,-0.8538312,-1.5667758,0.0172,FALSE,-0.307036
L,V,167,0.2305479,-1.0422592,-2.1434691,-1.5667758,0.017635,FALSE,-0.2610938
L,W,167,-2.8905999,-1.5746727,-1.8671182,-1.5667758,0.0172,FALSE,-0.6384505
L,Y,167,-3.3080652,-1.303608,-1.2222992,-1.5667758,0.0172,FALSE,-0.4128908
T,A,168,-2.2465989,-1.3753815,-1.3696864,-1.352843,0.0161076,FALSE,-0.4653966
T,C,168,-2.0090036,-1.3488312,-1.7565778,-1.352843,0.0172,FALSE,-0.4453893
T,D,168,-2.6520579,-1.296032,0.6250251,-1.352843,0.0172,FALSE,-0.4076381
T,E,168,-2.306595,-1.2392426,0.4407911,-1.352843,0.0152757,FALSE,-0.3699719
T,F,168,-1.9771934,-1.4127731,-0.7064441,-1.352843,0.0172,FALSE,-0.4947612
T,G,168,-1.2748148,-1.2660446,-1.535497,-1.352843,0.0124827,FALSE,-0.3873765
T,H,168,-2.1968597,-1.4047813,0.0354764,-1.352843,0.0172,FALSE,-0.4883672
T,I,168,-1.8931666,-1.1521797,-0.4853633,-1.352843,0.0172,FALSE,-0.3178565
T,K,168,-1.8471872,-1.4269218,1.3251143,-1.352843,0.0119995,FALSE,-0.5062395
T,L,168,-0.8542378,-1.1545792,-0.8538312,-1.352843,0.0101605,FALSE,-0.319205
T,M,168,-1.7436643,-1.4347916,-1.351263,-1.352843,0.0226679,FALSE,-0.5127119
T,N,168,-2.2846729,-1.3453598,-1.3144162,-1.352843,0.0172,FALSE,-0.4428245
T,P,168,-4.2284998,-1.6251755,-1.9592351,-1.352843,0.0172,FALSE,-0.6889021
T,Q,168,-1.0513295,-1.4364662,-1.2222992,-1.352843,0.0172,FALSE,-0.5140973
T,R,168,-1.9643949,-1.1783676,2.6147522,-1.352843,0.0185064,FALSE,-0.3328388
T,S,168,-1.4415612,-1.2927818,-2.0145053,-1.352843,0.0152757,FALSE,-0.4054013
T,V,168,-2.0383628,-0.6000099,-0.8354078,-1.352843,0.0172,FALSE,-0.1132867
T,W,168,-2.9392362,-1.4148407,-1.1486056,-1.352843,0.0172,FALSE,-0.4964259
T,Y,168,-0.7419313,-1.6379623,-1.7934246,-1.352843,0.0161809,FALSE,-0.7021051
K,A,169,0.5903694,-0.8009224,2.1173204,-1.1108369,0.2470847,TRUE,-0.1667516
K,C,169,-0.9280072,-1.0969315,1.730429,-1.1108369,0.09324,TRUE,-0.2881233
K,D,169,-3.2934367,-0.6007652,2.1223049,-1.1108369,0.0172,FALSE,-0.1134535
K,E,169,-0.2827687,0.3328743,2.3065389,-1.1108369,0.0922396,TRUE,-0.0173982
K,F,169,-2.1203271,-0.9002991,2.7805627,-1.1108369,0.0172,FALSE,-0.2010542
K,G,169,-0.0201419,-0.5264893,1.9515098,-1.1108369,0.1412174,TRUE,-0.0981175
K,H,169,-0.7129252,-0.8008499,-0.8722546,-1.1108369,0.0542559,TRUE,-0.1667287
K,I,169,-1.3440915,-0.888073,3.0016435,-1.1108369,0.0334209,FALSE,-0.1965134
K,L,169,-0.8097918,-1.0122032,2.6331756,-1.1108369,0.0705697,TRUE,-0.2471997
K,M,169,-0.4589078,-0.8391952,2.1357438,-1.1108369,0.0997616,TRUE,-0.1792743
K,N,169,-1.0328439,-0.8061714,0.4776379,-1.1108369,0.1915425,TRUE,-0.1684202
K,P,169,-2.5492104,-1.0899239,1.5277716,-1.1108369,0.0338983,FALSE,-0.2845286
K,Q,169,-0.0625978,-0.6329536,0.385521,-1.1108369,0.1555389,TRUE,-0.1207806
K,R,169,-0.2517087,-0.4981384,-0.8722546,-1.1108369,0.0161811,FALSE,-0.0928008
K,S,169,0.2660039,-0.5303955,1.1777271,-1.1108369,0.2119975,TRUE,-0.0988724
K,T,169,-0.0599656,-0.933773,1.3251143,-1.1108369,0.2635076,TRUE,-0.2139746
K,V,169,-0.0280534,-0.8017082,2.6515989,-1.1108369,0.258609,TRUE,-0.1670004
K,W,169,-2.2881386,-0.5990486,2.3384012,-1.1108369,0.0172,FALSE,-0.1130748
K,Y,169,-3.2562801,-1.132267,1.6935822,-1.1108369,0.02408,FALSE,-0.3068511
K,A,170,0.3043913,-1.4039688,2.1173204,-0.9896923,0.0069867,FALSE,-0.4877207
K,C,170,-1.7822999,-1.5649033,1.730429,-0.9896923,0.016173,FALSE,-0.6290028
K,D,170,-0.717499,-0.9725532,2.1223049,-0.9896923,0.0105198,FALSE,-0.2298701
K,E,170,-0.4187594,-1.0558815,2.3065389,-0.9896923,0.0130783,FALSE,-0.2676132
K,F,170,-0.5696198,-1.2561226,2.7805627,-0.9896923,0.0147,FALSE,-0.3808566
K,G,170,-1.1901652,-1.3017235,1.9515098,-0.9896923,0.0114057,FALSE,-0.4115792
K,H,170,-0.6509655,-1.7540321,-0.8722546,-0.9896923,0.008026,FALSE,-0.8298664
K,I,170,-0.9574411,-1.3762817,3.0016435,-0.9896923,0.0124546,FALSE,-0.4660871
K,L,170,-0.4126459,-1.3909073,2.6331756,-0.9896923,0.0115194,FALSE,-0.4774195
K,M,170,0.141103,-1.2338905,2.1357438,-0.9896923,0.0083764,FALSE,-0.3665749
K,N,170,-0.3597496,-1.4792213,0.4776379,-0.9896923,0.009399,FALSE,-0.550443
K,P,170,-2.719841,-1.3625069,1.5277716,-0.9896923,0.0172,FALSE,-0.4556081
K,Q,170,-0.739929,-1.1521568,0.385521,-0.9896923,0.0109448,FALSE,-0.3178436
K,R,170,0.0648506,-1.0719147,-0.8722546,-0.9896923,0.011929,FALSE,-0.2754678
K,S,170,-0.2029433,-1.1170044,1.1777271,-0.9896923,0.0031386,FALSE,-0.2986376
K,T,170,-0.8032236,-1.3111229,1.3251143,-0.9896923,0.0108458,FALSE,-0.4181551
K,V,170,-1.1621067,-1.3658447,2.6515989,-0.9896923,0.0101265,FALSE,-0.4581301
K,W,170,-1.0378547,-1.3808517,2.3384012,-0.9896923,0.0152617,FALSE,-0.4696053
K,Y,170,-0.031841,-1.5630188,1.6935822,-0.9896923,0.0114057,FALSE,-0.6271919
G,A,171,-0.2886929,-0.0228539,-1.9960819,-0.7902356,0.0171328,FALSE,-0.0358734
G,C,171,-2.8072024,-0.7888107,-1.9408117,-0.7902356,0.0172,FALSE,-0.1629592
G,D,171,0.2131294,0.1132393,1.2514207,-0.7902356,0.4388272,TRUE,-0.02722
G,E,171,-0.0567012,-0.0392609,1.0671867,-0.7902356,0.432895,TRUE,-0.0370842
G,F,171,-0.2573728,-0.6165543,-1.3328396,-0.7902356,0.3963825,TRUE,-0.1169936
G,H,171,-0.9546023,-0.624794,0.6618719,-0.7902356,0.2131006,TRUE,-0.1188821
G,I,171,-1.7788144,-0.6043968,-1.1117588,-0.7902356,0.0406,FALSE,-0.1142587
G,K,171,-1.5074136,-0.4479332,1.9515098,-0.7902356,0.0406,FALSE,-0.0840536
G,L,171,-0.0870735,-0.2374496,-1.4802268,-0.7902356,0.1685511,TRUE,-0.0552767
G,M,171,-0.6327405,-0.4328079,-1.9776585,-0.7902356,0.0161762,FALSE,-0.081577
G,N,171,0.5977713,0.4572525,-0.6880207,-0.7902356,0.6008133,TRUE,-0.0134916
G,P,171,-2.8015832,-0.5714874,-1.7381544,-0.7902356,0.0172,FALSE,-0.1071553
G,Q,171,0.176889,-0.5124588,-0.5959037,-0.7902356,0.2076496,TRUE,-0.095451
G,R,171,-2.6168668,-0.0018044,3.2411477,-0.7902356,0.0630568,TRUE,-0.0343767
G,S,171,0.1022696,-0.4895401,-1.3881098,-0.7902356,0.2724561,TRUE,-0.0912434
G,T,171,-0.3752957,-0.2022476,-1.535497,-0.7902356,0.049188,FALSE,-0.0515074
G,V,171,-1.5747352,-0.466198,-1.4618034,-0.7902356,0.0406,FALSE,-0.0871404
G,W,171,-2.031921,-0.8422356,-1.7750012,-0.7902356,0.0290012,FALSE,-0.1803051
G,Y,171,-0.7135444,-0.7591744,-1.9039649,-0.7902356,0.1062309,TRUE,-0.1540122
D,A,172,-1.1306527,-0.1047134,1.4172313,-0.9582094,0.0144955,FALSE,-0.0423261
D,C,172,-3.1669468,-0.5426674,1.0303399,-0.9582094,0.0172,FALSE,-0.1012801
D,E,172,0.6185283,-0.1811905,-1.9776585,-0.9582094,0.0157234,FALSE,-0.0493737
D,F,172,-3.1631913,-0.6072159,2.0804736,-0.9582094,0.0172,FALSE,-0.1148874
D,G,172,-2.2150876,0.6400261,1.2514207,-0.9582094,0.0117653,FALSE,-0.0092777
D,H,172,-1.9541643,-0.4489365,2.0117645,-0.9582094,0.0152593,FALSE,-0.0842204
D,I,172,-0.9085109,-0.4308395,2.3015544,-0.9582094,0.0147,FALSE,-0.0812599
D,K,172,-3.081955,-0.519661,2.1223049,-0.9582094,0.0172,FALSE,-0.096811
D,L,172,-2.1493364,-0.5673523,1.9330864,-0.9582094,0.0161717,FALSE,-0.1062929
D,M,172,-1.6033291,-0.555294,1.4356547,-0.9582094,0.0172,FALSE,-0.1038155
D,N,172,-1.2741595,-0.053875,-0.2224512,-0.9582094,0.0134483,FALSE,-0.0381963
D,P,172,-1.0796245,-0.5721321,0.8276825,-0.9582094,0.0307411,FALSE,-0.1072903
D,Q,172,-1.3961221,-0.4350624,-0.3145682,-0.9582094,0.0147,FALSE,-0.0819417
D,R,172,-3.8174304,-0.4240265,3.4119428,-0.9582094,0.0172,FALSE,-0.0801715
D,S,172,-1.0434996,-0.0160599,0.4776379,-0.9582094,0.0085257,FALSE,-0.0353835
D,T,172,-0.8076701,-0.1403542,0.6250251,-0.9582094,0.0094186,FALSE,-0.0454788
D,V,172,-1.2144127,-0.3807869,1.9515098,-0.9582094,0.014597,FALSE,-0.0735833
D,W,172,-3.0832573,-0.6566811,1.638312,-0.9582094,0.0172,FALSE,-0.1264644
D,Y,172,-1.9959817,-0.6517143,0.9934931,-0.9582094,0.0165302,FALSE,-0.1252542
S,A,173,-0.7630386,-1.4974098,-1.2222992,-1.0074415,0.022304,FALSE,-0.5664776
S,C,173,-3.346011,-1.6967583,-1.6091906,-1.0074415,0.0172,FALSE,-0.7650463
S,D,173,0.932328,-1.5848427,0.4776379,-1.0074415,0.0220588,FALSE,-0.6483928
S,E,173,0.7315564,-1.7468529,0.293404,-1.0074415,0.017853,FALSE,-0.8215527
S,F,173,0.1770692,-1.7867203,-0.5590569,-1.0074415,0.0137166,FALSE,-0.8683992
S,G,173,-0.9096156,-1.6553421,-1.3881098,-1.0074415,0.0129928,FALSE,-0.7203288
S,H,173,0.0489061,-1.6005287,-0.1119108,-1.0074415,0.0251107,FALSE,-0.6639425
S,I,173,-0.5113056,-1.1690712,-0.3379761,-1.0074415,0.0170268,FALSE,-0.3274533
S,K,173,-2.4202338,-1.4216766,1.1777271,-1.0074415,0.0172,FALSE,-0.5019606
S,L,173,-0.4847741,-1.3568535,-0.7064441,-1.0074415,0.0201375,FALSE,-0.4513615
S,M,173,-0.8854148,-1.4447212,-1.2038758,-1.0074415,0.018788,FALSE,-0.5209686
S,N,173,0.4175717,-1.7188339,-1.4618034,-1.0074415,0.0195157,FALSE,-0.7896221
S,P,173,-1.4904121,-1.619194,-1.811848,-1.0074415,0.0155124,FALSE,-0.6827854
S,Q,173,-0.7248532,-1.5072479,-1.3696864,-1.0074415,0.0288257,FALSE,-0.5752942
S,R,173,-1.6015082,-1.396904,2.467365,-1.0074415,0.0197631,FALSE,-0.4821277
S,T,173,0.4375439,-1.4437408,-2.0145053,-1.0074415,0.0490033,FALSE,-0.5201489
S,V,173,0.7861039,-1.5614738,-0.6880207,-1.0074415,0.0238215,FALSE,-0.6257101
S,W,173,-0.0368737,-1.7652397,-1.0012184,-1.0074415,0.015262,FALSE,-0.8429528
S,Y,173,0.4699498,-1.7655449,-1.6460374,-1.0074415,0.0281246,FALSE,-0.843311
Y,A,174,-3.923451,-1.9531174,-1.7381544,-1.503058,0.0172,FALSE,-1.0813561
Y,C,174,-2.8181446,-1.746315,-2.1250457,-1.503058,0.0373611,FALSE,-0.8209319
Y,D,174,-2.1262765,-1.6282959,0.9934931,-1.503058,0.0172,FALSE,-0.692108
Y,E,174,-3.1102245,-1.8015633,0.8092591,-1.503058,0.0172,FALSE,-0.8862614
Y,F,174,-1.5480972,-1.4829483,-1.074912,-1.503058,0.0283946,FALSE,-0.5537007
Y,G,174,-3.6924874,-1.7541237,-1.9039649,-1.503058,0.0172,FALSE,-0.8299729
Y,H,174,-2.796356,-1.4625778,0.4039443,-1.503058,0.0190085,FALSE,-0.5360709
Y,I,174,-3.4712324,-1.6551704,-0.8538312,-1.503058,0.0161715,FALSE,-0.7201472
Y,K,174,-3.6645513,-1.7359505,1.6935822,-1.503058,0.0172,FALSE,-0.8090304
Y,L,174,-3.9739718,-1.8121986,-1.2222992,-1.503058,0.0172,FALSE,-0.8991994
Y,M,174,-2.5153379,-1.6729546,-1.719731,-1.503058,0.0172,FALSE,-0.7391232
Y,N,174,-2.6109743,-1.8873672,-0.9459482,-1.503058,0.0152591,FALSE,-0.9939172
Y,P,174,-4.0075468,-1.7723465,-1.9960819,-1.503058,0.0152591,FALSE,-0.8513186
Y,Q,174,-3.4386035,-1.7046089,-0.8538312,-1.503058,0.0172,FALSE,-0.7737271
Y,R,174,-3.7443797,-1.4669151,2.9832201,-1.503058,0.0172,FALSE,-0.5397887
Y,S,174,-3.2665616,-1.5540695,-1.6460374,-1.503058,0.0172,FALSE,-0.6186437
Y,T,174,-3.6394948,-1.7614021,-1.7934246,-1.503058,0.0172,FALSE,-0.8384571
Y,V,174,-4.0481861,-1.8293571,-1.2038758,-1.503058,0.0172,FALSE,-0.9203171
Y,W,174,-0.8561653,-1.7373238,-1.5170736,-1.503058,0.0152591,FALSE,-0.8106009
P,A,175,0.8926914,-1.8681412,-1.5723438,-1.1462556,0.0091687,FALSE,-0.9691505
P,C,175,-0.4366083,-1.8610992,-1.9592351,-1.1462556,0.013712,FALSE,-0.9601713
P,D,175,0.6566589,-1.7127457,0.8276825,-1.1462556,0.0184636,FALSE,-0.7827931
P,E,175,0.5249099,-1.925808,0.6434485,-1.1462556,0.0147,FALSE,-1.0445291
P,F,175,-0.4298681,-2.126316,-0.9091014,-1.1462556,0.0123725,FALSE,-1.3308567
P,G,175,0.8160778,-1.7384682,-1.7381544,-1.1462556,0.0072553,FALSE,-0.8119111
P,H,175,0.5544641,-1.8515205,0.2381338,-1.1462556,0.0069339,FALSE,-0.9480375
P,I,175,0.0750081,-2.0760994,-0.6880207,-1.1462556,0.0119018,FALSE,-1.2557925
P,K,175,1.16091,-1.7663002,1.5277716,-1.1462556,0.011688,FALSE,-0.8441978
P,L,175,0.3515063,-2.0180168,-1.0564886,-1.1462556,0.0105956,FALSE,-1.1716955
P,M,175,0.7646571,-2.0255814,-1.5539204,-1.1462556,0.013712,FALSE,-1.1824778
P,N,175,0.3541501,-1.9632835,-1.1117588,-1.1462556,0.0063779,FALSE,-1.0952471
P,Q,175,0.5176606,-1.9567833,-1.0196418,-1.1462556,0.0101107,FALSE,-1.0863539
P,R,175,0.5384261,-1.8689194,2.8174095,-1.1462556,0.0058378,FALSE,-0.9701458
P,S,175,0.9833434,-1.4972076,-1.811848,-1.1462556,0.0068356,FALSE,-0.5662975
P,T,175,0.2553178,-2.0803452,-1.9592351,-1.1462556,0.0101566,FALSE,-1.2620562
P,V,175,0.4116353,-2.0122147,-1.0380652,-1.1462556,0.0065445,FALSE,-1.1634606
P,W,175,-0.2325661,-1.8516159,-1.351263,-1.1462556,0.0147,FALSE,-0.9481579
P,Y,175,0.756505,-1.9455757,-1.9960819,-1.1462556,0.0075441,FALSE,-1.0711146
K,A,176,-0.4737389,-1.2416153,2.1173204,-1.2500682,0.0094099,FALSE,-0.3714862
K,C,176,-1.3340447,-1.3870697,1.730429,-1.2500682,0.0142505,FALSE,-0.4744254
K,D,176,-1.1855639,-1.2104301,2.1223049,-1.2500682,0.0152568,FALSE,-0.3519879
K,E,176,-0.5569226,-1.1397667,2.3065389,-1.2500682,0.0109117,FALSE,-0.3109573
K,F,176,0.0621333,-1.132061,2.7805627,-1.2500682,0.0101474,FALSE,-0.306739
K,G,176,-1.052516,-1.2208824,1.9515098,-1.2500682,0.0113948,FALSE,-0.358426
K,H,176,0.8382242,-1.334732,-0.8722546,-1.2500682,0.0118282,FALSE,-0.4350454
K,I,176,-0.2385501,-1.1323891,3.0016435,-1.2500682,0.0130971,FALSE,-0.3069176
K,L,176,0.4668667,-1.117836,2.6331756,-1.2500682,0.008595,FALSE,-0.2990802
K,M,176,0.3976796,-1.11837,2.1357438,-1.2500682,0.0100258,FALSE,-0.2993647
K,N,176,-0.674094,-0.3049812,0.4776379,-1.2500682,0.013632,FALSE,-0.0632724
K,P,176,0.120341,-1.1908531,1.5277716,-1.2500682,0.0048473,FALSE,-0.340189
K,Q,176,-0.0796305,-1.2882843,0.385521,-1.2500682,0.0044642,FALSE,-0.4023225
K,R,176,-0.7735777,-0.8405914,-0.8722546,-1.2500682,0.0175014,FALSE,-0.179747
K,S,176,-0.3243383,-0.9015999,1.1777271,-1.2500682,0.0140434,FALSE,-0.2015428
K,T,176,0.1391571,-1.1356049,1.3251143,-1.2500682,0.0165655,FALSE,-0.3086729
K,V,176,-0.2288855,-0.9907951,2.6515989,-1.2500682,0.0070173,FALSE,-0.2377046
K,W,176,-0.9828886,-1.4169426,2.3384012,-1.2500682,0.0182644,FALSE,-0.4981227
K,Y,176,0.1463431,-1.0881882,1.6935822,-1.2500682,0.0063249,FALSE,-0.2836442
L,A,177,0.3307103,-1.1135483,-1.6460374,-1.5060996,0.0279754,FALSE,-0.2968041
L,C,177,-1.9173668,-1.3407593,-1.259146,-1.5060996,0.0220234,FALSE,-0.4394436
L,D,177,-3.2698924,-1.3122787,1.9330864,-1.5060996,0.0172,FALSE,-0.4189695
L,E,177,-2.9854255,-1.3161774,1.7488524,-1.5060996,0.0172,FALSE,-0.4217261
L,F,177,-0.9164131,-1.0480194,-2.0145053,-1.5060996,0.0124707,FALSE,-0.2638334
L,G,177,-2.8208933,-1.3634987,-1.4802268,-1.5060996,0.0173501,FALSE,-0.4563563
L,H,177,-1.634129,-1.355442,1.3435377,-1.5060996,0.0228788,FALSE,-0.4503061
L,I,177,0.0385163,-0.6207809,-1.7934246,-1.5060996,0.0239831,FALSE,-0.1179588
L,K,177,-3.0816848,-1.4913902,2.6331756,-1.5060996,0.0172,FALSE,-0.5611328
L,M,177,-0.6076117,-1.1670151,-1.6644608,-1.5060996,0.0091328,FALSE,-0.3262722
L,N,177,-2.7377475,-1.3712311,-0.0063549,-1.5060996,0.0172,FALSE,-0.4622232
L,P,177,-3.7183238,-1.3136253,-1.0564886,-1.5060996,0.0184025,FALSE,-0.41992
L,Q,177,-2.8967022,-1.2416573,0.0857621,-1.5060996,0.0144584,FALSE,-0.3715131
L,R,177,-3.3135349,-1.097332,3.9228134,-1.5060996,0.0161775,FALSE,-0.2883299
L,S,177,-0.9701287,-1.4537354,-0.7064441,-1.5060996,0.017885,FALSE,-0.5285514
L,T,177,-0.012777,-1.1265259,-0.8538312,-1.5060996,0.0134929,FALSE,-0.3037391
L,V,177,1.0006927,-0.8809395,-2.1434691,-1.5060996,0.0358168,FALSE,-0.193907
L,W,177,-1.5772714,-1.2334747,-1.8671182,-1.5060996,0.0236158,FALSE,-0.366312
L,Y,177,-1.557476,-1.3605766,-1.2222992,-1.5060996,0.0220209,FALSE,-0.4541546
T,A,178,0.3436494,-0.6628914,-1.3696864,-1.2885,0.0289332,FALSE,-0.127993
T,C,178,-2.2725462,-0.8784752,-1.7565778,-1.2885,0.0172,FALSE,-0.193014
T,D,178,-1.4438012,-0.3030319,0.6250251,-1.2885,0.0172,FALSE,-0.0630266
T,E,178,-0.5716531,-0.2909393,0.4407911,-1.2885,0.0105105,FALSE,-0.0615225
T,F,178,-0.4663996,-0.5484276,-0.7064441,-1.2885,0.0152578,FALSE,-0.1024293
T,G,178,-1.4148244,-0.5481529,-1.535497,-1.2885,0.0239534,FALSE,-0.1023742
T,H,178,-0.5670009,-0.8007927,0.0354764,-1.2885,0.0224457,FALSE,-0.1667106
T,I,178,-0.9868836,-0.3650474,-0.4853633,-1.2885,0.0147254,FALSE,-0.0713171
T,K,178,-1.4015331,-0.303421,1.3251143,-1.2885,0.0161708,FALSE,-0.0630756
T,L,178,0.0280532,-0.5948677,-0.8538312,-1.2885,0.0197709,FALSE,-0.1121573
T,M,178,-1.4800395,-0.6142464,-1.351263,-1.2885,0.0172,FALSE,-0.1164697
T,N,178,-1.2632302,0.1642494,-1.3144162,-1.2885,0.0087063,FALSE,-0.0245375
T,P,178,-3.5331423,-0.8051491,-1.9592351,-1.2885,0.0183094,FALSE,-0.1680941
T,Q,178,-1.4832707,-0.4856148,-1.2222992,-1.2885,0.0152578,FALSE,-0.0905407
T,R,178,-1.6054962,-0.2394486,2.6147522,-1.2885,0.0220053,FALSE,-0.0554986
T,S,178,-0.1512709,0.5032158,-2.0145053,-1.2885,0.0137194,FALSE,-0.0122801
T,V,178,-0.3398804,-0.3376732,-0.8354078,-1.2885,0.0186579,FALSE,-0.0675353
T,W,178,-0.6425554,-0.7119942,-1.1486056,-1.2885,0.0147,FALSE,-0.1407021
T,Y,178,-0.7763157,-0.57798,-1.7934246,-1.2885,0.0161708,FALSE,-0.1085227
N,A,179,-0.4420581,-0.5391808,-0.5222101,-1.3534468,0.0220115,FALSE,-0.1005904
N,C,179,-1.7296715,-0.5715599,-0.9091014,-1.3534468,0.0172,FALSE,-0.1071704
N,D,179,-1.406752,-0.3170738,-0.2224512,-1.3534468,0.0384192,FALSE,-0.064818
N,E,179,-1.0019343,-0.275692,-0.3329916,-1.3534468,0.0131276,FALSE,-0.0596755
N,F,179,-0.32952,-0.669239,0.1410323,-1.3534468,0.0172,FALSE,-0.1295733
N,G,179,-0.3274142,-0.5303535,-0.6880207,-1.3534468,0.0157742,FALSE,-0.0988642
N,H,179,-1.9720487,-0.7530327,0.0723232,-1.3534468,0.0161717,FALSE,-0.1522158
N,I,179,-1.4324598,-0.038826,0.362113,-1.3534468,0.0148,FALSE,-0.0370516
N,K,179,-0.8449923,0.4994087,0.4776379,-1.3534468,0.0247354,FALSE,-0.0123762
N,L,179,-1.3471478,-0.6490478,-0.0063549,-1.3534468,0.0174302,FALSE,-0.124609
N,M,179,-0.8329244,-0.1191254,-0.5037867,-1.3534468,0.0172,FALSE,-0.0435743
N,P,179,-1.7740157,-0.565052,-1.1117588,-1.3534468,0.0202225,FALSE,-0.105816
N,Q,179,-0.290137,-0.3858872,-2.0697755,-1.3534468,0.0219,FALSE,-0.0743324
N,R,179,-1.7188685,-0.132637,1.7672758,-1.3534468,0.0220178,FALSE,-0.0447772
N,S,179,0.4222893,-0.6133575,-1.4618034,-1.3534468,0.0141513,FALSE,-0.1162685
N,T,179,-0.3425752,-0.1777229,-1.3144162,-1.3534468,0.0182712,FALSE,-0.0490307
N,V,179,-0.3569271,-0.190239,0.0120685,-1.3534468,0.0308208,FALSE,-0.0502798
N,W,179,-2.4337143,-0.625885,-0.3011293,-1.3534468,0.0172,FALSE,-0.1191343
N,Y,179,-1.8898321,-0.6942673,-0.9459482,-1.3534468,0.0172,FALSE,-0.1359838
S,A,180,-0.5277971,-1.5147476,-1.2222992,-1.3647826,0.0140263,FALSE,-0.582083
S,C,180,-2.234121,-1.658371,-1.6091906,-1.3647826,0.0219,FALSE,-0.7235375
S,D,180,-1.0804877,-1.254631,0.4776379,-1.3647826,0.0132168,FALSE,-0.3798843
S,E,180,0.1578161,-1.4381981,0.293404,-1.3647826,0.0136434,FALSE,-0.5155331
S,F,180,-0.3682378,-1.8013496,-0.5590569,-1.3647826,0.0111702,FALSE,-0.8860026
S,G,180,-1.169717,-1.4787903,-1.3881098,-1.3647826,0.01524,FALSE,-0.5500672
S,H,180,-1.3655832,-1.5079155,-0.1119108,-1.3647826,0.0163792,FALSE,-0.5758961
S,I,180,-1.2907122,-1.3937111,-0.3379761,-1.3647826,0.0152594,FALSE,-0.4796164
S,K,180,-0.9846158,-1.6125984,1.1777271,-1.3647826,0.0199623,FALSE,-0.6760848
S,L,180,-1.1028907,-1.6195908,-0.7064441,-1.3647826,0.0105143,FALSE,-0.68319
S,M,180,-0.797324,-1.3210373,-1.2038758,-1.3647826,0.0220168,FALSE,-0.4251827
S,N,180,-0.2881345,-1.2664413,-1.4618034,-1.3647826,0.0301306,FALSE,-0.3876391
S,P,180,-2.4399273,-1.6920357,-1.811848,-1.3647826,0.02712,FALSE,-0.7598555
S,Q,180,-0.648812,-1.4695244,-1.3696864,-1.3647826,0.01866,FALSE,-0.5420347
S,R,180,-1.0158,-1.4121742,2.467365,-1.3647826,0.0105143,FALSE,-0.4942798
S,T,180,-0.3888951,-1.087162,-2.0145053,-1.3647826,0.0130925,FALSE,-0.2831225
S,V,180,-0.2747869,-1.3864403,-0.6880207,-1.3647826,0.0148162,FALSE,-0.4739358
S,W,180,-0.4325968,-1.5877876,-1.0012184,-1.3647826,0.01778,FALSE,-0.6512922
S,Y,180,-0.6650189,-1.2751808,-1.6460374,-1.3647826,0.0084151,FALSE,-0.3934606
Y,A,181,-3.9241263,-1.7782936,-1.7381544,-1.4635196,0.0172,FALSE,-0.8583597
Y,C,181,-2.5101378,-1.70578,-2.1250457,-1.4635196,0.0218921,FALSE,-0.7750277
Y,D,181,-2.7596255,-1.4099312,0.9934931,-1.4635196,0.016401,FALSE,-0.4924801
Y,E,181,-3.5284744,-1.3855629,0.8092591,-1.4635196,0.0172,FALSE,-0.4732538
Y,F,181,-0.8957168,-1.5273628,-1.074912,-1.4635196,0.0118893,FALSE,-0.5936354
Y,G,181,-4.2072821,-1.5340462,-1.9039649,-1.4635196,0.0172,FALSE,-0.5998234
Y,H,181,-2.7732431,-1.4596901,0.4039443,-1.4635196,0.0107056,FALSE,-0.5336064
Y,I,181,-3.7460451,-1.3702583,-0.8538312,-1.4635196,0.0172,FALSE,-0.4614818
Y,K,181,-3.203351,-1.4986649,1.6935822,-1.4635196,0.0172,FALSE,-0.5675968
Y,L,181,-3.826757,-1.4508438,-1.2222992,-1.4635196,0.0172,FALSE,-0.5261099
Y,M,181,-2.6445813,-1.5084953,-1.719731,-1.4635196,0.0172,FALSE,-0.5764193
Y,N,181,-3.0415243,-1.4141083,-0.9459482,-1.4635196,0.0164023,FALSE,-0.4958357
Y,P,181,-2.8020634,-1.7490921,-1.9960819,-1.4635196,0.0172,FALSE,-0.82414
Y,Q,181,-3.3826848,-1.8428078,-0.8538312,-1.4635196,0.0172,FALSE,-0.937081
Y,R,181,-4.1946718,-1.7407608,2.9832201,-1.4635196,0.0172,FALSE,-0.8145401
Y,S,181,-3.6529891,-1.5365906,-1.6460374,-1.4635196,0.01617,FALSE,-0.6021915
Y,T,181,-3.976312,-1.3416443,-1.7934246,-1.4635196,0.0152563,FALSE,-0.4400924
Y,V,181,-3.8902415,-1.5269318,-1.2038758,-1.4635196,0.0172,FALSE,-0.593238
Y,W,181,-0.4745203,-1.8752632,-1.5170736,-1.4635196,0.0172,FALSE,-0.9782821
V,A,182,-0.413392,-0.8069229,-1.627614,-1.2297418,0.0182569,FALSE,-0.1686604
V,C,182,-0.4216566,-1.4178467,-1.2407226,-1.2297418,0.0152549,FALSE,-0.4988539
V,D,182,-1.2671129,-0.9551811,1.9515098,-1.2297418,0.039546,FALSE,-0.2226236
V,E,182,-1.2110228,-0.5927734,1.7672758,-1.2297418,0.0880206,TRUE,-0.1117004
V,F,182,-0.2858858,-1.0845566,-2.0329287,-1.2297418,0.0175394,FALSE,-0.2818016
V,G,182,-2.1317092,-1.0011482,-1.4618034,-1.2297418,0.0144385,FALSE,-0.2422554
V,H,182,-0.8856004,-1.1339378,1.3619611,-1.2297418,0.0183059,FALSE,-0.3077618
V,I,182,-0.418797,-0.4813652,-1.811848,-1.2297418,0.0158196,FALSE,-0.0897859
V,K,182,-0.7636989,-0.6224289,2.6515989,-1.2297418,0.244301,TRUE,-0.1183371
V,L,182,-0.5443653,-1.304676,-2.1434691,-1.2297418,0.0217326,FALSE,-0.4136357
V,M,182,0.054891,-0.7085075,-1.6460374,-1.2297418,0.0131246,FALSE,-0.1397622
V,N,182,-0.70246,-0.900074,0.0120685,-1.2297418,0.0220163,FALSE,-0.2009697
V,P,182,-2.064776,-1.0229988,-1.0380652,-1.2297418,0.0172,FALSE,-0.2521135
V,Q,182,0.0910025,-1.1688957,0.1041855,-1.2297418,0.0271759,FALSE,-0.3273524
V,R,182,-0.5920055,-0.8334427,3.9412368,-1.2297418,0.3155091,TRUE,-0.1773387
V,S,182,-0.7822102,-1.10495,-0.6880207,-1.2297418,0.0203879,FALSE,-0.2922845
V,T,182,0.3714808,-0.2198067,-0.8354078,-1.2297418,0.0239304,FALSE,-0.0533552
V,W,182,0.5042679,-1.0693359,-1.8486948,-1.2297418,0.0267417,FALSE,-0.2741911
V,Y,182,-0.3130284,-1.0030403,-1.2038758,-1.2297418,0.2864637,TRUE,-0.2430954
N,A,183,-3.3551249,-1.7006836,-0.5222101,-1.5085864,0.0172,FALSE,-0.7693786
N,C,183,-1.9686018,-1.7962265,-0.9091014,-1.5085864,0.0172,FALSE,-0.8798129
N,D,183,-2.8340332,-1.615921,-0.2224512,-1.5085864,0.0223831,FALSE,-0.6794545
N,E,183,-2.9590277,-1.4757767,-0.3329916,-1.5085864,0.0172,FALSE,-0.547445
N,F,183,-3.044701,-1.7865448,0.1410323,-1.5085864,0.0172,FALSE,-0.8681893
N,G,183,-4.0211399,-1.8647385,-0.6880207,-1.5085864,0.0172,FALSE,-0.9648055
N,H,183,-2.6422502,-1.8590393,0.0723232,-1.5085864,0.0172,FALSE,-0.9575542
N,I,183,-3.3099256,-1.8194695,0.362113,-1.5085864,0.01764,FALSE,-0.9081113
N,K,183,-2.3414703,-1.7963791,0.4776379,-1.5085864,0.0077984,FALSE,-0.8799968
N,L,183,-4.222771,-1.8031998,-0.0063549,-1.5085864,0.0172,FALSE,-0.8882446
N,M,183,-3.0430655,-2.037384,-0.5037867,-1.5085864,0.0172,FALSE,-1.1994038
N,P,183,-3.6630742,-1.844841,-1.1117588,-1.5085864,0.0172,FALSE,-0.9396309
N,Q,183,-3.5396563,-2.0028343,-2.0697755,-1.5085864,0.0172,FALSE,-1.1502121
N,R,183,-4.1120975,-1.6182976,1.7672758,-1.5085864,0.0172,FALSE,-0.681872
N,S,183,-2.5732566,-1.565834,-1.4618034,-1.5085864,0.0203697,FALSE,-0.6298985
N,T,183,-3.0198647,-1.580864,-1.3144162,-1.5085864,0.02064,FALSE,-0.6444901
N,V,183,-3.8655684,-1.5746078,0.0120685,-1.5085864,0.0172,FALSE,-0.6383874
N,W,183,-2.9855606,-1.9512672,-0.3011293,-1.5085864,0.0172,FALSE,-1.0788385
N,Y,183,-3.2273524,-1.6694756,-0.9459482,-1.5085864,0.0172,FALSE,-0.7353847
N,A,184,-0.9130749,-0.9329987,-0.5222101,-1.0194715,0.0181562,FALSE,-0.2136674
N,C,184,-1.375848,-1.402401,-0.9091014,-1.0194715,0.0172,FALSE,-0.4864752
N,D,184,0.1237901,-0.3071594,-0.2224512,-1.0194715,0.0204015,FALSE,-0.0635482
N,E,184,-0.0809249,-0.794136,-0.3329916,-1.0194715,0.0665941,TRUE,-0.1646168
N,F,184,-1.5960803,-1.1936569,0.1410323,-1.0194715,0.02408,FALSE,-0.3418582
N,G,184,-0.3324657,-0.8708267,-0.6880207,-1.0194715,0.0169511,FALSE,-0.1902659
N,H,184,-1.0422684,-1.1784248,0.0723232,-1.0194715,0.0144382,FALSE,-0.3328722
N,I,184,-0.7848979,-0.9857864,0.362113,-1.0194715,0.0199591,FALSE,-0.2355302
N,K,184,-0.0098307,-0.6299171,0.4776379,-1.0194715,0.0189056,FALSE,-0.1200708
N,L,184,-0.0018572,-1.1886559,-0.0063549,-1.0194715,0.0144357,FALSE,-0.3388857
N,M,184,-0.2359069,-1.1897202,-0.5037867,-1.0194715,0.016169,FALSE,-0.3395165
N,P,184,-3.3919123,-1.2747955,-1.1117588,-1.0194715,0.0172,FALSE,-0.3932024
N,Q,184,-0.0021402,-1.1785164,-2.0697755,-1.0194715,0.0218961,FALSE,-0.3329256
N,R,184,-0.8168128,-1.0869789,1.7672758,-1.0194715,0.0124406,FALSE,-0.2830295
N,S,184,0.6232013,-0.977684,-1.4618034,-1.0194715,0.0206411,FALSE,-0.2320501
N,T,184,0.3144368,-0.6423569,-1.3144162,-1.0194715,0.0269091,FALSE,-0.1230038
N,V,184,0.1193728,-0.94627,0.0120685,-1.0194715,0.013948,FALSE,-0.2189862
N,W,184,-1.240888,-1.4478645,-0.3011293,-1.0194715,0.0172,FALSE,-0.5236033
N,Y,184,-0.5088342,-1.0796432,-0.9459482,-1.0194715,0.016169,FALSE,-0.2793251
K,A,185,-0.8422415,-1.6779747,2.1173204,-1.3214546,0.0172,FALSE,-0.7445404
K,C,185,-2.178412,-1.5579376,1.730429,-1.3214546,0.0172,FALSE,-0.6223281
K,D,185,-2.3803188,-1.2930336,2.1223049,-1.3214546,0.0172,FALSE,-0.4055742
K,E,185,-1.1553655,-1.523323,2.3065389,-1.3214546,0.0196687,FALSE,-0.5899178
K,F,185,-0.5817107,-1.5977173,2.7805627,-1.3214546,0.0194037,FALSE,-0.6611363
K,G,185,-1.3577857,-1.4047508,1.9515098,-1.3214546,0.0155957,FALSE,-0.4883429
K,H,185,-1.9303909,-1.6746063,-0.8722546,-1.3214546,0.0152559,FALSE,-0.7409026
K,I,185,-0.6949171,-1.5803185,3.0016435,-1.3214546,0.0109315,FALSE,-0.6439564
K,L,185,-0.5546898,-1.3172302,2.6331756,-1.3214546,0.0242432,FALSE,-0.422473
K,M,185,-0.3751033,-1.5175285,2.1357438,-1.3214546,0.0338603,FALSE,-0.5846153
K,N,185,-1.1011827,-1.5399017,0.4776379,-1.3214546,0.0129894,FALSE,-0.6052834
K,P,185,-3.0984729,-1.4366455,1.5277716,-1.3214546,0.0172,FALSE,-0.5142458
K,Q,185,-0.2696303,-1.1523743,0.385521,-1.3214546,0.034031,FALSE,-0.3179657
K,R,185,-0.779173,-0.8032341,-0.8722546,-1.3214546,0.0096678,FALSE,-0.1674846
K,S,185,-2.8332739,-1.450386,1.1777271,-1.3214546,0.0172,FALSE,-0.5257242
K,T,185,-2.630341,-1.235611,1.3251143,-1.3214546,0.0220189,FALSE,-0.3676641
K,V,185,-0.6394035,-1.2684059,2.6515989,-1.3214546,0.0167387,FALSE,-0.3889415
K,W,185,-1.4037207,-1.438858,2.3384012,-1.3214546,0.0172,FALSE,-0.516081
K,Y,185,-1.6907308,-1.5984039,1.6935822,-1.3214546,0.0244818,FALSE,-0.6618209
G,A,186,-0.7000179,-1.2963676,-1.9960819,-1.1654586,0.0094876,FALSE,-0.4078697
G,C,186,-3.0422444,-1.3602905,-1.9408117,-1.1654586,0.0172,FALSE,-0.4539395
G,D,186,-0.4123966,-0.611763,1.2514207,-1.1654586,0.0386812,FALSE,-0.1159085
G,E,186,-0.2095735,-0.2468681,1.0671867,-1.1654586,0.2541692,TRUE,-0.0563299
G,F,186,-2.3459731,-1.3828049,-1.3328396,-1.1654586,0.0172,FALSE,-0.4711152
G,H,186,-1.3218812,-1.2537231,0.6618719,-1.1654586,0.0448025,FALSE,-0.3792935
G,I,186,-2.8824629,-1.3429756,-1.1117588,-1.1654586,0.016167,FALSE,-0.4410698
G,K,186,-0.8940405,-0.8411598,1.9515098,-1.1654586,0.0172,FALSE,-0.1799397
G,L,186,-0.9506607,-1.4240837,-1.4802268,-1.1654586,0.0598784,TRUE,-0.5039208
G,M,186,-1.6677884,-1.0534935,-1.9776585,-1.1654586,0.0172,FALSE,-0.2664601
G,N,186,-2.2407341,-1.2114563,-0.6880207,-1.1654586,0.016167,FALSE,-0.3526157
G,P,186,-1.3403853,-1.3294258,-1.7381544,-1.1654586,0.0976851,TRUE,-0.4312025
G,Q,186,-2.189415,-1.2402954,-0.5959037,-1.1654586,0.0172,FALSE,-0.3706432
G,R,186,-0.3942756,-1.2352409,3.2411477,-1.1654586,0.2102361,TRUE,-0.3674296
G,S,186,-0.2537833,-0.9259491,-1.3881098,-1.1654586,0.0756896,TRUE,-0.2108896
G,T,186,-0.5025661,-1.3374748,-1.535497,-1.1654586,0.3322713,TRUE,-0.4370425
G,V,186,-1.9788393,-0.9362717,-1.4618034,-1.1654586,0.0219,FALSE,-0.2149683
G,W,186,-1.7961711,-1.3196907,-1.7750012,-1.1654586,0.0172,FALSE,-0.4242226
G,Y,186,-2.8499122,-1.3110466,-1.9039649,-1.1654586,0.0172,FALSE,-0.4181013
K,A,187,-1.2668981,-1.5937004,2.1173204,-1.2714621,0.0203837,FALSE,-0.6571415
K,C,187,-0.6070455,-1.7018356,1.730429,-1.2714621,0.0135608,FALSE,-0.7706531
K,D,187,-2.7152991,-1.6345062,2.1223049,-1.2714621,0.0172,FALSE,-0.6985194
K,E,187,-1.0996974,-1.1076546,2.3065389,-1.2714621,0.0107517,FALSE,-0.2936997
K,F,187,-2.3869819,-1.8264313,2.7805627,-1.2714621,0.0172,FALSE,-0.9166949
K,G,187,-1.8353919,-1.6222916,1.9515098,-1.2714621,0.0152551,FALSE,-0.6859483
K,H,187,-1.7617556,-1.6491547,-0.8722546,-1.2714621,0.0172,FALSE,-0.7138042
K,I,187,-0.7617391,-1.4731522,3.0016435,-1.2714621,0.0208686,FALSE,-0.545169
K,L,187,-0.8561817,-1.7435837,2.6331756,-1.2714621,0.0160008,FALSE,-0.8177847
K,M,187,-1.3720754,-1.2536812,2.1357438,-1.2714621,0.0161693,FALSE,-0.3792662
K,N,187,-0.3923626,-1.5272026,0.4776379,-1.2714621,0.0356629,FALSE,-0.5934876
K,P,187,-3.7243755,-1.7453728,1.5277716,-1.2714621,0.0172,FALSE,-0.8198453
K,Q,187,-0.4693519,-1.6138916,0.385521,-1.2714621,0.0155574,FALSE,-0.677395
K,R,187,-0.3877816,-0.7768974,-0.8722546,-1.2714621,0.0114748,FALSE,-0.1593066
K,S,187,-1.1990915,-1.4287338,1.1777271,-1.2714621,0.0152551,FALSE,-0.5077242
K,T,187,-0.4752271,-1.547226,1.3251143,-1.2714621,0.0193775,FALSE,-0.6121638
K,V,187,-0.6541405,-1.4877815,2.6515989,-1.2714621,0.0178115,FALSE,-0.5579467
K,W,187,-2.6413974,-1.7443733,2.3384012,-1.2714621,0.0172,FALSE,-0.8186937
K,Y,187,-2.581475,-1.6063766,1.6935822,-1.2714621,0.0161693,FALSE,-0.6698063
E,A,188,-1.4597903,-1.5530434,1.2329973,-1.569231,0.0182524,FALSE,-0.6176689
E,C,188,-2.6448224,-1.6905289,0.8461059,-1.569231,0.0172,FALSE,-0.7582043
E,D,188,-0.1905211,-1.5120468,-1.9776585,-1.569231,0.0178959,FALSE,-0.5796314
E,F,188,-0.7545839,-1.6228218,1.8962396,-1.569231,0.0161676,FALSE,-0.6864907
E,G,188,-2.0869591,-1.4158707,1.0671867,-1.569231,0.0168745,FALSE,-0.4972568
E,H,188,-0.7367165,-1.7698822,1.8275305,-1.569231,0.0262577,FALSE,-0.8484118
E,I,188,-1.534829,-1.586319,2.1173204,-1.569231,0.0194011,FALSE,-0.6498452
E,K,188,-1.7280199,-1.1164474,2.3065389,-1.569231,0.0330505,FALSE,-0.2983414
E,L,188,-0.6273323,-1.5922661,1.7488524,-1.569231,0.0131575,FALSE,-0.6557192
E,M,188,-1.5688901,-1.4870148,1.2514207,-1.569231,0.0152521,FALSE,-0.5572715
E,N,188,-2.0723144,-1.8695297,-0.3329916,-1.569231,0.0172,FALSE,-0.9709268
E,P,188,-0.1819518,-1.7390823,0.6434485,-1.569231,0.0165413,FALSE,-0.8126148
E,Q,188,-0.4966438,-1.5249901,-0.2408746,-1.569231,0.0821903,TRUE,-0.5914499
E,R,188,-1.3909777,-1.6042671,3.5961768,-1.569231,0.0137005,FALSE,-0.6676868
E,S,188,-0.7607292,-1.62883,0.293404,-1.569231,0.0406092,FALSE,-0.6926578
E,T,188,-1.1688016,-1.6997185,0.4407911,-1.569231,0.0130231,FALSE,-0.7683119
E,V,188,-0.8275164,-1.2393341,1.7672758,-1.569231,0.0121239,FALSE,-0.3700302
E,W,188,-1.0982331,-1.773716,1.4540781,-1.569231,0.0172,FALSE,-0.8529368
E,Y,188,-1.8028717,-1.6550446,0.8092591,-1.569231,0.0144347,FALSE,-0.7200141
V,A,189,-2.7399245,-1.9508705,-1.627614,-1.6644242,0.0160972,FALSE,-1.0782992
V,C,189,-2.6636384,-1.8944626,-1.2407226,-1.6644242,0.0172,FALSE,-1.00315
V,D,189,-3.3788393,-1.8975601,1.9515098,-1.6644242,0.0172,FALSE,-1.0071961
V,E,189,-3.4291482,-1.9224205,1.7672758,-1.6644242,0.0172,FALSE,-1.0400111
V,F,189,-3.4067442,-1.8311272,-2.0329287,-1.6644242,0.0156718,FALSE,-0.9225127
V,G,189,-2.9091429,-1.8958588,-1.4618034,-1.6644242,0.016169,FALSE,-1.0049726
V,H,189,-3.5953178,-1.8249817,1.3619611,-1.6644242,0.0172,FALSE,-0.9149036
V,I,189,-0.8919355,-1.169651,-1.811848,-1.6644242,0.014442,FALSE,-0.327787
V,K,189,-3.6735784,-2.068756,2.6515989,-1.6644242,0.0172,FALSE,-1.244996
V,L,189,-1.7118558,-1.7245102,-2.1434691,-1.6644242,0.01524,FALSE,-0.7960243
V,M,189,-2.2990005,-1.7154655,-1.6460374,-1.6644242,0.0172,FALSE,-0.785839
V,N,189,-3.7256965,-1.6112022,0.0120685,-1.6644242,0.0172,FALSE,-0.6746723
V,P,189,-3.9939044,-1.8043022,-1.0380652,-1.6644242,0.0172,FALSE,-0.8895822
V,Q,189,-3.6099694,-1.6851654,0.1041855,-1.6644242,0.0172,FALSE,-0.7523463
V,R,189,-3.9139139,-1.9498634,3.9412368,-1.6644242,0.0172,FALSE,-1.0769305
V,S,189,-3.8323484,-1.8474617,-0.6880207,-1.6644242,0.0172,FALSE,-0.9429239
V,T,189,-2.6901288,-1.6976166,-0.8354078,-1.6644242,0.016169,FALSE,-0.7659922
V,W,189,-3.2284884,-1.6370125,-1.8486948,-1.6644242,0.0172,FALSE,-0.7011184
V,Y,189,-3.4361663,-2.1460953,-1.2038758,-1.6644242,0.0172,FALSE,-1.3609998
L,A,190,-2.7720308,-1.9152069,-1.6460374,-1.8407463,0.0172,FALSE,-1.0304272
L,C,190,-3.6317177,-1.6012077,-1.259146,-1.8407463,0.0172,FALSE,-0.6646214
L,D,190,-3.6333371,-1.8287086,1.9330864,-1.8407463,0.0172,FALSE,-0.9195135
L,E,190,-3.1253819,-1.809166,1.7488524,-1.8407463,0.0172,FALSE,-0.8954984
L,F,190,-2.5036846,-1.5464325,-2.0145053,-1.8407463,0.0174379,FALSE,-0.6114157
L,G,190,-4.1638496,-1.5989075,-1.4802268,-1.8407463,0.0172,FALSE,-0.6623233
L,H,190,-3.1525162,-1.8992538,1.3435377,-1.8407463,0.019284,FALSE,-1.0094126
L,I,190,-2.7820616,-1.6878586,-1.7934246,-1.8407463,0.0150456,FALSE,-0.755284
L,K,190,-3.9982097,-1.6780281,2.6331756,-1.8407463,0.0172,FALSE,-0.7445982
L,M,190,-1.7531585,-1.75,-1.6644608,-1.8407463,0.0188669,FALSE,-0.8251905
L,N,190,-3.4425142,-1.619976,-0.0063549,-1.8407463,0.0172,FALSE,-0.6835829
L,P,190,-3.0738659,-1.6911392,-1.0564886,-1.8407463,0.0212394,FALSE,-0.7588728
L,Q,190,-3.0890432,-1.7818718,0.0857621,-1.8407463,0.0172,FALSE,-0.8626137
L,R,190,-4.0155197,-1.9253769,3.9228134,-1.8407463,0.0200121,FALSE,-1.0439535
L,S,190,-4.1579998,-2.0023537,-0.7064441,-1.8407463,0.0249,FALSE,-1.1495354
L,T,190,-3.8084278,-1.6674728,-0.8538312,-1.8407463,0.0172,FALSE,-0.7332383
L,V,190,-2.5383124,-1.5348892,-2.1434691,-1.8407463,0.0172,FALSE,-0.6006072
L,W,190,-3.318655,-1.7297363,-1.8671182,-1.8407463,0.0172,FALSE,-0.8019486
L,Y,190,-3.788361,-1.7841072,-1.2222992,-1.8407463,0.0172,FALSE,-0.8652781
V,A,191,-2.3772552,-1.6818275,-1.627614,-1.8054559,0.0131074,FALSE,-0.748716
V,C,191,-2.1519459,-1.6693649,-1.2407226,-1.8054559,0.0172,FALSE,-0.735266
V,D,191,-3.5859457,-1.5673866,1.9515098,-1.8054559,0.0172,FALSE,-0.6313947
V,E,191,-2.655463,-1.5859413,1.7672758,-1.8054559,0.0131074,FALSE,-0.6494734
V,F,191,-2.3762315,-1.7076149,-2.0329287,-1.8054559,0.0172,FALSE,-0.7770683
V,G,191,-3.4846776,-1.5756683,-1.4618034,-1.8054559,0.0143915,FALSE,-0.6394189
V,H,191,-3.065968,-1.5734329,1.3619611,-1.8054559,0.0172,FALSE,-0.6372459
V,I,191,-0.2953183,-0.724987,-1.811848,-1.8054559,0.009523,FALSE,-0.1442567
V,K,191,-3.8584921,-1.7340508,2.6515989,-1.8054559,0.0172,FALSE,-0.8068612
V,L,191,-0.3818809,-1.430542,-2.1434691,-1.8054559,0.012294,FALSE,-0.5092091
V,M,191,-1.5714072,-1.5011902,-1.6460374,-1.8054559,0.0172,FALSE,-0.5698535
V,N,191,-3.5335866,-1.5074234,0.0120685,-1.8054559,0.0172,FALSE,-0.5754524
V,P,191,-3.9587672,-1.7722015,-1.0380652,-1.8054559,0.0172,FALSE,-0.8511474
V,Q,191,-3.3024702,-1.7285576,0.1041855,-1.8054559,0.0172,FALSE,-0.8006099
V,R,191,-3.4749694,-1.7496834,3.9412368,-1.8054559,0.0172,FALSE,-0.8248241
V,S,191,-3.9372267,-1.3987617,-0.6880207,-1.8054559,0.0172,FALSE,-0.4835936
V,T,191,-3.4062051,-1.4594154,-0.8354078,-1.8054559,0.0172,FALSE,-0.5333724
V,W,191,-2.7573451,-1.6332474,-1.8486948,-1.8054559,0.0172,FALSE,-0.6972165
V,Y,191,-2.7155741,-1.6945343,-1.2038758,-1.8054559,0.0172,FALSE,-0.7625989
L,A,192,-2.7364894,-1.973896,-1.6460374,-1.8429466,0.0172,FALSE,-1.1098522
L,C,192,-3.2755049,-1.5959854,-1.259146,-1.8429466,0.0172,FALSE,-0.6594118
L,D,192,-3.445974,-1.9404831,1.9330864,-1.8429466,0.0172,FALSE,-1.0642296
L,E,192,-3.3257095,-1.7664337,1.7488524,-1.8429466,0.0172,FALSE,-0.8443546
L,F,192,-1.5108919,-1.8688698,-2.0145053,-1.8429466,0.0225371,FALSE,-0.9700823
L,G,192,-3.5635833,-1.8708534,-1.4802268,-1.8429466,0.0172,FALSE,-0.972622
L,H,192,-3.3307217,-1.858387,1.3435377,-1.8429466,0.0172,FALSE,-0.9567263
L,I,192,-0.7937745,-1.0888367,-1.7934246,-1.8429466,0.0138555,FALSE,-0.2839744
L,K,192,-3.3931149,-1.8480759,2.6331756,-1.8429466,0.0172,FALSE,-0.9436966
L,M,192,-1.3535084,-1.5207863,-1.6644608,-1.8429466,0.0159538,FALSE,-0.5875922
L,N,192,-3.4999795,-1.7848434,-0.0063549,-1.8429466,0.0172,FALSE,-0.8661567
L,P,192,-2.624373,-1.8875046,-1.0564886,-1.8429466,0.0227978,FALSE,-0.9940955
L,Q,192,-2.3810196,-2.0221672,0.0857621,-1.8429466,0.0166345,FALSE,-1.1776049
L,R,192,-3.3553637,-1.7796593,3.9228134,-1.8429466,0.0172,FALSE,-0.8599818
L,S,192,-3.8480429,-1.6735268,-0.7064441,-1.8429466,0.0172,FALSE,-0.7397393
L,T,192,-2.3874041,-1.7630577,-0.8538312,-1.8429466,0.0143899,FALSE,-0.8403947
L,V,192,-0.9491852,-1.5024796,-2.1434691,-1.8429466,0.0208264,FALSE,-0.5710084
L,W,192,-2.5905862,-1.6889839,-1.8671182,-1.8429466,0.0172,FALSE,-0.7565138
L,Y,192,-2.6189069,-1.8020782,-1.2222992,-1.8429466,0.0172,FALSE,-0.8868851
W,A,193,-3.7101422,-1.7134285,-1.9408117,-1.8719419,0.0172,FALSE,-0.783557
W,C,193,-3.0223977,-1.8746033,-1.5539204,-1.8719419,0.0165546,FALSE,-0.9774338
W,D,193,-3.4779661,-2.061245,1.638312,-1.8719419,0.0172,FALSE,-1.2340015
W,E,193,-3.3785299,-2.302929,1.4540781,-1.8719419,0.0172,FALSE,-1.6106956
W,F,193,-1.1382828,-2.097332,-1.719731,-1.8719419,0.0178555,FALSE,-1.2872708
W,G,193,-3.2094005,-2.0536194,-1.7750012,-1.8719419,0.0159559,FALSE,-1.2228899
W,H,193,-3.2995785,-2.148079,1.0487633,-1.8719419,0.0172,FALSE,-1.3640405
W,I,193,-3.9813159,-1.8437157,-1.4986502,-1.8719419,0.0172,FALSE,-0.9382191
W,K,193,-2.8334815,-2.0006866,2.3384012,-1.8719419,0.0172,FALSE,-1.1471901
W,L,193,-3.0544415,-2.1829224,-1.8671182,-1.8719419,0.0172,FALSE,-1.417962
W,M,193,-2.9255374,-2.1288567,-1.9592351,-1.8719419,0.0172,FALSE,-1.3347107
W,N,193,-3.7774636,-2.1828194,-0.3011293,-1.8719419,0.0172,FALSE,-1.4178012
W,P,193,-3.6652145,-2.1080856,-1.351263,-1.8719419,0.0172,FALSE,-1.3033598
W,Q,193,-3.3543242,-2.159298,-0.2090123,-1.8719419,0.0172,FALSE,-1.3812969
W,R,193,-3.2732762,-1.922596,3.6280391,-1.8719419,0.0236987,FALSE,-1.0402449
W,S,193,-3.5686388,-2.3989716,-1.0012184,-1.8719419,0.0172,FALSE,-1.7720526
W,T,193,-3.8218075,-1.9759865,-1.1486056,-1.8719419,0.0172,FALSE,-1.1127417
W,V,193,-2.9044057,-2.193634,-1.8486948,-1.8719419,0.0172,FALSE,-1.4347303
W,Y,193,-1.8036786,-2.0994797,-1.5170736,-1.8719419,0.0159559,FALSE,-1.2904763
G,A,194,-0.5985949,-1.6824951,-1.9960819,-1.8718532,0.0261267,FALSE,-0.7494412
G,C,194,-2.9928165,-1.9888268,-1.9408117,-1.8718532,0.0172,FALSE,-1.1305789
G,D,194,-2.6368973,-1.7013931,1.2514207,-1.8718532,0.0166252,FALSE,-0.7701634
G,E,194,-3.2933035,-1.887577,1.0671867,-1.8718532,0.0172,FALSE,-0.9941895
G,F,194,-3.7458196,-1.8125496,-1.3328396,-1.8718532,0.0172,FALSE,-0.8996284
G,H,194,-3.6762067,-1.8091125,0.6618719,-1.8718532,0.0172,FALSE,-0.8954332
G,I,194,-3.9943081,-1.6516991,-1.1117588,-1.8718532,0.0172,FALSE,-0.7164824
G,K,194,-3.5201384,-2.1050758,1.9515098,-1.8718532,0.0172,FALSE,-1.2988469
G,L,194,-4.3715544,-1.9550819,-1.4802268,-1.8718532,0.0172,FALSE,-1.0840327
G,M,194,-3.320015,-1.7459908,-1.9776585,-1.8718532,0.0172,FALSE,-0.8205579
G,N,194,-3.5211241,-1.9574432,-0.6880207,-1.8718532,0.0172,FALSE,-1.0872549
G,P,194,-3.7737717,-1.875824,-1.7381544,-1.8718532,0.0172,FALSE,-0.9790033
G,Q,194,-3.1783514,-1.876606,-0.5959037,-1.8718532,0.0172,FALSE,-0.9800094
G,R,194,-4.3544656,-1.8889503,3.2411477,-1.8718532,0.0153983,FALSE,-0.9959729
G,S,194,-3.1372873,-1.8033829,-1.3881098,-1.8718532,0.0147662,FALSE,-0.8884667
G,T,194,-4.365875,-1.6362419,-1.535497,-1.8718532,0.0172,FALSE,-0.7003186
G,V,194,-3.3327904,-1.8544159,-1.4618034,-1.8718532,0.0195522,FALSE,-0.9516955
G,W,194,-3.2598632,-1.9787483,-1.7750012,-1.8718532,0.0172,FALSE,-1.1165653
G,Y,194,-3.8400568,-1.8874779,-1.9039649,-1.8718532,0.0172,FALSE,-0.9940608
V,A,195,-2.0610478,-1.4767151,-1.627614,-1.8531377,0.0316224,FALSE,-0.5482605
V,C,195,-2.4563954,-1.4110107,-1.2407226,-1.8531377,0.0172,FALSE,-0.4933456
V,D,195,-2.609933,-1.263771,1.9515098,-1.8531377,0.0191264,FALSE,-0.3858745
V,E,195,-3.5466426,-1.4428787,1.7672758,-1.8531377,0.0172,FALSE,-0.5194289
V,F,195,-2.0423079,-1.4354134,-2.0329287,-1.8531377,0.0158775,FALSE,-0.513226
V,G,195,-3.3301855,-1.31633,-1.4618034,-1.8531377,0.0219,FALSE,-0.4218343
V,H,195,-3.8415002,-1.3991394,1.3619611,-1.8531377,0.0172,FALSE,-0.483892
V,I,195,-0.7886733,-0.2616348,-1.811848,-1.8531377,0.0156162,FALSE,-0.0580205
V,K,195,-3.7116129,-1.4953117,2.6515989,-1.8531377,0.0172,FALSE,-0.5646104
V,L,195,-1.1887802,-1.4462585,-2.1434691,-1.8531377,0.021367,FALSE,-0.5222559
V,M,195,-1.7882411,-1.244133,-1.6460374,-1.8531377,0.0219,FALSE,-0.3730987
V,N,195,-3.68874,-1.3352051,0.0120685,-1.8531377,0.0172,FALSE,-0.4353893
V,P,195,-3.8689028,-1.3548851,-1.0380652,-1.8531377,0.016555,FALSE,-0.4498903
V,Q,195,-3.5990759,-1.4686584,0.1041855,-1.8531377,0.0172,FALSE,-0.5412885
V,R,195,-4.4068303,-1.2474899,3.9412368,-1.8531377,0.0172,FALSE,-0.3752575
V,S,195,-4.2225669,-1.4530296,-0.6880207,-1.8531377,0.0172,FALSE,-0.5279547
V,T,195,-3.3034233,-1.256527,-0.8354078,-1.8531377,0.0249,FALSE,-0.3811206
V,W,195,-2.6012903,-1.4151573,-1.8486948,-1.8531377,0.0172,FALSE,-0.4966812
V,Y,195,-3.0222795,-1.3378258,-1.2038758,-1.8531377,0.0172,FALSE,-0.4372986
H,A,196,-3.6776055,-2.1793404,0.8276825,-1.7054985,0.0172,FALSE,-1.4123745
H,C,196,-3.427689,-2.2498817,0.4407911,-1.7054985,0.0172,FALSE,-1.5242091
H,D,196,-3.1282544,-2.1292076,2.0117645,-1.7054985,0.0165539,FALSE,-1.3352434
H,E,196,-3.3889049,-2.1008492,1.8275305,-1.7054985,0.0172,FALSE,-1.2925223
H,F,196,-3.2899838,-2.2275658,1.4909249,-1.7054985,0.0172,FALSE,-1.4884269
H,G,196,-3.7947531,-1.8448448,0.6618719,-1.7054985,0.0172,FALSE,-0.9396357
H,I,196,-3.89407,-1.9229202,1.7120056,-1.7054985,0.0172,FALSE,-1.0406768
H,K,196,-3.7482009,-2.200634,-0.8722546,-1.7054985,0.0172,FALSE,-1.4457362
H,L,196,-3.7860069,-2.0629616,1.3435377,-1.7054985,0.0159546,FALSE,-1.2365099
H,M,196,-3.4738422,-1.9290504,0.8461059,-1.7054985,0.0172,FALSE,-1.0488639
H,N,196,-2.7999544,-2.1069603,0.0723232,-1.7054985,0.0103483,FALSE,-1.3016717
H,P,196,-3.9592438,-2.084465,0.2381338,-1.7054985,0.0159598,FALSE,-1.2681488
H,Q,196,-2.6979008,-2.0173912,0.1644402,-1.7054985,0.0161055,FALSE,-1.1708061
H,R,196,-2.1693015,-2.195877,0.4173832,-1.7054985,0.0259048,FALSE,-1.4382528
H,S,196,-4.0906387,-1.9528618,-0.1119108,-1.7054985,0.0172,FALSE,-1.0810081
H,T,196,-3.7917432,-1.7902298,0.0354764,-1.7054985,0.0172,FALSE,-0.872602
H,V,196,-4.0622123,-2.0140533,1.3619611,-1.7054985,0.01778,FALSE,-1.1660668
H,W,196,-2.9240272,-2.1209068,1.0487633,-1.7054985,0.0172,FALSE,-1.3226692
H,Y,196,-3.0461994,-2.1839867,0.4039443,-1.7054985,0.0239528,FALSE,-1.4196241
H,A,197,-0.3822862,-1.6804008,0.8276825,-1.7634879,0.017543,FALSE,-0.747168
H,C,197,-1.1748952,-1.9815407,0.4407911,-1.7634879,0.0159573,FALSE,-1.1204385
H,D,197,0.4498612,-1.7682571,2.0117645,-1.7634879,0.0145704,FALSE,-0.8464983
H,E,197,-0.7653492,-1.8729248,1.8275305,-1.7634879,0.0159573,FALSE,-0.9752783
H,F,197,-0.3831357,-1.7455673,1.4909249,-1.7634879,0.0181323,FALSE,-0.8200696
H,G,197,-1.9677344,-1.9274673,0.6618719,-1.7634879,0.0165554,FALSE,-1.0467462
H,I,197,-0.871857,-1.9808807,1.7120056,-1.7634879,0.0159573,FALSE,-1.1195224
H,K,197,-2.4945152,-1.8551903,-0.8722546,-1.7634879,0.0165554,FALSE,-0.9526753
H,L,197,-1.2873079,-1.8929482,1.3435377,-1.7634879,0.0137334,FALSE,-1.0011752
H,M,197,-0.2024089,-2.0138435,0.8461059,-1.7634879,0.0172,FALSE,-1.1657693
H,N,197,0.5930309,-1.8235397,0.0723232,-1.7634879,0.0070509,FALSE,-0.9131237
H,P,197,-3.6338607,-1.9447899,0.2381338,-1.7634879,0.01764,FALSE,-1.0700506
H,Q,197,-0.3650283,-1.9959831,0.1644402,-1.7634879,0.0085751,FALSE,-1.1405867
H,R,197,-2.0503566,-2.083538,0.4173832,-1.7634879,0.0161059,FALSE,-1.2667766
H,S,197,-0.460138,-2.0710945,-0.1119108,-1.7634879,0.0111701,FALSE,-1.248429
H,T,197,-1.6979523,-1.829216,0.0354764,-1.7634879,0.0139426,FALSE,-0.9201422
H,V,197,-1.4168443,-1.8145065,1.3619611,-1.7634879,0.0165554,FALSE,-0.9020223
H,W,197,-0.6559351,-1.9775734,1.0487633,-1.7634879,0.0184812,FALSE,-1.1149378
H,Y,197,-0.55217,-1.9484901,0.4039443,-1.7634879,0.0127904,FALSE,-1.0750658
P,A,198,-1.8669302,-1.7051773,-1.5723438,-1.6508206,0.0148774,FALSE,-0.7743582
P,C,198,-2.1306326,-1.7389488,-1.9592351,-1.6508206,0.02064,FALSE,-0.8124618
P,D,198,-2.4500297,-2.0798569,0.8276825,-1.6508206,0.0172,FALSE,-1.261335
P,E,198,-2.4844365,-2.054676,0.6434485,-1.6508206,0.0172,FALSE,-1.2244265
P,F,198,-2.5085043,-2.075676,-0.9091014,-1.6508206,0.0172,FALSE,-1.2551687
P,G,198,-2.6251427,-1.872448,-1.7381544,-1.6508206,0.0172,FALSE,-0.9746665
P,H,198,-1.9326389,-2.02285,0.2381338,-1.6508206,0.0172,FALSE,-1.1785786
P,I,198,-2.5380497,-1.906395,-0.6880207,-1.6508206,0.0172,FALSE,-1.0187887
P,K,198,-2.9209421,-2.011856,1.5277716,-1.6508206,0.0172,FALSE,-1.1629525
P,L,198,-2.4143997,-1.9530563,-1.0564886,-1.6508206,0.0219,FALSE,-1.0812729
P,M,198,-2.1840468,-2.0142975,-1.5539204,-1.6508206,0.0172,FALSE,-1.1664132
P,N,198,-2.6160448,-1.9370995,-1.1117588,-1.6508206,0.0172,FALSE,-1.0596689
P,Q,198,-2.3980807,-1.9572754,-1.0196418,-1.6508206,0.0172,FALSE,-1.0870257
P,R,198,-2.9770981,-2.1650734,2.8174095,-1.6508206,0.0172,FALSE,-1.3902196
P,S,198,-1.6280401,-1.4898643,-1.811848,-1.6508206,0.0148797,FALSE,-0.5597839
P,T,198,-2.7008707,-1.8341675,-1.9592351,-1.6508206,0.0086336,FALSE,-0.9262913
P,V,198,-1.7106071,-1.788971,-1.0380652,-1.6508206,0.0172,FALSE,-0.8710931
P,W,198,-2.0203529,-1.8889351,-1.351263,-1.6508206,0.0172,FALSE,-0.9959531
P,Y,198,-2.4127637,-1.9739189,-1.9960819,-1.6508206,0.0172,FALSE,-1.1098838
S,A,199,-1.8946031,-1.0582466,-1.2222992,-1.5246198,0.0154063,FALSE,-0.2687594
S,C,199,-1.5477549,-1.468235,-1.6091906,-1.5246198,0.0165574,FALSE,-0.5409239
S,D,199,-1.7032669,-1.30653,0.4776379,-1.5246198,0.0165574,FALSE,-0.4149313
S,E,199,-0.8414404,-1.5208168,0.293404,-1.5246198,0.0172,FALSE,-0.5876201
S,F,199,0.2442249,-1.5958824,-0.5590569,-1.5246198,0.0247019,FALSE,-0.6593094
S,G,199,-1.137102,-1.2947693,-1.3881098,-1.5246198,0.0198689,FALSE,-0.4067679
S,H,199,-1.4476441,-1.5145073,-0.1119108,-1.5246198,0.0172,FALSE,-0.5818646
S,I,199,-1.4544732,-1.2393646,-0.3379761,-1.5246198,0.0154063,FALSE,-0.3700497
S,K,199,-1.7700651,-1.4367256,1.1777271,-1.5246198,0.0172,FALSE,-0.5143122
S,L,199,-2.6962085,-1.5502281,-0.7064441,-1.5246198,0.0172,FALSE,-0.6150003
S,M,199,-1.3223248,-1.4208374,-1.2038758,-1.5246198,0.0172,FALSE,-0.5012786
S,N,199,-1.6765706,-1.3848648,-1.4618034,-1.5246198,0.0172,FALSE,-0.4727118
S,P,199,-1.2927036,-0.7063141,-1.811848,-1.5246198,0.0229953,FALSE,-0.1391739
S,Q,199,-1.5760605,-1.4228745,-1.3696864,-1.5246198,0.0172,FALSE,-0.5029353
S,R,199,-1.7101236,-1.2385216,2.467365,-1.5246198,0.0172,FALSE,-0.3695128
S,T,199,-1.6495535,-1.2237015,-2.0145053,-1.5246198,0.022484,FALSE,-0.3601791
S,V,199,-1.2591757,-1.1129761,-0.6880207,-1.5246198,0.0165574,FALSE,-0.2965015
S,W,199,-1.2515578,-1.5409203,-1.0012184,-1.5246198,0.0172,FALSE,-0.6062369
S,Y,199,-1.4576774,-1.5235672,-1.6460374,-1.5246198,0.009079,FALSE,-0.590142
S,A,200,-1.7800846,-0.3170509,-1.2222992,-1.244543,0.0172,FALSE,-0.064815
S,C,200,-1.3134563,-0.8461723,-1.6091906,-1.244543,0.0172,FALSE,-0.1816478
S,D,200,-2.1897931,-0.2351112,0.4776379,-1.244543,0.0172,FALSE,-0.0550182
S,E,200,-1.8274964,-0.8528366,0.293404,-1.244543,0.0165575,FALSE,-0.1839416
S,F,200,-2.0808158,-1.1098251,-0.5590569,-1.244543,0.0172,FALSE,-0.2948397
S,G,200,-0.6915866,-0.5937691,-1.3881098,-1.244543,0.0184597,FALSE,-0.1119174
S,H,200,-1.7107144,-0.6672363,-0.1119108,-1.244543,0.0172,FALSE,-0.1290727
S,I,200,-1.8064596,-0.4961166,-0.3379761,-1.244543,0.0159072,FALSE,-0.0924323
S,K,200,-1.1324427,-0.5707436,1.1777271,-1.244543,0.0172,FALSE,-0.1069996
S,L,200,-1.5558342,-0.537075,-0.7064441,-1.244543,0.0165575,FALSE,-0.100176
S,M,200,-1.7574471,-0.5763245,-1.2038758,-1.244543,0.0172,FALSE,-0.1081725
S,N,200,-1.4273624,0.3092499,-1.4618034,-1.244543,0.0163209,FALSE,-0.0182581
S,P,200,-2.3211895,-0.7886658,-1.811848,-1.244543,0.0172,FALSE,-0.1629143
S,Q,200,-1.896184,-0.6978874,-1.3696864,-1.244543,0.0165575,FALSE,-0.1369352
S,R,200,-1.8296098,-0.7039757,2.467365,-1.244543,0.0075008,FALSE,-0.1385493
S,T,200,-1.2350853,0.2214127,-2.0145053,-1.244543,0.0172,FALSE,-0.0218409
S,V,200,-1.9417267,-0.3516121,-0.6880207,-1.244543,0.0172,FALSE,-0.0694361
S,W,200,-1.7210744,-0.8027077,-1.0012184,-1.244543,0.0172,FALSE,-0.1673174
S,Y,200,-2.1783103,-0.595108,-1.6460374,-1.244543,0.0172,FALSE,-0.1122099
S,A,201,0.6862115,-0.5371704,-1.2222992,-1.1583512,0.0159592,FALSE,-0.1001948
S,C,201,-0.6883889,-1.1406746,-1.6091906,-1.1583512,0.0159592,FALSE,-0.3114575
S,D,201,0.1522863,-0.9874153,0.4776379,-1.1583512,0.0172,FALSE,-0.2362354
S,E,201,-0.3049623,-0.9025497,0.293404,-1.1583512,0.0147,FALSE,-0.2019003
S,F,201,-0.729958,-1.1590538,-0.5590569,-1.1583512,0.0372512,FALSE,-0.3217328
S,G,201,-0.2223433,-1.0290756,-1.3881098,-1.1583512,0.0200047,FALSE,-0.2549171
S,H,201,0.5463919,-1.0128441,-0.1119108,-1.1583512,0.0159592,FALSE,-0.247489
S,I,201,0.0263048,-0.3674736,-0.3379761,-1.1583512,0.0122473,FALSE,-0.071662
S,K,201,-0.9795142,-0.981678,1.1777271,-1.1583512,0.0159592,FALSE,-0.2337598
S,L,201,0.6285156,-0.9285736,-0.7064441,-1.1583512,0.0177007,FALSE,-0.2119199
S,M,201,-0.560906,-0.5493774,-1.2038758,-1.1583512,0.0144008,FALSE,-0.10262
S,N,201,-0.4106207,-1.0092468,-1.4618034,-1.1583512,0.0144251,FALSE,-0.2458688
S,P,201,-0.9221118,-1.0296669,-1.811848,-1.1583512,0.0172,FALSE,-0.2551914
S,Q,201,0.1404111,-1.1275215,-1.3696864,-1.1583512,0.0159592,FALSE,-0.3042769
S,R,201,-0.8532678,-0.709053,2.467365,-1.1583512,0.0149005,FALSE,-0.1399089
S,T,201,-0.1448184,-0.3947678,-2.0145053,-1.1583512,0.0222076,FALSE,-0.0756543
S,V,201,-0.8971893,-0.5929527,-0.6880207,-1.1583512,0.0165564,FALSE,-0.1117395
S,W,201,-0.3136228,-1.1445923,-1.0012184,-1.1583512,0.0178387,FALSE,-0.3136241
S,Y,201,-0.1033966,-0.8755989,-1.6460374,-1.1583512,0.019683,FALSE,-0.1919763
D,A,202,-1.3315429,-0.1486778,1.4172313,-0.9101481,0.0142135,FALSE,-0.0462475
D,C,202,-3.1653874,-0.3831253,1.0303399,-0.9101481,0.0172,FALSE,-0.0739258
D,E,202,0.5280584,0.5304031,-1.9776585,-0.9101481,0.0116241,FALSE,-0.011615
D,F,202,-1.8293234,-0.4482117,2.0804736,-0.9101481,0.0172,FALSE,-0.0840999
D,G,202,-1.7442292,-0.2107391,1.2514207,-0.9101481,0.0142934,FALSE,-0.0523931
D,H,202,-1.7919004,-0.632412,2.0117645,-0.9101481,0.016559,FALSE,-0.1206537
D,I,202,-0.9032152,-0.3386879,2.3015544,-0.9101481,0.0159641,FALSE,-0.0676719
D,K,202,-1.8190084,0.1413956,2.1223049,-0.9101481,0.0172,FALSE,-0.0257054
D,L,202,-1.5300351,-0.5949364,1.9330864,-0.9101481,0.0205909,FALSE,-0.1121723
D,M,202,-1.9530461,-0.4074516,1.4356547,-0.9101481,0.0159641,FALSE,-0.0775816
D,N,202,-1.4665584,-0.0324821,-0.2224512,-0.9101481,0.0143618,FALSE,-0.0365791
D,P,202,-2.7132359,-0.3827934,0.8276825,-0.9101481,0.0172,FALSE,-0.0738771
D,Q,202,-1.4203729,-0.2313156,-0.3145682,-0.9101481,0.016559,FALSE,-0.0546011
D,R,202,-3.0294665,-0.1448174,3.4119428,-0.9101481,0.016559,FALSE,-0.0458894
D,S,202,-0.8803485,0.3411217,0.4776379,-0.9101481,0.0260763,FALSE,-0.0171076
D,T,202,-1.9789975,-0.0814705,0.6250251,-0.9101481,0.02064,FALSE,-0.0403864
D,V,202,-1.3840288,-0.389267,1.9515098,-0.9101481,0.0183864,FALSE,-0.0748328
D,W,202,-2.5952585,-0.6384735,1.638312,-0.9101481,0.0172,FALSE,-0.122081
D,Y,202,-1.7173197,-0.5056725,0.9934931,-0.9101481,0.0147197,FALSE,-0.0941862
E,A,203,-2.7930994,-1.0976219,1.2329973,-1.4073654,0.026843,FALSE,-0.2884795
E,C,203,-2.7613508,-0.8559036,0.8461059,-1.4073654,0.0172,FALSE,-0.185006
E,D,203,-2.6586996,0.1921997,-1.9776585,-1.4073654,0.0257727,FALSE,-0.0231802
E,F,203,-3.9455962,-0.8966255,1.8962396,-1.4073654,0.0172,FALSE,-0.1996799
E,G,203,-3.2499193,-0.6821327,1.0671867,-1.4073654,0.0205323,FALSE,-0.1328396
E,H,203,-2.8312749,-0.941391,1.8275305,-1.4073654,0.0172,FALSE,-0.2170172
E,I,203,-3.0427326,-1.0608788,2.1173204,-1.4073654,0.0172,FALSE,-0.2700401
E,K,203,-2.5902974,-0.7643242,2.3065389,-1.4073654,0.0169194,FALSE,-0.1555336
E,L,203,-3.3885229,-1.0078583,1.7488524,-1.4073654,0.0165648,FALSE,-0.2452459
E,M,203,-2.860686,-0.9640694,1.2514207,-1.4073654,0.0172,FALSE,-0.2263054
E,N,203,-3.5257983,-0.5286865,-0.3329916,-1.4073654,0.0172,FALSE,-0.0985414
E,P,203,-4.3022131,-0.9953156,0.6434485,-1.4073654,0.0172,FALSE,-0.2396822
E,Q,203,-2.6481072,-0.921936,-0.2408746,-1.4073654,0.0154256,FALSE,-0.2093228
E,R,203,-2.4614948,-0.8656158,3.5961768,-1.4073654,0.0149128,FALSE,-0.188414
E,S,203,-3.8674572,-0.9177094,0.293404,-1.4073654,0.0172,FALSE,-0.2076839
E,T,203,-2.5032505,-0.7803993,0.4407911,-1.4073654,0.0172,FALSE,-0.1603723
E,V,203,-3.2302798,-0.8243828,1.7672758,-1.4073654,0.0154256,FALSE,-0.174329
E,W,203,-2.5831916,-1.092083,1.4540781,-1.4073654,0.0172,FALSE,-0.285632
E,Y,203,-3.5083606,-1.2319336,0.8092591,-1.4073654,0.0172,FALSE,-0.3653393
Q,A,204,-1.0768859,-1.6243286,-0.4300931,-1.5372734,0.0114456,FALSE,-0.6880337
Q,C,204,-3.3741446,-1.7449493,-0.8169844,-1.5372734,0.0172,FALSE,-0.8193573
Q,D,204,-3.4319752,-1.324337,-0.3145682,-1.5372734,0.0172,FALSE,-0.4275425
Q,E,204,-2.1968565,-1.6658058,-0.2408746,-1.5372734,0.0198715,FALSE,-0.731455
Q,F,204,-3.5901141,-1.5617561,0.2331493,-1.5372734,0.0172,FALSE,-0.6259807
Q,G,204,-4.0087397,-1.5211563,-0.5959037,-1.5372734,0.0172,FALSE,-0.587931
Q,H,204,-2.154122,-1.4941292,0.1644402,-1.5372734,0.0120667,FALSE,-0.5635601
Q,I,204,-4.0395514,-1.62566,0.45423,-1.5372734,0.0172,FALSE,-0.6893992
Q,K,204,-2.7585964,-1.4213219,0.385521,-1.5372734,0.0082578,FALSE,-0.5016722
Q,L,204,-3.8757641,-1.6873894,0.0857621,-1.5372734,0.0172,FALSE,-0.7547717
Q,M,204,-2.3836789,-1.3223801,-0.4116697,-1.5372734,0.0172,FALSE,-0.4261418
Q,N,204,-3.2532351,-1.2027893,-2.0697755,-1.5372734,0.0172,FALSE,-0.3473427
Q,P,204,-4.0310453,-1.7808037,-1.0196418,-1.5372734,0.02064,FALSE,-0.8613425
Q,R,204,-3.7151838,-1.2159882,1.6751588,-1.5372734,0.024474,FALSE,-0.3553993
Q,S,204,-2.8222401,-1.5015068,-1.3696864,-1.5372734,0.0165596,FALSE,-0.5701369
Q,T,204,-3.698315,-1.2561569,-1.2222992,-1.5372734,0.0172,FALSE,-0.380879
Q,V,204,-3.5868308,-1.5588531,0.1041855,-1.5372734,0.0172,FALSE,-0.6232024
Q,W,204,-3.1331398,-1.6543236,-0.2090123,-1.5372734,0.0172,FALSE,-0.719252
Q,Y,204,-3.6885251,-1.3907661,-0.8538312,-1.5372734,0.0172,FALSE,-0.4773091
Q,A,205,0.3445019,-0.8012352,-0.4300931,-0.9845423,0.0233828,FALSE,-0.1668506
Q,C,205,-2.4816532,-0.9923325,-0.8169844,-0.9845423,0.0172,FALSE,-0.2383755
Q,D,205,0.5041024,-0.7629318,-0.3145682,-0.9845423,0.0165601,FALSE,-0.1551209
Q,E,205,0.5897182,-0.8949318,-0.2408746,-0.9845423,0.0158785,FALSE,-0.1990492
Q,F,205,-1.1033863,-1.0283127,0.2331493,-0.9845423,0.0246611,FALSE,-0.2545637
Q,G,205,-1.3066184,-1.2158089,-0.5959037,-0.9845423,0.0172978,FALSE,-0.3552888
Q,H,205,-0.8667201,-0.8787956,0.1644402,-0.9845423,0.0148973,FALSE,-0.1931299
Q,I,205,0.7734309,-1.0169868,0.45423,-0.9845423,0.0249,FALSE,-0.2493665
Q,K,205,-1.0235827,-0.0384407,0.385521,-0.9845423,0.0091549,FALSE,-0.0370227
Q,L,205,-0.7648136,-0.9598732,0.0857621,-0.9845423,0.0260859,FALSE,-0.2245605
Q,M,205,-0.4483452,-0.8039284,-0.4116697,-0.9845423,0.0159661,FALSE,-0.1677053
Q,N,205,0.5374764,-0.8473968,-2.0697755,-0.9845423,0.031656,FALSE,-0.1820673
Q,P,205,-2.965123,-1.197155,-1.0196418,-0.9845423,0.0198894,FALSE,-0.3439504
Q,R,205,-1.8017569,0.1607513,1.6751588,-0.9845423,0.0375601,FALSE,-0.0247128
Q,S,205,-0.7025842,-0.9504051,-1.3696864,-0.9845423,0.0197034,FALSE,-0.2206674
Q,T,205,-0.7611894,-0.6183281,-1.2222992,-0.9845423,0.0327149,FALSE,-0.1173977
Q,V,205,-0.2237678,-1.0677986,0.1041855,-0.9845423,0.0218611,FALSE,-0.2734325
Q,W,205,-0.8795449,-1.0095749,-0.2090123,-0.9845423,0.0172,FALSE,-0.2460162
Q,Y,205,-0.3487796,-1.0502357,-0.8538312,-0.9845423,0.0245555,FALSE,-0.2648941
S,A,206,-0.7460574,0.119751,-1.2222992,-0.9985419,0.0315576,FALSE,-0.0268621
S,C,206,-1.0913748,-1.0599594,-1.6091906,-0.9985419,0.0149289,FALSE,-0.2695922
S,D,206,0.1251664,-0.8110542,0.4776379,-0.9985419,0.2008666,TRUE,-0.1699862
S,E,206,0.8073978,-1.0348892,0.293404,-0.9985419,0.5552375,TRUE,-0.2576249
S,F,206,-1.1531899,-1.1098328,-0.5590569,-0.9985419,0.1032494,TRUE,-0.2948438
S,G,206,-0.2843719,-1.0575409,-1.3881098,-0.9985419,0.0752318,TRUE,-0.2684169
S,H,206,-0.9437675,-0.8229752,-0.1119108,-0.9985419,0.0518,FALSE,-0.1738656
S,I,206,-0.7570137,-0.9257164,-0.3379761,-0.9985419,0.1543968,TRUE,-0.2107984
S,K,206,-2.0742853,-0.5521278,1.1777271,-0.9985419,0.0172,FALSE,-0.1031741
S,L,206,-0.96942,-1.0037155,-0.7064441,-0.9985419,0.1863413,TRUE,-0.2433958
S,M,206,-0.7598827,-0.7351265,-1.2038758,-0.9985419,0.07252,TRUE,-0.1470885
S,N,206,-1.061508,-0.8014488,-1.4618034,-0.9985419,0.0242534,FALSE,-0.1669183
S,P,206,-3.940966,-0.8614922,-1.811848,-0.9985419,0.01764,FALSE,-0.1869601
S,Q,206,-1.2163467,-0.9138832,-1.3696864,-0.9985419,0.1250168,TRUE,-0.2062102
S,R,206,-3.144766,-0.7599449,2.467365,-0.9985419,0.02628,FALSE,-0.154239
S,T,206,-0.4639233,0.0288658,-2.0145053,-0.9985419,0.0221685,FALSE,-0.0323053
S,V,206,-0.5587808,-0.7539978,-0.6880207,-0.9985419,0.1332323,TRUE,-0.1524968
S,W,206,-2.7419763,-1.1924286,-1.0012184,-0.9985419,0.0172,FALSE,-0.3411261
S,Y,206,-0.6097964,-1.107727,-1.6460374,-0.9985419,0.0745779,TRUE,-0.2937377
L,A,207,-3.2447223,-1.1640663,-1.6460374,-1.3778629,0.0165734,FALSE,-0.3245846
L,C,207,-1.9033113,-1.601429,-1.259146,-1.3778629,0.0172,FALSE,-0.6648428
L,D,207,-3.6440112,-1.475441,1.9330864,-1.3778629,0.0172,FALSE,-0.5471535
L,E,207,-2.9454771,-1.4124489,1.7488524,-1.3778629,0.0172,FALSE,-0.4945006
L,F,207,-3.0668259,-1.3043976,-2.0145053,-1.3778629,0.0183913,FALSE,-0.4134414
L,G,207,-4.2227302,-1.291748,-1.4802268,-1.3778629,0.0172,FALSE,-0.4046919
L,H,207,-1.676004,-1.409584,1.3435377,-1.3778629,0.017946,FALSE,-0.492202
L,I,207,-1.7026404,-0.7500572,-1.7934246,-1.3778629,0.0068584,FALSE,-0.1513525
L,K,207,-2.1462433,-1.2676964,2.6331756,-1.3778629,0.0172,FALSE,-0.3884708
L,M,207,-0.963186,-1.115654,-1.6644608,-1.3778629,0.0204016,FALSE,-0.29792
L,N,207,-3.2801217,-1.5090523,-0.0063549,-1.3778629,0.0172,FALSE,-0.5769222
L,P,207,-4.0706803,-1.251873,-1.0564886,-1.3778629,0.024365,FALSE,-0.3780918
L,Q,207,-2.8264756,-1.359211,0.0857621,-1.3778629,0.0165734,FALSE,-0.4531285
L,R,207,-2.6570955,-1.4115257,3.9228134,-1.3778629,0.0165734,FALSE,-0.4937589
L,S,207,-3.5415623,-1.033432,-0.7064441,-1.3778629,0.0172,FALSE,-0.2569438
L,T,207,-3.080345,-1.2779083,-0.8538312,-1.3778629,0.0172,FALSE,-0.395292
L,V,207,-2.2867657,-0.898098,-2.1434691,-1.3778629,0.0159908,FALSE,-0.2002297
L,W,207,-2.4742769,-1.4215584,-1.8671182,-1.3778629,0.0172,FALSE,-0.5018645
L,Y,207,-2.3562705,-1.1703758,-1.2222992,-1.3778629,0.018788,FALSE,-0.3282046
Y,A,208,-4.254634,-1.7114372,-1.7381544,-1.6139506,0.0172,FALSE,-0.7813305
Y,C,208,-3.2050092,-1.8772736,-2.1250457,-1.6139506,0.0202519,FALSE,-0.9808689
Y,D,208,-3.260168,-1.5759392,0.9934931,-1.6139506,0.0172,FALSE,-0.6396826
Y,E,208,-3.6448772,-2.077385,0.8092591,-1.6139506,0.0172,FALSE,-1.2576875
Y,F,208,-3.1092637,-1.8222008,-1.074912,-1.6139506,0.018621,FALSE,-0.911473
Y,G,208,-3.9213251,-1.7149239,-1.9039649,-1.6139506,0.0172,FALSE,-0.7852319
Y,H,208,-2.5816771,-1.7475891,0.4039443,-1.6139506,0.0153048,FALSE,-0.8224027
Y,I,208,-3.8521977,-1.8366661,-0.8538312,-1.6139506,0.0172,FALSE,-0.9294037
Y,K,208,-3.5477859,-1.4229622,1.6935822,-1.6139506,0.0172,FALSE,-0.5030068
Y,L,208,-4.2026151,-1.8564377,-1.2222992,-1.6139506,0.0172,FALSE,-0.9542548
Y,M,208,-3.2616006,-1.7422981,-1.719731,-1.6139506,0.0172,FALSE,-0.816306
Y,N,208,-3.0217733,-1.6398354,-0.9459482,-1.6139506,0.0207533,FALSE,-0.7040537
Y,P,208,-4.1237815,-1.9377251,-1.9960819,-1.6139506,0.0172,FALSE,-1.0605113
Y,Q,208,-3.6595563,-1.8246574,-0.8538312,-1.6139506,0.0172,FALSE,-0.9145031
Y,R,208,-4.1012341,-1.5722771,2.9832201,-1.6139506,0.0172,FALSE,-0.6361244
Y,S,208,-3.4623708,-1.7139168,-1.6460374,-1.6139506,0.0172,FALSE,-0.7841037
Y,T,208,-4.1457049,-2.0204315,-1.7934246,-1.6139506,0.0172,FALSE,-1.1751317
Y,V,208,-4.1682997,-1.6847153,-1.2038758,-1.6139506,0.0172,FALSE,-0.7518561
Y,W,208,-3.1735509,-1.6152687,-1.5170736,-1.6139506,0.0172,FALSE,-0.6787921
S,A,209,0.4941029,0.1728935,-1.2222992,-1.0969353,0.0154699,FALSE,-0.0241096
S,C,209,-1.5703172,-0.1991463,-1.6091906,-1.0969353,0.0225228,FALSE,-0.0511876
S,D,209,-0.0441816,0.3509598,0.4776379,-1.0969353,0.0155976,FALSE,-0.0167672
S,E,209,-0.4084563,-0.0627899,0.293404,-1.0969353,0.0260512,FALSE,-0.0388908
S,F,209,-0.7302994,0.092186,-0.5590569,-1.0969353,0.02064,FALSE,-0.0284097
S,G,209,0.684362,-0.0976257,-1.3881098,-1.0969353,0.0075882,FALSE,-0.0417251
S,H,209,-0.7439585,0.4923744,-0.1119108,-1.0969353,0.0165818,FALSE,-0.0125557
S,I,209,-0.9792064,0.1311493,-0.3379761,-1.0969353,0.0132297,FALSE,-0.0262467
S,K,209,-1.5403371,0.6881981,1.1777271,-1.0969353,0.0160066,FALSE,-0.0084048
S,L,209,-0.3141617,-0.2397575,-0.7064441,-1.0969353,0.0126397,FALSE,-0.055533
S,M,209,-0.0816577,0.156971,-1.2038758,-1.0969353,0.0163934,FALSE,-0.0249037
S,N,209,-0.0073146,0.1549339,-1.4618034,-1.0969353,0.0149344,FALSE,-0.0250071
S,P,209,-0.2253533,-0.1416626,-1.811848,-1.0969353,0.017238,FALSE,-0.0455988
S,Q,209,-0.3886425,1.0129089,-1.3696864,-1.0969353,0.029936,FALSE,-0.0043139
S,R,209,-1.0237024,0.775692,2.467365,-1.0969353,0.0218335,FALSE,-0.0070233
S,T,209,0.1399817,-0.1392326,-2.0145053,-1.0969353,0.0155948,FALSE,-0.0453762
S,V,209,-1.0868875,0.0205879,-0.6880207,-1.0969353,0.0136404,FALSE,-0.032852
S,W,209,-1.4909417,-0.0453682,-1.0012184,-1.0969353,0.0165818,FALSE,-0.037545
S,Y,209,-0.6360156,0.1063499,-1.6460374,-1.0969353,0.0225588,FALSE,-0.0276038
N,A,210,0.5914861,-0.9342422,-0.5222101,-1.2783107,0.0096537,FALSE,-0.2141609
N,C,210,-2.0723827,-1.4108009,-0.9091014,-1.2783107,0.0172,FALSE,-0.4931773
N,D,210,-0.3514898,-1.0103302,-0.2224512,-1.2783107,0.0084387,FALSE,-0.2463558
N,E,210,-0.2390947,-0.8035316,-0.3329916,-1.2783107,0.0147,FALSE,-0.1675792
N,F,210,-0.5456414,-1.1279068,0.1410323,-1.2783107,0.0259622,FALSE,-0.3044852
N,G,210,0.3685088,-1.0830002,-0.6880207,-1.2783107,0.0096399,FALSE,-0.281015
N,H,210,0.2513779,-1.2432327,0.0723232,-1.2783107,0.0127475,FALSE,-0.3725214
N,I,210,0.7990348,-0.8001404,0.362113,-1.2783107,0.0068766,FALSE,-0.1665043
N,K,210,0.154755,-0.6290588,0.4776379,-1.2783107,0.0096537,FALSE,-0.1198709
N,L,210,-0.4197702,-1.6288834,-0.0063549,-1.2783107,0.0066313,FALSE,-0.6927128
N,M,210,0.1840052,-0.916748,-0.5037867,-1.2783107,0.0172,FALSE,-0.2073127
N,P,210,-0.1751999,-1.362381,-1.1117588,-1.2783107,0.0108154,FALSE,-0.4555132
N,Q,210,0.0523431,-0.8865433,-2.0697755,-1.2783107,0.0116072,FALSE,-0.1959518
N,R,210,0.222304,-0.7414474,1.7672758,-1.2783107,0.0128976,FALSE,-0.1488799
N,S,210,0.40602,-1.2441063,-1.4618034,-1.2783107,0.0048014,FALSE,-0.3730815
N,T,210,0.6943394,-0.3807564,-1.3144162,-1.2783107,0.0136568,FALSE,-0.0735788
N,V,210,0.3475597,-0.943573,0.0120685,-1.2783107,0.0147,FALSE,-0.2178958
N,W,210,-1.0388805,-1.2803535,-0.3011293,-1.2783107,0.0154789,FALSE,-0.3969397
N,Y,210,-0.5614233,-1.3271751,-0.9459482,-1.2783107,0.0147,FALSE,-0.4295806
G,A,211,0.1292146,0.4765015,-1.9960819,-1.1135166,0.0232055,FALSE,-0.0129704
G,C,211,-2.695843,-0.437809,-1.9408117,-1.1135166,0.0172,FALSE,-0.0823881
G,D,211,-0.3954533,0.1133118,1.2514207,-1.1135166,0.0240109,FALSE,-0.027216
G,E,211,-0.9946925,0.7329826,1.0671867,-1.1135166,0.0165311,FALSE,-0.0076668
G,F,211,-0.7077171,-0.5877228,-1.3328396,-1.1135166,0.0146254,FALSE,-0.1106058
G,H,211,-0.5383869,-0.4500504,0.6618719,-1.1135166,0.0165638,FALSE,-0.084406
G,I,211,-0.8776392,-0.1226616,-1.1117588,-1.1135166,0.0267277,FALSE,-0.043886
G,K,211,-0.8218792,-0.425415,1.9515098,-1.1135166,0.0219,FALSE,-0.0803922
G,L,211,-0.4557724,-0.683464,-1.4802268,-1.1135166,0.0187793,FALSE,-0.1331812
G,M,211,-0.6351363,-0.005825,-1.9776585,-1.1135166,0.0172,FALSE,-0.0346578
G,N,211,-0.3560349,0.1266327,-0.6880207,-1.1135166,0.014018,FALSE,-0.0264889
G,P,211,0.5583121,-0.278492,-1.7381544,-1.1135166,0.0479091,FALSE,-0.0600106
G,Q,211,-1.3605498,-0.4118843,-0.5959037,-1.1135166,0.0159901,FALSE,-0.0782663
G,R,211,-2.1823282,-0.2102318,3.2411477,-1.1135166,0.0150192,FALSE,-0.0523398
G,S,211,-0.2418624,-0.5397148,-1.3881098,-1.1135166,0.0248976,FALSE,-0.1006957
G,T,211,-0.0388232,0.0933075,-1.535497,-1.1135166,0.0205618,FALSE,-0.0283451
G,V,211,-1.0316818,-0.2539177,-1.4618034,-1.1135166,0.0161998,FALSE,-0.0571309
G,W,211,-1.0211494,-0.5777931,-1.7750012,-1.1135166,0.0172,FALSE,-0.1084831
G,Y,211,-1.0265874,-0.4590454,-1.9039649,-1.1135166,0.0187797,FALSE,-0.0859189
N,A,212,0.0833466,-0.7872696,-0.5222101,-1.2293264,0.0138408,FALSE,-0.1624824
N,C,212,-2.979884,-1.3009338,-0.9091014,-1.2293264,0.0172,FALSE,-0.4110305
N,D,212,-0.5851985,-0.2958374,-0.2224512,-1.2293264,0.0294637,FALSE,-0.0621275
N,E,212,0.5678311,-0.8928299,-0.3329916,-1.2293264,0.0249,FALSE,-0.198269
N,F,212,0.0961351,-1.1532745,0.1410323,-1.2293264,0.0118403,FALSE,-0.3184712
N,G,212,-0.382753,-0.9924355,-0.6880207,-1.2293264,0.0153784,FALSE,-0.2384205
N,H,212,-0.2906122,-1.142479,0.0723232,-1.2293264,0.0197919,FALSE,-0.3124538
N,I,212,-0.774446,-1.1276398,0.362113,-1.2293264,0.013607,FALSE,-0.3043408
N,K,212,-0.4982566,-1.2375908,0.4776379,-1.2293264,0.0132127,FALSE,-0.3689208
N,L,212,-0.7545633,-1.3351784,-0.0063549,-1.2293264,0.0098037,FALSE,-0.4353699
N,M,212,-0.6950875,-1.1111717,-0.5037867,-1.2293264,0.0147,FALSE,-0.2955489
N,P,212,0.0916499,-1.1029854,-1.1117588,-1.2293264,0.0084574,FALSE,-0.2912602
N,Q,212,0.1121681,-1.1005516,-2.0697755,-1.2293264,0.0196358,FALSE,-0.2899956
N,R,212,-1.1665703,-0.9860077,1.7672758,-1.2293264,0.0154514,FALSE,-0.2356259
N,S,212,-1.6173788,-1.0624046,-1.4618034,-1.2293264,0.0118403,FALSE,-0.270785
N,T,212,-1.7002503,-0.5912323,-1.3144162,-1.2293264,0.0144707,FALSE,-0.1113653
N,V,212,0.0467595,-0.9364891,0.0120685,-1.2293264,0.0128473,FALSE,-0.215055
N,W,212,-0.9922851,-1.1992149,-0.3011293,-1.2293264,0.0159934,FALSE,-0.3451874
N,Y,212,-0.8587063,-1.254364,-0.9459482,-1.2293264,0.0128406,FALSE,-0.3797105
A,C,213,-0.8024999,-1.4525414,-1.7750012,-1.6317922,0.0197083,FALSE,-0.5275422
A,D,213,-1.2298546,-1.482441,1.4172313,-1.6317922,0.0097681,FALSE,-0.5532564
A,E,213,-2.8808586,-1.3562241,1.2329973,-1.6317922,0.0172,FALSE,-0.4508906
A,F,213,-1.4864848,-1.7312813,-1.4986502,-1.6317922,0.0149115,FALSE,-0.8037055
A,G,213,-0.7389311,-1.3131676,-1.9960819,-1.6317922,0.0149115,FALSE,-0.4195967
A,H,213,-0.4250365,-1.5225754,0.8276825,-1.6317922,0.0147,FALSE,-0.5892317
A,I,213,-1.4728121,-1.5041466,-1.2775694,-1.6317922,0.0154246,FALSE,-0.572504
A,K,213,0.016577,-1.4745903,2.1173204,-1.6317922,0.0107851,FALSE,-0.5464153
A,L,213,-2.1026466,-1.3731499,-1.6460374,-1.6317922,0.0172,FALSE,-0.4636882
A,M,213,-1.0300541,-1.7219086,-2.1434691,-1.6317922,0.0159742,FALSE,-0.7930858
A,N,213,-0.378941,-1.5794258,-0.5222101,-1.6317922,0.0159742,FALSE,-0.6430835
A,P,213,0.009711,-1.4754333,-1.5723438,-1.6317922,0.0075572,FALSE,-0.5471468
A,Q,213,-2.03433,-1.6982231,-0.4300931,-1.6317922,0.0165645,FALSE,-0.766661
A,R,213,-0.860029,-1.6682129,3.4069583,-1.6317922,0.0139814,FALSE,-0.734031
A,S,213,0.3810907,-1.3416901,-1.2222992,-1.6317922,0.0123088,FALSE,-0.440126
A,T,213,-0.2636433,-0.7992516,-1.3696864,-1.6317922,0.0097772,FALSE,-0.1662237
A,V,213,0.36166,-1.4167557,-1.627614,-1.6317922,0.0112885,FALSE,-0.4979716
A,W,213,-2.4554209,-1.6219025,-1.9408117,-1.6317922,0.0165645,FALSE,-0.6855504
A,Y,213,-1.4840272,-1.405201,-1.7381544,-1.6317922,0.0172,FALSE,-0.4887014
Y,A,214,-1.9533436,-1.6989746,-1.7381544,-1.5545847,0.0159637,FALSE,-0.7674904
Y,C,214,-1.4145809,-1.6725578,-2.1250457,-1.5545847,0.0223178,FALSE,-0.7386962
Y,D,214,-2.1091583,-1.6472664,0.9934931,-1.5545847,0.0159637,FALSE,-0.7118211
Y,E,214,-0.0822119,-1.763504,0.8092591,-1.5545847,0.0172,FALSE,-0.8409176
Y,F,214,-1.1394913,-1.6540451,-1.074912,-1.5545847,0.0255096,FALSE,-0.7189577
Y,G,214,-2.3197029,-1.9707031,-1.9039649,-1.5545847,0.0172,FALSE,-1.1054469
Y,H,214,-0.9315975,-1.6640816,0.4039443,-1.5545847,0.0216823,FALSE,-0.7296137
Y,I,214,-0.9963683,-1.7234459,-0.8538312,-1.5545847,0.0121454,FALSE,-0.7948213
Y,K,214,-1.3221796,-1.7747688,1.6935822,-1.5545847,0.01441,FALSE,-0.8541821
Y,L,214,-1.644675,-1.8829308,-1.2222992,-1.5545847,0.021011,FALSE,-0.9881697
Y,M,214,-0.7953477,-1.7702408,-1.719731,-1.5545847,0.0172,FALSE,-0.8488344
Y,N,214,-1.905912,-1.8682289,-0.9459482,-1.5545847,0.0172,FALSE,-0.9692626
Y,P,214,-2.9486715,-1.794178,-1.9960819,-1.5545847,0.0172,FALSE,-0.8773454
Y,Q,214,-0.9730368,-1.5395851,-0.8538312,-1.5545847,0.0279444,FALSE,-0.6049873
Y,R,214,-1.7056586,-1.5507469,2.9832201,-1.5545847,0.0154098,FALSE,-0.6154915
Y,S,214,-1.3512058,-1.7211723,-1.6460374,-1.5545847,0.0111534,FALSE,-0.7922555
Y,T,214,-2.3355601,-1.8494186,-1.7934246,-1.5545847,0.0172,FALSE,-0.9453873
Y,V,214,-0.4607845,-1.5804253,-1.2038758,-1.5545847,0.0103473,FALSE,-0.6440608
Y,W,214,-1.6035371,-1.791275,-1.5170736,-1.5545847,0.0172,FALSE,-0.8738562
V,A,215,-2.0456287,-1.7695808,-1.627614,-1.813415,0.0393834,FALSE,-0.8480567
V,C,215,-3.2485149,-1.4287338,-1.2407226,-1.813415,0.0172,FALSE,-0.5077242
V,D,215,-3.1266583,-1.8805275,1.9515098,-1.813415,0.0172,FALSE,-0.9850642
V,E,215,-3.1804683,-1.8401489,1.7672758,-1.813415,0.0172,FALSE,-0.9337526
V,F,215,-2.4216133,-1.8648682,-2.0329287,-1.813415,0.0194214,FALSE,-0.9649709
V,G,215,-3.9554256,-1.993267,-1.4618034,-1.813415,0.0165584,FALSE,-1.1367828
V,H,215,-3.4655468,-1.8548546,1.3619611,-1.813415,0.0172,FALSE,-0.9522505
V,I,215,-0.913729,-1.1392174,-1.811848,-1.813415,0.0206105,FALSE,-0.310655
V,K,215,-3.3015032,-1.8465958,2.6515989,-1.813415,0.0172,FALSE,-0.9418351
V,L,215,-2.0156945,-1.7664604,-2.1434691,-1.813415,0.0154087,FALSE,-0.844386
V,M,215,-2.4427432,-1.8109474,-1.6460374,-1.813415,0.0172,FALSE,-0.8976713
V,N,215,-3.5288955,-1.7886238,0.0120685,-1.813415,0.0172,FALSE,-0.8706771
V,P,215,-4.191791,-1.7594452,-1.0380652,-1.813415,0.0172,FALSE,-0.8361706
V,Q,215,-3.0927378,-2.1098785,0.1041855,-1.813415,0.0172,FALSE,-1.3060518
V,R,215,-3.9837206,-1.6554756,3.9412368,-1.813415,0.0172,FALSE,-0.72047
V,S,215,-4.1092757,-1.9781532,-0.6880207,-1.813415,0.0172,FALSE,-1.1157408
V,T,215,-2.8887132,-1.6847725,-0.8354078,-1.813415,0.0165584,FALSE,-0.7519184
V,W,215,-2.7992659,-1.8548393,-1.8486948,-1.813415,0.0172,FALSE,-0.9522311
V,Y,215,-3.308604,-1.6852226,-1.2038758,-1.813415,0.0172,FALSE,-0.7524086
S,A,216,-0.3568106,-1.250042,-1.2222992,-1.7399879,0.02558,FALSE,-0.3769057
S,C,216,-1.8146266,-1.5025444,-1.6091906,-1.7399879,0.0172,FALSE,-0.5710665
S,D,216,-0.791903,-1.857296,0.4776379,-1.7399879,0.0172,FALSE,-0.9553426
S,E,216,-3.1171873,-1.5383492,0.293404,-1.7399879,0.0172,FALSE,-0.6038322
S,F,216,-0.3567788,-1.3541412,-0.5590569,-1.7399879,0.0116537,FALSE,-0.4493353
S,G,216,-2.1762969,-1.4668503,-1.3881098,-1.7399879,0.015964,FALSE,-0.539733
S,H,216,-1.9936382,-1.618248,-0.1119108,-1.7399879,0.0147,FALSE,-0.6818215
S,I,216,-0.0500805,-1.3452606,-0.3379761,-1.7399879,0.0147,FALSE,-0.4427514
S,K,216,-1.7708942,-1.3481064,1.1777271,-1.7399879,0.015964,FALSE,-0.4448528
S,L,216,-0.8593549,-1.2494507,-0.7064441,-1.7399879,0.0106213,FALSE,-0.3765233
S,M,216,-0.3072708,-1.4032364,-1.2038758,-1.7399879,0.0172,FALSE,-0.4871386
S,N,216,-2.071087,-1.2409172,-1.4618034,-1.7399879,0.016559,FALSE,-0.3710402
S,P,216,-2.6023317,-1.8988533,-1.811848,-1.7399879,0.0232744,FALSE,-1.0088882
S,Q,216,0.1545871,-1.5638466,-1.3696864,-1.7399879,0.0135328,FALSE,-0.6279869
S,R,216,-0.4005829,-1.4306984,2.467365,-1.7399879,0.0115589,FALSE,-0.5093376
S,T,216,-0.7785162,-1.3209724,-2.0145053,-1.7399879,0.014779,FALSE,-0.4251364
S,V,216,-0.3559656,-1.2944946,-0.6880207,-1.7399879,0.0101366,FALSE,-0.4065788
S,W,216,-0.9473287,-1.4563522,-1.0012184,-1.7399879,0.0147,FALSE,-0.5307684
S,Y,216,-0.0624876,-1.6840363,-1.6460374,-1.7399879,0.0078542,FALSE,-0.751117
V,A,217,-3.2078632,-1.8390236,-1.627614,-1.8440503,0.0288509,FALSE,-0.9323461
V,C,217,-3.0428465,-1.7653313,-1.2407226,-1.8440503,0.0172,FALSE,-0.8430603
V,D,217,-3.1021054,-1.7827797,1.9515098,-1.8440503,0.0172,FALSE,-0.8636952
V,E,217,-2.9285658,-1.8632927,1.7672758,-1.8440503,0.0172,FALSE,-0.9629629
V,F,217,-3.2882615,-1.6684914,-2.0329287,-1.8440503,0.0172,FALSE,-0.7343294
V,G,217,-3.4843878,-1.5318604,-1.4618034,-1.8440503,0.0198809,FALSE,-0.5977944
V,H,217,-2.8327871,-1.8163338,1.3619611,-1.8440503,0.0172,FALSE,-0.9042613
V,I,217,-2.1499327,-1.3872643,-1.811848,-1.8440503,0.0122331,FALSE,-0.4745769
V,K,217,-3.4744778,-1.6167336,2.6515989,-1.8440503,0.0172,FALSE,-0.6802805
V,L,217,-3.0217896,-1.4147224,-2.1434691,-1.8440503,0.0229008,FALSE,-0.4963305
V,M,217,-2.5743095,-1.3336792,-1.6460374,-1.8440503,0.0172,FALSE,-0.4342807
V,N,217,-3.4295194,-1.8702202,0.0120685,-1.8440503,0.0172,FALSE,-0.9718109
V,P,217,-3.8457773,-1.9498787,-1.0380652,-1.8440503,0.0172,FALSE,-1.0769513
V,Q,217,-3.2196101,-1.5641594,0.1041855,-1.8440503,0.0172,FALSE,-0.6282875
V,R,217,-3.7344521,-1.575798,3.9412368,-1.8440503,0.0172,FALSE,-0.6395452
V,S,217,-4.0354075,-1.7598267,-0.6880207,-1.8440503,0.0172,FALSE,-0.836616
V,T,217,-3.2332769,-1.5545006,-0.8354078,-1.8440503,0.0172,FALSE,-0.6190535
V,W,217,-2.90315,-1.7440834,-1.8486948,-1.8440503,0.0172,FALSE,-0.8183599
V,Y,217,-3.2641468,-1.6214333,-1.2038758,-1.8440503,0.0172,FALSE,-0.6850709
A,C,218,-0.4927762,-0.6190414,-1.7750012,-1.7410061,0.0185161,FALSE,-0.1175606
A,D,218,-1.6957797,-0.2539062,1.4172313,-1.7410061,0.0165666,FALSE,-0.0571296
A,E,218,-0.9934101,-0.3020439,1.2329973,-1.7410061,0.0087525,FALSE,-0.0629024
A,F,218,-0.1607857,-0.4481278,-1.4986502,-1.7410061,0.0159782,FALSE,-0.084086
A,G,218,-1.9035663,0.0423126,-1.9960819,-1.7410061,0.0165666,FALSE,-0.0314363
A,H,218,0.4095454,-0.383667,0.8276825,-1.7410061,0.0119863,FALSE,-0.0740054
A,I,218,-0.5675108,0.0744896,-1.2775694,-1.7410061,0.0130494,FALSE,-0.0294493
A,K,218,-2.1830338,-0.5716248,2.1173204,-1.7410061,0.0172,FALSE,-0.107184
A,L,218,-0.3748984,-0.1253281,-1.6460374,-1.7410061,0.0147,FALSE,-0.0441226
A,M,218,-0.4594705,0.1675873,-2.1434691,-1.7410061,0.0147,FALSE,-0.0243714
A,N,218,-1.8732004,-0.5038757,-0.5222101,-1.7410061,0.0172,FALSE,-0.093854
A,P,218,-3.1984922,-0.4467659,-1.5723438,-1.7410061,0.0159782,FALSE,-0.08386
A,Q,218,-0.5809937,-0.322834,-0.4300931,-1.7410061,0.0207654,FALSE,-0.065567
A,R,218,-1.8398307,-0.1490517,3.4069583,-1.7410061,0.0162822,FALSE,-0.0462824
A,S,218,0.3944914,-0.4371452,-1.2222992,-1.7410061,0.0100946,FALSE,-0.08228
A,T,218,-0.3153192,-0.050457,-1.3696864,-1.7410061,0.0112541,FALSE,-0.0379333
A,V,218,-0.2420739,0.5420608,-1.627614,-1.7410061,0.0160345,FALSE,-0.0113409
A,W,218,1.2111911,-0.4674797,-1.9408117,-1.7410061,0.0145936,FALSE,-0.087361
A,Y,218,-0.5606298,-0.3625336,-1.7381544,-1.7410061,0.0159782,FALSE,-0.0709615
S,A,219,-0.4572939,-0.8909149,-1.2222992,-1.7732154,0.0191237,FALSE,-0.1975605
S,C,219,-1.2368483,-1.1416321,-1.6091906,-1.7732154,0.0149034,FALSE,-0.3119859
S,D,219,-1.9152653,-1.2851982,0.4776379,-1.7732154,0.0172,FALSE,-0.4002209
S,E,219,-2.8346915,-1.1574783,0.293404,-1.7732154,0.0172,FALSE,-0.3208409
S,F,219,-2.1648307,-1.3403893,-0.5590569,-1.7732154,0.0183953,FALSE,-0.4391726
S,G,219,-0.943499,-1.2251511,-1.3881098,-1.7732154,0.0105459,FALSE,-0.3610834
S,H,219,-1.7955951,-1.2387161,-0.1119108,-1.7732154,0.0172,FALSE,-0.3696366
S,I,219,-2.5294999,-1.2484283,-0.3379761,-1.7732154,0.0172,FALSE,-0.3758629
S,K,219,-1.2612832,-1.3695564,1.1777271,-1.7732154,0.015418,FALSE,-0.4609475
S,L,219,-2.6361018,-1.3787537,-0.7064441,-1.7732154,0.0172,FALSE,-0.4679876
S,M,219,-2.0345205,-1.4045029,-1.2038758,-1.7732154,0.0165619,FALSE,-0.4881456
S,N,219,-2.768743,-1.3567848,-1.4618034,-1.7732154,0.0172,FALSE,-0.4513101
S,P,219,-3.1319432,-1.296341,-1.811848,-1.7732154,0.0173954,FALSE,-0.4078513
S,Q,219,-1.3736712,-1.4231796,-1.3696864,-1.7732154,0.0159695,FALSE,-0.5031838
S,R,219,-3.3982766,-1.3011436,2.467365,-1.7732154,0.0172,FALSE,-0.4111762
S,T,219,-0.930317,-0.2922325,-2.0145053,-1.7732154,0.0265276,FALSE,-0.0616817
S,V,219,-1.7063103,-1.0759392,-0.6880207,-1.7732154,0.0172,FALSE,-0.2774706
S,W,219,-1.1071224,-1.3582115,-1.0012184,-1.7732154,0.0172,FALSE,-0.4523787
S,Y,219,-2.2819002,-1.2132759,-1.6460374,-1.7732154,0.0149402,FALSE,-0.3537311
S,A,220,-0.0944714,-1.6171341,-1.2222992,-1.5966458,0.0137013,FALSE,-0.6806878
S,C,220,-1.226071,-1.6793175,-1.6091906,-1.5966458,0.015427,FALSE,-0.7459939
S,D,220,-0.0505319,-1.6467323,0.4776379,-1.5966458,0.0171404,FALSE,-0.7112609
S,E,220,-0.3943528,-1.4637909,0.293404,-1.5966458,0.0156008,FALSE,-0.5371088
S,F,220,0.3834375,-1.5894585,-0.5590569,-1.5966458,0.015427,FALSE,-0.6529414
S,G,220,0.1829874,-1.4418983,-1.3881098,-1.5966458,0.0145847,FALSE,-0.518611
S,H,220,0.3012372,-1.596798,-0.1119108,-1.5966458,0.0068929,FALSE,-0.6602206
S,I,220,-1.2466408,-1.5649147,-0.3379761,-1.5966458,0.023652,FALSE,-0.6290137
S,K,220,0.3660094,-1.4180145,1.1777271,-1.5966458,0.0354579,FALSE,-0.4989897
S,L,220,0.5063053,-1.6623459,-0.7064441,-1.5966458,0.018716,FALSE,-0.7277632
S,M,220,1.1942246,-1.5065613,-1.2038758,-1.5966458,0.0182258,FALSE,-0.5746756
S,N,220,0.6006247,-1.5336227,-1.4618034,-1.5966458,0.019361,FALSE,-0.5994299
S,P,220,0.4783598,-1.4973145,-1.811848,-1.5966458,0.1945997,TRUE,-0.5663927
S,Q,220,0.1628552,-1.657589,-1.3696864,-1.5966458,0.0185123,FALSE,-0.7227082
S,R,220,1.2666321,-1.4916039,2.467365,-1.5966458,0.0955296,TRUE,-0.5613219
S,T,220,-0.0729725,-1.2086754,-2.0145053,-1.5966458,0.0313076,FALSE,-0.3509166
S,V,220,-0.4773472,-1.5715866,-0.6880207,-1.5966458,0.0172385,FALSE,-0.6354551
S,W,220,-1.0248111,-1.5618019,-1.0012184,-1.5966458,0.0172,FALSE,-0.6260246
S,Y,220,-0.4762417,-1.6036491,-1.6460374,-1.5966458,0.0149145,FALSE,-0.6670668
N,A,221,-0.1067914,-0.8183823,-0.5222101,-1.6744348,0.0245532,FALSE,-0.1723615
N,C,221,-1.0127129,-0.6337128,-0.9091014,-1.6744348,0.0172,FALSE,-0.1209587
N,D,221,0.407526,-0.4199715,-0.2224512,-1.6744348,0.0191944,FALSE,-0.0795303
N,E,221,-0.6926745,-0.6847725,-0.3329916,-1.6744348,0.0147,FALSE,-0.1335178
N,F,221,-1.7905031,-0.7385063,0.1410323,-1.6744348,0.0198983,FALSE,-0.1480439
N,G,221,-0.054303,-0.654602,-0.6880207,-1.6744348,0.0142196,FALSE,-0.1259565
N,H,221,-0.5605405,0.1589394,0.0723232,-1.6744348,0.0179661,FALSE,-0.0248041
N,I,221,-2.324577,-0.5115624,0.362113,-1.6744348,0.0242541,FALSE,-0.095283
N,K,221,-0.9148627,0.1336327,0.4776379,-1.6744348,0.0185371,FALSE,-0.0261145
N,L,221,0.2784985,-0.6991348,-0.0063549,-1.6744348,0.023443,FALSE,-0.1372645
N,M,221,-1.2015776,-0.5821991,-0.5037867,-1.6744348,0.0165819,FALSE,-0.1094202
N,P,221,-2.4369815,-0.8353691,-1.1117588,-1.6744348,0.01547,FALSE,-0.1779848
N,Q,221,-0.7268048,-0.7844849,-2.0697755,-1.6744348,0.0147,FALSE,-0.1616241
N,R,221,-0.2669776,-0.474205,1.7672758,-1.6744348,0.0220836,FALSE,-0.0885276
N,S,221,-0.6319734,-0.865509,-1.4618034,-1.6744348,0.0198706,FALSE,-0.1883762
N,T,221,-0.0475074,-0.3778229,-1.3144162,-1.6744348,0.0123521,FALSE,-0.0731513
N,V,221,-1.4737004,-0.4576912,0.0120685,-1.6744348,0.0165819,FALSE,-0.0856895
N,W,221,-0.5313183,-0.8670044,-0.3011293,-1.6744348,0.0172,FALSE,-0.1889059
N,Y,221,-0.3546766,-0.6772308,-0.9459482,-1.6744348,0.0620345,TRUE,-0.1315888
Y,A,222,-1.9962673,-1.5414085,-1.7381544,-1.8185021,0.0144538,FALSE,-0.6066943
Y,C,222,-1.6871126,-1.4759445,-2.1250457,-1.8185021,0.0121298,FALSE,-0.5475908
Y,D,222,-2.1253868,-1.5335693,0.9934931,-1.8185021,0.01764,FALSE,-0.5993803
Y,E,222,-2.3884794,-1.6795883,0.8092591,-1.8185021,0.0165703,FALSE,-0.7462873
Y,F,222,0.0243102,-1.2070618,-1.074912,-1.8185021,0.0190205,FALSE,-0.3499338
Y,G,222,-3.4585062,-1.62426,-1.9039649,-1.8185021,0.0172,FALSE,-0.6879634
Y,H,222,-0.8046967,-1.4173965,0.4039443,-1.8185021,0.0283088,FALSE,-0.4984897
Y,I,222,-0.8848359,-1.2804794,-0.8538312,-1.8185021,0.0149284,FALSE,-0.3970247
Y,K,222,-1.9698647,-1.2973824,1.6935822,-1.8185021,0.0159851,FALSE,-0.4085704
Y,L,222,-0.9363377,-1.5887299,-1.2222992,-1.8185021,0.0128598,FALSE,-0.6522219
Y,M,222,-0.3455609,-1.2428856,-1.719731,-1.8185021,0.0134726,FALSE,-0.3722991
Y,N,222,-2.7847897,-1.2207603,-0.9459482,-1.8185021,0.0159851,FALSE,-0.3583503
Y,P,222,-4.3132759,-1.5998154,-1.9960819,-1.8185021,0.0172,FALSE,-0.6632297
Y,Q,222,-1.9120389,-1.4095573,-0.8538312,-1.8185021,0.0165703,FALSE,-0.4921806
Y,R,222,-1.9592791,-1.4755363,2.9832201,-1.8185021,0.0149306,FALSE,-0.5472362
Y,S,222,-1.4023763,-1.6916275,-1.6460374,-1.8185021,0.0144538,FALSE,-0.759408
Y,T,222,-1.1842736,-1.5174294,-1.7934246,-1.8185021,0.0109554,FALSE,-0.5845249
Y,V,222,-1.106347,-1.4152641,-1.2038758,-1.8185021,0.0112418,FALSE,-0.4967673
Y,W,222,-0.5667373,-1.4902802,-1.5170736,-1.8185021,0.0147,FALSE,-0.5601513
N,A,223,-0.2957757,-1.5133896,-0.5222101,-1.7630346,0.0159925,FALSE,-0.5808494
N,C,223,-0.8557784,-1.4180756,-0.9091014,-1.7630346,0.0154334,FALSE,-0.4990391
N,D,223,-0.0062329,-1.3551521,-0.2224512,-1.7630346,0.0246185,FALSE,-0.4500896
N,E,223,0.606573,-1.3914452,-0.3329916,-1.7630346,0.0100359,FALSE,-0.4778404
N,F,223,1.0622559,-1.488121,0.1410323,-1.7630346,0.0170012,FALSE,-0.5582459
N,G,223,-0.4268287,-1.4221573,-0.6880207,-1.7630346,0.0159925,FALSE,-0.5023516
N,H,223,0.2713027,-1.6401825,0.0723232,-1.7630346,0.0100359,FALSE,-0.7044152
N,I,223,0.3389403,-1.4797287,0.362113,-1.7630346,0.0069291,FALSE,-0.5508857
N,K,223,-2.0201246,-1.4256401,0.4776379,-1.7630346,0.0141664,FALSE,-0.5051913
N,L,223,0.0928466,-1.5867233,-0.0063549,-1.7630346,0.0149788,FALSE,-0.6502433
N,M,223,-1.4894904,-1.4037743,-0.5037867,-1.7630346,0.0223727,FALSE,-0.4875661
N,P,223,-4.5085762,-1.2777939,-1.1117588,-1.7630346,0.0172,FALSE,-0.395215
N,Q,223,-0.7624911,-1.4080276,-2.0697755,-1.7630346,0.0099712,FALSE,-0.4909567
N,R,223,-1.8200764,-1.3395233,1.7672758,-1.7630346,0.0225529,FALSE,-0.4385388
N,S,223,-2.0156963,-0.5222588,-1.4618034,-1.7630346,0.0502217,FALSE,-0.0973061
N,T,223,-2.5156739,-1.185833,-1.3144162,-1.7630346,0.02032,FALSE,-0.3372174
N,V,223,0.0861042,-1.3603745,0.0120685,-1.7630346,0.0164715,FALSE,-0.4540026
N,W,223,-1.2945974,-1.5665588,-0.3011293,-1.7630346,0.0172,FALSE,-0.6305967
N,Y,223,0.9001376,-1.2184258,-0.9459482,-1.7630346,0.0119569,FALSE,-0.3569041
R,A,224,-0.40052,-1.7374992,3.4069583,-1.7691698,0.0311869,FALSE,-0.8108016
R,C,224,-1.3341259,-1.7322121,3.0200669,-1.7691698,0.0161061,FALSE,-0.8047652
R,D,224,-2.4631416,-1.7795448,3.4119428,-1.7691698,0.0166351,FALSE,-0.8598457
R,E,224,-1.3426475,-1.2316589,3.5961768,-1.7691698,0.0172,FALSE,-0.3651661
R,F,224,-1.1848743,-1.7899399,4.0702006,-1.7691698,0.0172,FALSE,-0.8722544
R,G,224,-0.1460614,-1.4002533,3.2411477,-1.7691698,0.0257217,FALSE,-0.484773
R,H,224,0.0819493,-1.5394592,0.4173832,-1.7691698,0.0226724,FALSE,-0.6048695
R,I,224,-1.7988282,-1.387413,4.2912814,-1.7691698,0.0161061,FALSE,-0.4746927
R,K,224,-0.4748268,-0.5561066,-0.8722546,-1.7691698,0.0161608,FALSE,-0.1039807
R,L,224,-1.2528775,-1.7505455,3.9228134,-1.7691698,0.0210062,FALSE,-0.8258221
R,M,224,-1.4213926,-1.8845177,3.4253817,-1.7691698,0.0172,FALSE,-0.9902233
R,N,224,-0.2935267,-1.2478333,1.7672758,-1.7691698,0.0200355,FALSE,-0.375479
R,P,224,-3.6820379,-1.8554497,2.8174095,-1.7691698,0.0172,FALSE,-0.9530037
R,Q,224,-0.3482273,-1.4308243,1.6751588,-1.7691698,0.0191024,FALSE,-0.5094412
R,S,224,-0.6499576,-1.6020775,2.467365,-1.7691698,0.0102401,FALSE,-0.6654919
R,T,224,-1.209872,-1.5408058,2.6147522,-1.7691698,0.0153247,FALSE,-0.6061297
R,V,224,-1.3606158,-1.5868073,3.9412368,-1.7691698,0.0128396,FALSE,-0.650326
R,W,224,-1.0159472,-1.5881271,3.6280391,-1.7691698,0.0150266,FALSE,-0.6516271
R,Y,224,-1.7241943,-1.9054108,2.9832201,-1.7691698,0.0172,FALSE,-1.0174935
R,A,225,-2.0033655,-1.5382614,3.4069583,-1.6109087,0.03066,FALSE,-0.6037502
R,C,225,-2.0947108,-1.7135963,3.0200669,-1.6109087,0.0172,FALSE,-0.7837449
R,D,225,-2.7155279,-1.7683983,3.4119428,-1.6109087,0.016648,FALSE,-0.8466645
R,E,225,-2.8242105,-1.4496193,3.5961768,-1.6109087,0.0172,FALSE,-0.5250786
R,F,225,-1.3510342,-1.6698265,4.0702006,-1.6109087,0.0172,FALSE,-0.7357612
R,G,225,-2.1767154,-1.5574379,3.2411477,-1.6109087,0.023449,FALSE,-0.6218512
R,H,225,-2.1367993,-1.477066,0.4173832,-1.6109087,0.0161303,FALSE,-0.5485657
R,I,225,-1.6158516,-1.5619087,4.2912814,-1.6109087,0.0151859,FALSE,-0.626127
R,K,225,-0.9516354,-0.7552147,-0.8722546,-1.6109087,0.008787,FALSE,-0.1528518
R,L,225,-0.7590629,-1.906887,3.9228134,-1.6109087,0.0133173,FALSE,-1.0194365
R,M,225,-1.1632317,-1.7898903,3.4253817,-1.6109087,0.0147652,FALSE,-0.8721949
R,N,225,-2.474363,-1.5869408,1.7672758,-1.6109087,0.0172,FALSE,-0.6504576
R,P,225,-3.8012887,-1.7147903,2.8174095,-1.6109087,0.0172,FALSE,-0.7850821
R,Q,225,-1.11739,-1.6051865,1.6751588,-1.6109087,0.0158964,FALSE,-0.66861
R,S,225,-2.6284323,-1.6258736,2.467365,-1.6109087,0.0193564,FALSE,-0.6896184
R,T,225,-3.1353172,-1.5409508,2.6147522,-1.6109087,0.0172,FALSE,-0.6062655
R,V,225,-1.8157724,-1.6441727,3.9412368,-1.6109087,0.016648,FALSE,-0.7085803
R,W,225,-2.0384676,-1.696846,3.6280391,-1.6109087,0.0172,FALSE,-0.7651429
R,Y,225,-1.5859814,-1.6179657,2.9832201,-1.6109087,0.0172,FALSE,-0.6815341
F,A,226,-2.3409559,-1.5733604,-1.4986502,-1.841342,0.0166159,FALSE,-0.6371755
F,C,226,-0.8850513,-1.687973,-1.1117588,-1.841342,0.0166159,FALSE,-0.755409
F,D,226,-0.8209078,-1.934021,2.0804736,-1.841342,0.0155591,FALSE,-1.055529
F,E,226,-1.0393445,-1.8025475,1.8962396,-1.841342,0.0179839,FALSE,-0.8874538
F,G,226,-2.9532035,-1.886261,-1.3328396,-1.841342,0.0166159,FALSE,-0.9924822
F,H,226,-0.7244946,-1.9329185,1.4909249,-1.841342,0.0160701,FALSE,-1.0540486
F,I,226,-0.0330198,-1.66605,-1.9408117,-1.841342,0.019607,FALSE,-0.7317161
F,K,226,-3.0383521,-2.006115,2.7805627,-1.841342,0.0172,FALSE,-1.1548365
F,L,226,-0.908927,-1.9478912,-2.0145053,-1.841342,0.0102782,FALSE,-1.0742532
F,M,226,-0.4155551,-1.7924271,-1.5170736,-1.841342,0.0150796,FALSE,-0.8752399
F,N,226,-2.6470633,-1.735466,0.1410323,-1.841342,0.0166159,FALSE,-0.8084768
F,P,226,-4.0906883,-2.01297,-0.9091014,-1.841342,0.0172,FALSE,-1.1645309
F,Q,226,-1.3454765,-1.9753265,0.2331493,-1.841342,0.0172,FALSE,-1.111829
F,R,226,-3.0709803,-1.743576,4.0702006,-1.841342,0.0172,FALSE,-0.8177758
F,S,226,-1.075091,-1.9838066,-0.5590569,-1.841342,0.0232119,FALSE,-1.1235868
F,T,226,-1.0135955,-1.7454605,-0.7064441,-1.841342,0.0154414,FALSE,-0.8199464
F,V,226,0.2252503,-1.7707863,-2.0329287,-1.841342,0.0109132,FALSE,-0.8494775
F,W,226,-0.8603781,-1.9221611,-1.719731,-1.841342,0.0155591,FALSE,-1.0396655
F,Y,226,-0.3708569,-1.7712364,-1.074912,-1.841342,0.0130661,FALSE,-0.8500084
T,A,227,-0.2483525,-0.8120842,-1.3696864,-1.5845685,0.0181075,FALSE,-0.1703182
T,C,227,-1.0804914,-1.5260086,-1.7565778,-1.5845685,0.0165987,FALSE,-0.5923873
T,D,227,-2.1379281,-1.4778328,0.6250251,-1.5845685,0.0172,FALSE,-0.5492331
T,E,227,-0.570957,-1.2088661,0.4407911,-1.5845685,0.0165987,FALSE,-0.3510328
T,F,227,-0.0443377,-1.4775505,-0.7064441,-1.5845685,0.0212357,FALSE,-0.5489873
T,G,227,-1.6259893,-1.4001579,-1.535497,-1.5845685,0.0150231,FALSE,-0.4846975
T,H,227,-0.8880088,-1.6927338,0.0354764,-1.5845685,0.0192091,FALSE,-0.7606214
T,I,227,0.8022304,-0.9387245,-0.4853633,-1.5845685,0.0143673,FALSE,-0.2159478
T,K,227,-0.1437107,-1.2916031,1.3251143,-1.5845685,0.0249,FALSE,-0.4045926
T,L,227,-0.1010733,-1.6916084,-0.8538312,-1.5845685,0.0133354,FALSE,-0.7593871
T,M,227,-0.2526878,-1.1717911,-1.351263,-1.5845685,0.021048,FALSE,-0.3290213
T,N,227,-0.8987864,-1.2936592,-1.3144162,-1.5845685,0.0112792,FALSE,-0.4060042
T,P,227,-3.3106666,-1.418663,-1.9592351,-1.5845685,0.015514,FALSE,-0.4995148
T,Q,227,-0.6669324,-1.6408234,-1.2222992,-1.5845685,0.0190601,FALSE,-0.7050831
T,R,227,-0.7071238,-1.1745834,2.6147522,-1.5845685,0.0178923,FALSE,-0.3306376
T,S,227,-0.311917,-1.063034,-2.0145053,-1.5845685,0.0202647,FALSE,-0.2710927
T,V,227,0.0984608,-1.1743698,-0.8354078,-1.5845685,0.0196686,FALSE,-0.3305137
T,W,227,-0.1631937,-1.7900963,-1.1486056,-1.5845685,0.0249,FALSE,-0.8724419
T,Y,227,-0.1742217,-1.5373001,-1.7934246,-1.5845685,0.0468859,FALSE,-0.6028531
P,A,228,-0.2906613,-1.8531685,-1.5723438,-1.6989839,0.0145979,FALSE,-0.9501185
P,C,228,-1.9679158,-2.0101547,-1.9592351,-1.6989839,0.0155016,FALSE,-1.1605443
P,D,228,-2.9171902,-1.8426628,0.8276825,-1.6989839,0.0172,FALSE,-0.9368993
P,E,228,-2.3119648,-1.7892914,0.6434485,-1.6989839,0.0155016,FALSE,-0.871477
P,F,228,-3.0054052,-2.014515,-0.9091014,-1.6989839,0.0172,FALSE,-1.1667218
P,G,228,-1.5855716,-1.9398232,-1.7381544,-1.6989839,0.0190277,FALSE,-1.0633393
P,H,228,-2.6991564,-2.0444565,0.2381338,-1.6989839,0.0172,FALSE,-1.2096061
P,I,228,-0.0720608,-1.759449,-0.6880207,-1.6989839,0.0271241,FALSE,-0.836175
P,K,228,-2.3545164,-1.7281685,1.5277716,-1.6989839,0.0172,FALSE,-0.8001683
P,L,228,-1.8712372,-1.936039,-1.0564886,-1.6989839,0.0216405,FALSE,-1.0582418
P,M,228,-2.2941561,-1.8022499,-1.5539204,-1.6989839,0.016594,FALSE,-0.8870931
P,N,228,-0.8751757,-1.6960602,-1.1117588,-1.6989839,0.0165733,FALSE,-0.7642775
P,Q,228,-3.3064049,-1.8664742,-1.0196418,-1.6989839,0.0172,FALSE,-0.9670204
P,R,228,-2.5612057,-1.8753967,2.8174095,-1.6989839,0.0153144,FALSE,-0.9784537
P,S,228,-0.6603037,-1.8604164,-1.811848,-1.6989839,0.015152,FALSE,-0.9593033
P,T,228,-0.8732903,-1.631504,-1.9592351,-1.6989839,0.0133308,FALSE,-0.6954149
P,V,228,-0.2957719,-1.8564415,-1.0380652,-1.6989839,0.0068544,FALSE,-0.9542597
P,W,228,-2.9235353,-1.8052483,-1.351263,-1.6989839,0.0172,FALSE,-0.8907311
P,Y,228,-1.928582,-1.9308739,-1.9960819,-1.6989839,0.0172,FALSE,-1.0513063
E,A,229,-0.8176019,-1.8122177,1.2329973,-1.686635,0.021918,FALSE,-0.8992228
E,C,229,-0.8642887,-1.7091331,0.8461059,-1.686635,0.0152041,FALSE,-0.7787593
E,D,229,-0.8529986,-1.7142982,-1.9776585,-1.686635,0.0140643,FALSE,-0.7845308
E,F,229,0.3190257,-1.9129257,1.8962396,-1.686635,0.0091321,FALSE,-1.027407
E,G,229,-0.3276187,-1.7317238,1.0671867,-1.686635,0.0145935,FALSE,-0.8042092
E,H,229,-0.6099331,-1.7897415,1.8275305,-1.686635,0.0152721,FALSE,-0.8720165
E,I,229,-1.9018472,-1.6455994,2.1173204,-1.686635,0.0177165,FALSE,-0.7100736
E,K,229,-2.4697573,-1.6907272,2.3065389,-1.686635,0.0144652,FALSE,-0.7584215
E,L,229,-1.3303416,-1.6369362,1.7488524,-1.686635,0.014333,FALSE,-0.7010392
E,M,229,-1.8679199,-1.7119789,1.2514207,-1.686635,0.0172,FALSE,-0.7819358
E,N,229,-1.7482713,-1.5854301,-0.3329916,-1.686635,0.0200875,FALSE,-0.6489704
E,P,229,-2.2182828,-1.6733437,0.6434485,-1.686635,0.0144233,FALSE,-0.7395422
E,Q,229,-0.7143789,-1.5682564,-0.2408746,-1.686635,0.023516,FALSE,-0.6322341
E,R,229,-1.3635114,-1.8402519,3.5961768,-1.686635,0.015889,FALSE,-0.9338814
E,S,229,-0.1411719,-1.6816483,0.293404,-1.686635,0.0235537,FALSE,-0.7485215
E,T,229,0.0731858,-1.8249245,0.4407911,-1.686635,0.0201736,FALSE,-0.9148329
E,V,229,-0.8784809,-1.7577705,1.7672758,-1.686635,0.0196035,FALSE,-0.834217
E,W,229,0.5811338,-1.8002205,1.4540781,-1.686635,0.0129321,FALSE,-0.8846361
E,Y,229,0.105099,-1.6371536,0.8092591,-1.686635,0.0161822,FALSE,-0.7012649
I,A,230,-1.4272469,-1.334549,-1.2775694,-1.5035306,0.0275523,FALSE,-0.4349124
I,C,230,-0.9470396,-1.6027603,-0.890678,-1.5035306,0.0174556,FALSE,-0.6661758
I,D,230,-2.5512369,-1.7820435,2.3015544,-1.5035306,0.0172,FALSE,-0.8628182
I,E,230,-2.2839821,-1.509121,2.1173204,-1.5035306,0.0249,FALSE,-0.5769842
I,F,230,-1.0153357,-1.6371765,-1.9408117,-1.5035306,0.0186958,FALSE,-0.7012887
I,G,230,-2.7519155,-1.5826454,-1.1117588,-1.5035306,0.0172,FALSE,-0.6462354
I,H,230,-1.0947942,-1.7557602,1.7120056,-1.5035306,0.0199485,FALSE,-0.8318757
I,K,230,-1.6678653,-1.6155968,3.0016435,-1.5035306,0.0195109,FALSE,-0.6791252
I,L,230,-0.4911201,-1.567955,-1.7934246,-1.5035306,0.0216999,FALSE,-0.6319431
I,M,230,-1.3526645,-1.3802452,-1.2959928,-1.5035306,0.0267034,FALSE,-0.4691372
I,N,230,-1.25895,-1.8107605,0.362113,-1.5035306,0.0181266,FALSE,-0.8974432
I,P,230,-1.213984,-1.8311462,-0.6880207,-1.5035306,0.0117824,FALSE,-0.9225363
I,Q,230,-0.8669299,-1.6129112,0.45423,-1.5035306,0.0134657,FALSE,-0.6764016
I,R,230,-1.8866562,-1.3766212,4.2912814,-1.5035306,0.0222347,FALSE,-0.4663478
I,S,230,-1.3619487,-1.6777344,-0.3379761,-1.5035306,0.0137593,FALSE,-0.7442805
I,T,230,-1.0368538,-1.4528503,-0.4853633,-1.5035306,0.0248446,FALSE,-0.5278032
I,V,230,0.4715191,-1.0434456,-1.811848,-1.5035306,0.0082733,FALSE,-0.261656
I,W,230,-1.7697417,-1.814434,-1.4986502,-1.5035306,0.0172,FALSE,-0.9019336
I,Y,230,-0.8250546,-1.4889259,-0.8538312,-1.5035306,0.0312552,FALSE,-0.5589556
A,C,231,-0.6674781,-1.3509865,-1.7750012,-1.6610893,0.0199268,FALSE,-0.4469876
A,D,231,-0.7749281,-1.3084335,1.4172313,-1.6610893,0.0091899,FALSE,-0.4162649
A,E,231,-3.1894007,-1.4896202,1.2329973,-1.6610893,0.0172,FALSE,-0.5595684
A,F,231,0.0126376,-1.3460884,-1.4986502,-1.6610893,0.0208788,FALSE,-0.4433618
A,G,231,-1.5688373,-1.6114044,-1.9960819,-1.6610893,0.0170084,FALSE,-0.6748767
A,H,231,-0.1210519,-1.4330482,0.8276825,-1.6610893,0.0115885,FALSE,-0.5112726
A,I,231,-0.954195,-1.2883072,-1.2775694,-1.6610893,0.0156813,FALSE,-0.4023381
A,K,231,-1.5547765,-1.5428314,2.1173204,-1.6610893,0.0166621,FALSE,-0.6080288
A,L,231,0.3926362,-1.5248451,-1.6460374,-1.6610893,0.0099355,FALSE,-0.5913165
A,M,231,-0.2826692,-1.4312592,-2.1434691,-1.6610893,0.0143376,FALSE,-0.5097989
A,N,231,-1.1124388,-1.2578049,-0.5222101,-1.6610893,0.0227432,FALSE,-0.3819557
A,P,231,-3.5274994,-1.5955544,-1.5723438,-1.6610893,0.0161568,FALSE,-0.6589832
A,Q,231,0.626605,-1.5444374,-0.4300931,-1.6610893,0.0175508,FALSE,-0.6095376
A,R,231,-0.9651485,-1.392376,3.4069583,-1.6610893,0.0157934,FALSE,-0.4785693
A,S,231,0.0810797,-1.0749397,-1.2222992,-1.6610893,0.0166878,FALSE,-0.276972
A,T,231,0.6146804,-0.8132935,-1.3696864,-1.6610893,0.0080187,FALSE,-0.1707088
A,V,231,1.0361984,-1.1854286,-1.627614,-1.6610893,0.0171389,FALSE,-0.336979
A,W,231,0.7072474,-1.4679909,-1.9408117,-1.6610893,0.0133277,FALSE,-0.5407139
A,Y,231,0.5359969,-1.5330734,-1.7381544,-1.6610893,0.0151715,FALSE,-0.5989198
A,C,232,-0.2112263,-0.9531746,-1.7750012,-1.2741336,0.011154,FALSE,-0.2217999
A,D,232,-0.1335058,-0.8793793,1.4172313,-1.2741336,0.0086482,FALSE,-0.1933412
A,E,232,0.9547495,0.0408096,1.2329973,-1.2741336,0.0068726,FALSE,-0.0315323
A,F,232,1.3037329,-0.8443413,-1.4986502,-1.2741336,0.0144082,FALSE,-0.1810221
A,G,232,-0.4353711,-0.7616959,-1.9960819,-1.2741336,0.0127091,FALSE,-0.1547554
A,H,232,0.3385781,-0.9940414,0.8276825,-1.2741336,0.0093703,FALSE,-0.2391233
A,I,232,1.1200662,-0.7100525,-1.2775694,-1.2741336,0.0062073,FALSE,-0.140178
A,K,232,0.0286737,-0.2149124,2.1173204,-1.2741336,0.0131379,FALSE,-0.0528338
A,L,232,0.9832045,-0.8779411,-1.6460374,-1.2741336,0.0094735,FALSE,-0.1928209
A,M,232,0.8494292,-1.1462822,-2.1434691,-1.2741336,0.0213824,FALSE,-0.3145626
A,N,232,0.0817629,-0.6002006,-0.5222101,-1.2741336,0.0154149,FALSE,-0.1133288
A,P,232,0.272729,-0.8358955,-1.5723438,-1.2741336,0.0183666,FALSE,-0.1781617
A,Q,232,-0.0167113,-1.0691566,-0.4300931,-1.2741336,0.0121062,FALSE,-0.2741025
A,R,232,-0.2771315,-0.4025116,3.4069583,-1.2741336,0.0185741,FALSE,-0.0768254
A,S,232,-0.1037616,-0.7559204,-1.2222992,-1.2741336,0.01026,FALSE,-0.153058
A,T,232,-0.4700288,-0.3024063,-1.3696864,-1.2741336,0.0197051,FALSE,-0.062948
A,V,232,0.6890079,-0.7392311,-1.627614,-1.2741336,0.0077277,FALSE,-0.1482495
A,W,232,1.004458,-0.9713516,-1.9408117,-1.2741336,0.0121062,FALSE,-0.2293622
A,Y,232,0.9663882,-0.9511375,-1.7381544,-1.2741336,0.0122588,FALSE,-0.2209664
R,A,233,-2.5584244,-1.7348251,3.4069583,-1.7125977,0.0161076,FALSE,-0.8077449
R,C,233,-3.3790428,-1.6607246,3.0200669,-1.7125977,0.0172,FALSE,-0.7260376
R,D,233,-2.7409353,-1.9520187,3.4119428,-1.7125977,0.0172,FALSE,-1.0798607
R,E,233,-2.9516529,-1.7621574,3.5961768,-1.7125977,0.0172,FALSE,-0.8393407
R,F,233,-2.5091008,-1.8306732,4.0702006,-1.7125977,0.016456,FALSE,-0.9219493
R,G,233,-3.3020557,-1.6553802,3.2411477,-1.7125977,0.031226,FALSE,-0.7203691
R,H,233,-2.0971125,-2.1135635,0.4173832,-1.7125977,0.0172,FALSE,-1.311593
R,I,233,-2.7421296,-1.6414871,4.2912814,-1.7125977,0.0172,FALSE,-0.7057751
R,K,233,-0.9537183,-1.7900543,-0.8722546,-1.7125977,0.0215239,FALSE,-0.8723915
R,L,233,-3.1244556,-1.8035812,3.9228134,-1.7125977,0.0168198,FALSE,-0.8887073
R,M,233,-2.9315933,-1.6805649,3.4253817,-1.7125977,0.0172,FALSE,-0.7473459
R,N,233,-2.500181,-1.7270203,1.7672758,-1.7125977,0.0172,FALSE,-0.7988662
R,P,233,-4.0112611,-1.7990761,2.8174095,-1.7125977,0.0172,FALSE,-0.8832524
R,Q,233,-3.2959526,-1.9701042,1.6751588,-1.7125977,0.0172,FALSE,-1.1046217
R,S,233,-2.8856896,-1.5952988,2.467365,-1.7125977,0.01764,FALSE,-0.658729
R,T,233,-3.3372459,-1.8086243,2.6147522,-1.7125977,0.0172,FALSE,-0.8948383
R,V,233,-3.326607,-1.7062035,3.9412368,-1.7125977,0.0168198,FALSE,-0.7754983
R,W,233,-2.2807733,-1.951683,3.6280391,-1.7125977,0.0215975,FALSE,-1.079404
R,Y,233,-2.4644727,-1.8977547,2.9832201,-1.7125977,0.0219,FALSE,-1.0074507
P,A,234,-0.5997935,-1.8557739,-1.5723438,-1.5437244,0.0133295,FALSE,-0.9534141
P,C,234,-1.564254,-2.1059532,-1.9592351,-1.5437244,0.0172,FALSE,-1.3001617
P,D,234,-3.1786114,-1.7605934,0.8276825,-1.5437244,0.0172,FALSE,-0.8375117
P,E,234,-1.68071,-1.8306084,0.6434485,-1.5437244,0.0172,FALSE,-0.9218689
P,F,234,-0.4311564,-1.9345703,-0.9091014,-1.5437244,0.0153343,FALSE,-1.056267
P,G,234,-1.7757367,-1.9193039,-1.7381544,-1.5437244,0.0157617,FALSE,-1.0358642
P,H,234,-0.7765863,-1.9162407,0.2381338,-1.5437244,0.0217767,FALSE,-1.0317976
P,I,234,-0.4621408,-1.7370949,-0.6880207,-1.5437244,0.0133538,FALSE,-0.810339
P,K,234,0.1203277,-1.9062767,1.5277716,-1.5437244,0.2201642,TRUE,-1.018633
P,L,234,-0.0921613,-1.6388016,-1.0564886,-1.5437244,0.0177967,FALSE,-0.7029778
P,M,234,-0.4338135,-1.6964989,-1.5539204,-1.5437244,0.0166923,FALSE,-0.7647605
P,N,234,-0.3677749,-1.7355766,-1.1117588,-1.5437244,0.0172,FALSE,-0.8086031
P,Q,234,-0.911848,-1.9119987,-1.0196418,-1.5437244,0.02352,FALSE,-1.0261811
P,R,234,-0.2655041,-1.7563744,2.8174095,-1.5437244,0.1351986,TRUE,-0.8325906
P,S,234,-0.8852326,-1.6453285,-1.811848,-1.5437244,0.0125346,FALSE,-0.7097898
P,T,234,-0.3688562,-1.766346,-1.9592351,-1.5437244,0.0119747,FALSE,-0.8442516
P,V,234,0.015453,-1.8049164,-1.0380652,-1.5437244,0.0128879,FALSE,-0.8903279
P,W,234,-1.2088601,-1.545002,-1.351263,-1.5437244,0.0172,FALSE,-0.6100686
P,Y,234,-0.8629808,-1.9456291,-1.9960819,-1.5437244,0.0151208,FALSE,-1.0711869
K,A,235,0.2537691,-1.5665588,2.1173204,-1.1615517,0.008939,FALSE,-0.6305967
K,C,235,-0.1899136,-1.3941956,1.730429,-1.1615517,0.0134299,FALSE,-0.4799968
K,D,235,-1.6992887,-1.6116791,2.1223049,-1.1615517,0.0147,FALSE,-0.6751546
K,E,235,-0.839322,-1.0505295,2.3065389,-1.1615517,0.0267164,FALSE,-0.265035
K,F,235,-0.1504235,-1.3978043,2.7805627,-1.1615517,0.0145868,FALSE,-0.4828377
K,G,235,-1.4642654,-1.265583,1.9515098,-1.1615517,0.016431,FALSE,-0.3870712
K,H,235,-1.7563303,-1.3313293,-0.8722546,-1.1615517,0.0157277,FALSE,-0.4325779
K,I,235,0.0754856,-1.37957,3.0016435,-1.1615517,0.0126711,FALSE,-0.4686165
K,L,235,0.9968951,-1.5763092,2.6331756,-1.1615517,0.0170973,FALSE,-0.6400429
K,M,235,-0.2073095,-1.7498245,2.1357438,-1.1615517,0.0147,FALSE,-0.8249874
K,N,235,-0.7083654,-1.3320007,0.4776379,-1.1615517,0.0221485,FALSE,-0.4330639
K,P,235,-0.3620835,-1.452034,1.5277716,-1.1615517,0.0129554,FALSE,-0.5271138
K,Q,235,-0.5367554,-1.4359131,0.385521,-1.1615517,0.0164313,FALSE,-0.5136394
K,R,235,0.6589781,-1.009407,-0.8722546,-1.1615517,0.0131269,FALSE,-0.2459407
K,S,235,-0.1019571,-1.5553627,1.1777271,-1.1615517,0.0052558,FALSE,-0.6198737
K,T,235,0.0247201,-1.5120087,1.3251143,-1.1615517,0.0126833,FALSE,-0.5795969
K,V,235,0.7946015,-1.234623,2.6515989,-1.1615517,0.0065461,FALSE,-0.3670383
K,W,235,-0.8590828,-1.4666557,2.3384012,-1.1615517,0.0147,FALSE,-0.5395658
K,Y,235,-0.5025658,-1.6209755,1.6935822,-1.1615517,0.0099805,FALSE,-0.6846032
V,A,236,-0.0022673,-1.3919373,-1.627614,-1.5169214,0.0131925,FALSE,-0.4782257
V,C,236,-1.3019314,-1.8405151,-1.2407226,-1.5169214,0.0133989,FALSE,-0.9342106
V,D,236,-0.7097838,-1.7169724,1.9515098,-1.5169214,0.0148583,FALSE,-0.78753
V,E,236,-0.8372623,-1.7606277,1.7672758,-1.5169214,0.0172,FALSE,-0.8375518
V,F,236,-0.4209962,-1.6329918,-2.0329287,-1.5169214,0.019577,FALSE,-0.6969522
V,G,236,-2.6774397,-1.7600975,-1.4618034,-1.5169214,0.01618,FALSE,-0.8369323
V,H,236,-0.5995572,-1.8018913,1.3619611,-1.5169214,0.0172337,FALSE,-0.8866587
V,I,236,0.5086872,-1.0193176,-1.811848,-1.5169214,0.0102247,FALSE,-0.2504284
V,K,236,-0.6907764,-1.5307198,2.6515989,-1.5169214,0.0152742,FALSE,-0.5967377
V,L,236,-0.1549469,-2.0110092,-2.1434691,-1.5169214,0.0144516,FALSE,-1.1617535
V,M,236,-0.0237246,-1.8145447,-1.6460374,-1.5169214,0.0145118,FALSE,-0.9020691
V,N,236,-0.4327215,-1.6693459,0.0120685,-1.5169214,0.0140909,FALSE,-0.7352456
V,P,236,-3.032717,-1.801342,-1.0380652,-1.5169214,0.0172,FALSE,-0.8859934
V,Q,236,-0.147587,-1.8379288,0.1041855,-1.5169214,0.0124796,FALSE,-0.930979
V,R,236,-0.6796636,-1.7498894,3.9412368,-1.5169214,0.0132918,FALSE,-0.8250625
V,S,236,-0.3806927,-1.6937943,-0.6880207,-1.5169214,0.0088818,FALSE,-0.7617857
V,T,236,-0.8383573,-1.7487564,-0.8354078,-1.5169214,0.0133539,FALSE,-0.8237517
V,W,236,-0.6652436,-1.7760391,-1.8486948,-1.5169214,0.0172,FALSE,-0.8556862
V,Y,236,-1.5768566,-1.8899994,-1.2038758,-1.5169214,0.0148583,FALSE,-0.9973365
R,A,237,-0.7962709,-1.8749542,3.4069583,-1.3740819,0.0103681,FALSE,-0.9778848
R,C,237,-1.4390637,-1.9576797,3.0200669,-1.3740819,0.0159396,FALSE,-1.0875779
R,D,237,-0.9341826,-1.9304619,3.4119428,-1.3740819,0.0187562,FALSE,-1.0507542
R,E,237,-2.1183331,-1.8376007,3.5961768,-1.3740819,0.0156496,FALSE,-0.9305695
R,F,237,0.2897405,-1.8800697,4.0702006,-1.3740819,0.0085526,FALSE,-0.9844734
R,G,237,-0.641533,-1.734623,3.2411477,-1.3740819,0.0125335,FALSE,-0.8075141
R,H,237,0.5187237,-1.9625549,0.4173832,-1.3740819,0.0152108,FALSE,-1.0942483
R,I,237,-0.8789131,-1.9049835,4.2912814,-1.3740819,0.0131771,FALSE,-1.0169315
R,K,237,-0.6339249,-1.1388664,-0.8722546,-1.3740819,0.0149995,FALSE,-0.3104619
R,L,237,1.0213419,-1.7774849,3.9228134,-1.3740819,0.0081432,FALSE,-0.8574001
R,M,237,0.6577028,-1.9359436,3.4253817,-1.3740819,0.0176302,FALSE,-1.0581134
R,N,237,0.674675,-2.001175,1.7672758,-1.3740819,0.0071412,FALSE,-1.1478769
R,P,237,-3.2081601,-2.070816,2.8174095,-1.3740819,0.0166501,FALSE,-1.2480199
R,Q,237,0.2570767,-1.908989,1.6751588,-1.3740819,0.0127286,FALSE,-1.0222069
R,S,237,-0.2405088,-2.075325,2.467365,-1.3740819,0.0111407,FALSE,-1.2546518
R,T,237,-1.1702571,-1.6859283,2.6147522,-1.3740819,0.0172,FALSE,-0.7531777
R,V,237,-0.8919572,-2.0668068,3.9412368,-1.3740819,0.0133311,FALSE,-1.242138
R,W,237,-0.3122786,-1.8860359,3.6280391,-1.3740819,0.0147624,FALSE,-0.9921904
R,Y,237,0.2648725,-1.923954,2.9832201,-1.3740819,0.0112537,FALSE,-1.042055
D,A,238,-2.8294551,-0.974205,1.4172313,-1.0719072,0.01778,FALSE,-0.2305699
D,C,238,-3.132821,-1.0945778,1.0303399,-1.0719072,0.0172,FALSE,-0.2869115
D,E,238,-0.5147946,-0.7259788,-1.9776585,-1.0719072,0.1550936,TRUE,-0.1445315
D,F,238,-2.8053013,-1.1518059,2.0804736,-1.0719072,0.0167099,FALSE,-0.3176468
D,G,238,-1.792751,-0.3379517,1.2514207,-1.0719072,0.0169079,FALSE,-0.0675728
D,H,238,-2.3457173,-0.9747963,2.0117645,-1.0719072,0.0172,FALSE,-0.2308209
D,I,238,-2.8611527,-1.0620003,2.3015544,-1.0719072,0.0162469,FALSE,-0.2705874
D,K,238,-2.4618946,-0.8481979,2.1223049,-1.0719072,0.0172,FALSE,-0.1823422
D,L,238,-3.4686233,-1.0233116,1.9330864,-1.0719072,0.0172,FALSE,-0.2522572
D,M,238,-1.9511281,-1.0760155,1.4356547,-1.0719072,0.0172,FALSE,-0.2775087
D,N,238,-2.0070414,-0.6308174,-0.2224512,-1.0719072,0.0399635,FALSE,-0.1202808
D,P,238,-3.680388,-1.2683449,0.8276825,-1.0719072,0.0172,FALSE,-0.3889011
D,Q,238,-2.2892773,-0.9453583,-0.3145682,-1.0719072,0.0172,FALSE,-0.218617
D,R,238,-3.3338638,-0.5585518,3.4119428,-1.0719072,0.0172,FALSE,-0.1044793
D,S,238,-2.3010767,-0.7594109,0.4776379,-1.0719072,0.0162469,FALSE,-0.1540818
D,T,238,-0.3217681,-0.8563423,0.6250251,-1.0719072,0.0136893,FALSE,-0.1851588
D,V,238,-2.9419208,-0.839138,1.9515098,-1.0719072,0.0172,FALSE,-0.179255
D,W,238,-2.0789921,-1.230278,1.638312,-1.0719072,0.0172,FALSE,-0.3642966
D,Y,238,-2.6487167,-0.9237366,0.9934931,-1.0719072,0.0160811,FALSE,-0.2100244
Q,A,239,-0.9284818,-1.131588,-0.4300931,-1.4085622,0.0146459,FALSE,-0.3064816
Q,C,239,-1.9518613,-1.8414078,-0.8169844,-1.4085622,0.0160784,FALSE,-0.9353276
Q,D,239,-1.6707282,-1.4972458,-0.3145682,-1.4085622,0.0172,FALSE,-0.5663315
Q,E,239,-1.8647433,-1.4359932,-0.2408746,-1.4085622,0.0172,FALSE,-0.5137057
Q,F,239,-2.1166051,-1.3007393,0.2331493,-1.4085622,0.0160784,FALSE,-0.4108955
Q,G,239,-3.0990145,-1.139595,-0.5959037,-1.4085622,0.0166203,FALSE,-0.3108628
Q,H,239,0.103064,-1.5319366,0.1644402,-1.4085622,0.0168432,FALSE,-0.5978651
Q,I,239,-1.0167578,-1.5490913,0.45423,-1.4085622,0.0155708,FALSE,-0.6139251
Q,K,239,-1.5475512,-1.4039421,0.385521,-1.4085622,0.0147062,FALSE,-0.4876995
Q,L,239,-1.3801278,-1.3907089,0.0857621,-1.4085622,0.0146126,FALSE,-0.4772644
Q,M,239,0.2427252,-1.459671,-0.4116697,-1.4085622,0.017706,FALSE,-0.5335901
Q,N,239,-0.7413619,-1.41885,-2.0697755,-1.4085622,0.0133202,FALSE,-0.4996663
Q,P,239,-2.8657196,-1.579071,-1.0196418,-1.4085622,0.0155708,FALSE,-0.6427369
Q,R,239,-1.7663328,-1.2018738,1.6751588,-1.4085622,0.0533528,FALSE,-0.3467896
Q,S,239,-1.5207564,-1.4276657,-1.3696864,-1.4085622,0.0121252,FALSE,-0.5068486
Q,T,239,-1.4213952,-1.5073891,-1.2222992,-1.4085622,0.0160784,FALSE,-0.5754214
Q,V,239,-1.0566099,-1.3272324,0.1041855,-1.4085622,0.0115569,FALSE,-0.4296219
Q,W,239,-2.0778685,-1.5460167,-0.2090123,-1.4085622,0.0172,FALSE,-0.6110239
Q,Y,239,-2.6089843,-1.5961342,-0.8538312,-1.4085622,0.0172,FALSE,-0.6595599
H,A,240,0.1177033,1.0697823,0.8276825,-1.4490805,0.0130032,FALSE,-0.0038378
H,C,240,-1.3115903,-0.0238838,0.4407911,-1.4490805,0.0172,FALSE,-0.0359482
H,D,240,-0.4607715,0.0210838,2.0117645,-1.4490805,0.0174732,FALSE,-0.032819
H,E,240,0.6888459,0.7362824,1.8275305,-1.4490805,0.0146253,FALSE,-0.0076151
H,F,240,-0.6259294,-0.0132866,1.4909249,-1.4490805,0.0162466,FALSE,-0.0351854
H,G,240,-0.0770698,0.0667038,0.6618719,-1.4490805,0.0147,FALSE,-0.0299184
H,I,240,1.4385813,-0.1208382,1.7120056,-1.4490805,0.0113394,FALSE,-0.043725
H,K,240,-0.940189,0.0503464,-0.8722546,-1.4490805,0.0167097,FALSE,-0.0309282
H,L,240,0.5700469,-0.0998802,1.3435377,-1.4490805,0.0097606,FALSE,-0.0419154
H,M,240,1.1376508,0.1709557,0.8461059,-1.4490805,0.0191303,FALSE,-0.0242049
H,N,240,0.5173301,-0.0891838,0.0723232,-1.4490805,0.0084048,FALSE,-0.0410202
H,P,240,0.6710043,-0.0521965,0.2381338,-1.4490805,0.0079259,FALSE,-0.038067
H,Q,240,0.962893,0.041111,0.1644402,-1.4490805,0.0086905,FALSE,-0.031513
H,R,240,-0.1312128,0.0299835,0.4173832,-1.4490805,0.0259311,FALSE,-0.0322322
H,S,240,0.1070946,0.4011307,-0.1119108,-1.4490805,0.0133363,FALSE,-0.015133
H,T,240,0.8606101,0.5941124,0.0354764,-1.4490805,0.0142852,FALSE,-0.0101935
H,V,240,0.0969683,0.2535172,1.3619611,-1.4490805,0.0098963,FALSE,-0.0204572
H,W,240,-0.8871168,0.020874,1.0487633,-1.4490805,0.0172,FALSE,-0.0328329
H,Y,240,-0.3365224,0.0559998,0.4039443,-1.4490805,0.0261073,FALSE,-0.0305754
G,A,241,-3.5668388,-1.9670601,-1.9960819,-1.6720092,0.0186388,FALSE,-1.1004323
G,C,241,-3.0362119,-1.9684563,-1.9408117,-1.6720092,0.0172,FALSE,-1.1023527
G,D,241,-2.5151676,-1.9635582,1.2514207,-1.6720092,0.0172,FALSE,-1.0956238
G,E,241,-2.2679082,-1.9494286,1.0671867,-1.6720092,0.0192362,FALSE,-1.07634
G,F,241,-3.002127,-1.9436607,-1.3328396,-1.6720092,0.0172,FALSE,-1.0685227
G,H,241,-2.340848,-2.0510635,0.6618719,-1.6720092,0.0172,FALSE,-1.2191771
G,I,241,-3.3224881,-1.9812088,-1.1117588,-1.6720092,0.0172,FALSE,-1.1199777
G,K,241,-3.1024087,-1.771225,1.9515098,-1.6720092,0.0225758,FALSE,-0.849995
G,L,241,-3.0928279,-1.8304977,-1.4802268,-1.6720092,0.0165962,FALSE,-0.9217315
G,M,241,-2.5275051,-1.9470291,-1.9776585,-1.6720092,0.0172,FALSE,-1.073084
G,N,241,-2.1383757,-1.927166,-0.6880207,-1.6720092,0.0172,FALSE,-1.0463434
G,P,241,-3.5291878,-1.9073982,-1.7381544,-1.6720092,0.0172,FALSE,-1.0201099
G,Q,241,-2.9661125,-1.8860779,-0.5959037,-1.6720092,0.0172,FALSE,-0.9922448
G,R,241,-3.0845637,-1.7694626,3.2411477,-1.6720092,0.013668,FALSE,-0.8479175
G,S,241,-2.7426923,-1.8143463,-1.3881098,-1.6720092,0.0165962,FALSE,-0.9018262
G,T,241,-3.1781784,-1.95187,-1.535497,-1.6720092,0.0172,FALSE,-1.0796584
G,V,241,-2.7683685,-1.8458481,-1.4618034,-1.6720092,0.0172,FALSE,-0.9408955
G,W,241,-2.8969512,-2.0902672,-1.7750012,-1.6720092,0.0172,FALSE,-1.2767541
G,Y,241,-2.9549704,-1.9171066,-1.9039649,-1.6720092,0.0172,FALSE,-1.0329462
R,A,242,-3.1728223,-1.879158,3.4069583,-1.7307451,0.0172,FALSE,-0.9832972
R,C,242,-3.4739113,-1.9271317,3.0200669,-1.7307451,0.0172,FALSE,-1.0462975
R,D,242,-2.9450609,-2.0502396,3.4119428,-1.7307451,0.0172,FALSE,-1.2179814
R,E,242,-3.2680511,-2.1075516,3.5961768,-1.7307451,0.0160958,FALSE,-1.3025586
R,F,242,-2.510399,-2.227707,4.0702006,-1.7307451,0.0172,FALSE,-1.4886522
R,G,242,-3.3055898,-1.9337234,3.2411477,-1.7307451,0.0218263,FALSE,-1.0551293
R,H,242,-2.9885351,-2.0345116,0.4173832,-1.7307451,0.0166296,FALSE,-1.195273
R,I,242,-2.2509382,-2.0947723,4.2912814,-1.7307451,0.0172,FALSE,-1.2834555
R,K,242,-2.3641132,-2.1545105,-0.8722546,-1.7307451,0.0235664,FALSE,-1.3739207
R,L,242,-2.2710643,-1.9431839,3.9228134,-1.7307451,0.0172,FALSE,-1.0678779
R,M,242,-2.5459342,-2.0522919,3.4253817,-1.7307451,0.0172,FALSE,-1.2209608
R,N,242,-3.2656992,-1.8110161,1.7672758,-1.7307451,0.0172,FALSE,-0.8977551
R,P,242,-4.3767047,-2.0037727,2.8174095,-1.7307451,0.0172,FALSE,-1.1515338
R,Q,242,-2.8839194,-1.9287453,1.6751588,-1.7307451,0.0172,FALSE,-1.0484556
R,S,242,-2.695674,-2.0559196,2.467365,-1.7307451,0.0172,FALSE,-1.2262363
R,T,242,-2.734951,-1.7902489,2.6147522,-1.7307451,0.0160958,FALSE,-0.8726249
R,V,242,-2.5268401,-1.7918091,3.9412368,-1.7307451,0.0172,FALSE,-0.8744975
R,W,242,-1.2833685,-2.0954208,3.6280391,-1.7307451,0.0172,FALSE,-1.2844216
R,Y,242,-2.8630127,-2.0665321,2.9832201,-1.7307451,0.0172,FALSE,-1.2417355
M,A,243,-4.0861563,-1.286644,-2.1434691,-1.8130287,0.0172,FALSE,-0.4012044
M,C,243,-3.1995802,-1.2346191,-1.7565778,-1.8130287,0.0172,FALSE,-0.3670358
M,D,243,-3.2610068,-1.4074249,1.4356547,-1.8130287,0.0172,FALSE,-0.4904751
M,E,243,-2.7064333,-1.1708183,1.2514207,-1.8130287,0.0172,FALSE,-0.3284598
M,F,243,-1.3622914,-1.1395378,-1.5170736,-1.8130287,0.0172,FALSE,-0.3108313
M,G,243,-3.9654772,-0.9278488,-1.9776585,-1.8130287,0.0172,FALSE,-0.2116349
M,H,243,-3.1104996,-1.4173126,0.8461059,-1.8130287,0.01778,FALSE,-0.4984218
M,I,243,-1.8896439,-0.219696,-1.2959928,-1.8130287,0.0104038,FALSE,-0.0533434
M,K,243,-2.7279388,-1.1275406,2.1357438,-1.8130287,0.016039,FALSE,-0.3042872
M,L,243,-2.7275727,-1.2673149,-1.6644608,-1.8130287,0.0134427,FALSE,-0.3882178
M,N,243,-3.0521717,-1.2271538,-0.5037867,-1.8130287,0.0172,FALSE,-0.3623357
M,P,243,-3.8966774,-1.2130432,-1.5539204,-1.8130287,0.0172,FALSE,-0.3535883
M,Q,243,-2.5293121,-1.3497124,-0.4116697,-1.8130287,0.0155153,FALSE,-0.4460422
M,R,243,-3.2786126,-1.2309074,3.4253817,-1.8130287,0.016039,FALSE,-0.3646927
M,S,243,-2.9475223,-1.3730965,-1.2038758,-1.8130287,0.0172,FALSE,-0.4636473
M,T,243,-2.8597034,-1.3690872,-1.351263,-1.8130287,0.0316334,FALSE,-0.4605906
M,V,243,-3.3173903,-1.2915726,-1.6460374,-1.8130287,0.0109191,FALSE,-0.4045717
M,W,243,-3.5498778,-1.2042007,-1.9592351,-1.8130287,0.0172,FALSE,-0.3481969
M,Y,243,-3.4330542,-1.3337402,-1.719731,-1.8130287,0.0172,FALSE,-0.434325
N,A,244,-0.514435,-1.6874504,-0.5222101,-1.8232906,0.0141904,FALSE,-0.7548383
N,C,244,-2.2304329,-1.7817726,-0.9091014,-1.8232906,0.0172,FALSE,-0.8624956
N,D,244,-1.5478491,-1.1105423,-0.2224512,-1.8232906,0.0257532,FALSE,-0.2952173
N,E,244,-0.9313866,-1.5239067,-0.3329916,-1.8232906,0.0149993,FALSE,-0.5904539
N,F,244,-0.0650724,-1.8563042,0.1410323,-1.8232906,0.0248111,FALSE,-0.9540857
N,G,244,-1.2957806,-1.7464714,-0.6880207,-1.8232906,0.0154949,FALSE,-0.8211124
N,H,244,0.0082124,-1.935524,0.0723232,-1.8232906,0.01225,FALSE,-1.0575491
N,I,244,-0.5817574,-1.8638954,0.362113,-1.8232906,0.0207865,FALSE,-0.9637308
N,K,244,-1.204478,-1.7405167,0.4776379,-1.8232906,0.017346,FALSE,-0.8142599
N,L,244,-0.3279866,-1.9560661,-0.0063549,-1.8232906,0.0113658,FALSE,-1.0853751
N,M,244,-0.5304708,-1.9608994,-0.5037867,-1.8232906,0.0140974,FALSE,-1.0919806
N,P,244,-2.5289157,-2.095375,-1.1117588,-1.8232906,0.0172,FALSE,-1.2843533
N,Q,244,0.1881494,-1.875824,-2.0697755,-1.8232906,0.0154949,FALSE,-0.9790033
N,R,244,-0.9954132,-1.71278,1.7672758,-1.8232906,0.0160244,FALSE,-0.7828315
N,S,244,-1.2245818,-1.6336517,-1.4618034,-1.8232906,0.0431886,FALSE,-0.6976348
N,T,244,-1.8513297,-1.7055817,-1.3144162,-1.8232906,0.0224265,FALSE,-0.7748073
N,V,244,-1.2373825,-1.8508224,0.0120685,-1.8232906,0.0206898,FALSE,-0.9471568
N,W,244,-1.0375323,-1.9168396,-0.3011293,-1.8232906,0.0172,FALSE,-1.032592
N,Y,244,-0.1793691,-1.9443016,-0.9459482,-1.8232906,0.0105942,FALSE,-1.0693897
Y,A,245,-2.8738279,-1.9103394,-1.7381544,-1.8702669,0.0172,FALSE,-1.023989
Y,C,245,-3.3321216,-2.015129,-2.1250457,-1.8702669,0.0219069,FALSE,-1.1675931
Y,D,245,-3.0155159,-1.9649658,0.9934931,-1.8702669,0.020496,FALSE,-1.0975552
Y,E,245,-3.7664166,-1.959198,0.8092591,-1.8702669,0.0172,FALSE,-1.0896529
Y,F,245,-1.9366326,-2.2292442,-1.074912,-1.8702669,0.0150033,FALSE,-1.4911054
Y,G,245,-3.7699781,-2.0324173,-1.9039649,-1.8702669,0.0172,FALSE,-1.1922658
Y,H,245,-1.8690895,-1.9176254,0.4039443,-1.8702669,0.0249971,FALSE,-1.0336347
Y,I,245,-3.4220455,-2.1534157,-0.8538312,-1.8702669,0.0172,FALSE,-1.3722365
Y,K,245,-3.2960065,-1.9574966,1.6935822,-1.8702669,0.0172,FALSE,-1.0873278
Y,L,245,-3.8579533,-2.202053,-1.2222992,-1.8702669,0.0172,FALSE,-1.4479718
Y,M,245,-2.3027026,-2.0373077,-1.719731,-1.8702669,0.0172,FALSE,-1.1992939
Y,N,245,-3.0095373,-1.8042793,-0.9459482,-1.8702669,0.0192321,FALSE,-0.8895544
Y,P,245,-3.473057,-2.0378342,-1.9960819,-1.8702669,0.0172,FALSE,-1.2000519
Y,Q,245,-3.6657503,-1.974987,-0.8538312,-1.8702669,0.0172,FALSE,-1.1113597
Y,R,245,-3.0549538,-2.1537476,2.9832201,-1.8702669,0.0172,FALSE,-1.372747
Y,S,245,-2.9400215,-1.8863983,-1.6460374,-1.8702669,0.0249,FALSE,-0.9926603
Y,T,245,-2.5116292,-1.8903999,-1.7934246,-1.8702669,0.0147,FALSE,-0.9978574
Y,V,245,-3.1750672,-2.1046028,-1.2038758,-1.8702669,0.0172,FALSE,-1.2981384
Y,W,245,-2.8841694,-1.9507713,-1.5170736,-1.8702669,0.0172,FALSE,-1.0781643
Y,A,246,-1.9076462,-2.0806236,-1.7381544,-1.8847841,0.0132096,FALSE,-1.2624674
Y,C,246,-2.10107,-2.0345802,-2.1250457,-1.8847841,0.0164095,FALSE,-1.1953716
Y,D,246,-3.3095049,-1.8437653,0.9934931,-1.8847841,0.0172,FALSE,-0.9382813
Y,E,246,-3.0658183,-1.815239,0.8092591,-1.8847841,0.0172,FALSE,-0.9029194
Y,F,246,-1.6439345,-1.8785324,-1.074912,-1.8847841,0.0209511,FALSE,-0.9824906
Y,G,246,-2.1823739,-1.906662,-1.9039649,-1.8847841,0.0159923,FALSE,-1.0191402
Y,H,246,-0.0325109,-1.7463951,0.4039443,-1.8847841,0.0156766,FALSE,-0.8210243
Y,I,246,-2.8088996,-1.8491478,-0.8538312,-1.8847841,0.0172,FALSE,-0.9450462
Y,K,246,-3.8034954,-1.8328896,1.6935822,-1.8847841,0.0172,FALSE,-0.9247019
Y,L,246,-1.5689965,-1.9030647,-1.2222992,-1.8847841,0.0159923,FALSE,-1.0144099
Y,M,246,-2.2626767,-2.00346,-1.719731,-1.8847841,0.0185398,FALSE,-1.1510933
Y,N,246,-2.4921999,-1.7607956,-0.9459482,-1.8847841,0.0159923,FALSE,-0.837748
Y,P,246,-3.8839946,-1.8142166,-1.9960819,-1.8847841,0.0172,FALSE,-0.9016674
Y,Q,246,-2.7084882,-1.9530373,-0.8538312,-1.8847841,0.0172,FALSE,-1.081247
Y,R,246,-4.3168482,-1.9278336,2.9832201,-1.8847841,0.0172,FALSE,-1.047236
Y,S,246,-4.1054328,-1.8363266,-1.6460374,-1.8847841,0.02064,FALSE,-0.9289804
Y,T,246,-3.7196364,-1.9833641,-1.7934246,-1.8847841,0.0172,FALSE,-1.1229716
Y,V,246,-3.7005283,-1.9183273,-1.2038758,-1.8847841,0.0165742,FALSE,-1.0345667
Y,W,246,-2.6446873,-1.8043404,-1.5170736,-1.8847841,0.0165742,FALSE,-0.8896286
W,A,247,-4.5805656,-1.9294167,-1.9408117,-1.8800017,0.01598,FALSE,-1.0493543
W,C,247,-3.0648797,-1.9145203,-1.5539204,-1.8800017,0.0172,FALSE,-1.0295176
W,D,247,-3.7184996,-2.0940552,1.638312,-1.8800017,0.0172,FALSE,-1.2823877
W,E,247,-4.3547384,-1.9084969,1.4540781,-1.8800017,0.0172,FALSE,-1.0215579
W,F,247,-3.0442208,-2.0525627,-1.719731,-1.8800017,0.0172,FALSE,-1.2213542
W,G,247,-3.9865136,-1.8959656,-1.7750012,-1.8800017,0.0172,FALSE,-1.0051121
W,H,247,-4.2938187,-1.9670143,1.0487633,-1.8800017,0.0172,FALSE,-1.1003694
W,I,247,-4.6801421,-1.8447342,-1.4986502,-1.8800017,0.0172,FALSE,-0.9394969
W,K,247,-4.230778,-2.0000877,2.3384012,-1.8800017,0.0172,FALSE,-1.1463481
W,L,247,-4.1674264,-2.0348244,-1.8671182,-1.8800017,0.0172,FALSE,-1.1957225
W,M,247,-3.7177184,-1.7743988,-1.9592351,-1.8800017,0.0172,FALSE,-0.8537443
W,N,247,-4.0574497,-2.0391273,-0.3011293,-1.8800017,0.0172,FALSE,-1.2019144
W,P,247,-4.657782,-2.1394424,-1.351263,-1.8800017,0.0172,FALSE,-1.3508253
W,Q,247,-4.0384134,-2.064312,-0.2090123,-1.8800017,0.0172,FALSE,-1.238485
W,R,247,-4.22316,-1.8184357,3.6280391,-1.8800017,0.0383438,FALSE,-0.9068409
W,S,247,-4.8146062,-1.8807106,-1.0012184,-1.8800017,0.0172,FALSE,-0.9853006
W,T,247,-4.530131,-2.111267,-1.1486056,-1.8800017,0.0172,FALSE,-1.3081384
W,V,247,-4.7440011,-1.9792709,-1.8486948,-1.8800017,0.0172,FALSE,-1.1172896
W,Y,247,-2.9886186,-2.1641083,-1.5170736,-1.8800017,0.0172,FALSE,-1.3887267
T,A,248,-0.5227891,-1.4462357,-1.3696864,-1.8312564,0.0264419,FALSE,-0.5222368
T,C,248,-1.083223,-1.9396324,-1.7565778,-1.8312564,0.0172,FALSE,-1.0630819
T,D,248,-1.5274823,-1.8492737,0.6250251,-1.8312564,0.016567,FALSE,-0.9452047
T,E,248,-1.4668546,-1.7818375,0.4407911,-1.8312564,0.0172,FALSE,-0.8625729
T,F,248,-1.4301508,-1.9715691,-0.7064441,-1.8312564,0.0172,FALSE,-1.1066408
T,G,248,-3.2720841,-1.861599,-1.535497,-1.8312564,0.0172,FALSE,-0.960807
T,H,248,0.0260729,-1.6900253,0.0354764,-1.8312564,0.0163055,FALSE,-0.757653
T,I,248,-0.4532709,-1.6399918,-0.4853633,-1.8312564,0.0296752,FALSE,-0.7042166
T,K,248,-1.7022077,-1.7339478,1.3251143,-1.8312564,0.016567,FALSE,-0.8067437
T,L,248,-0.7099465,-1.9155083,-0.8538312,-1.8312564,0.0098269,FALSE,-1.0308266
T,M,248,-0.5952827,-1.6432419,-1.351263,-1.8312564,0.0236497,FALSE,-0.7076072
T,N,248,-1.8376095,-1.7734146,-1.3144162,-1.8312564,0.0134671,FALSE,-0.8525805
T,P,248,-3.7584461,-1.8064651,-1.9592351,-1.8312564,0.0172,FALSE,-0.8922101
T,Q,248,-1.4779244,-1.9643784,-1.2222992,-1.8312564,0.0202175,FALSE,-1.096749
T,R,248,-1.5979015,-1.7841072,2.6147522,-1.8312564,0.0159789,FALSE,-0.8652781
T,S,248,-0.5813924,-1.7966728,-2.0145053,-1.8312564,0.0173553,FALSE,-0.880351
T,V,248,-0.5363439,-1.8201866,-0.8354078,-1.8312564,0.0195891,FALSE,-0.9089932
T,W,248,-1.3138378,-1.7817001,-1.1486056,-1.8312564,0.0172,FALSE,-0.8624093
T,Y,248,-0.7050989,-1.9442825,-1.7934246,-1.8312564,0.0154312,FALSE,-1.0693639
L,A,249,-2.8481208,-1.9058113,-1.6460374,-1.7545842,0.0172,FALSE,-1.0180204
L,C,249,-2.3410702,-1.672287,-1.259146,-1.7545842,0.0172,FALSE,-0.7384048
L,D,249,-3.8123327,-1.6634789,1.9330864,-1.7545842,0.0172,FALSE,-0.7289708
L,E,249,-3.2053026,-1.8397064,1.7488524,-1.7545842,0.0172,FALSE,-0.9331994
L,F,249,-1.8981447,-1.8451653,-2.0145053,-1.7545842,0.0133812,FALSE,-0.940038
L,G,249,-3.3813571,-1.9648705,-1.4802268,-1.7545842,0.0172,FALSE,-1.0974244
L,H,249,-3.6743531,-1.8131142,1.3435377,-1.7545842,0.0172,FALSE,-0.9003187
L,I,249,-0.1256709,-1.2775574,-1.7934246,-1.7545842,0.0162597,FALSE,-0.395056
L,K,249,-2.1347076,-1.8577003,2.6331756,-1.7545842,0.0159822,FALSE,-0.9558552
L,M,249,-0.6546647,-1.8271675,-1.6644608,-1.7545842,0.0155018,FALSE,-0.9176055
L,N,249,-3.199898,-1.9721985,-0.0063549,-1.7545842,0.0172,FALSE,-1.1075089
L,P,249,-3.9260257,-1.7621651,-1.0564886,-1.7545842,0.01764,FALSE,-0.8393498
L,Q,249,-3.122494,-1.7366943,0.0857621,-1.7545842,0.0172,FALSE,-0.8098807
L,R,249,-2.3388124,-1.6961708,3.9228134,-1.7545842,0.0225302,FALSE,-0.7643992
L,S,249,-2.6759761,-1.7736893,-0.7064441,-1.7545842,0.0229544,FALSE,-0.8529052
L,T,249,-1.1139189,-1.8546219,-0.8538312,-1.7545842,0.0167023,FALSE,-0.9519561
L,V,249,-0.4598636,-1.8012924,-2.1434691,-1.7545842,0.0227171,FALSE,-0.8859333
L,W,249,-2.6056734,-1.7244072,-1.8671182,-1.7545842,0.0172,FALSE,-0.7959078
L,Y,249,-3.7261414,-1.8426247,-1.2222992,-1.7545842,0.0172,FALSE,-0.9368515
L,A,250,-3.3629803,-1.381733,-1.6460374,-1.7015997,0.0172,FALSE,-0.4702861
L,C,250,-3.0733149,-1.7717743,-1.259146,-1.7015997,0.0172,FALSE,-0.8506431
L,D,250,-3.3433799,-1.3876915,1.9330864,-1.7015997,0.0172,FALSE,-0.4749096
L,E,250,-3.4321459,-1.6540451,1.7488524,-1.7015997,0.0172,FALSE,-0.7189577
L,F,250,-3.5554133,-1.4448853,-2.0145053,-1.7015997,0.0172,FALSE,-0.5211059
L,G,250,-4.1087812,-1.635067,-1.4802268,-1.7015997,0.0172,FALSE,-0.6991004
L,H,250,-3.9181672,-1.5873337,1.3435377,-1.7015997,0.0172,FALSE,-0.6508447
L,I,250,-0.5914489,-1.2247963,-1.7934246,-1.7015997,0.0093582,FALSE,-0.3608619
L,K,250,-3.6150141,-1.7380333,2.6331756,-1.7015997,0.0172,FALSE,-0.811413
L,M,250,-2.1052651,-1.4650536,-1.6644608,-1.7015997,0.0172,FALSE,-0.5381907
L,N,250,-4.0512519,-1.66465,-0.0063549,-1.7015997,0.0172,FALSE,-0.7302204
L,P,250,-2.5322312,-1.6959343,-1.0564886,-1.7015997,0.024565,FALSE,-0.7641389
L,Q,250,-2.9617681,-1.8260918,0.0857621,-1.7015997,0.015974,FALSE,-0.9162752
L,R,250,-4.4899814,-1.7202339,3.9228134,-1.7015997,0.0172,FALSE,-0.791198
L,S,250,-4.1857765,-1.6627045,-0.7064441,-1.7015997,0.0172,FALSE,-0.7281453
L,T,250,-3.2325439,-1.752594,-0.8538312,-1.7015997,0.0165644,FALSE,-0.8281968
L,V,250,-0.0485478,-1.0759468,-2.1434691,-1.7015997,0.0261981,FALSE,-0.2774744
L,W,250,-2.7235803,-1.8037033,-1.8671182,-1.7015997,0.0172,FALSE,-0.8888554
L,Y,250,-3.7421054,-1.7008209,-1.2222992,-1.7015997,0.0172,FALSE,-0.7695304
E,A,251,-0.0476688,-1.002449,1.2329973,-1.6137552,0.0106101,FALSE,-0.2428326
E,C,251,-1.7565383,-1.0577927,0.8461059,-1.6137552,0.0159593,FALSE,-0.2685391
E,D,251,-0.7625532,-0.3244743,-1.9776585,-1.6137552,0.0123855,FALSE,-0.0657818
E,F,251,-0.6332665,-1.1470032,1.8962396,-1.6137552,0.017839,FALSE,-0.3149637
E,G,251,-0.2970124,-0.8878746,1.0671867,-1.6137552,0.0355496,FALSE,-0.1964405
E,H,251,-0.3597719,-1.2066422,1.8275305,-1.6137552,0.0168676,FALSE,-0.3496786
E,I,251,-0.9991876,-1.3711548,2.1173204,-1.6137552,0.0135209,FALSE,-0.462165
E,K,251,-0.318824,-0.3124352,2.3065389,-1.6137552,0.0240912,FALSE,-0.0642208
E,L,251,-0.0130077,-1.1096802,1.7488524,-1.6137552,0.0221454,FALSE,-0.2947635
E,M,251,-0.3256872,-1.1063309,1.2514207,-1.6137552,0.0247077,FALSE,-0.2930064
E,N,251,-0.5804736,-0.9084206,-0.3329916,-1.6137552,0.0200491,FALSE,-0.2041226
E,P,251,-0.0989515,-1.3170395,0.6434485,-1.6137552,0.015759,FALSE,-0.4223376
E,Q,251,0.1729127,-0.8940811,-0.2408746,-1.6137552,0.014354,FALSE,-0.1987331
E,R,251,-0.0746797,-1.0769081,3.5961768,-1.6137552,0.018754,FALSE,-0.2779547
E,S,251,-0.1829237,-1.2782364,0.293404,-1.6137552,0.014968,FALSE,-0.3955127
E,T,251,-0.1659139,-0.8988037,0.4407911,-1.6137552,0.0187383,FALSE,-0.2004937
E,V,251,-0.6761867,-1.178875,1.7672758,-1.6137552,0.0178626,FALSE,-0.3331349
E,W,251,-1.0682638,-1.3281021,1.4540781,-1.6137552,0.0172,FALSE,-0.430248
E,Y,251,-0.3003757,-1.1283989,0.8092591,-1.6137552,0.0096145,FALSE,-0.3047514
P,A,252,-0.9995286,-1.266098,-1.5723438,-1.3370225,0.0164764,FALSE,-0.3874118
P,C,252,-3.392441,-1.4844017,-1.9592351,-1.3370225,0.0172,FALSE,-0.554975
P,D,252,-1.4333607,-1.5510788,0.8276825,-1.3370225,0.069434,TRUE,-0.6158058
P,E,252,-1.1377119,-1.37463,0.6434485,-1.3370225,0.0165605,FALSE,-0.4648207
P,F,252,-2.5486912,-1.4594116,-0.9091014,-1.3370225,0.0172,FALSE,-0.5333692
P,G,252,-2.2932635,-1.6706734,-1.7381544,-1.3370225,0.0159668,FALSE,-0.7366704
P,H,252,-1.143886,-1.7923813,0.2381338,-1.3370225,0.0114603,FALSE,-0.8751849
P,I,252,-1.7951521,-1.604084,-0.6880207,-1.3370225,0.0172,FALSE,-0.6675031
P,K,252,-2.0971242,-1.4640007,1.5277716,-1.3370225,0.0196904,FALSE,-0.5372884
P,L,252,-3.113916,-1.638813,-1.0564886,-1.3370225,0.0167573,FALSE,-0.7029896
P,M,252,-2.5498283,-1.5996819,-1.5539204,-1.3370225,0.0159668,FALSE,-0.6630964
P,N,252,-2.6523856,-1.5192337,-1.1117588,-1.3370225,0.0172,FALSE,-0.5861721
P,Q,252,-1.3535933,-1.0910149,-1.0196418,-1.3370225,0.0219,FALSE,-0.2850857
P,R,252,-2.1364366,-1.4109039,2.8174095,-1.3370225,0.0165605,FALSE,-0.4932599
P,S,252,-1.8832598,-1.3010521,-1.811848,-1.3370225,0.0208164,FALSE,-0.4111127
P,T,252,-2.8086176,-1.2014618,-1.9592351,-1.3370225,0.0125045,FALSE,-0.3465409
P,V,252,-2.328298,-1.483799,-1.0380652,-1.3370225,0.0148986,FALSE,-0.5544463
P,W,252,-2.9187027,-1.5566559,-1.351263,-1.3370225,0.0172,FALSE,-0.6211055
P,Y,252,-3.2908777,-1.6158905,-1.9960819,-1.3370225,0.0172,FALSE,-0.6794236
G,A,253,-1.0648269,-1.748394,-1.9960819,-1.257151,0.0127276,FALSE,-0.8233328
G,C,253,-2.7586552,-1.8088303,-1.9408117,-1.257151,0.0159598,FALSE,-0.8950893
G,D,253,-1.4106629,-1.4923706,1.2514207,-1.257151,0.1682092,TRUE,-0.5620007
G,E,253,-0.127642,-1.1821327,1.0671867,-1.257151,0.2046954,TRUE,-0.3350411
G,F,253,-1.4583827,-1.8386078,-1.3328396,-1.257151,0.0968342,TRUE,-0.9318267
G,H,253,-1.2684648,-1.8307343,0.6618719,-1.257151,0.046116,FALSE,-0.9220251
G,I,253,-3.8052256,-1.7016411,-1.1117588,-1.257151,0.0172,FALSE,-0.7704378
G,K,253,-1.2436447,-1.924839,1.9515098,-1.257151,0.1275519,TRUE,-1.0432355
G,L,253,-1.1963734,-1.8055038,-1.4802268,-1.257151,0.3082099,TRUE,-0.8910415
G,M,253,-0.5438226,-1.7950935,-1.9776585,-1.257151,0.0625051,TRUE,-0.8784476
G,N,253,-1.0084278,-1.6771126,-0.6880207,-1.257151,0.1036738,TRUE,-0.7436082
G,P,253,-3.7531757,-1.8048592,-1.7381544,-1.257151,0.0172,FALSE,-0.8902585
G,Q,253,-1.5091858,-1.7853203,-0.5959037,-1.257151,0.0794503,TRUE,-0.8667261
G,R,253,-1.3319297,-1.6611824,3.2411477,-1.257151,0.2153421,TRUE,-0.7265246
G,S,253,-0.8792799,-1.661583,-1.3881098,-1.257151,0.0131214,FALSE,-0.7269509
G,T,253,-0.9661496,-1.5181084,-1.535497,-1.257151,0.0883066,TRUE,-0.5851444
G,V,253,-2.1010145,-1.6371918,-1.4618034,-1.257151,0.0172,FALSE,-0.7013046
G,W,253,-1.1404806,-1.813736,-1.7750012,-1.257151,0.019868,FALSE,-0.9010793
G,Y,253,-1.2034586,-1.6622849,-1.9039649,-1.257151,0.0406966,FALSE,-0.7276982
D,A,254,0.0826225,-1.895237,1.4172313,-1.632772,0.0185742,FALSE,-1.0041607
D,C,254,-1.7981905,-1.934391,1.0303399,-1.632772,0.0172,FALSE,-1.0560261
D,E,254,0.1593636,-1.3374634,-1.9776585,-1.632772,0.0114391,FALSE,-0.4370342
D,F,254,-2.3068338,-1.6256142,2.0804736,-1.632772,0.0172,FALSE,-0.6893522
D,G,254,-0.2720363,-1.8717003,1.2514207,-1.632772,0.0153837,FALSE,-0.9737075
D,H,254,-0.5320225,-1.9227982,2.0117645,-1.632772,0.3339231,TRUE,-1.0405143
D,I,254,-2.8328702,-1.7503662,2.3015544,-1.632772,0.0172,FALSE,-0.8256145
D,K,254,-0.8831405,-1.7465401,2.1223049,-1.632772,0.073332,TRUE,-0.8211917
D,L,254,-3.9863615,-1.7154961,1.9330864,-1.632772,0.0172,FALSE,-0.7858733
D,M,254,-2.0109841,-1.6369171,1.4356547,-1.632772,0.0172,FALSE,-0.7010194
D,N,254,-1.3972041,-1.4393997,-0.2224512,-1.632772,0.0185809,FALSE,-0.5165311
D,P,254,-4.0757958,-2.093914,0.8276825,-1.632772,0.0165575,FALSE,-1.2821774
D,Q,254,0.5537752,-1.8245926,-0.3145682,-1.632772,0.203572,TRUE,-0.9144231
D,R,254,-3.4428135,-1.8132286,3.4119428,-1.632772,0.0172,FALSE,-0.9004586
D,S,254,-0.5358694,-1.760128,0.4776379,-1.632772,0.0130466,FALSE,-0.836968
D,T,254,-2.6046059,-1.701416,0.6250251,-1.632772,0.0172,FALSE,-0.7701887
D,V,254,-2.996311,-1.9326591,1.9515098,-1.632772,0.0165575,FALSE,-1.0537005
D,W,254,-1.9507591,-1.6902924,1.638312,-1.632772,0.0172,FALSE,-0.7579454
D,Y,254,-1.3886302,-1.8617973,0.9934931,-1.632772,0.0158273,FALSE,-0.9610592
T,A,255,-0.4999254,-1.5967827,-1.3696864,-1.4234402,0.014424,FALSE,-0.6602053
T,C,255,-1.0307967,-1.7069664,-1.7565778,-1.4234402,0.0148849,FALSE,-0.7763467
T,D,255,-1.3204327,-1.639782,0.6250251,-1.4234402,0.0147,FALSE,-0.7039981
T,E,255,0.0829976,-1.7500572,0.4407911,-1.4234402,0.0155731,FALSE,-0.8252567
T,F,255,-0.1778899,-1.626049,-0.7064441,-1.4234402,0.0127,FALSE,-0.6897985
T,G,255,-0.9202331,-1.6071243,-1.535497,-1.4234402,0.0135201,FALSE,-0.6705586
T,H,255,0.1345557,-1.6659508,0.0354764,-1.4234402,0.0147,FALSE,-0.73161
T,I,255,-0.9412263,-1.6089516,-0.4853633,-1.4234402,0.0136067,FALSE,-0.6723998
T,K,255,-0.7862689,-1.4744034,1.3251143,-1.4234402,0.0121605,FALSE,-0.5462532
T,L,255,-1.9288774,-1.8627586,-0.8538312,-1.4234402,0.0154032,FALSE,-0.9622827
T,M,255,-0.8226897,-1.4568939,-1.351263,-1.4234402,0.0172,FALSE,-0.5312282
T,N,255,-0.322897,-1.7532082,-1.3144162,-1.4234402,0.0163055,FALSE,-0.8289096
T,P,255,-3.0202045,-2.0540466,-1.9592351,-1.4234402,0.0178619,FALSE,-1.2235111
T,Q,255,-0.4026166,-1.8685074,-1.2222992,-1.4234402,0.0106033,FALSE,-0.9696188
T,R,255,-1.217029,-1.6505165,2.6147522,-1.4234402,0.0203432,FALSE,-0.7152367
T,S,255,-0.1836496,-1.697628,-2.0145053,-1.4234402,0.0122156,FALSE,-0.7660047
T,V,255,0.1887283,-1.7881355,-0.8354078,-1.4234402,0.0212671,FALSE,-0.8700924
T,W,255,-0.670416,-1.9059601,-1.1486056,-1.4234402,0.0181162,FALSE,-1.0182163
T,Y,255,-0.3751873,-1.8504066,-1.7934246,-1.4234402,0.0106033,FALSE,-0.9466325
I,A,256,-3.4605485,-2.116684,-1.2775694,-1.7521007,0.0172,FALSE,-1.3162943
I,C,256,-3.4228908,-1.7928658,-0.890678,-1.7521007,0.0172,FALSE,-0.8757672
I,D,256,-3.5591044,-1.9083939,2.3015544,-1.7521007,0.0172,FALSE,-1.0214221
I,E,256,-3.8632917,-1.5941162,2.1173204,-1.7521007,0.0172,FALSE,-0.6575542
I,F,256,-3.1027527,-1.8144035,-1.9408117,-1.7521007,0.0172,FALSE,-0.9018962
I,G,256,-3.3786312,-1.698101,-1.1117588,-1.7521007,0.0172,FALSE,-0.7665263
I,H,256,-4.181749,-2.0318375,1.7120056,-1.7521007,0.0172,FALSE,-1.191434
I,K,256,-2.9741687,-1.8686981,3.0016435,-1.7521007,0.0231787,FALSE,-0.9698627
I,L,256,-0.5759754,-1.6383896,-1.7934246,-1.7521007,0.0150247,FALSE,-0.7025493
I,M,256,-1.246548,-1.7058296,-1.2959928,-1.7521007,0.0287314,FALSE,-0.7750828
I,N,256,-3.4757774,-1.7527313,0.362113,-1.7521007,0.0172,FALSE,-0.8283561
I,P,256,-4.0708736,-1.9088821,-0.6880207,-1.7521007,0.0172,FALSE,-1.0220659
I,Q,256,-3.3874161,-1.8771439,0.45423,-1.7521007,0.0172,FALSE,-0.9807019
I,R,256,-3.2447231,-1.7342377,4.2912814,-1.7521007,0.0172,FALSE,-0.8070744
I,S,256,-4.1396263,-2.1257248,-0.3379761,-1.7521007,0.0172,FALSE,-1.3299606
I,T,256,-3.0152239,-1.7297668,-0.4853633,-1.7521007,0.0261538,FALSE,-0.8019833
I,V,256,-0.8174207,-1.3825455,-1.811848,-1.7521007,0.0138224,FALSE,-0.4709145
I,W,256,-3.5849426,-1.82164,-1.4986502,-1.7521007,0.0172,FALSE,-0.9107821
I,Y,256,-2.9506968,-1.8652954,-0.8538312,-1.7521007,0.0172,FALSE,-0.9655159
I,A,257,-0.0312537,-1.4160728,-1.2775694,-1.5525832,0.0075171,FALSE,-0.49742
I,C,257,-0.6191819,-1.259552,-0.890678,-1.5525832,0.0156859,FALSE,-0.3830999
I,D,257,-0.7892803,-1.4306755,2.3015544,-1.5525832,0.0165577,FALSE,-0.5093188
I,E,257,-0.8129599,-1.0793076,2.1173204,-1.5525832,0.0165577,FALSE,-0.2791566
I,F,257,0.1657317,-1.1768227,-1.9408117,-1.5525832,0.0135186,FALSE,-0.3319387
I,G,257,-0.781901,-1.3797112,-1.1117588,-1.5525832,0.0121243,FALSE,-0.4687253
I,H,257,-1.0019284,-1.3715019,1.7120056,-1.5525832,0.0172,FALSE,-0.4624297
I,K,257,-0.2052197,-1.2945175,3.0016435,-1.5525832,0.0159616,FALSE,-0.4065946
I,L,257,0.0817459,-1.3601227,-1.7934246,-1.5525832,0.0140497,FALSE,-0.4538133
I,M,257,0.2795469,-0.750042,-1.2959928,-1.5525832,0.0159155,FALSE,-0.1513481
I,N,257,-0.8281099,-1.3985405,0.362113,-1.5525832,0.0147,FALSE,-0.4834188
I,P,257,-4.179523,-1.3014183,-0.6880207,-1.5525832,0.0172,FALSE,-0.4113671
I,Q,257,0.1075959,-1.2879219,0.45423,-1.5525832,0.0054887,FALSE,-0.4020752
I,R,257,-2.0910622,-1.1050148,4.2912814,-1.5525832,0.0167421,FALSE,-0.2923184
I,S,257,-0.2207572,-1.176712,-0.3379761,-1.5525832,0.0104691,FALSE,-0.3318743
I,T,257,-0.399667,-0.504364,-0.4853633,-1.5525832,0.0177396,FALSE,-0.0939442
I,V,257,-0.2157258,-0.8579292,-1.811848,-1.5525832,0.0100574,FALSE,-0.1857121
I,W,257,0.88487,-1.1443787,-1.4986502,-1.5525832,0.0162311,FALSE,-0.3135056
I,Y,257,-0.1601429,-1.345253,-0.8538312,-1.5525832,0.0082445,FALSE,-0.4427458
F,A,258,-4.1305917,-1.7712669,-1.4986502,-1.7779386,0.0172,FALSE,-0.8500444
F,C,258,-3.5325361,-2.14645,-1.1117588,-1.7779386,0.0165548,FALSE,-1.3615433
F,D,258,-3.9305915,-1.8607445,2.0804736,-1.7779386,0.0172,FALSE,-0.9597204
F,E,258,-3.5460741,-1.7658081,1.8962396,-1.7779386,0.0172,FALSE,-0.8436199
F,G,258,-4.1090904,-1.9716072,-1.3328396,-1.7779386,0.0172,FALSE,-1.1066933
F,H,258,-2.9020754,-1.8766365,1.4909249,-1.7779386,0.0172,FALSE,-0.9800487
F,I,258,-1.1232374,-1.7566414,-1.9408117,-1.7779386,0.0178231,FALSE,-0.8329014
F,K,258,-3.5373748,-2.0997162,2.7805627,-1.7779386,0.0172,FALSE,-1.2908295
F,L,258,-0.6448164,-1.8342285,-2.0145053,-1.7779386,0.0214831,FALSE,-0.9263672
F,M,258,-2.7295311,-1.9493828,-1.5170736,-1.7779386,0.0172,FALSE,-1.0762778
F,N,258,-3.6319669,-2.0353508,0.1410323,-1.7779386,0.0172,FALSE,-1.1964791
F,P,258,-3.8609799,-1.8826714,-0.9091014,-1.7779386,0.0165548,FALSE,-0.9878342
F,Q,258,-3.3055829,-2.0652237,0.2331493,-1.7779386,0.0172,FALSE,-1.2398193
F,R,258,-4.4267245,-2.1508064,4.0702006,-1.7779386,0.0172,FALSE,-1.3682263
F,S,258,-2.9269223,-2.0170364,-0.5590569,-1.7779386,0.0265877,FALSE,-1.1703019
F,T,258,-3.7443947,-1.9061279,-0.7064441,-1.7779386,0.0172,FALSE,-1.0184371
F,V,258,-2.0369122,-1.9103432,-2.0329287,-1.7779386,0.0148803,FALSE,-1.023994
F,W,258,-1.8572042,-1.6825066,-1.719731,-1.7779386,0.0165548,FALSE,-0.7494537
F,Y,258,-1.8670852,-1.974083,-1.074912,-1.7779386,0.0184794,FALSE,-1.1101105
E,A,259,-2.5526224,-1.6824379,1.2329973,-1.5241134,0.0189208,FALSE,-0.749379
E,C,259,-2.3921942,-1.8763618,0.8461059,-1.5241134,0.0172,FALSE,-0.9796952
E,D,259,-1.6126416,-1.7806282,-1.9776585,-1.5241134,0.0219,FALSE,-0.8611337
E,F,259,-2.8930443,-1.9901962,1.8962396,-1.5241134,0.0172,FALSE,-1.1324903
E,G,259,-2.2894312,-1.9203033,1.0671867,-1.5241134,0.0274209,FALSE,-1.0371929
E,H,259,-1.4651176,-1.8849297,1.8275305,-1.5241134,0.0172,FALSE,-0.9907569
E,I,259,-2.2817226,-1.9071922,2.1173204,-1.5241134,0.0172,FALSE,-1.0198385
E,K,259,-2.1592992,-1.7103043,2.3065389,-1.5241134,0.0169193,FALSE,-0.7800656
E,L,259,-3.9561596,-1.942276,1.7488524,-1.5241134,0.0172,FALSE,-1.0666507
E,M,259,-1.9049425,-1.7321587,1.2514207,-1.5241134,0.0172,FALSE,-0.8047044
E,N,259,-2.5131434,-1.9333496,-0.3329916,-1.5241134,0.0172,FALSE,-1.0546273
E,P,259,-4.0558423,-1.7051468,0.6434485,-1.5241134,0.0172,FALSE,-0.7743243
E,Q,259,-2.0832231,-1.7373314,-0.2408746,-1.5241134,0.0165518,FALSE,-0.8106096
E,R,259,-1.8699581,-1.6884384,3.5961768,-1.5241134,0.0159508,FALSE,-0.7559175
E,S,259,-1.221661,-1.7796936,0.293404,-1.5241134,0.0148707,FALSE,-0.8600225
E,T,259,-1.8942314,-1.7991753,0.4407911,-1.5241134,0.0147,FALSE,-0.8833723
E,V,259,-1.6747695,-1.8421822,1.7672758,-1.5241134,0.0260816,FALSE,-0.9362972
E,W,259,-2.7398654,-1.9528008,1.4540781,-1.5241134,0.0172,FALSE,-1.0809251
E,Y,259,-3.150235,-1.9309082,0.8092591,-1.5241134,0.0172,FALSE,-1.0513523
A,C,260,-2.3849532,-1.8447189,-1.7750012,-1.7139754,0.0165537,FALSE,-0.9394777
A,D,260,-2.6751016,-1.6374626,1.4172313,-1.7139754,0.0172,FALSE,-0.7015859
A,E,260,-2.5155004,-1.6210365,1.2329973,-1.7139754,0.0110934,FALSE,-0.6846655
A,F,260,-3.0549468,-1.679081,-1.4986502,-1.7139754,0.0172,FALSE,-0.7457378
A,G,260,-1.5467134,-1.6383896,-1.9960819,-1.7139754,0.0175009,FALSE,-0.7025493
A,H,260,-1.911778,-1.8070297,0.8276825,-1.7139754,0.0172,FALSE,-0.8928968
A,I,260,-2.9534855,-1.5496788,-1.2775694,-1.7139754,0.0172,FALSE,-0.6144806
A,K,260,-2.5387526,-1.9031296,2.1173204,-1.7139754,0.0172,FALSE,-1.0144951
A,L,260,-2.3496805,-1.7657089,-1.6460374,-1.7139754,0.0172,FALSE,-0.8435035
A,M,260,-2.3167267,-1.7754021,-2.1434691,-1.7139754,0.0172,FALSE,-0.8549317
A,N,260,-2.5849319,-1.7388115,-0.5222101,-1.7139754,0.0172,FALSE,-0.8123044
A,P,260,-4.0568891,-1.8951645,-1.5723438,-1.7139754,0.0172,FALSE,-1.004066
A,Q,260,-3.025579,-1.792736,-0.4300931,-1.7139754,0.0172,FALSE,-0.8756111
A,R,260,-4.0965507,-1.756012,3.4069583,-1.7139754,0.0172,FALSE,-0.8321687
A,S,260,-1.0748509,-1.4893951,-1.2222992,-1.7139754,0.0189886,FALSE,-0.5593697
A,T,260,-2.1258626,-1.2953491,-1.3696864,-1.7139754,0.014497,FALSE,-0.4071673
A,V,260,-2.6345564,-1.7644501,-1.627614,-1.7139754,0.0215551,FALSE,-0.8420265
A,W,260,-2.2919309,-1.9426689,-1.9408117,-1.7139754,0.0172,FALSE,-1.0671817
A,Y,260,-2.9603055,-1.9476509,-1.7381544,-1.7139754,0.0172,FALSE,-1.0739272
T,A,261,-1.5119732,-0.6497574,-1.3696864,-1.5022331,0.0140497,FALSE,-0.1247804
T,C,261,-3.248232,-0.8102989,-1.7565778,-1.5022331,0.0172,FALSE,-0.1697431
T,D,261,-2.3822606,-0.7649574,0.6250251,-1.5022331,0.0200973,FALSE,-0.1557216
T,E,261,-1.2195228,-0.8085442,0.4407911,-1.5022331,0.0159528,FALSE,-0.1691795
T,F,261,-1.2329483,-0.9431992,-0.7064441,-1.5022331,0.0172,FALSE,-0.217745
T,G,261,-2.3029674,-0.7748146,-1.535497,-1.5022331,0.016553,FALSE,-0.1586758
T,H,261,-2.7783654,-0.601223,0.0354764,-1.5022331,0.016553,FALSE,-0.1135547
T,I,261,-2.1911507,-0.7379952,-0.4853633,-1.5022331,0.0200122,FALSE,-0.147899
T,K,261,-2.3774417,-0.7422333,1.3251143,-1.5022331,0.0172,FALSE,-0.149104
T,L,261,-1.6537354,-0.7201386,-0.8538312,-1.5022331,0.0143879,FALSE,-0.1429206
T,M,261,-1.5800225,-0.6401901,-1.351263,-1.5022331,0.0172,FALSE,-0.1224881
T,N,261,-1.0084806,0.4206009,-1.3144162,-1.5022331,0.0091149,FALSE,-0.0145422
T,P,261,-3.9570642,-0.5140495,-1.9592351,-1.5022331,0.016553,FALSE,-0.0957498
T,Q,261,-1.15736,-0.8093758,-1.2222992,-1.5022331,0.0172,FALSE,-0.1694464
T,R,261,-2.7103072,-0.940712,2.6147522,-1.5022331,0.0172,FALSE,-0.2167444
T,S,261,-0.1646433,-0.4754906,-2.0145053,-1.5022331,0.0122639,FALSE,-0.0887522
T,V,261,-1.3428227,-0.741581,-0.8354078,-1.5022331,0.0172,FALSE,-0.148918
T,W,261,-2.2408083,-0.9346199,-1.1486056,-1.5022331,0.0172,FALSE,-0.2143109
T,Y,261,-1.8639512,-0.9854431,-1.7934246,-1.5022331,0.0191434,FALSE,-0.2353818
G,A,262,-3.1633604,-1.8418617,-1.9960819,-1.7040952,0.0172,FALSE,-0.9358958
G,C,262,-2.6672675,-1.8611183,-1.9408117,-1.7040952,0.0169639,FALSE,-0.9601956
G,D,262,-2.9631634,-1.9536781,1.2514207,-1.7040952,0.0147942,FALSE,-1.0821197
G,E,262,-2.58214,-1.8974266,1.0671867,-1.7040952,0.0172,FALSE,-1.0070216
G,F,262,-3.2569183,-2.1232033,-1.3328396,-1.7040952,0.0172,FALSE,-1.3261423
G,H,262,-3.6711251,-1.878231,0.6618719,-1.7040952,0.0165575,FALSE,-0.9821022
G,I,262,-3.6921856,-1.9218407,-1.1117588,-1.7040952,0.0172,FALSE,-1.0392389
G,K,262,-3.6287573,-1.9748497,1.9515098,-1.7040952,0.0172,FALSE,-1.1111699
G,L,262,-3.9051504,-2.2126427,-1.4802268,-1.7040952,0.0172,FALSE,-1.4647042
G,M,262,-3.0911178,-1.9154205,-1.9776585,-1.7040952,0.0172,FALSE,-1.0307103
G,N,262,-3.8058872,-1.9334068,-0.6880207,-1.7040952,0.0172,FALSE,-1.0547041
G,P,262,-3.6701107,-1.9198227,-1.7381544,-1.7040952,0.0172,FALSE,-1.0365538
G,Q,262,-3.7979994,-2.161049,-0.5959037,-1.7040952,0.0165575,FALSE,-1.3839993
G,R,262,-4.6874595,-1.8287201,3.2411477,-1.7040952,0.0159613,FALSE,-0.9195277
G,S,262,-3.2832005,-2.0340881,-1.3881098,-1.7040952,0.0085534,FALSE,-1.1946646
G,T,262,-4.4196314,-1.9390068,-1.535497,-1.7040952,0.0172,FALSE,-1.0622384
G,V,262,-3.691731,-1.9968338,-1.4618034,-1.7040952,0.0170924,FALSE,-1.1417795
G,W,262,-2.6309372,-1.9756851,-1.7750012,-1.7040952,0.0172,FALSE,-1.1123248
G,Y,262,-3.8953938,-2.0034142,-1.9039649,-1.7040952,0.0172,FALSE,-1.1510288
N,A,263,-2.8310869,-2.1594505,-0.5222101,-1.7801204,0.0172,FALSE,-1.3815322
N,C,263,-3.6783866,-2.1685982,-0.9091014,-1.7801204,0.0172,FALSE,-1.3956783
N,D,263,-2.8551852,-2.0461655,-0.2224512,-1.7801204,0.0106674,FALSE,-1.212078
N,E,263,-2.7959892,-1.9629822,-0.3329916,-1.7801204,0.0172,FALSE,-1.094834
N,F,263,-3.0697538,-2.0590286,0.1410323,-1.7801204,0.0172,FALSE,-1.2307666
N,G,263,-3.3484598,-1.7275925,-0.6880207,-1.7801204,0.0172,FALSE,-0.7995149
N,H,263,-3.4864575,-1.9321327,0.0723232,-1.7801204,0.0165551,FALSE,-1.0529942
N,I,263,-3.6252365,-1.8592377,0.362113,-1.7801204,0.0165551,FALSE,-0.957806
N,K,263,-3.5612551,-2.0061378,0.4776379,-1.7801204,0.0159569,FALSE,-1.1548686
N,L,263,-4.5919729,-1.8583755,-0.0063549,-1.7801204,0.0172,FALSE,-0.9567117
N,M,263,-3.4406999,-1.8816643,-0.5037867,-1.7801204,0.0172,FALSE,-0.9865324
N,P,263,-3.9973632,-2.0017738,-1.1117588,-1.7801204,0.0172,FALSE,-1.1487193
N,Q,263,-4.1682652,-1.9829063,-2.0697755,-1.7801204,0.0172,FALSE,-1.1223353
N,R,263,-4.5617761,-1.8117294,1.7672758,-1.7801204,0.0172,FALSE,-0.8986262
N,S,263,-3.1610043,-1.7697983,-1.4618034,-1.7801204,0.0187308,FALSE,-0.848313
N,T,263,-3.6668073,-1.6653938,-1.3144162,-1.7801204,0.02064,FALSE,-0.7310148
N,V,263,-4.0961587,-1.9357681,0.0120685,-1.7801204,0.0172,FALSE,-1.0578774
N,W,263,-3.075223,-1.8488464,-0.3011293,-1.7801204,0.0172,FALSE,-0.9446666
N,Y,263,-3.0883346,-1.9565468,-0.9459482,-1.7801204,0.0172,FALSE,-1.0860311
L,A,264,-3.4827862,-2.0224495,-1.6460374,-1.7919323,0.0172,FALSE,-1.1780074
L,C,264,-2.9087224,-1.9576302,-1.259146,-1.7919323,0.0172,FALSE,-1.0875103
L,D,264,-3.8250734,-1.9273758,1.9330864,-1.7919323,0.0172,FALSE,-1.0466238
L,E,264,-3.3902123,-1.9994736,1.7488524,-1.7919323,0.0172,FALSE,-1.1454851
L,F,264,-1.2731392,-1.7730598,-2.0145053,-1.7919323,0.0121424,FALSE,-0.8521612
L,G,264,-4.0109686,-1.9001732,-1.4802268,-1.7919323,0.0172,FALSE,-1.0106169
L,H,264,-3.4113315,-1.935154,1.3435377,-1.7919323,0.0172,FALSE,-1.0570516
L,I,264,-1.5414704,-1.7644844,-1.7934246,-1.7919323,0.0202317,FALSE,-0.8420668
L,K,264,-3.620575,-1.8735123,2.6331756,-1.7919323,0.0172,FALSE,-0.9760324
L,M,264,-1.7046514,-1.9342308,-1.6644608,-1.7919323,0.0165587,FALSE,-1.0558109
L,N,264,-3.5884664,-1.9313316,-0.0063549,-1.7919323,0.0172,FALSE,-1.0519198
L,P,264,-2.9887141,-1.9920998,-1.0564886,-1.7919323,0.0231265,FALSE,-1.1351502
L,Q,264,-3.4817867,-1.9002266,0.0857621,-1.7919323,0.0186191,FALSE,-1.0106869
L,R,264,-4.2549406,-1.638813,3.9228134,-1.7919323,0.0172,FALSE,-0.7029896
L,S,264,-4.0931012,-1.6550598,-0.7064441,-1.7919323,0.0172,FALSE,-0.7200302
L,T,264,-4.5152223,-1.808342,-0.8538312,-1.7919323,0.0172,FALSE,-0.8944944
L,V,264,-2.5429232,-1.7321167,-2.1434691,-1.7919323,0.0165587,FALSE,-0.8046566
L,W,264,-0.623474,-1.7141266,-1.8671182,-1.7919323,0.0171001,FALSE,-0.7843386
L,Y,264,-1.3235562,-1.9886246,-1.2222992,-1.7919323,0.0178713,FALSE,-1.1302968
I,A,265,-1.0126042,-1.6910744,-1.2775694,-1.7830291,0.0111574,FALSE,-0.7588018
I,C,265,-3.3636606,-1.6519241,-0.890678,-1.7830291,0.0172,FALSE,-0.7167195
I,D,265,-2.4797135,-1.5489578,2.3015544,-1.7830291,0.0172,FALSE,-0.6137989
I,E,265,-3.5950137,-1.495121,2.1173204,-1.7830291,0.0172,FALSE,-0.5644409
I,F,265,-3.6961186,-1.7485161,-1.9408117,-1.7830291,0.0172,FALSE,-0.8234739
I,G,265,-4.0043522,-1.6245308,-1.1117588,-1.7830291,0.0159533,FALSE,-0.688241
I,H,265,-2.9128427,-1.4819832,1.7120056,-1.7830291,0.0172,FALSE,-0.5528557
I,K,265,-3.2419522,-1.6387901,3.0016435,-1.7830291,0.0172,FALSE,-0.7029658
I,L,265,0.0169193,-1.4587135,-1.7934246,-1.7830291,0.0064966,FALSE,-0.5327749
I,M,265,-1.3590456,-1.7063484,-1.2959928,-1.7830291,0.013403,FALSE,-0.7756594
I,N,265,-3.6379236,-1.8237877,0.362113,-1.7830291,0.0172,FALSE,-0.9134297
I,P,265,-3.9878872,-1.7255898,-0.6880207,-1.7830291,0.0165532,FALSE,-0.7972458
I,Q,265,-3.3831365,-1.5556145,0.45423,-1.7830291,0.0172,FALSE,-0.6201134
I,R,265,-4.1532003,-1.6721992,4.2912814,-1.7830291,0.0165532,FALSE,-0.7383104
I,S,265,-4.2397604,-1.4482994,-0.3379761,-1.7830291,0.0165532,FALSE,-0.5239686
I,T,265,-2.771759,-1.5505829,-0.4853633,-1.7830291,0.0238001,FALSE,-0.6153362
I,V,265,-0.7890832,-0.772953,-1.811848,-1.7830291,0.0153433,FALSE,-0.1581139
I,W,265,-3.443169,-1.862999,-1.4986502,-1.7830291,0.0172,FALSE,-0.9625888
I,Y,265,-2.8099454,-1.7196083,-0.8538312,-1.7830291,0.0172,FALSE,-0.7904936
A,C,266,-2.2337813,-1.8360214,-1.7750012,-1.7268031,0.0172,FALSE,-0.9286
A,D,266,-2.8057945,-1.9807663,1.4172313,-1.7268031,0.0172,FALSE,-1.1193636
A,E,266,-2.6763802,-1.7042542,1.2329973,-1.7268031,0.0149383,FALSE,-0.7733335
A,F,266,-3.4277883,-1.9530144,-1.4986502,-1.7268031,0.0172,FALSE,-1.0812158
A,G,266,-3.2799725,-1.6655769,-1.9960819,-1.7268031,0.0154203,FALSE,-0.7312104
A,H,266,-2.6698421,-1.8547211,0.8276825,-1.7268031,0.0172,FALSE,-0.9520816
A,I,266,-2.6230124,-1.6805954,-1.2775694,-1.7268031,0.0159711,FALSE,-0.747379
A,K,266,-3.0617089,-1.862545,2.1173204,-1.7268031,0.0172,FALSE,-0.9620108
A,L,266,-3.1037241,-1.9835091,-1.6460374,-1.7268031,0.0172,FALSE,-1.1231731
A,M,266,-1.7907232,-1.4686127,-2.1434691,-1.7268031,0.0165628,FALSE,-0.5412491
A,N,266,-3.3414784,-1.755249,-0.5222101,-1.7268031,0.0172,FALSE,-0.831281
A,P,266,-3.1026294,-1.8796921,-1.5723438,-1.7268031,0.0225387,FALSE,-0.9839861
A,Q,266,-2.6757309,-1.8512688,-0.4300931,-1.7268031,0.0172,FALSE,-0.9477199
A,R,266,-3.8727986,-1.5799904,3.4069583,-1.7268031,0.0172,FALSE,-0.6436355
A,S,266,-2.2363572,-1.5381966,-1.2222992,-1.7268031,0.0179142,FALSE,-0.6036897
A,T,266,-2.2265876,-1.345314,-1.3696864,-1.7268031,0.01813,FALSE,-0.4427908
A,V,266,-1.3099954,-1.322258,-1.627614,-1.7268031,0.0217498,FALSE,-0.4260545
A,W,266,-2.5388527,-1.6912842,-1.9408117,-1.7268031,0.0172,FALSE,-0.7590317
A,Y,266,-3.1597592,-1.9601059,-1.7381544,-1.7268031,0.0172,FALSE,-1.0908947
P,A,267,-3.2422698,-1.9198074,-1.5723438,-1.7679605,0.0172,FALSE,-1.0365335
P,C,267,-3.3908675,-2.0440407,-1.9592351,-1.7679605,0.0165556,FALSE,-1.209005
P,D,267,-3.4746737,-2.0570068,0.8276825,-1.7679605,0.0172,FALSE,-1.2278195
P,E,267,-3.6310916,-1.7419815,0.6434485,-1.7679605,0.0172,FALSE,-0.8159421
P,F,267,-2.8822195,-2.2034378,-0.9091014,-1.7679605,0.0172,FALSE,-1.450155
P,G,267,-4.28779,-2.0162926,-1.7381544,-1.7679605,0.0172,FALSE,-1.1692452
P,H,267,-3.6757421,-1.9852333,0.2381338,-1.7679605,0.0172,FALSE,-1.1255715
P,I,267,-3.4382522,-2.0093994,-0.6880207,-1.7679605,0.0172,FALSE,-1.1594759
P,K,267,-3.2562284,-2.0404396,1.5277716,-1.7679605,0.0172,FALSE,-1.2038061
P,L,267,-2.5365587,-2.1366272,-1.0564886,-1.7679605,0.0155408,FALSE,-1.3465308
P,M,267,-2.4927366,-1.9414978,-1.5539204,-1.7679605,0.0172,FALSE,-1.0655995
P,N,267,-2.4916222,-1.8324738,-1.1117588,-1.7679605,0.0172,FALSE,-0.9241852
P,Q,267,-3.3953504,-2.018509,-1.0196418,-1.7679605,0.0119273,FALSE,-1.1723955
P,R,267,-3.0636603,-1.6119003,2.8174095,-1.7679605,0.0165556,FALSE,-0.6753783
P,S,267,-3.1811639,-1.8323479,-1.811848,-1.7679605,0.0234427,FALSE,-0.9240287
P,T,267,-3.7580099,-1.71875,-1.9592351,-1.7679605,0.0096983,FALSE,-0.7895278
P,V,267,-3.5276027,-2.0279236,-1.0380652,-1.7679605,0.0172,FALSE,-1.1858268
P,W,267,-3.1834375,-2.0759048,-1.351263,-1.7679605,0.0172,FALSE,-1.2555058
P,Y,267,-3.9124512,-2.0307999,-1.9960819,-1.7679605,0.0172,FALSE,-1.1899462
W,A,268,-1.0871526,-1.2192001,-1.9408117,-1.4429905,0.0183672,FALSE,-0.3573832
W,C,268,-0.8528949,-1.4642181,-1.5539204,-1.4429905,0.0174889,FALSE,-0.5374746
W,D,268,-2.5042298,-1.0606308,1.638312,-1.4429905,0.0172,FALSE,-0.2699193
W,E,268,-1.0493907,-1.1532059,1.4540781,-1.4429905,0.0165563,FALSE,-0.3184326
W,F,268,-1.681286,-1.3931808,-1.719731,-1.4429905,0.0148851,FALSE,-0.4792003
W,G,268,-0.9875355,-1.1618919,-1.7750012,-1.4429905,0.0346792,FALSE,-0.3233449
W,H,268,-0.4044508,-1.4704552,1.0487633,-1.4429905,0.0298423,FALSE,-0.5428376
W,I,268,-1.3918524,-1.2518005,-1.4986502,-1.4429905,0.0159575,FALSE,-0.3780448
W,K,268,-1.9164319,-1.2489281,2.3384012,-1.4429905,0.0165563,FALSE,-0.3761856
W,L,268,-0.5798263,-1.3494568,-1.8671182,-1.4429905,0.0139466,FALSE,-0.4458527
W,M,268,-0.5483528,-1.1986732,-1.9592351,-1.4429905,0.0172,FALSE,-0.3448617
W,N,268,-0.6332101,-1.4200363,-0.3011293,-1.4429905,0.0144006,FALSE,-0.5006282
W,P,268,-3.6220264,-1.248558,-1.351263,-1.4429905,0.0172,FALSE,-0.3759466
W,Q,268,-1.436861,-1.4048958,-0.2090123,-1.4429905,0.0165563,FALSE,-0.4884584
W,R,268,-1.3790587,-0.776123,3.6280391,-1.4429905,0.0228446,FALSE,-0.1590718
W,S,268,-1.0022281,-1.333435,-1.0012184,-1.4429905,0.0145716,FALSE,-0.4341035
W,T,268,-1.1413231,-1.2506294,-1.1486056,-1.4429905,0.0288012,FALSE,-0.3772859
W,V,268,-0.6023229,-1.270649,-1.8486948,-1.4429905,0.0132979,FALSE,-0.390433
W,Y,268,-1.2785645,-1.5782547,-1.5170736,-1.4429905,0.0196866,FALSE,-0.6419398
Y,A,269,-3.5186493,-1.4327354,-1.7381544,-1.3845093,0.0172,FALSE,-0.5110147
Y,C,269,-1.9052871,-1.6045265,-2.1250457,-1.3845093,0.0270924,FALSE,-0.6679472
Y,D,269,-3.4988219,-1.7706566,0.9934931,-1.3845093,0.0165538,FALSE,-0.8493246
Y,E,269,-3.5831216,-1.6470146,0.8092591,-1.3845093,0.0172,FALSE,-0.711557
Y,F,269,-0.8278546,-1.7948341,-1.074912,-1.3845093,0.0105983,FALSE,-0.8781352
Y,G,269,-3.4450941,-1.6418533,-1.9039649,-1.3845093,0.0172,FALSE,-0.7061572
Y,H,269,-0.5485458,-1.7563362,0.4039443,-1.3845093,0.022361,FALSE,-0.8325461
Y,I,269,-2.6987275,-1.7113686,-0.8538312,-1.3845093,0.0172,FALSE,-0.7812538
Y,K,269,-2.2737634,-1.6755257,1.6935822,-1.3845093,0.0172,FALSE,-0.7418944
Y,L,269,-3.4950961,-1.7600632,-1.2222992,-1.3845093,0.0172,FALSE,-0.8368923
Y,M,269,-1.5058663,-1.6947746,-1.719731,-1.3845093,0.0226487,FALSE,-0.7628631
Y,N,269,-2.1496366,-1.5778732,-0.9459482,-1.3845093,0.0165538,FALSE,-0.6415675
Y,P,269,-4.2870261,-1.8738785,-1.9960819,-1.3845093,0.0172,FALSE,-0.9765027
Y,Q,269,-1.8047112,-1.8214645,-0.8538312,-1.3845093,0.0219,FALSE,-0.910566
Y,R,269,-3.2929738,-1.7827339,2.9832201,-1.3845093,0.0165538,FALSE,-0.8636406
Y,S,269,-3.474485,-1.6400795,-1.6460374,-1.3845093,0.01764,FALSE,-0.704308
Y,T,269,-2.8314415,-1.680069,-1.7934246,-1.3845093,0.0165538,FALSE,-0.7468082
Y,V,269,-2.9784192,-1.5254288,-1.2038758,-1.3845093,0.0198645,FALSE,-0.5918535
Y,W,269,-1.0896479,-1.7551117,-1.5170736,-1.3845093,0.0147,FALSE,-0.8311213
A,C,270,-3.5393407,-1.6664314,-1.7750012,-1.7045268,0.0172,FALSE,-0.7321239
A,D,270,-2.6680488,-1.8345947,1.4172313,-1.7045268,0.0129452,FALSE,-0.926823
A,E,270,-3.6082772,-1.6866913,1.2329973,-1.7045268,0.0172,FALSE,-0.7540098
A,F,270,-3.9485715,-1.6636314,-1.4986502,-1.7045268,0.0172,FALSE,-0.7291334
A,G,270,-0.4274233,-1.6530457,-1.9960819,-1.7045268,0.0140487,FALSE,-0.7179025
A,H,270,-3.6526415,-1.6994324,0.8276825,-1.7045268,0.0172,FALSE,-0.7679959
A,I,270,-4.2092818,-1.6330795,-1.2775694,-1.7045268,0.0172,FALSE,-0.6970429
A,K,270,-3.9588682,-1.5788727,2.1173204,-1.7045268,0.0172,FALSE,-0.6425432
A,L,270,-4.3435263,-1.7668152,-1.6460374,-1.7045268,0.0172,FALSE,-0.8448029
A,M,270,-2.8911741,-1.8502731,-2.1434691,-1.7045268,0.0172,FALSE,-0.9464642
A,N,270,-3.4469224,-1.6850166,-0.5222101,-1.7045268,0.01778,FALSE,-0.7521843
A,P,270,-4.1622665,-1.8070564,-1.5723438,-1.7045268,0.0172,FALSE,-0.8929293
A,Q,270,-3.5872873,-1.8223572,-0.4300931,-1.7045268,0.0172,FALSE,-0.9116657
A,R,270,-4.6260074,-1.8523979,3.4069583,-1.7045268,0.0172,FALSE,-0.9491451
A,S,270,-1.5537723,-1.80653,-1.2222992,-1.7045268,0.015574,FALSE,-0.892289
A,T,270,-3.038243,-1.2499886,-1.3696864,-1.7045268,0.0228577,FALSE,-0.3768711
A,V,270,-2.9454931,-1.6131134,-1.627614,-1.7045268,0.0199987,FALSE,-0.6766064
A,W,270,-2.843586,-1.8694992,-1.9408117,-1.7045268,0.0172,FALSE,-0.9708878
A,Y,270,-3.3889056,-1.7612076,-1.7381544,-1.7045268,0.0172,FALSE,-0.8382297
F,A,271,-3.5532515,-2.031227,-1.4986502,-1.6958393,0.0172,FALSE,-1.1905585
F,C,271,-3.3969517,-2.1008759,-1.1117588,-1.6958393,0.015953,FALSE,-1.2925622
F,D,271,-3.3688721,-1.9486504,2.0804736,-1.6958393,0.0172,FALSE,-1.0752834
F,E,271,-2.5671346,-2.233921,1.8962396,-1.6958393,0.0172,FALSE,-1.4985799
F,G,271,-4.1846539,-1.8707962,-1.3328396,-1.6958393,0.0172,FALSE,-0.9725487
F,H,271,-1.1992899,-2.160965,1.4909249,-1.6958393,0.015953,FALSE,-1.3838696
F,I,271,-3.2346699,-2.1364365,-1.9408117,-1.6958393,0.0165531,FALSE,-1.3462401
F,K,271,-2.3581399,-1.9565163,2.7805627,-1.6958393,0.0165531,FALSE,-1.0859894
F,L,271,-2.2024607,-2.0499077,-2.0145053,-1.6958393,0.0151835,FALSE,-1.2175
F,M,271,-2.3985684,-1.9904442,-1.5170736,-1.6958393,0.0172,FALSE,-1.1328366
F,N,271,-3.4810325,-1.855423,0.1410323,-1.6958393,0.0172,FALSE,-0.9529699
F,P,271,-4.7726916,-1.8907166,-0.9091014,-1.6958393,0.0172,FALSE,-0.9982693
F,Q,271,-3.6557459,-1.9511566,0.2331493,-1.6958393,0.0172,FALSE,-1.0786881
F,R,271,-4.2596309,-1.9216194,4.0702006,-1.6958393,0.0172,FALSE,-1.0389442
F,S,271,-3.1981827,-2.06493,-0.5590569,-1.6958393,0.0217666,FALSE,-1.2393894
F,T,271,-3.4831754,-1.9078674,-0.7064441,-1.6958393,0.015395,FALSE,-1.0207281
F,V,271,-3.6211082,-1.9094696,-2.0329287,-1.6958393,0.02628,FALSE,-1.0228409
F,W,271,-0.9463101,-2.051567,-1.719731,-1.6958393,0.0172,FALSE,-1.219908
F,Y,271,-1.1050764,-1.9951935,-1.074912,-1.6958393,0.0175295,FALSE,-1.1394801
A,C,272,-2.0540359,-1.7859154,-1.7750012,-1.520778,0.0172,FALSE,-0.867437
A,D,272,-2.7309072,-1.0738182,1.4172313,-1.520778,0.0172,FALSE,-0.2764135
A,E,272,0.1099998,-1.273365,1.2329973,-1.520778,0.0152464,FALSE,-0.3922452
A,F,272,-2.2353119,-1.5386925,-1.4986502,-1.520778,0.0172,FALSE,-0.6041529
A,G,272,-0.5906026,-1.4257088,-1.9960819,-1.520778,0.0195491,FALSE,-0.5052475
A,H,272,-2.0776856,-1.7421646,0.8276825,-1.520778,0.0159582,FALSE,-0.8161525
A,I,272,-0.4172914,-1.4745483,-1.2775694,-1.520778,0.0176356,FALSE,-0.5463788
A,K,272,-0.2578321,-1.5024529,2.1173204,-1.520778,0.0143989,FALSE,-0.5709844
A,L,272,-0.3808093,-1.569931,-1.6460374,-1.520778,0.0366131,FALSE,-0.6338523
A,M,272,-0.3805817,-1.6215858,-2.1434691,-1.520778,0.0172,FALSE,-0.6852267
A,N,272,-3.7188693,-1.6590729,-0.5222101,-1.520778,0.0172,FALSE,-0.7242825
A,P,272,-4.359922,-1.7119217,-1.5723438,-1.520778,0.0172,FALSE,-0.7818718
A,Q,272,-0.4292356,-1.556881,-0.4300931,-1.520778,0.0090772,FALSE,-0.6213201
A,R,272,-1.4752922,-1.4898491,3.4069583,-1.520778,0.0143989,FALSE,-0.5597705
A,S,272,0.2035451,-1.5474892,-1.2222992,-1.520778,0.0127255,FALSE,-0.6124121
A,T,272,0.1257694,-1.0843735,-1.3696864,-1.520778,0.0171561,FALSE,-0.2817089
A,V,272,-0.0283027,-1.4186783,-1.627614,-1.520778,0.0247549,FALSE,-0.4995272
A,W,272,-2.704265,-1.6418533,-1.9408117,-1.520778,0.0172,FALSE,-0.7061572
A,Y,272,-1.1992916,-1.5978508,-1.7381544,-1.520778,0.0147,FALSE,-0.6612694
L,A,273,-1.4599354,-1.5363731,-1.6460374,-1.7055358,0.0172545,FALSE,-0.6019888
L,C,273,-1.258014,-1.7760544,-1.259146,-1.7055358,0.0165521,FALSE,-0.8557043
L,D,273,-3.2177811,-1.6995811,1.9330864,-1.7055358,0.0172,FALSE,-0.7681601
L,E,273,-2.9515452,-1.676445,1.7488524,-1.7055358,0.0172,FALSE,-0.7428869
L,F,273,-1.5121446,-1.5723915,-2.0145053,-1.7055358,0.0172,FALSE,-0.6362353
L,G,273,-3.7977431,-1.4500809,-1.4802268,-1.7055358,0.0172,FALSE,-0.5254672
L,H,273,-3.7117133,-1.857708,1.3435377,-1.7055358,0.0172,FALSE,-0.955865
L,I,273,-0.208069,-1.3302498,-1.7934246,-1.7055358,0.0195066,FALSE,-0.4317974
L,K,273,-3.5724413,-1.469799,2.6331756,-1.7055358,0.0172,FALSE,-0.5422715
L,M,273,-1.4766538,-1.4229279,-1.6644608,-1.7055358,0.0072566,FALSE,-0.5029788
L,N,273,-3.4368855,-1.6325798,-0.0063549,-1.7055358,0.0172,FALSE,-0.6965262
L,P,273,-3.0643311,-1.6221542,-1.0564886,-1.7055358,0.0293618,FALSE,-0.6858078
L,Q,273,-2.5663532,-1.6777077,0.0857621,-1.7055358,0.0184709,FALSE,-0.7442516
L,R,273,-3.4953177,-1.8314743,3.9228134,-1.7055358,0.0165366,FALSE,-0.9229436
L,S,273,-3.8810145,-1.3784981,-0.7064441,-1.7055358,0.0172,FALSE,-0.4677908
L,T,273,-1.8675553,-1.7208939,-0.8538312,-1.7055358,0.0172,FALSE,-0.7919416
L,V,273,0.2974672,-1.2997322,-2.1434691,-1.7055358,0.0105073,FALSE,-0.4101968
L,W,273,-2.8005054,-1.7391052,-1.8671182,-1.7055358,0.0172,FALSE,-0.812641
L,Y,273,-3.2443429,-1.749054,-1.2222992,-1.7055358,0.0172,FALSE,-0.8240959
S,A,274,-0.3822984,-1.409359,-1.2222992,-1.3663298,0.0171735,FALSE,-0.4920218
S,C,274,-1.8710598,-1.3149414,-1.6091906,-1.3663298,0.0228641,FALSE,-0.4208506
S,D,274,-0.38488,-1.003025,0.4776379,-1.3663298,0.012141,FALSE,-0.2430886
S,E,274,-0.4807904,-1.0903854,0.293404,-1.3663298,0.0235799,FALSE,-0.2847641
S,F,274,-1.2055763,-1.2843704,-0.5590569,-1.3663298,0.0165524,FALSE,-0.3996587
S,G,274,-0.5427561,-1.1033936,-1.3881098,-1.3663298,0.0211323,FALSE,-0.2914728
S,H,274,-0.4404261,-1.2834511,-0.1119108,-1.3663298,0.0212776,FALSE,-0.3990351
S,I,274,-0.8632677,-1.2944527,-0.3379761,-1.3663298,0.0145001,FALSE,-0.40655
S,K,274,-0.7916532,-0.7290153,1.1777271,-1.3663298,0.0148668,FALSE,-0.1453757
S,L,274,-0.8518339,-1.1334,-0.7064441,-1.3663298,0.0303553,FALSE,-0.3074684
S,M,274,-0.3622687,-1.2282257,-1.2038758,-1.3663298,0.0266715,FALSE,-0.3630075
S,N,274,-0.5354861,-0.5260696,-1.4618034,-1.3663298,0.0183375,FALSE,-0.0980367
S,P,274,-4.1334431,-1.4816093,-1.811848,-1.3663298,0.02064,FALSE,-0.5525286
S,Q,274,-0.9361519,-1.1789169,-1.3696864,-1.3663298,0.0243659,FALSE,-0.3331593
S,R,274,-0.6854327,-1.4607353,2.467365,-1.3663298,0.0168506,FALSE,-0.5344974
S,T,274,-0.3170687,-1.2340775,-2.0145053,-1.3663298,0.0179839,FALSE,-0.3666931
S,V,274,0.3095389,-1.2003937,-0.6880207,-1.3663298,0.0128549,FALSE,-0.345897
S,W,274,0.026356,-1.3811417,-1.0012184,-1.3663298,0.0152799,FALSE,-0.4698292
S,Y,274,-0.642697,-1.3011436,-1.6460374,-1.3663298,0.0163498,FALSE,-0.4111762
R,A,275,-2.9193509,-1.5046768,3.4069583,-1.6308814,0.0172,FALSE,-0.5729803
R,C,275,-3.3737624,-1.6630669,3.0200669,-1.6308814,0.0172,FALSE,-0.7285315
R,D,275,-3.4169649,-1.3675766,3.4119428,-1.6308814,0.0172,FALSE,-0.459443
R,E,275,-3.2288498,-1.8111687,3.5961768,-1.6308814,0.0172,FALSE,-0.8979414
R,F,275,-2.6278941,-1.5256538,4.0702006,-1.6308814,0.0198631,FALSE,-0.5920606
R,G,275,-2.7875902,-1.298439,3.2411477,-1.6308814,0.0146837,FALSE,-0.4093011
R,H,275,-1.7480719,-1.6036682,0.4173832,-1.6308814,0.0111679,FALSE,-0.667086
R,I,275,-2.9477126,-1.2423477,4.2912814,-1.6308814,0.0173366,FALSE,-0.3719547
R,K,275,-1.1674098,-0.5288086,-0.8722546,-1.6308814,0.0155475,FALSE,-0.098565
R,L,275,-3.6154113,-1.8765717,3.9228134,-1.6308814,0.0159521,FALSE,-0.9799653
R,M,275,-2.4869449,-1.5579491,3.4253817,-1.6308814,0.0172,FALSE,-0.622339
R,N,275,-2.4961206,-1.3356171,1.7672758,-1.6308814,0.0172,FALSE,-0.435689
R,P,275,-2.5602948,-1.4287682,2.8174095,-1.6308814,0.0162034,FALSE,-0.5077524
R,Q,275,-2.4293732,-1.6825256,1.6751588,-1.6308814,0.0159521,FALSE,-0.7494743
R,S,275,-2.2552711,-1.3967743,2.467365,-1.6308814,0.016027,FALSE,-0.4820255
R,T,275,-2.3562097,-1.4550667,2.6147522,-1.6308814,0.0162034,FALSE,-0.5296784
R,V,275,-3.1842768,-1.5195427,3.9412368,-1.6308814,0.0165525,FALSE,-0.5864545
R,W,275,-3.3421,-1.5788574,3.6280391,-1.6308814,0.0172,FALSE,-0.6425282
R,Y,275,-1.7341131,-1.6487427,2.9832201,-1.6308814,0.0172636,FALSE,-0.7133712
G,A,276,-0.3031229,-1.9414253,-1.9960819,-1.4677575,0.0153628,FALSE,-1.0655016
G,C,276,-0.721485,-2.0743484,-1.9408117,-1.4677575,0.015952,FALSE,-1.2532139
G,D,276,-0.3312646,-1.5853882,1.2514207,-1.4677575,0.0250256,FALSE,-0.6489292
G,E,276,-0.6851457,-1.5860939,1.0671867,-1.4677575,0.0183872,FALSE,-0.6496236
G,F,276,-1.9095237,-1.6704636,-1.3328396,-1.4677575,0.01778,FALSE,-0.7364451
G,H,276,-0.9278908,-2.1109085,0.6618719,-1.4677575,0.019215,FALSE,-1.3075995
G,I,276,-2.0484543,-1.3291359,-1.1117588,-1.4677575,0.0148729,FALSE,-0.4309933
G,K,276,-0.9503754,-1.7151833,1.9515098,-1.4677575,0.0148729,FALSE,-0.7855226
G,L,276,-1.5047743,-1.8678131,-1.4802268,-1.4677575,0.0103305,FALSE,-0.968731
G,M,276,-0.6395541,-1.6565323,-1.9776585,-1.4677575,0.0147,FALSE,-0.7215885
G,N,276,0.6152038,-1.6827507,-0.6880207,-1.4677575,0.0153259,FALSE,-0.7497189
G,P,276,-3.2913006,-1.8672523,-1.7381544,-1.4677575,0.0165525,FALSE,-0.9680143
G,Q,276,-0.4898581,-1.7948341,-0.5959037,-1.4677575,0.0103432,FALSE,-0.8781352
G,R,276,-0.6570218,-1.4061241,3.2411477,-1.4677575,0.0152192,FALSE,-0.489437
G,S,276,0.233574,-1.2554436,-1.3881098,-1.4677575,0.0140506,FALSE,-0.3804137
G,T,276,-0.5573044,-1.9367943,-1.535497,-1.4677575,0.0195163,FALSE,-1.0592581
G,V,276,-1.7040871,-1.6047516,-1.4618034,-1.4677575,0.015804,FALSE,-0.6681732
G,W,276,-1.5490418,-1.7882767,-1.7750012,-1.4677575,0.0249,FALSE,-0.8702615
G,Y,276,-1.4309936,-1.7627563,-1.9039649,-1.4677575,0.0210699,FALSE,-0.8400418
F,A,277,0.0136893,-1.3633728,-1.4986502,-1.3164768,0.013789,FALSE,-0.4562613
F,C,277,-1.6625986,-1.3346977,-1.1117588,-1.3164768,0.0160277,FALSE,-0.4350204
F,D,277,0.0286091,-0.9793129,2.0804736,-1.3164768,0.0211098,FALSE,-0.2327461
F,E,277,-0.7088126,-1.0887451,1.8962396,-1.3164768,0.0207606,FALSE,-0.2839277
F,G,277,-0.4641449,-1.3731728,-1.3328396,-1.3164768,0.0130196,FALSE,-0.4637057
F,H,277,-0.1833569,-1.340889,1.4909249,-1.3164768,0.0456938,FALSE,-0.4395387
F,I,277,-0.0790117,-1.0102997,-1.9408117,-1.3164768,0.012645,FALSE,-0.246342
F,K,277,-0.0316673,-0.9818153,2.7805627,-1.3164768,0.0323021,FALSE,-0.2338188
F,L,277,-0.0382959,-0.881382,-2.0145053,-1.3164768,0.0131371,FALSE,-0.1940678
F,M,277,-0.7296472,-1.0920181,-1.5170736,-1.3164768,0.0196748,FALSE,-0.2855988
F,N,277,-0.4979439,-1.2113152,0.1410323,-1.3164768,0.0192435,FALSE,-0.3525293
F,P,277,-0.0293793,-1.2483978,-0.9091014,-1.3164768,0.0175325,FALSE,-0.3758432
F,Q,277,0.0814753,-1.4598999,0.2331493,-1.3164768,0.0294196,FALSE,-0.5337852
F,R,277,0.00833,-1.0010567,4.0702006,-1.3164768,0.0198228,FALSE,-0.2422149
F,S,277,0.1169673,-0.3916168,-0.5590569,-1.3164768,0.011214,FALSE,-0.0751827
F,T,277,0.7789169,-1.2948151,-0.7064441,-1.3164768,0.0160069,FALSE,-0.4067995
F,V,277,-0.0462341,-0.9957809,-2.0329287,-1.3164768,0.0165297,FALSE,-0.2398866
F,W,277,-0.6419479,-1.5065422,-1.719731,-1.3164768,0.0207789,FALSE,-0.5746584
F,Y,277,-0.4790984,-0.9169579,-1.074912,-1.3164768,0.0127229,FALSE,-0.2073937
E,A,278,0.0087769,-0.8778877,1.2329973,-1.6066711,0.0122044,FALSE,-0.1928016
E,C,278,-1.5343009,-0.7859154,0.8461059,-1.6066711,0.0165526,FALSE,-0.1620645
E,D,278,0.4437915,-0.2635918,-1.9776585,-1.6066711,0.0160301,FALSE,-0.0582482
E,F,278,-0.604937,-0.735714,1.8962396,-1.6066711,0.0219542,FALSE,-0.1472542
E,G,278,-0.2784083,0.3882027,1.0671867,-1.6066711,0.0196903,FALSE,-0.0155383
E,H,278,-0.2324411,-0.6488686,1.8275305,-1.6066711,0.0208024,FALSE,-0.1245658
E,I,278,-0.5340676,-0.6466065,2.1173204,-1.6066711,0.0108103,FALSE,-0.124021
E,K,278,-0.1974503,-0.3997459,2.3065389,-1.6066711,0.013726,FALSE,-0.0764052
E,L,278,-0.0880024,-0.5784492,1.7488524,-1.6066711,0.016906,FALSE,-0.1086222
E,M,278,-1.4816926,-0.6786003,1.2514207,-1.6066711,0.0165526,FALSE,-0.1319371
E,N,278,0.168722,-0.4605866,-0.3329916,-1.6066711,0.0126125,FALSE,-0.0861807
E,P,278,0.1954839,-0.7822952,0.6434485,-1.6066711,0.0209531,FALSE,-0.1609521
E,Q,278,-0.1834279,-0.4546166,-0.2408746,-1.6066711,0.0212923,FALSE,-0.0851708
E,R,278,-0.3878104,-0.4845009,3.5961768,-1.6066711,0.0120182,FALSE,-0.0903423
E,S,278,-0.4495876,-0.6466904,0.293404,-1.6066711,0.0201247,FALSE,-0.1240412
E,T,278,-0.5359978,-0.6665153,0.4407911,-1.6066711,0.0176756,FALSE,-0.128893
E,V,278,-0.9276539,-0.7921524,1.7672758,-1.6066711,0.013726,FALSE,-0.1639976
E,W,278,-0.5409539,-0.6402092,1.4540781,-1.6066711,0.0131007,FALSE,-0.1224926
E,Y,278,0.2564961,-0.7174454,0.8092591,-1.6066711,0.0148059,FALSE,-0.1421834
S,A,279,-0.1379619,-1.8836212,-1.2222992,-1.733008,0.0157262,FALSE,-0.9890628
S,C,279,-1.5896427,-1.9340706,-1.6091906,-1.733008,0.0148759,FALSE,-1.0555957
S,D,279,-1.5180961,-1.7263718,0.4776379,-1.733008,0.0172,FALSE,-0.7981313
S,E,279,-1.8836203,-1.9213982,0.293404,-1.733008,0.0172,FALSE,-1.0386498
S,F,279,-1.7109206,-1.8895683,-0.5590569,-1.733008,0.0143123,FALSE,-0.996776
S,G,279,-0.2821029,-1.7603569,-1.3881098,-1.733008,0.0183947,FALSE,-0.8372354
S,H,279,-0.5569347,-1.697609,-0.1119108,-1.733008,0.0140533,FALSE,-0.7659838
S,I,279,-2.3085187,-1.8284111,-0.3379761,-1.733008,0.02064,FALSE,-0.919145
S,K,279,-1.9428574,-1.5510292,1.1777271,-1.733008,0.0159538,FALSE,-0.6157588
S,L,279,-1.0195189,-1.7043915,-0.7064441,-1.733008,0.0207284,FALSE,-0.7734859
S,M,279,-1.6709242,-1.7211342,-1.2038758,-1.733008,0.0172,FALSE,-0.7922125
S,N,279,0.3708079,-1.6312027,-1.4618034,-1.733008,0.0145705,FALSE,-0.6951038
S,P,279,-2.1867435,-1.8500938,-1.811848,-1.733008,0.0147287,FALSE,-0.9462381
S,Q,279,-1.1631347,-1.963623,-1.3696864,-1.733008,0.0248741,FALSE,-1.0957127
S,R,279,-1.3856367,-1.9158936,2.467365,-1.733008,0.0122632,FALSE,-1.0313374
S,T,279,-1.0271613,-1.6802292,-2.0145053,-1.733008,0.0148428,FALSE,-0.7469819
S,V,279,-1.0352135,-1.5181541,-0.6880207,-1.733008,0.0165535,FALSE,-0.5851861
S,W,279,-1.5991692,-1.8852425,-1.0012184,-1.733008,0.0172,FALSE,-0.9911621
S,Y,279,-2.2699233,-2.0095825,-1.6460374,-1.733008,0.0117881,FALSE,-1.1597349
G,A,280,-0.964121,-2.002346,-1.9960819,-1.8780125,0.0216692,FALSE,-1.1495246
G,C,280,-2.5899424,-2.1060562,-1.9408117,-1.8780125,0.0172,FALSE,-1.3003161
G,D,280,-2.8524212,-1.8091125,1.2514207,-1.8780125,0.017179,FALSE,-0.8954332
G,E,280,-3.2082128,-1.8388023,1.0671867,-1.8780125,0.0172,FALSE,-0.9320697
G,F,280,-3.2373964,-1.8153915,-1.3328396,-1.8780125,0.0172,FALSE,-0.9031063
G,H,280,-2.6262274,-1.9434967,0.6618719,-1.8780125,0.0172,FALSE,-1.0683009
G,I,280,-2.6984745,-1.8963432,-1.1117588,-1.8780125,0.0172,FALSE,-1.0056054
G,K,280,-3.0463448,-1.8544197,1.9515098,-1.8780125,0.0172,FALSE,-0.9517003
G,L,280,-3.0343775,-1.655777,-1.4802268,-1.8780125,0.0172,FALSE,-0.7207889
G,M,280,-2.6714079,-2.0653648,-1.9776585,-1.8780125,0.0172,FALSE,-1.2400259
G,N,280,-1.943214,-1.8762321,-0.6880207,-1.8780125,0.0172,FALSE,-0.9795283
G,P,280,-2.4646063,-1.7905083,-1.7381544,-1.8780125,0.0153947,FALSE,-0.8729361
G,Q,280,-2.4875014,-1.8412476,-0.5959037,-1.8780125,0.0172,FALSE,-0.9351271
G,R,280,-2.6781642,-1.9846382,3.2411477,-1.8780125,0.0165529,FALSE,-1.1247434
G,S,280,-1.6674907,-1.9842453,-1.3881098,-1.8780125,0.0142059,FALSE,-1.1241968
G,T,280,-1.4458914,-1.7750244,-1.535497,-1.8780125,0.0135047,FALSE,-0.8544846
G,V,280,-2.374301,-2.019497,-1.4618034,-1.8780125,0.0191298,FALSE,-1.1738013
G,W,280,-2.7036955,-1.8288994,-1.7750012,-1.8780125,0.0172,FALSE,-0.9197499
G,Y,280,-2.40552,-1.9813652,-1.9039649,-1.8780125,0.0172,FALSE,-1.1201948
I,A,281,-3.4289801,-1.4992294,-1.2775694,-1.8765368,0.0172,FALSE,-0.5681007
I,C,281,-3.472349,-1.4731064,-0.890678,-1.8765368,0.0172,FALSE,-0.5451294
I,D,281,-2.9078433,-1.4652786,2.3015544,-1.8765368,0.0172,FALSE,-0.5383837
I,E,281,-3.8170324,-1.5159569,2.1173204,-1.8765368,0.0172,FALSE,-0.5831832
I,F,281,-0.8906242,-1.5471344,-1.9408117,-1.8765368,0.0131039,FALSE,-0.6120774
I,G,281,-3.605895,-1.7357903,-1.1117588,-1.8765368,0.0165522,FALSE,-0.8088473
I,H,281,-3.6344942,-1.6912041,1.7120056,-1.8765368,0.0172,FALSE,-0.758944
I,K,281,-3.486859,-1.4823532,3.0016435,-1.8765368,0.0172,FALSE,-0.5531796
I,L,281,-1.3571157,-1.3423119,-1.7934246,-1.8765368,0.0120236,FALSE,-0.4405823
I,M,281,-2.6225801,-1.4605942,-1.2959928,-1.8765368,0.03704,FALSE,-0.5343771
I,N,281,-3.0828441,-1.6496086,0.362113,-1.8765368,0.0159514,FALSE,-0.7142815
I,P,281,-3.8988725,-1.597641,-0.6880207,-1.8765368,0.0172,FALSE,-0.6610603
I,Q,281,-3.6728961,-1.5781364,0.45423,-1.8765368,0.0172,FALSE,-0.6418243
I,R,281,-3.6821238,-1.8067894,4.2912814,-1.8765368,0.0172,FALSE,-0.8926045
I,S,281,-3.6288508,-1.4388008,-0.3379761,-1.8765368,0.0187214,FALSE,-0.5160335
I,T,281,-2.7205415,-1.76474,-0.4853633,-1.8765368,0.0172,FALSE,-0.8423665
I,V,281,-1.1140562,-0.7845993,-1.811848,-1.8765368,0.0332069,FALSE,-0.1616593
I,W,281,-2.9700168,-1.8215675,-1.4986502,-1.8765368,0.0172,FALSE,-0.9106929
I,Y,281,-2.3929569,-1.6684341,-0.8538312,-1.8765368,0.0172,FALSE,-0.734268
I,A,282,-3.1549475,-1.2437668,-1.2775694,-1.7907267,0.0172,FALSE,-0.3728638
I,C,282,-2.9156871,-1.7429581,-0.890678,-1.7907267,0.0172,FALSE,-0.8170649
I,D,282,-2.4656439,-1.3259468,2.3015544,-1.7907267,0.0172,FALSE,-0.4286976
I,E,282,-2.1907218,-1.585434,2.1173204,-1.7907267,0.0172,FALSE,-0.6489742
I,F,282,-1.0997906,-1.518116,-1.9408117,-1.7907267,0.0207074,FALSE,-0.5851513
I,G,282,-3.919539,-1.3292809,-1.1117588,-1.7907267,0.0172,FALSE,-0.4310979
I,H,282,-3.4844077,-1.7894249,1.7120056,-1.7907267,0.0172,FALSE,-0.871637
I,K,282,-2.792853,-1.3150749,3.0016435,-1.7907267,0.0172,FALSE,-0.4209451
I,L,282,-0.7798798,-1.2469978,-1.7934246,-1.7907267,0.0232245,FALSE,-0.3749404
I,M,282,-1.1704988,-1.1103592,-1.2959928,-1.7907267,0.0172,FALSE,-0.2951208
I,N,282,-2.8256618,-1.5647697,0.362113,-1.7907267,0.0143894,FALSE,-0.6288743
I,P,282,-3.4569417,-1.4591789,-0.6880207,-1.7907267,0.0165533,FALSE,-0.533171
I,Q,282,-2.6528097,-1.3445396,0.45423,-1.7907267,0.0172,FALSE,-0.4422202
I,R,282,-3.6589596,-1.6956787,4.2912814,-1.7907267,0.0165533,FALSE,-0.7638576
I,S,282,-3.1762179,-1.4771233,-0.3379761,-1.7907267,0.01764,FALSE,-0.5486156
I,T,282,-2.4333503,-1.1036301,-0.4853633,-1.7907267,0.0216083,FALSE,-0.291596
I,V,282,-1.5585151,-0.6597977,-1.811848,-1.7907267,0.0201843,FALSE,-0.1272293
I,W,282,-2.7888048,-1.4963646,-1.4986502,-1.7907267,0.0172,FALSE,-0.5655469
I,Y,282,-2.9303974,-1.5964317,-0.8538312,-1.7907267,0.0165533,FALSE,-0.6598559
T,A,283,-0.6380046,-1.291687,-1.3696864,-1.5715048,0.0199225,FALSE,-0.4046501
T,C,283,-0.9770764,-1.3816414,-1.7565778,-1.5715048,0.0163918,FALSE,-0.4702153
T,D,283,-2.2041273,-1.1278839,0.6250251,-1.5715048,0.0172,FALSE,-0.3044728
T,E,283,-0.7446101,-1.11203,0.4407911,-1.5715048,0.0103436,FALSE,-0.2960017
T,F,283,-0.738583,-1.2170334,-0.7064441,-1.5715048,0.019007,FALSE,-0.3560439
T,G,283,-2.7819224,-1.216896,-1.535497,-1.5715048,0.0148745,FALSE,-0.3559591
T,H,283,-1.1853577,-1.1460648,0.0354764,-1.5715048,0.0207283,FALSE,-0.3144417
T,I,283,-0.904416,-0.2224007,-0.4853633,-1.5715048,0.013753,FALSE,-0.0536336
T,K,283,-1.1490931,-0.9925919,1.3251143,-1.5715048,0.0172,FALSE,-0.2384889
T,L,283,0.099238,-1.3350563,-0.8538312,-1.5715048,0.0127041,FALSE,-0.4352811
T,M,283,-0.4554586,-0.8216896,-1.351263,-1.5715048,0.0201434,FALSE,-0.1734434
T,N,283,-0.657449,-1.1359253,-1.3144162,-1.5715048,0.0104659,FALSE,-0.3088482
T,P,283,-3.0520829,-1.0330124,-1.9592351,-1.5715048,0.0212794,FALSE,-0.256748
T,Q,283,-0.001104,-1.092823,-1.2222992,-1.5715048,0.015554,FALSE,-0.286011
T,R,283,-0.4971414,-0.9350815,2.6147522,-1.5715048,0.0207682,FALSE,-0.2144944
T,S,283,-0.1686371,-1.213604,-2.0145053,-1.5715048,0.0353461,FALSE,-0.3539326
T,V,283,0.3471673,-0.399292,-0.8354078,-1.5715048,0.0136493,FALSE,-0.0763364
T,W,283,-2.2963105,-1.2170486,-1.1486056,-1.5715048,0.0219,FALSE,-0.3560533
T,Y,283,-0.8290365,-1.1576538,-1.7934246,-1.5715048,0.0183441,FALSE,-0.3209401
S,A,284,-1.9545899,-1.8711739,-1.2222992,-1.6027819,0.0121406,FALSE,-0.9730327
S,C,284,-4.0347626,-1.9298248,-1.6091906,-1.6027819,0.0172,FALSE,-1.0499008
S,D,284,-4.1127023,-1.694973,0.4776379,-1.6027819,0.0172,FALSE,-0.7630812
S,E,284,-4.148361,-2.0098114,0.293404,-1.6027819,0.0172,FALSE,-1.1600586
S,F,284,-3.4683671,-1.7338524,-0.5590569,-1.6027819,0.0172,FALSE,-0.8066348
S,G,284,-3.0441152,-1.7990265,-1.3881098,-1.6027819,0.0165527,FALSE,-0.8831925
S,H,284,-3.3388334,-1.8202286,-0.1119108,-1.6027819,0.0172,FALSE,-0.9090448
S,I,284,-3.6232544,-1.7774925,-0.3379761,-1.6027819,0.0172,FALSE,-0.8574091
S,K,284,-3.6972101,-1.6283607,1.1777271,-1.6027819,0.0172,FALSE,-0.6921747
S,L,284,-3.7832028,-1.9419327,-0.7064441,-1.6027819,0.0165527,FALSE,-1.0661869
S,M,284,-3.2957365,-2.042717,-1.2038758,-1.6027819,0.0172,FALSE,-1.2070927
S,N,284,-2.7735014,-1.6320648,-1.4618034,-1.6027819,0.0165527,FALSE,-0.6959941
S,P,284,-3.0872113,-1.8269005,-1.811848,-1.6027819,0.0321599,FALSE,-0.9172752
S,Q,284,-3.2529141,-1.9841614,-1.3696864,-1.6027819,0.0172,FALSE,-1.1240802
S,R,284,-4.0532466,-2.0811844,2.467365,-1.6027819,0.0172,FALSE,-1.263296
S,T,284,-0.8987116,-1.6182404,-2.0145053,-1.6027819,0.0219939,FALSE,-0.6818138
S,V,284,-2.6272267,-1.7597237,-0.6880207,-1.6027819,0.0159523,FALSE,-0.8364958
S,W,284,-2.9923616,-1.8814278,-1.0012184,-1.6027819,0.0172,FALSE,-0.9862269
S,Y,284,-3.8685352,-1.9281693,-1.6460374,-1.6027819,0.0172,FALSE,-1.047685
N,A,285,-0.4232198,-1.0896301,-0.5222101,-1.2241054,0.0221592,FALSE,-0.2843787
N,C,285,-2.5061673,-1.206459,-0.9091014,-1.2241054,0.0172,FALSE,-0.3495672
N,D,285,-0.7042343,-0.6699791,-0.2224512,-1.2241054,0.0138531,FALSE,-0.1297587
N,E,285,-0.1611073,-0.8194199,-0.3329916,-1.2241054,0.0248721,FALSE,-0.1727002
N,F,285,-1.3780349,-1.3055687,0.1410323,-1.2241054,0.0139234,FALSE,-0.4142591
N,G,285,-0.847516,-1.1446342,-0.6880207,-1.2241054,0.026114,FALSE,-0.3136473
N,H,285,-0.8605138,-1.3144112,0.0723232,-1.2241054,0.0159489,FALSE,-0.4204755
N,I,285,-0.9756965,-1.325077,0.362113,-1.2241054,0.0269898,FALSE,-0.4280732
N,K,285,-1.5358214,-0.6527977,0.4776379,-1.2241054,0.009305,FALSE,-0.1255173
N,L,285,-1.158201,-1.2424088,-0.0063549,-1.2241054,0.0164509,FALSE,-0.3719938
N,M,285,-1.6281264,-1.2055244,-0.5037867,-1.2241054,0.0153892,FALSE,-0.3489996
N,P,285,-1.748972,-1.2592773,-1.1117588,-1.2241054,0.0205645,FALSE,-0.3829198
N,Q,285,-0.9529911,-1.122303,-2.0697755,-1.2241054,0.0246775,FALSE,-0.3014674
N,R,285,-1.0023155,-1.061573,1.7672758,-1.2241054,0.0206236,FALSE,-0.2703788
N,S,285,-0.7974531,-1.1584396,-1.4618034,-1.2241054,0.0137263,FALSE,-0.3213848
N,T,285,-0.2168964,-0.8817749,-1.3144162,-1.2241054,0.0241466,FALSE,-0.1942106
N,V,285,-0.1232815,-1.116684,0.0120685,-1.2241054,0.0170715,FALSE,-0.2984672
N,W,285,-1.7230326,-1.2263184,-0.3011293,-1.2241054,0.0172,FALSE,-0.3618129
N,Y,285,-1.1742847,-1.4479332,-0.9459482,-1.2241054,0.0183129,FALSE,-0.523661
A,C,286,-0.9145532,-1.5419922,-1.7750012,-1.4500026,0.0172,FALSE,-0.6072414
A,D,286,-2.1568795,-1.3399658,1.4172313,-1.4500026,0.0172,FALSE,-0.4388626
A,E,286,-1.0568646,-1.4130974,1.2329973,-1.4500026,0.0126939,FALSE,-0.495022
A,F,286,-1.1288827,-1.5325813,-1.4986502,-1.4500026,0.0165473,FALSE,-0.598463
A,G,286,-1.662437,-1.4001694,-1.9960819,-1.4500026,0.0186757,FALSE,-0.4847066
A,H,286,-0.846328,-1.393589,0.8276825,-1.4500026,0.0191308,FALSE,-0.4795206
A,I,286,-0.1841672,-1.34832,-1.2775694,-1.4500026,0.026741,FALSE,-0.4450109
A,K,286,-0.0502728,-1.1116028,2.1173204,-1.4500026,0.0389031,FALSE,-0.2957762
A,L,286,0.5612039,-1.3229446,-1.6460374,-1.4500026,0.0187729,FALSE,-0.4265455
A,M,286,-0.0894255,-1.3350258,-2.1434691,-1.4500026,0.0201112,FALSE,-0.4352589
A,N,286,-1.0254997,-1.3510284,-0.5222101,-1.4500026,0.0278179,FALSE,-0.4470187
A,P,286,-3.326971,-1.4514275,-1.5723438,-1.4500026,0.0172,FALSE,-0.5266021
A,Q,286,-0.8072613,-1.3962898,-0.4300931,-1.4500026,0.0163406,FALSE,-0.4816438
A,R,286,-0.1114155,-1.4535332,3.4069583,-1.4500026,0.0320375,FALSE,-0.5283804
A,S,286,-1.0422774,-1.1506233,-1.2222992,-1.4500026,0.0166831,FALSE,-0.3169844
A,T,286,-0.5335595,-0.9102402,-1.3696864,-1.4500026,0.014951,FALSE,-0.2048159
A,V,286,-0.7202729,-0.7710419,-1.627614,-1.4500026,0.0208166,FALSE,-0.157539
A,W,286,-1.6245984,-1.4734497,-1.9408117,-1.4500026,0.0172,FALSE,-0.5454267
A,Y,286,-1.6749923,-1.4594116,-1.7381544,-1.4500026,0.0169768,FALSE,-0.5333692
S,A,287,-0.667661,-1.2534828,-1.2222992,-1.1094384,0.0205745,FALSE,-0.3791372
S,C,287,-2.9796696,-1.3657417,-1.6091906,-1.1094384,0.0172,FALSE,-0.4580521
S,D,287,-0.811839,-1.3430748,0.4776379,-1.1094384,0.0185074,FALSE,-0.4411427
S,E,287,0.2843453,-1.4778252,0.293404,-1.1094384,0.0151146,FALSE,-0.5492264
S,F,287,-1.5200275,-1.6109619,-0.5590569,-1.1094384,0.0167593,FALSE,-0.6744294
S,G,287,-0.5257711,-1.4682655,-1.3881098,-1.1094384,0.0172,FALSE,-0.5409502
S,H,287,-1.0818918,-1.5318146,-0.1119108,-1.1094384,0.0184562,FALSE,-0.597752
S,I,287,-0.622606,-1.3548431,-0.3379761,-1.1094384,0.0157505,FALSE,-0.4498589
S,K,287,-0.6532724,-1.4956017,1.1777271,-1.1094384,0.0189006,FALSE,-0.5648682
S,L,287,-0.6315884,-1.42033,-0.7064441,-1.1094384,0.0230711,FALSE,-0.5008666
S,M,287,-1.3241606,-1.2130737,-1.2038758,-1.1094384,0.0172,FALSE,-0.353607
S,N,287,-1.3352263,-1.405056,-1.4618034,-1.1094384,0.0161391,FALSE,-0.4885859
S,P,287,0.0498526,-0.5365601,-1.811848,-1.1094384,0.0284517,FALSE,-0.100075
S,Q,287,-0.9119756,-1.5412064,-1.3696864,-1.1094384,0.0167593,FALSE,-0.6065049
S,R,287,-0.8508015,-1.4104843,2.467365,-1.1094384,0.0198568,FALSE,-0.4929234
S,T,287,-0.3109567,-1.3552742,-2.0145053,-1.1094384,0.0303505,FALSE,-0.4501808
S,V,287,-1.1845443,-1.1333313,-0.6880207,-1.1094384,0.0215025,FALSE,-0.307431
S,W,287,-2.0733123,-1.5432663,-1.0012184,-1.1094384,0.0172,FALSE,-0.6084371
S,Y,287,-1.6802411,-1.4391708,-1.6460374,-1.1094384,0.0228769,FALSE,-0.5163409
M,A,288,-1.2339104,-0.8478622,-2.1434691,-1.332283,0.0172,FALSE,-0.1822269
M,C,288,-1.5463485,-1.2429886,-1.7565778,-1.332283,0.0167594,FALSE,-0.372365
M,D,288,-3.0341867,-1.022686,1.4356547,-1.332283,0.0172,FALSE,-0.2519699
M,E,288,-1.5143295,-1.2721481,1.2514207,-1.332283,0.0163408,FALSE,-0.3914324
M,F,288,-0.3193365,-1.3739548,-1.5170736,-1.332283,0.0165474,FALSE,-0.4643038
M,G,288,-1.4420448,-0.7806435,-1.9776585,-1.332283,0.0188147,FALSE,-0.1604469
M,H,288,-0.7337305,-1.1285934,0.8461059,-1.332283,0.0198955,FALSE,-0.3048567
M,I,288,-0.582034,-0.442173,-1.2959928,-1.332283,0.0104114,FALSE,-0.0831021
M,K,288,-1.9214817,-1.1232224,2.1357438,-1.332283,0.0168842,FALSE,-0.3019607
M,L,288,0.3474299,-0.6885452,-1.6644608,-1.332283,0.0410904,FALSE,-0.1344926
M,N,288,-1.7378646,-1.1377716,-0.5037867,-1.332283,0.0172,FALSE,-0.3098604
M,P,288,-0.4599593,-1.2081528,-1.5539204,-1.332283,0.0225728,FALSE,-0.350598
M,Q,288,-1.4162326,-1.2200699,-0.4116697,-1.332283,0.0230306,FALSE,-0.3579221
M,R,288,-1.0570665,-1.0231781,3.4253817,-1.332283,0.0159426,FALSE,-0.2521958
M,S,288,-1.178578,-1.0305634,-1.2038758,-1.332283,0.0150271,FALSE,-0.2556077
M,T,288,-0.2825857,-0.7854767,-1.351263,-1.332283,0.0186481,FALSE,-0.1619293
M,V,288,-0.1575464,-0.099823,-1.6460374,-1.332283,0.0251212,FALSE,-0.0419105
M,W,288,-1.1590146,-1.1815224,-1.9592351,-1.332283,0.0147,FALSE,-0.3346833
M,Y,288,0.154834,-1.1488037,-1.719731,-1.332283,0.0159426,FALSE,-0.3159673
H,A,289,-0.3187686,-0.690094,0.8276825,-1.0797949,0.0145281,FALSE,-0.1348947
H,C,289,-1.9308634,-0.5337753,0.4407911,-1.0797949,0.0172,FALSE,-0.09953
H,D,289,0.0254568,0.2589836,2.0117645,-1.0797949,0.0184732,FALSE,-0.0202304
H,E,289,-0.3651608,0.186367,1.8275305,-1.0797949,0.0153802,FALSE,-0.0234572
H,F,289,-0.5546495,-0.9016914,1.4909249,-1.0797949,0.0169768,FALSE,-0.2015773
H,G,289,0.0525712,-0.0497284,0.6618719,-1.0797949,0.0124077,FALSE,-0.0378775
H,I,289,-1.2904627,-0.6533089,1.7120056,-1.0797949,0.0163407,FALSE,-0.1256416
H,K,289,-1.567789,-0.512783,-0.8722546,-1.0797949,0.0167593,FALSE,-0.0955119
H,L,289,-1.0783864,-0.7291565,1.3435377,-1.0797949,0.0163407,FALSE,-0.145415
H,M,289,-0.746637,-0.644352,0.8461059,-1.0797949,0.0172,FALSE,-0.1234804
H,N,289,-0.9887546,-0.4675751,0.0723232,-1.0797949,0.012713,FALSE,-0.0873775
H,P,289,-3.9114837,-0.3884316,0.2381338,-1.0797949,0.019746,FALSE,-0.0747088
H,Q,289,-0.3444337,-0.5306511,0.1644402,-1.0797949,0.0150269,FALSE,-0.098922
H,R,289,-1.5315066,-0.4677734,0.4173832,-1.0797949,0.0426469,FALSE,-0.0874117
H,S,289,-0.1717321,-0.1983604,-0.1119108,-1.0797949,0.0205322,FALSE,-0.0511069
H,T,289,-0.3563947,-0.318924,0.0354764,-1.0797949,0.0690317,TRUE,-0.0650576
H,V,289,-0.6254223,-0.4607162,1.3619611,-1.0797949,0.0157505,FALSE,-0.0862028
H,W,289,-2.1330295,-0.6455154,1.0487633,-1.0797949,0.0163407,FALSE,-0.1237591
H,Y,289,-0.605413,-0.5154533,0.4039443,-1.0797949,0.0225589,FALSE,-0.0960143
E,A,290,-1.2769705,-0.8030128,1.2329973,-0.954485,0.0185178,FALSE,-0.1674143
E,C,290,-3.5943006,-1.2594299,0.8461059,-0.954485,0.0172,FALSE,-0.3830198
E,D,290,-0.4223218,-0.5744553,-1.9776585,-0.954485,0.0178005,FALSE,-0.1077783
E,F,290,-1.6199404,-1.1460419,1.8962396,-0.954485,0.0214234,FALSE,-0.314429
E,G,290,-1.1603212,-0.9611626,1.0671867,-0.954485,0.0234363,FALSE,-0.2250954
E,H,290,-2.4180824,-1.1151237,1.8275305,-0.954485,0.0230313,FALSE,-0.2976387
E,I,290,-1.6079978,-1.2079811,2.1173204,-0.954485,0.0214234,FALSE,-0.3504934
E,K,290,-2.4106645,-0.6035996,2.3065389,-0.954485,0.0189572,FALSE,-0.1140814
E,L,290,-1.3917598,-1.4342384,1.7488524,-0.954485,0.0150295,FALSE,-0.5122549
E,M,290,-1.5207449,-0.9577141,1.2514207,-0.954485,0.0191171,FALSE,-0.2236674
E,N,290,-0.8687489,-0.6846924,-0.3329916,-0.954485,0.0167599,FALSE,-0.1334971
E,P,290,-0.6558601,-1.348175,0.6434485,-0.954485,0.0203725,FALSE,-0.4449036
E,Q,290,-0.9848842,-0.9837875,-0.2408746,-0.954485,0.0163418,FALSE,-0.2346674
E,R,290,-3.6928061,-1.0901184,3.5961768,-0.954485,0.0172,FALSE,-0.2846278
E,S,290,-0.8371685,-0.9918823,0.293404,-0.954485,0.0125766,FALSE,-0.2381789
E,T,290,-0.8919551,-0.9920425,0.4407911,-0.954485,0.0180353,FALSE,-0.2382488
E,V,290,-1.8823921,-0.7891121,1.7672758,-0.954485,0.0165482,FALSE,-0.1630526
E,W,290,-2.1065873,-1.4198494,1.4540781,-0.954485,0.0172,FALSE,-0.5004766
E,Y,290,-1.5175885,-1.3042183,0.8092591,-0.954485,0.0169771,FALSE,-0.4133164
C,A,291,-3.7711041,-2.107315,-1.7750012,-1.3374438,0.0169787,FALSE,-1.3022037
C,D,291,-3.4690276,-1.9127235,1.0303399,-1.3374438,0.0172,FALSE,-1.0271395
C,E,291,-3.3498418,-1.8625908,0.8461059,-1.3374438,0.0172,FALSE,-0.9620691
C,F,291,-3.8489242,-1.9496994,-1.1117588,-1.3374438,0.0150932,FALSE,-1.0767078
C,G,291,-3.8568419,-1.8483963,-1.9408117,-1.3374438,0.0159527,FALSE,-0.9440999
C,H,291,-3.4650236,-2.0986557,0.4407911,-1.3374438,0.0172,FALSE,-1.289246
C,I,291,-3.2480142,-1.9849663,-0.890678,-1.3374438,0.0172,FALSE,-1.1251999
C,K,291,-3.7623976,-2.1961746,1.730429,-1.3374438,0.0172,FALSE,-1.4387205
C,L,291,-4.0556227,-1.840004,-1.259146,-1.3374438,0.0172,FALSE,-0.9335714
C,M,291,-2.9298436,-1.7499619,-1.7565778,-1.3374438,0.0172,FALSE,-0.8251464
C,N,291,-3.6213688,-1.788002,-0.9091014,-1.3374438,0.0169787,FALSE,-0.8699326
C,P,291,-4.2341206,-1.9319954,-1.9592351,-1.3374438,0.0172,FALSE,-1.05281
C,Q,291,-3.6119766,-2.0110397,-0.8169844,-1.3374438,0.0172,FALSE,-1.1617967
C,R,291,-4.0132886,-1.9721413,3.0200669,-1.3374438,0.0163479,FALSE,-1.10743
C,S,291,-4.0914989,-1.8787498,-1.6091906,-1.3374438,0.0157622,FALSE,-0.9827709
C,T,291,-3.9520569,-2.106369,-1.7565778,-1.3374438,0.0172,FALSE,-1.300785
C,V,291,-3.7422795,-1.8982086,-1.2407226,-1.3374438,0.0172,FALSE,-1.0080445
C,W,291,-3.1315724,-2.0563354,-1.5539204,-1.3374438,0.0167631,FALSE,-1.2268417
C,Y,291,-2.962229,-1.9839745,-2.1250457,-1.3374438,0.0156277,FALSE,-1.1238202
N,A,292,-2.7295347,-1.0414162,-0.5222101,-1.1706674,0.0172,FALSE,-0.2606949
N,C,292,-2.4793981,-1.1983376,-0.9091014,-1.1706674,0.0172,FALSE,-0.3446601
N,D,292,-0.6319159,-0.0761452,-0.2224512,-1.1706674,0.0222565,FALSE,-0.0399544
N,E,292,-0.9828342,-0.7616234,-0.3329916,-1.1706674,0.0235158,FALSE,-0.154734
N,F,292,-1.6577243,-1.0601082,0.1410323,-1.1706674,0.0201118,FALSE,-0.2696647
N,G,292,-3.3499518,-1.0445099,-0.6880207,-1.1706674,0.0172,FALSE,-0.2621613
N,H,292,-1.0942338,-1.0352592,0.0723232,-1.1706674,0.0217908,FALSE,-0.2577981
N,I,292,-1.3472326,-0.9770393,0.362113,-1.1706674,0.0161403,FALSE,-0.2317752
N,K,292,-2.9334804,-1.2775917,0.4776379,-1.1706674,0.0135223,FALSE,-0.395079
N,L,292,-2.3405422,-1.2828522,-0.0063549,-1.1706674,0.0163416,FALSE,-0.3986293
N,M,292,-1.5909543,-1.0171165,-0.5037867,-1.1706674,0.0172,FALSE,-0.2494255
N,P,292,-4.2059029,-1.1190071,-1.1117588,-1.1706674,0.0172,FALSE,-0.2997045
N,Q,292,-1.4653884,-1.1242294,-2.0697755,-1.1706674,0.0172,FALSE,-0.3025019
N,R,292,-3.271203,-1.0320778,1.7672758,-1.1706674,0.0172,FALSE,-0.2563123
N,S,292,-0.4955329,-1.2551575,-1.4618034,-1.1706674,0.0180487,FALSE,-0.3802273
N,T,292,-0.7846455,-0.7088051,-1.3144162,-1.1706674,0.0280179,FALSE,-0.1398422
N,V,292,-1.2259612,-0.962429,0.0120685,-1.1706674,0.0165481,FALSE,-0.2256218
N,W,292,-1.717767,-1.0755959,-0.3011293,-1.1706674,0.0169771,FALSE,-0.2772993
N,Y,292,-0.9464792,-1.2437172,-0.9459482,-1.1706674,0.0167598,FALSE,-0.372832
T,A,293,-0.686219,-0.1168671,-1.3696864,-1.5434071,0.0156699,FALSE,-0.0433764
T,C,293,-2.2255883,-1.5206985,-1.7565778,-1.5434071,0.0172,FALSE,-0.5875118
T,D,293,-2.9207055,-1.2607422,0.6250251,-1.5434071,0.0172,FALSE,-0.3838809
T,E,293,-3.6030494,-1.3781395,0.4407911,-1.5434071,0.0172,FALSE,-0.4675148
T,F,293,-3.7913132,-1.3989601,-0.7064441,-1.5434071,0.0172,FALSE,-0.4837503
T,G,293,-3.214811,-1.3935852,-1.535497,-1.5434071,0.0172,FALSE,-0.4795176
T,H,293,-3.2289712,-1.3312035,0.0354764,-1.5434071,0.0169768,FALSE,-0.4324869
T,I,293,-3.6371622,-1.0807877,-0.4853633,-1.5434071,0.0172,FALSE,-0.2799002
T,K,293,-3.1178959,-1.443634,1.3251143,-1.5434071,0.0126775,FALSE,-0.5200596
T,L,293,-4.1076484,-1.4399986,-0.8538312,-1.5434071,0.0230305,FALSE,-0.5170291
T,M,293,-2.1220971,-1.0639,-1.351263,-1.5434071,0.0150269,FALSE,-0.2715167
T,N,293,-3.1234392,-1.1763268,-1.3144162,-1.5434071,0.0172,FALSE,-0.3316502
T,P,293,-3.7659461,-1.3692169,-1.9592351,-1.5434071,0.0172,FALSE,-0.4606892
T,Q,293,-4.1619322,-1.501133,-1.2222992,-1.5434071,0.0172,FALSE,-0.5698023
T,R,293,-3.4551842,-1.3857613,2.6147522,-1.5434071,0.0172,FALSE,-0.473408
T,S,293,-1.4588852,-1.1070824,-2.0145053,-1.5434071,0.0319764,FALSE,-0.2933998
T,V,293,-2.1435569,-1.2025604,-0.8354078,-1.5434071,0.0169768,FALSE,-0.3472044
T,W,293,-3.434098,-1.488842,-1.1486056,-1.5434071,0.0172,FALSE,-0.5588816
T,Y,293,-3.6360888,-1.5029335,-1.7934246,-1.5434071,0.0172,FALSE,-0.5714153
K,A,294,0.2937259,-1.322361,2.1173204,-1.2718545,0.0131934,FALSE,-0.4261281
K,C,294,-2.5499927,-1.562542,1.730429,-1.2718545,0.0172,FALSE,-0.6267344
K,D,294,-1.0592515,-1.432087,2.1223049,-1.2718545,0.01676,FALSE,-0.5104804
K,E,294,-1.1523277,-1.1502151,2.3065389,-1.2718545,0.0295368,FALSE,-0.316756
K,F,294,-0.6273369,-1.5282936,2.7805627,-1.2718545,0.0198549,FALSE,-0.5944944
K,G,294,-1.0060583,-1.4055824,1.9515098,-1.2718545,0.0153828,FALSE,-0.4890052
K,H,294,-0.4226583,-1.5263824,-0.8722546,-1.2718545,0.0302321,FALSE,-0.5927316
K,I,294,-0.5267245,-1.335125,3.0016435,-1.2718545,0.0176084,FALSE,-0.4353311
K,L,294,-0.4069148,-1.435669,2.6331756,-1.2718545,0.0157897,FALSE,-0.5134374
K,M,294,-1.3201543,-1.4674339,2.1357438,-1.2718545,0.0211589,FALSE,-0.5402347
K,N,294,-0.1951842,-1.3095627,0.4776379,-1.2718545,0.017458,FALSE,-0.4170577
K,P,294,-1.3477806,-1.4662399,1.5277716,-1.2718545,0.0157526,FALSE,-0.5392087
K,Q,294,-0.3400107,-1.3465843,0.385521,-1.2718545,0.0127446,FALSE,-0.4437279
K,R,294,0.3076308,-0.9471779,-0.8722546,-1.2718545,0.0190018,FALSE,-0.2193543
K,S,294,0.0461979,-1.5289497,1.1777271,-1.2718545,0.0664926,TRUE,-0.5951004
K,T,294,-1.0371199,-1.3282623,1.3251143,-1.2718545,0.0467374,FALSE,-0.4303634
K,V,294,-0.6681154,-1.2251778,2.6515989,-1.2718545,0.0132115,FALSE,-0.3611001
K,W,294,-1.2758715,-1.5339394,2.3384012,-1.2718545,0.0172,FALSE,-0.5997241
K,Y,294,-1.164961,-1.4593086,1.6935822,-1.2718545,0.0300746,FALSE,-0.5332814
C,A,295,-4.2693284,-2.0944214,-1.7750012,-1.7802254,0.0172,FALSE,-1.2829329
C,D,295,-3.6872303,-2.068386,1.0303399,-1.7802254,0.0172,FALSE,-1.2444532
C,E,295,-3.6928647,-1.9066925,0.8461059,-1.7802254,0.0172,FALSE,-1.0191804
C,F,295,-3.3259883,-1.9728088,-1.1117588,-1.7802254,0.015943,FALSE,-1.1083511
C,G,295,-3.6550901,-1.9080353,-1.9408117,-1.7802254,0.0172,FALSE,-1.0209494
C,H,295,-3.8745764,-2.0468483,0.4407911,-1.7802254,0.0172,FALSE,-1.2130664
C,I,295,-3.8034531,-2.0486603,-0.890678,-1.7802254,0.0172,FALSE,-1.2156913
C,K,295,-3.8192471,-1.8992233,1.730429,-1.7802254,0.0172,FALSE,-1.0093726
C,L,295,-4.0775703,-2.0802727,-1.259146,-1.7802254,0.0172,FALSE,-1.2619491
C,M,295,-3.5373525,-1.9946175,-1.7565778,-1.7802254,0.0172,FALSE,-1.1386733
C,N,295,-2.8214322,-1.8420715,-0.9091014,-1.7802254,0.0172,FALSE,-0.9361586
C,P,295,-3.331246,-2.077198,-1.9592351,-1.7802254,0.0172,FALSE,-1.2574117
C,Q,295,-2.8037238,-1.9990082,-0.8169844,-1.7802254,0.0172,FALSE,-1.1448314
C,R,295,-3.6285808,-2.1028557,3.0200669,-1.7802254,0.0235503,FALSE,-1.2955229
C,S,295,-3.7003709,-2.2014732,-1.6091906,-1.7802254,0.0153809,FALSE,-1.4470582
C,T,295,-3.8084541,-1.8969727,-1.7565778,-1.7802254,0.0172,FALSE,-1.0064281
C,V,295,-3.4938786,-1.9614754,-1.2407226,-1.7802254,0.0172,FALSE,-1.0927693
C,W,295,-3.3159258,-1.8584747,-1.5539204,-1.7802254,0.02058,FALSE,-0.9568376
C,Y,295,-2.6632623,-2.0928955,-2.1250457,-1.7802254,0.0130961,FALSE,-1.2806616
Q,A,296,-3.2559931,-1.7124557,-0.4300931,-1.7191907,0.0172,FALSE,-0.7824688
Q,C,296,-3.3682364,-1.6254234,-0.8169844,-1.7191907,0.0172,FALSE,-0.6891564
Q,D,296,-2.7346929,-1.8332977,-0.3145682,-1.7191907,0.0172,FALSE,-0.9252093
Q,E,296,-2.1116758,-2.1913795,-0.2408746,-1.7191907,0.0172,FALSE,-1.4311937
Q,F,296,-2.3896087,-1.941246,0.2331493,-1.7191907,0.0172,FALSE,-1.0652594
Q,G,296,-3.4261594,-1.6147995,-0.5959037,-1.7191907,0.0172,FALSE,-0.6783158
Q,H,296,-2.3012487,-1.8645706,0.1644402,-1.7191907,0.0167601,FALSE,-0.9645915
Q,I,296,-2.3884206,-2.0090103,0.45423,-1.7191907,0.0172,FALSE,-1.1589258
Q,K,296,-2.6698161,-1.8765831,0.385521,-1.7191907,0.0140448,FALSE,-0.9799799
Q,L,296,-3.7779259,-1.8669891,0.0857621,-1.7191907,0.01764,FALSE,-0.9676781
Q,M,296,-1.8609467,-1.9010086,-0.4116697,-1.7191907,0.0165484,FALSE,-1.0117119
Q,N,296,-2.767679,-2.0375175,-2.0697755,-1.7191907,0.0172,FALSE,-1.1995959
Q,P,296,-3.2358943,-1.8217468,-1.0196418,-1.7191907,0.0167601,FALSE,-0.9109137
Q,R,296,-3.0790492,-1.6987457,1.6751588,-1.7191907,0.0193867,FALSE,-0.7672377
Q,S,296,-3.1762495,-1.8102379,-1.3696864,-1.7191907,0.0169772,FALSE,-0.8968055
Q,T,296,-3.3878038,-1.9143295,-1.2222992,-1.7191907,0.0172,FALSE,-1.029265
Q,V,296,-3.0020319,-1.9001656,0.1041855,-1.7191907,0.0172,FALSE,-1.0106069
Q,W,296,-2.8391307,-1.9356155,-0.2090123,-1.7191907,0.0172,FALSE,-1.0576721
Q,Y,296,-2.8836455,-1.8259583,-0.8538312,-1.7191907,0.0172,FALSE,-0.9161102
T,A,297,-2.0695601,-1.5491409,-1.3696864,-1.7543324,0.0182284,FALSE,-0.613972
T,C,297,-2.7024326,-2.0241318,-1.7565778,-1.7543324,0.0172,FALSE,-1.1804076
T,D,297,-3.3576165,-2.0123558,0.6250251,-1.7543324,0.0172,FALSE,-1.1636605
T,E,297,-3.3055009,-1.954258,0.4407911,-1.7543324,0.02646,FALSE,-1.0829097
T,F,297,-3.2088291,-1.8787575,-0.7064441,-1.7543324,0.0172,FALSE,-0.9827808
T,G,297,-3.3479031,-1.9589348,-1.535497,-1.7543324,0.0172,FALSE,-1.089293
T,H,297,-2.8148545,-1.9009781,0.0354764,-1.7543324,0.0172,FALSE,-1.0116719
T,I,297,-2.3189808,-1.8371735,-0.4853633,-1.7543324,0.0194811,FALSE,-0.9300365
T,K,297,-2.4756967,-1.7290993,1.3251143,-1.7543324,0.0146959,FALSE,-0.801225
T,L,297,-2.1570454,-1.9119377,-0.8538312,-1.7543324,0.0198591,FALSE,-1.0261005
T,M,297,-3.1295112,-1.8180656,-1.351263,-1.7543324,0.0172,FALSE,-0.9063863
T,N,297,-2.6538242,-1.7814903,-1.3144162,-1.7543324,0.0169775,FALSE,-0.8621595
T,P,297,-2.7850988,-1.8492508,-1.9592351,-1.7543324,0.0193705,FALSE,-0.9451759
T,Q,297,-2.7380441,-1.7585182,-1.2222992,-1.7543324,0.0172,FALSE,-0.8350888
T,R,297,-3.2435121,-1.9759407,2.6147522,-1.7543324,0.0165492,FALSE,-1.1126783
T,S,297,-0.2677055,-1.7562904,-2.0145053,-1.7543324,0.0155676,FALSE,-0.8324928
T,V,297,-3.2606604,-1.705513,-0.8354078,-1.7543324,0.0172,FALSE,-0.774731
T,W,297,-2.9032579,-1.7849655,-1.1486056,-1.7543324,0.0172,FALSE,-0.8663025
T,Y,297,-2.9734827,-1.9701157,-1.7934246,-1.7543324,0.0169775,FALSE,-1.1046375
P,A,298,-1.9063522,-1.6602211,-1.5723438,-1.753331,0.0196108,FALSE,-0.7255023
P,C,298,-2.2751268,-2.0604439,-1.9592351,-1.753331,0.0172,FALSE,-1.2328318
P,D,298,-3.2693142,-1.8452415,0.8276825,-1.753331,0.0172,FALSE,-0.9401337
P,E,298,-2.7188277,-2.0990028,0.6434485,-1.753331,0.0172,FALSE,-1.2897642
P,F,298,-3.1461834,-1.9904213,-0.9091014,-1.753331,0.0172,FALSE,-1.1328047
P,G,298,-2.8968865,-1.9656258,-1.7381544,-1.753331,0.0172,FALSE,-1.0984615
P,H,298,-2.4076114,-1.8019562,0.2381338,-1.753331,0.013644,FALSE,-0.8867373
P,I,298,-3.6769243,-1.822689,-0.6880207,-1.753331,0.0172,FALSE,-0.9120747
P,K,298,-3.1033719,-2.0342484,1.5277716,-1.753331,0.0172,FALSE,-1.1948948
P,L,298,-3.5802226,-1.5333443,-1.0564886,-1.753331,0.0174313,FALSE,-0.5991713
P,M,298,-2.734819,-1.9590607,-1.5539204,-1.753331,0.0172,FALSE,-1.0894651
P,N,298,-3.516459,-1.788765,-1.1117588,-1.753331,0.0172,FALSE,-0.8708463
P,Q,298,-2.5196612,-1.8879089,-1.0196418,-1.753331,0.0159448,FALSE,-0.9946203
P,R,298,-3.7580285,-1.7651672,2.8174095,-1.753331,0.0172,FALSE,-0.8428677
P,S,298,-2.1187232,-2.0226936,-1.811848,-1.753331,0.016031,FALSE,-1.1783555
P,T,298,-2.266832,-2.0056725,-1.9592351,-1.753331,0.0127721,FALSE,-1.1542121
P,V,298,-2.5198525,-1.8553123,-1.0380652,-1.753331,0.0172,FALSE,-0.9528297
P,W,298,-2.7329862,-2.374817,-1.351263,-1.753331,0.0172,FALSE,-1.7309229
P,Y,298,-2.9145206,-2.0262108,-1.9960819,-1.753331,0.0172,FALSE,-1.1833773
Q,A,299,-0.4889222,-1.0273552,-0.4300931,-1.4549831,0.0186794,FALSE,-0.2541206
Q,C,299,-0.2002056,-1.4895134,-0.8169844,-1.4549831,0.0214244,FALSE,-0.5594741
Q,D,299,0.0950837,-1.0873375,-0.3145682,-1.4549831,0.0243082,FALSE,-0.2832116
Q,E,299,-0.4704594,-1.0650368,-0.2408746,-1.4549831,0.0265878,FALSE,-0.2720741
Q,F,299,-0.1159232,-1.2939911,0.2331493,-1.4549831,0.0157532,FALSE,-0.4062324
Q,G,299,-1.2233767,-0.9198074,-0.5959037,-1.4549831,0.0167602,FALSE,-0.2084959
Q,H,299,0.3133219,-0.4369202,0.1644402,-1.4549831,0.0221711,FALSE,-0.0822434
Q,I,299,0.4820834,-0.7391167,0.45423,-1.4549831,0.0163423,FALSE,-0.148217
Q,K,299,-0.921552,-0.0856361,0.385521,-1.4549831,0.0357877,FALSE,-0.0407275
Q,L,299,0.0666449,-0.3539352,0.0857621,-1.4549831,0.0157241,FALSE,-0.0697579
Q,M,299,0.7385745,-0.9087791,-0.4116697,-1.4549831,0.0221833,FALSE,-0.2042591
Q,N,299,-0.0648962,-0.7606659,-2.0697755,-1.4549831,0.02356,FALSE,-0.1544514
Q,P,299,-0.3993749,-1.0807076,-1.0196418,-1.4549831,0.0289296,FALSE,-0.2798599
Q,R,299,-0.7348285,-0.4356461,1.6751588,-1.4549831,0.0185381,FALSE,-0.0820364
Q,S,299,-0.0405847,-0.8275299,-1.3696864,-1.4549831,0.0176325,FALSE,-0.1753692
Q,T,299,0.2561321,-0.973381,-1.2222992,-1.4549831,0.0130809,FALSE,-0.2302206
Q,V,299,0.5423253,-0.6978226,0.1041855,-1.4549831,0.0184979,FALSE,-0.1369181
Q,W,299,-0.0342312,-1.0181236,-0.2090123,-1.4549831,0.0229445,FALSE,-0.2498839
Q,Y,299,0.6764,-0.9145393,-0.8538312,-1.4549831,0.0214284,FALSE,-0.2064623
G,A,300,-3.9957145,-1.9899788,-1.9960819,-1.6361601,0.0203774,FALSE,-1.1321867
G,C,300,-4.1511949,-2.1518936,-1.9408117,-1.6361601,0.0172,FALSE,-1.3698965
G,D,300,-3.496653,-2.0224876,1.2514207,-1.6361601,0.0172,FALSE,-1.1780618
G,E,300,-2.2092356,-1.958374,1.0671867,-1.6361601,0.015831,FALSE,-1.0885265
G,F,300,-3.9717446,-1.8729744,-1.3328396,-1.6361601,0.0172,FALSE,-0.9753419
G,H,300,-2.8337715,-1.7607574,0.6618719,-1.6361601,0.0172,FALSE,-0.8377034
G,I,300,-3.0268248,-1.9220657,-1.1117588,-1.6361601,0.0172,FALSE,-1.0395385
G,K,300,-3.748926,-1.6063232,1.9515098,-1.6361601,0.0172,FALSE,-0.6697526
G,L,300,-3.6691879,-1.8177338,-1.4802268,-1.6361601,0.0172,FALSE,-0.905979
G,M,300,-2.8800098,-1.8633995,-1.9776585,-1.6361601,0.0172,FALSE,-0.9630989
G,N,300,-3.6829349,-1.927063,-0.6880207,-1.6361601,0.0172,FALSE,-1.0462057
G,P,300,-3.5905206,-1.7994385,-1.7381544,-1.6361601,0.0169812,FALSE,-0.8836904
G,Q,300,-3.2134022,-2.020195,-0.5959037,-1.6361601,0.0172,FALSE,-1.1747949
G,R,300,-3.4205196,-2.0105171,3.2411477,-1.6361601,0.0167882,FALSE,-1.161057
G,S,300,-3.8378488,-1.9084091,-1.3881098,-1.6361601,0.0172,FALSE,-1.0214422
G,T,300,-2.9895443,-1.8564148,-1.535497,-1.6361601,0.016357,FALSE,-0.9542258
G,V,300,-2.9428392,-1.9871254,-1.4618034,-1.6361601,0.0229219,FALSE,-1.1282066
G,W,300,-3.6845523,-1.8897476,-1.7750012,-1.6361601,0.0172,FALSE,-0.9970091
G,Y,300,-3.9234394,-2.001442,-1.9039649,-1.6361601,0.0172,FALSE,-1.1482525
A,C,301,-3.8343407,-1.992485,-1.7750012,-1.6553444,0.0172,FALSE,-1.1356888
A,D,301,-2.6757754,-1.8058853,1.4172313,-1.6553444,0.0075169,FALSE,-0.8915052
A,E,301,-2.4223535,-1.8910027,1.2329973,-1.6553444,0.0172,FALSE,-0.9986416
A,F,301,-3.9204727,-1.899231,-1.4986502,-1.6553444,0.0172,FALSE,-1.0093827
A,G,301,-2.8075466,-1.7576256,-1.9960819,-1.6553444,0.0165494,FALSE,-0.8340481
A,H,301,-3.9700737,-1.928669,0.8276825,-1.6553444,0.0172,FALSE,-1.0483535
A,I,301,-3.269453,-1.7394981,-1.2775694,-1.6553444,0.0172,FALSE,-0.8130914
A,K,301,-3.9849064,-1.7201195,2.1173204,-1.6553444,0.0172,FALSE,-0.7910692
A,L,301,-3.9876099,-1.8202858,-1.6460374,-1.6553444,0.0172,FALSE,-0.9091152
A,M,301,-3.2471913,-1.877903,-2.1434691,-1.6553444,0.0172,FALSE,-0.9816796
A,N,301,-2.7146815,-1.6932144,-0.5222101,-1.6553444,0.0172,FALSE,-0.7611489
A,P,301,-3.7988149,-2.1025696,-1.5723438,-1.6553444,0.0169775,FALSE,-1.2950949
A,Q,301,-2.1770139,-1.8789291,-0.4300931,-1.6553444,0.0172,FALSE,-0.9830021
A,R,301,-3.2109782,-1.7937508,3.4069583,-1.6553444,0.0169775,FALSE,-0.8768314
A,S,301,-0.8463725,-1.478817,-1.2222992,-1.6553444,0.0178499,FALSE,-0.5500905
A,T,301,-2.6247694,-1.4617729,-1.3696864,-1.6553444,0.0176847,FALSE,-0.5353831
A,V,301,-2.7643851,-1.9156227,-1.627614,-1.6553444,0.0250331,FALSE,-1.0309783
A,W,301,-3.2756852,-1.9311371,-1.9408117,-1.6553444,0.0172,FALSE,-1.0516591
A,Y,301,-2.687087,-1.838562,-1.7381544,-1.6553444,0.0172,FALSE,-0.9317695
I,A,302,-2.6648774,-1.6022339,-1.2775694,-1.6660845,0.0172,FALSE,-0.6656486
I,C,302,-2.1393522,-1.5490112,-0.890678,-1.6660845,0.0172,FALSE,-0.6138494
I,D,302,-3.1637208,-1.7622452,2.3015544,-1.6660845,0.0172,FALSE,-0.8394435
I,E,302,-3.6487886,-1.7692833,2.1173204,-1.6660845,0.0172,FALSE,-0.8477063
I,F,302,-2.0812389,-1.678505,-1.9408117,-1.6660845,0.0172,FALSE,-0.7451142
I,G,302,-3.8204774,-1.6291313,-1.1117588,-1.6660845,0.0172,FALSE,-0.6929681
I,H,302,-2.8354726,-1.6964455,1.7120056,-1.6660845,0.0172,FALSE,-0.7647017
I,K,302,-1.5935162,-1.9241905,3.0016435,-1.6660845,0.0165493,FALSE,-1.0423704
I,L,302,-0.8502615,-1.132515,-1.7934246,-1.6660845,0.0184521,FALSE,-0.3069861
I,M,302,-1.9548197,-1.7438393,-1.2959928,-1.6660845,0.0132508,FALSE,-0.8180789
I,N,302,-3.8102253,-1.3999252,0.362113,-1.6660845,0.0172,FALSE,-0.4845134
I,P,302,-4.0978053,-1.8010521,-0.6880207,-1.6660845,0.0172,FALSE,-0.8856424
I,Q,302,-3.9128918,-1.6763115,0.45423,-1.6660845,0.0172,FALSE,-0.7427427
I,R,302,-3.6572189,-1.6568489,4.2912814,-1.6660845,0.0161421,FALSE,-0.7219238
I,S,302,-3.6081112,-1.699604,-0.3379761,-1.6660845,0.0172,FALSE,-0.7681854
I,T,302,-2.5906703,-1.7161369,-0.4853633,-1.6660845,0.0153851,FALSE,-0.7865921
I,V,302,-0.9237106,-1.1690292,-1.811848,-1.6660845,0.0172246,FALSE,-0.3274292
I,W,302,-1.9121315,-1.6777802,-1.4986502,-1.6660845,0.0172,FALSE,-0.74433
I,Y,302,-2.2620904,-1.6731415,-0.8538312,-1.6660845,0.0172,FALSE,-0.7393244
N,A,303,0.4139066,-1.8671379,-0.5222101,-1.1625369,0.0207073,FALSE,-0.9678682
N,C,303,-1.8671604,-1.7974739,-0.9091014,-1.1625369,0.0172,FALSE,-0.8813175
N,D,303,-0.1806966,-1.5860672,-0.2224512,-1.1625369,0.0229012,FALSE,-0.6495973
N,E,303,0.3402356,-1.739357,-0.3329916,-1.1625369,0.0197921,FALSE,-0.8129296
N,F,303,-0.2574505,-1.7228279,0.1410323,-1.1625369,0.0219,FALSE,-0.7941233
N,G,303,-0.6954004,-1.8154144,-0.6880207,-1.1625369,0.0191103,FALSE,-0.9031343
N,H,303,-0.3922893,-2.0909576,0.0723232,-1.1625369,0.017653,FALSE,-1.27778
N,I,303,-1.012046,-1.6369667,0.362113,-1.1625369,0.01615,FALSE,-0.7010709
N,K,303,-0.88729,-1.5906334,0.4776379,-1.1625369,0.0149843,FALSE,-0.6541028
N,L,303,-0.2312173,-1.7579689,-0.0063549,-1.1625369,0.0221365,FALSE,-0.8344483
N,M,303,-0.5490658,-1.6854591,-0.5037867,-1.1625369,0.0263345,FALSE,-0.7526663
N,P,303,-0.7911044,-1.8917313,-1.1117588,-1.1625369,0.014713,FALSE,-0.99959
N,Q,303,-0.3401923,-1.6791725,-2.0697755,-1.1625369,0.0169792,FALSE,-0.7458369
N,R,303,-0.6026138,-1.7040253,1.7672758,-1.1625369,0.0153981,FALSE,-0.7730796
N,S,303,-0.6719564,-1.7834816,-1.4618034,-1.1625369,0.0200244,FALSE,-0.8645319
N,T,303,0.3878687,-1.6204834,-1.3144162,-1.1625369,0.0224931,FALSE,-0.6841007
N,V,303,-0.2241672,-1.9876175,0.0120685,-1.1625369,0.0173341,FALSE,-1.1288925
N,W,303,-1.6571382,-1.730526,-0.3011293,-1.1625369,0.0172,FALSE,-0.8028463
N,Y,303,-0.3395288,-1.9116325,-0.9459482,-1.1625369,0.0193125,FALSE,-1.0256971
S,A,304,-1.2921826,-1.622509,-1.2222992,-1.5277736,0.0165556,FALSE,-0.6861706
S,C,304,-3.2421412,-1.5746918,-1.6091906,-1.5277736,0.0169797,FALSE,-0.638469
S,D,304,-2.9149912,-1.4914017,0.4776379,-1.5277736,0.0172,FALSE,-0.561143
S,E,304,-2.4116346,-1.4300919,0.293404,-1.5277736,0.0172,FALSE,-0.5088391
S,F,304,-2.8689512,-1.4947395,-0.5590569,-1.5277736,0.0172,FALSE,-0.564102
S,G,304,-1.0303917,-1.214634,-1.3881098,-1.5277736,0.0143981,FALSE,-0.3545656
S,H,304,-2.6303674,-1.6195145,-0.1119108,-1.5277736,0.0172,FALSE,-0.6831122
S,I,304,-2.1578477,-1.3057098,-0.3379761,-1.5277736,0.0180883,FALSE,-0.4143577
S,K,304,-2.5984625,-1.570919,1.1777271,-1.5277736,0.0172,FALSE,-0.6348084
S,L,304,-2.7475424,-1.5147896,-0.7064441,-1.5277736,0.0172,FALSE,-0.5821212
S,M,304,-2.8000774,-1.3978615,-1.2038758,-1.5277736,0.0172,FALSE,-0.4828828
S,N,304,-1.8127329,-0.9130173,-1.4618034,-1.5277736,0.022638,FALSE,-0.205878
S,P,304,-3.0528903,-1.726448,-1.811848,-1.5277736,0.0172,FALSE,-0.7982176
S,Q,304,-2.800414,-1.4979172,-1.3696864,-1.5277736,0.0172,FALSE,-0.5669298
S,R,304,-2.7392472,-1.3235664,2.467365,-1.5277736,0.0131161,FALSE,-0.4269905
S,T,304,-1.3046309,-1.1566391,-2.0145053,-1.5277736,0.0165556,FALSE,-0.3203666
S,V,304,-3.6437376,-1.548645,-0.6880207,-1.5277736,0.0172,FALSE,-0.6135034
S,W,304,-2.7849547,-1.5131874,-1.0012184,-1.5277736,0.0172,FALSE,-0.5806659
S,Y,304,-2.2958133,-1.6697655,-1.6460374,-1.5277736,0.0172,FALSE,-0.7356957
N,A,305,-0.0550722,-0.5758896,-0.5222101,-1.2610586,0.0210693,FALSE,-0.1080807
N,C,305,-2.3503683,-0.45755,-0.9091014,-1.2610586,0.0163471,FALSE,-0.0856656
N,D,305,0.2373336,-0.4167786,-0.2224512,-1.2610586,0.0155748,FALSE,-0.0790289
N,E,305,-1.8601158,-0.5945015,-0.3329916,-1.2610586,0.0172,FALSE,-0.1120773
N,F,305,-0.7996398,-0.6187859,0.1410323,-1.2610586,0.0243446,FALSE,-0.1175023
N,G,305,0.0845958,-0.3916664,-0.6880207,-1.2610586,0.0349786,FALSE,-0.0751901
N,H,305,-0.9418302,-0.7241249,0.0723232,-1.2610586,0.0163471,FALSE,-0.1440183
N,I,305,-1.0941223,-0.6636696,0.362113,-1.2610586,0.0167627,FALSE,-0.1281857
N,K,305,-1.0813614,-0.7232437,0.4776379,-1.2610586,0.0198628,FALSE,-0.143775
N,L,305,-0.1082968,-0.6119614,-0.0063549,-1.2610586,0.0203742,FALSE,-0.1159532
N,M,305,-1.1128658,-0.3794517,-0.5037867,-1.2610586,0.0172,FALSE,-0.0733884
N,P,305,-1.2394329,-0.5970726,-1.1117588,-1.2610586,0.0165523,FALSE,-0.1126403
N,Q,305,-1.8071129,-0.5985146,-2.0697755,-1.2610586,0.0172,FALSE,-0.1129572
N,R,305,-0.3889261,-0.4245071,1.7672758,-1.2610586,0.0240669,FALSE,-0.0802478
N,S,305,-0.252263,1.113121,-1.4618034,-1.2610586,0.0453697,FALSE,-0.0035106
N,T,305,-1.0266969,-0.1673851,-1.3144162,-1.2610586,0.0165523,FALSE,-0.0480219
N,V,305,-1.0104905,-0.3840981,0.0120685,-1.2610586,0.0319585,FALSE,-0.0740688
N,W,305,-2.2419597,-0.5739441,-0.3011293,-1.2610586,0.0172,FALSE,-0.1076708
N,Y,305,-1.7458243,-0.4673653,-0.9459482,-1.2610586,0.0167627,FALSE,-0.0873413
L,A,306,-0.8046192,-1.7610245,-1.6460374,-1.5411041,0.0150449,FALSE,-0.8380156
L,C,306,-0.2179561,-1.6567917,-1.259146,-1.5411041,0.0172,FALSE,-0.7218632
L,D,306,-2.9877149,-1.7077332,1.9330864,-1.5411041,0.0172,FALSE,-0.7772
L,E,306,-2.111585,-1.779541,1.7488524,-1.5411041,0.0172,FALSE,-0.8598412
L,F,306,-1.4872896,-1.578434,-2.0145053,-1.5411041,0.0149989,FALSE,-0.6421148
L,G,306,-3.9548791,-1.6594772,-1.4802268,-1.5411041,0.0172,FALSE,-0.7247118
L,H,306,-1.1064928,-1.6844368,1.3435377,-1.5411041,0.0165533,FALSE,-0.7515529
L,I,306,-1.5645938,-1.4069252,-1.7934246,-1.5411041,0.0144346,FALSE,-0.4900761
L,K,306,-0.8359881,-1.6730194,2.6331756,-1.5411041,0.0165533,FALSE,-0.739193
L,M,306,-1.9034226,-1.4634819,-1.6644608,-1.5411041,0.0167634,FALSE,-0.5368443
L,N,306,-2.9370822,-1.5686989,-0.0063549,-1.5411041,0.0172,FALSE,-0.6326614
L,P,306,-2.8705451,-1.7565918,-1.0564886,-1.5411041,0.0315153,FALSE,-0.8328437
L,Q,306,-1.9699506,-1.8730583,0.0857621,-1.5411041,0.0169789,FALSE,-0.9754496
L,R,306,0.2325897,-1.687355,3.9228134,-1.5411041,0.0235753,FALSE,-0.7547341
L,S,306,-0.6057493,-2.071186,-0.7064441,-1.5411041,0.0159535,FALSE,-1.2485635
L,T,306,-2.0152576,-1.5464935,-0.8538312,-1.5411041,0.0172,FALSE,-0.6114732
L,V,306,-2.1444492,-1.6110153,-2.1434691,-1.5411041,0.0163484,FALSE,-0.6744834
L,W,306,-2.5189884,-1.6844215,-1.8671182,-1.5411041,0.0172,FALSE,-0.7515363
L,Y,306,-1.2145633,-1.8769951,-1.2222992,-1.5411041,0.0172,FALSE,-0.9805103
P,A,307,-3.1207765,-2.13665,-1.5723438,-1.7366669,0.0172,FALSE,-1.3465655
P,C,307,-3.2249722,-2.0545235,-1.9592351,-1.7366669,0.0172,FALSE,-1.2242046
P,D,307,-3.9296196,-1.9361649,0.8276825,-1.7366669,0.0172,FALSE,-1.0584111
P,E,307,-3.6051634,-1.9245567,0.6434485,-1.7366669,0.0169786,FALSE,-1.0428589
P,F,307,-3.7250124,-2.0865784,-0.9091014,-1.7366669,0.0172,FALSE,-1.2712798
P,G,307,-3.2629115,-2.1077995,-1.7381544,-1.7366669,0.0169786,FALSE,-1.3029305
P,H,307,-3.5622679,-2.1773872,0.2381338,-1.7366669,0.0158045,FALSE,-1.409332
P,I,307,-3.1878805,-1.8099022,-0.6880207,-1.7366669,0.0167629,FALSE,-0.896396
P,K,307,-2.8172932,-2.2503815,1.5277716,-1.7366669,0.01764,FALSE,-1.5250147
P,L,307,-2.3365318,-1.9338493,-1.0564886,-1.7366669,0.0189969,FALSE,-1.0552984
P,M,307,-3.0795836,-1.8871002,-1.5539204,-1.7366669,0.0172,FALSE,-0.9935707
P,N,307,-3.533058,-1.7014618,-1.1117588,-1.7366669,0.0172,FALSE,-0.7702394
P,Q,307,-3.5359703,-2.032032,-1.0196418,-1.7366669,0.0172,FALSE,-1.191713
P,R,307,-3.5138815,-2.0685349,2.8174095,-1.7366669,0.0169786,FALSE,-1.2446716
P,S,307,-2.5810359,-2.1173592,-1.811848,-1.7366669,0.0154979,FALSE,-1.3173126
P,T,307,-3.8302954,-2.015255,-1.9592351,-1.7366669,0.0249,FALSE,-1.1677719
P,V,307,-3.22607,-1.9120369,-1.0380652,-1.7366669,0.0172,FALSE,-1.0262316
P,W,307,-3.4843118,-2.0351562,-1.351263,-1.7366669,0.0172,FALSE,-1.1961993
P,Y,307,-3.4822352,-1.8795395,-1.9960819,-1.7366669,0.0203743,FALSE,-0.9837893
F,A,308,-2.9675013,-2.1227798,-1.4986502,-1.9014491,0.0172,FALSE,-1.3255015
F,C,308,-3.6613696,-1.9514122,-1.1117588,-1.9014491,0.0167672,FALSE,-1.0790357
F,D,308,-4.07806,-1.9051743,2.0804736,-1.9014491,0.0172,FALSE,-1.0171824
F,E,308,-3.1974606,-2.0372162,1.8962396,-1.9014491,0.0172,FALSE,-1.1991622
F,G,308,-3.8392038,-1.8096237,-1.3328396,-1.9014491,0.0172,FALSE,-0.8960563
F,H,308,-3.6902294,-1.8156242,1.4909249,-1.9014491,0.0172,FALSE,-0.9033914
F,I,308,-3.1841593,-1.8326225,-1.9408117,-1.9014491,0.0168282,FALSE,-0.9243699
F,K,308,-3.2557157,-1.8309822,2.7805627,-1.9014491,0.0172,FALSE,-0.9223327
F,L,308,-2.4886783,-1.8574066,-2.0145053,-1.9014491,0.0116719,FALSE,-0.9554828
F,M,308,-2.1221971,-2.2114182,-1.5170736,-1.9014491,0.0172,FALSE,-1.462765
F,N,308,-3.9992463,-1.7731247,0.1410323,-1.9014491,0.0172,FALSE,-0.8522379
F,P,308,-3.8856091,-1.8307228,-0.9091014,-1.9014491,0.0172,FALSE,-0.9220108
F,Q,308,-3.2869982,-1.8646545,0.2331493,-1.9014491,0.0172,FALSE,-0.9646984
F,R,308,-3.6126244,-2.0903358,4.0702006,-1.9014491,0.0163556,FALSE,-1.276856
F,S,308,-3.1834565,-1.9723434,-0.5590569,-1.9014491,0.0176743,FALSE,-1.1077089
F,T,308,-3.1188574,-1.8832359,-0.7064441,-1.9014491,0.0167672,FALSE,-0.9885643
F,V,308,-3.054183,-1.8659935,-2.0329287,-1.9014491,0.0167672,FALSE,-0.9664067
F,W,308,-2.6462118,-1.8483391,-1.719731,-1.9014491,0.0169808,FALSE,-0.9440279
F,Y,308,-1.7719862,-1.9263153,-1.074912,-1.9014491,0.0149413,FALSE,-1.0452066
Q,A,309,-3.8565554,-2.0052643,-0.4300931,-1.7593148,0.0172,FALSE,-1.1536364
Q,C,309,-3.7464099,-1.8534317,-0.8169844,-1.7593148,0.0172,FALSE,-0.9504511
Q,D,309,-3.7388245,-1.9619598,-0.3145682,-1.7593148,0.016979,FALSE,-1.0934328
Q,E,309,-3.0701494,-1.8720589,-0.2408746,-1.7593148,0.0172,FALSE,-0.9741674
Q,F,309,-3.8775128,-1.7977715,0.2331493,-1.7593148,0.0172,FALSE,-0.8816767
Q,G,309,-4.2650653,-1.7234268,-0.5959037,-1.7593148,0.0172,FALSE,-0.7947997
Q,H,309,-2.9035574,-1.8465462,0.1644402,-1.7593148,0.0165537,FALSE,-0.9417728
Q,I,309,-3.7082173,-1.5957108,0.45423,-1.7593148,0.0172,FALSE,-0.6591387
Q,K,309,-3.8079104,-1.9608574,0.385521,-1.7593148,0.0126783,FALSE,-1.0919231
Q,L,309,-4.0158688,-1.7154999,0.0857621,-1.7593148,0.0198645,FALSE,-0.7858776
Q,M,309,-3.0326908,-1.9698067,-0.4116697,-1.7593148,0.0172,FALSE,-1.1042119
Q,N,309,-3.2363263,-1.9281311,-2.0697755,-1.7593148,0.0172,FALSE,-1.0476339
Q,P,309,-3.2305375,-1.7452164,-1.0196418,-1.7593148,0.0198645,FALSE,-0.8196651
Q,R,309,-3.1816975,-1.8253975,1.6751588,-1.7593148,0.0245783,FALSE,-0.9154172
Q,S,309,-3.5870563,-1.85112,-1.3696864,-1.7593148,0.0172,FALSE,-0.9475322
Q,T,309,-3.7390199,-1.8907051,-1.2222992,-1.7593148,0.0167637,FALSE,-0.9982544
Q,V,309,-4.5571406,-2.0191689,0.1041855,-1.7593148,0.0172,FALSE,-1.1733343
Q,W,309,-3.9513813,-1.9941406,-0.2090123,-1.7593148,0.0172,FALSE,-1.1380055
Q,Y,309,-3.4971814,-1.8685074,-0.8538312,-1.7593148,0.0172,FALSE,-0.9696188
N,A,310,-3.4662245,-1.9254799,-0.5222101,-1.5290543,0.0169788,FALSE,-1.044091
N,C,310,-2.6597732,-1.9895134,-0.9091014,-1.5290543,0.0172,FALSE,-1.131537
N,D,310,-2.932605,-1.7268982,-0.2224512,-1.5290543,0.0187151,FALSE,-0.7987278
N,E,310,-3.4526303,-1.9199219,-0.3329916,-1.5290543,0.0172,FALSE,-1.0366857
N,F,310,-2.9616446,-1.9069061,0.1410323,-1.5290543,0.0172,FALSE,-1.0194617
N,G,310,-3.6207103,-1.7379951,-0.6880207,-1.5290543,0.0172,FALSE,-0.8113693
N,H,310,-2.3534766,-1.8704147,0.0723232,-1.5290543,0.0172,FALSE,-0.97206
N,I,310,-3.5642001,-1.9833412,0.362113,-1.5290543,0.0172,FALSE,-1.1229397
N,K,310,-2.3724978,-2.013855,0.4776379,-1.5290543,0.0157627,FALSE,-1.1657856
N,L,310,-3.1861761,-1.907135,-0.0063549,-1.5290543,0.0172,FALSE,-1.0197632
N,M,310,-2.2444518,-2.0645332,-0.5037867,-1.5290543,0.0172,FALSE,-1.2388087
N,P,310,-3.4106809,-1.7178383,-1.1117588,-1.5290543,0.0172,FALSE,-0.7885027
N,Q,310,-2.8834381,-1.7563057,-2.0697755,-1.5290543,0.0172,FALSE,-0.8325106
N,R,310,-3.4478386,-1.8918991,1.7672758,-1.5290543,0.0172,FALSE,-0.9998085
N,S,310,-2.2976386,-1.9796829,-1.4618034,-1.5290543,0.0147091,FALSE,-1.1178608
N,T,310,-3.5251642,-1.8173981,-1.3144162,-1.5290543,0.027767,FALSE,-0.9055669
N,V,310,-1.4728862,-2.0774422,0.0120685,-1.5290543,0.0172,FALSE,-1.2577718
N,W,310,-2.944059,-1.8716354,-0.3011293,-1.5290543,0.0172,FALSE,-0.9736243
N,Y,310,-2.7262709,-1.9486427,-0.9459482,-1.5290543,0.0172,FALSE,-1.075273
I,A,311,-3.9037347,-1.0248375,-1.2775694,-1.6038218,0.0172,FALSE,-0.2529589
I,C,311,-1.9746717,-1.3642921,-0.890678,-1.6038218,0.0172,FALSE,-0.4569556
I,D,311,-3.3719127,-1.2003708,2.3015544,-1.6038218,0.0172,FALSE,-0.3458832
I,E,311,-3.2152289,-1.172924,2.1173204,-1.6038218,0.0172,FALSE,-0.3296763
I,F,311,-3.5206632,-1.1390152,-1.9408117,-1.6038218,0.0172,FALSE,-0.3105437
I,G,311,-4.2102253,-0.9214706,-1.1117588,-1.6038218,0.0172,FALSE,-0.2091417
I,H,311,-2.899382,-1.2633629,1.7120056,-1.6038218,0.0169771,FALSE,-0.3856054
I,K,311,-3.1572707,-1.2365417,3.0016435,-1.6038218,0.0190742,FALSE,-0.3682544
I,L,311,-2.1007538,-1.2132072,-1.7934246,-1.6038218,0.01676,FALSE,-0.353689
I,M,311,-2.3177168,-1.2212524,-1.2959928,-1.6038218,0.0312848,FALSE,-0.3586557
I,N,311,-2.2589722,-1.0482483,0.362113,-1.6038218,0.0172,FALSE,-0.2639428
I,P,311,-3.6615059,-1.1015282,-0.6880207,-1.6038218,0.0172,FALSE,-0.2905025
I,Q,311,-3.3431352,-1.140831,0.45423,-1.6038218,0.0172,FALSE,-0.3115438
I,R,311,-3.0781019,-1.1207161,4.2912814,-1.6038218,0.0169771,FALSE,-0.3006175
I,S,311,-3.6262885,-1.2792587,-0.3379761,-1.6038218,0.0172,FALSE,-0.3962013
I,T,311,-2.9026299,-1.0994949,-0.4853633,-1.6038218,0.0156728,FALSE,-0.289448
I,V,311,-0.2464814,0.3129501,-1.811848,-1.6038218,0.0153881,FALSE,-0.0181207
I,W,311,-3.0204042,-1.0337105,-1.4986502,-1.6038218,0.0172,FALSE,-0.2570739
I,Y,311,-3.123677,-1.2335396,-0.8538312,-1.6038218,0.0172,FALSE,-0.3663531
H,A,312,-0.2046184,-1.8351059,0.8276825,-1.6901978,0.0183143,FALSE,-0.9274595
H,C,312,-1.6792277,-1.996357,0.4407911,-1.6901978,0.0165488,FALSE,-1.1411109
H,D,312,-0.2990645,-1.9757004,2.0117645,-1.6901978,0.0146942,FALSE,-1.112346
H,E,312,-2.6500328,-1.9761734,1.8275305,-1.6901978,0.023031,FALSE,-1.1130002
H,F,312,-2.1473662,-2.1450615,1.4909249,-1.6901978,0.0172,FALSE,-1.3594164
H,G,312,-0.9672123,-2.052639,0.6618719,-1.6901978,0.0176331,FALSE,-1.221465
H,I,312,-3.1505845,-1.8353691,1.7120056,-1.6901978,0.0172,FALSE,-0.9277873
H,K,312,-3.3881922,-1.9931984,-0.8722546,-1.6901978,0.0172,FALSE,-1.1366868
H,L,312,-3.8974551,-1.7870216,1.3435377,-1.6901978,0.0172,FALSE,-0.8687595
H,M,312,-2.7781218,-1.9200516,0.8461059,-1.6901978,0.0172,FALSE,-1.0368582
H,N,312,-0.6806524,-1.9473,0.0723232,-1.6901978,0.0146248,FALSE,-1.0734513
H,P,312,-2.9323616,-2.1662445,0.2381338,-1.6901978,0.0157535,FALSE,-1.3920321
H,Q,312,-2.9473574,-1.9591255,0.1644402,-1.6901978,0.0113089,FALSE,-1.0895537
H,R,312,-2.890621,-1.9614563,0.4173832,-1.6901978,0.0310148,FALSE,-1.0927432
H,S,312,0.5387225,-2.0928802,-0.1119108,-1.6901978,0.0227765,FALSE,-1.2806389
H,T,312,-0.5321318,-1.8836517,0.0354764,-1.6901978,0.0184254,FALSE,-0.9891023
H,V,312,-2.8130119,-2.0341072,1.3619611,-1.6901978,0.0172,FALSE,-1.194692
H,W,312,-2.2725163,-1.8844757,1.0487633,-1.6901978,0.0172,FALSE,-0.9901689
H,Y,312,-2.1139044,-1.9107666,0.4039443,-1.6901978,0.0259628,FALSE,-1.0245531
P,A,313,-0.0162667,-1.8780975,-1.5723438,-1.7212648,0.0152141,FALSE,-0.9819302
P,C,313,-3.4723322,-2.1843987,-1.9592351,-1.7212648,0.0172,FALSE,-1.4202678
P,D,313,-3.0513625,-1.9038582,0.8276825,-1.7212648,0.0169784,FALSE,-1.0154522
P,E,313,-2.0937617,-1.9328079,0.6434485,-1.7212648,0.0172,FALSE,-1.0539002
P,F,313,-2.3254354,-1.8916206,-0.9091014,-1.7212648,0.0172,FALSE,-0.9994459
P,G,313,-2.3713627,-1.9125404,-1.7381544,-1.7212648,0.0165519,FALSE,-1.0268974
P,H,313,-0.5864283,-2.2846413,0.2381338,-1.7212648,0.0165519,FALSE,-1.580658
P,I,313,-2.9302642,-2.1578407,-0.6880207,-1.7212648,0.0169784,FALSE,-1.3790497
P,K,313,-0.6852283,-2.2426796,1.5277716,-1.7212648,0.0229518,FALSE,-1.5126212
P,L,313,-2.9605707,-1.8937988,-1.0564886,-1.7212648,0.0181161,FALSE,-1.0022841
P,M,313,-2.5154668,-2.124939,-1.5539204,-1.7212648,0.0172,FALSE,-1.3287701
P,N,313,-3.4006843,-2.0656204,-1.1117588,-1.7212648,0.0172,FALSE,-1.2404001
P,Q,313,-1.8922904,-2.2450485,-1.0196418,-1.7212648,0.0172,FALSE,-1.5164285
P,R,313,-0.6945817,-1.8904572,2.8174095,-1.7212648,0.0181555,FALSE,-0.9979319
P,S,313,-1.9631552,-1.948288,-1.811848,-1.7212648,0.0230359,FALSE,-1.0747916
P,T,313,-2.1205827,-1.933815,-1.9592351,-1.7212648,0.0154511,FALSE,-1.0552523
P,V,313,-2.6645597,-2.1073914,-1.0380652,-1.7212648,0.0165519,FALSE,-1.3023183
P,W,313,-0.8344109,-2.0438156,-1.351263,-1.7212648,0.0358023,FALSE,-1.2086797
P,Y,313,-1.8227664,-1.8567467,-1.9960819,-1.7212648,0.0172,FALSE,-0.9546464
V,A,314,-1.6293108,-1.5051613,-1.627614,-1.8118217,0.0167873,FALSE,-0.5734158
V,C,314,-2.1473315,-1.5038338,-1.2407226,-1.8118217,0.0167723,FALSE,-0.5722231
V,D,314,-0.5513389,-1.5681839,1.9515098,-1.8118217,0.0163654,FALSE,-0.6321641
V,E,314,-1.8268671,-1.4494057,1.7672758,-1.8118217,0.0169835,FALSE,-0.5248988
V,F,314,-0.4944553,-1.4027443,-2.0329287,-1.8118217,0.0158135,FALSE,-0.4867477
V,G,314,-2.380496,-1.4381485,-1.4618034,-1.8118217,0.0163654,FALSE,-0.515492
V,H,314,-0.1631449,-1.4982071,1.3619611,-1.8118217,0.0211171,FALSE,-0.5671884
V,I,314,-0.5449211,-0.7404556,-1.811848,-1.8118217,0.0127952,FALSE,-0.1485975
V,K,314,-1.1996585,-1.4587326,2.6515989,-1.8118217,0.0172,FALSE,-0.5327911
V,L,314,-0.823366,-1.439785,-2.1434691,-1.8118217,0.0200619,FALSE,-0.5168514
V,M,314,0.1530991,-1.3113441,-1.6460374,-1.8118217,0.0236113,FALSE,-0.4183108
V,N,314,0.1545295,-1.4802818,0.0120685,-1.8118217,0.0173263,FALSE,-0.5513685
V,P,314,-3.7319671,-1.4842949,-1.0380652,-1.8118217,0.0172,FALSE,-0.5548812
V,Q,314,-0.5116932,-1.5448112,0.1041855,-1.8118217,0.0169632,FALSE,-0.6098891
V,R,314,-0.7734456,-1.4244156,3.9412368,-1.8118217,0.0159598,FALSE,-0.5041915
V,S,314,-0.9892841,-1.3335953,-0.6880207,-1.8118217,0.0228249,FALSE,-0.4342198
V,T,314,-0.9273374,-1.3941269,-0.8354078,-1.8118217,0.0160495,FALSE,-0.4799429
V,W,314,-1.3959686,-1.542244,-1.8486948,-1.8118217,0.0172,FALSE,-0.6074776
V,Y,314,0.6511499,-1.5720062,-1.2038758,-1.8118217,0.0131152,FALSE,-0.6358618
T,A,315,-0.6016367,-1.6906395,-1.3696864,-1.865798,0.0210905,FALSE,-0.7583255
T,C,315,-0.9140064,-1.9323502,-1.7565778,-1.865798,0.015599,FALSE,-1.053286
T,D,315,-3.4730227,-1.6571007,0.6250251,-1.865798,0.0172,FALSE,-0.7221906
T,E,315,-3.5296095,-1.8230438,0.4407911,-1.865798,0.0169821,FALSE,-0.9125121
T,F,315,-1.0951682,-1.865078,-0.7064441,-1.865798,0.0200265,FALSE,-0.9652385
T,G,315,-0.0598084,-1.9023895,-1.535497,-1.865798,0.0254347,FALSE,-1.0135235
T,H,315,-1.3406173,-1.9510117,0.0354764,-1.865798,0.0167697,FALSE,-1.0784911
T,I,315,-1.5251108,-1.8846321,-0.4853633,-1.865798,0.0193276,FALSE,-0.9903714
T,K,315,-2.8394524,-1.9268913,1.3251143,-1.865798,0.0134528,FALSE,-1.0459762
T,L,315,-2.4135837,-1.9706573,-0.8538312,-1.865798,0.0163604,FALSE,-1.1053838
T,M,315,-2.419234,-1.7480316,-1.351263,-1.865798,0.0169821,FALSE,-0.8229139
T,N,315,-1.8049311,-1.7398491,-1.3144162,-1.865798,0.0163604,FALSE,-0.8134939
T,P,315,-3.7141167,-1.9540558,-1.9592351,-1.865798,0.0268834,FALSE,-1.0826342
T,Q,315,-1.8871663,-2.0686226,-1.2222992,-1.865798,0.0167697,FALSE,-1.2448003
T,R,315,-2.2265168,-2.0456352,2.6147522,-1.865798,0.018836,FALSE,-1.2113107
T,S,315,-0.6652611,-1.5956573,-2.0145053,-1.865798,0.0189705,FALSE,-0.6590855
T,V,315,-0.222558,-1.7560234,-0.8354078,-1.865798,0.018187,FALSE,-0.832182
T,W,315,-2.1572785,-2.009056,-1.1486056,-1.865798,0.0172,FALSE,-1.1589904
T,Y,315,0.1074153,-1.9970169,-1.7934246,-1.865798,0.0147414,FALSE,-1.1420363
I,A,316,-3.5293482,-1.7870865,-1.2775694,-1.8125403,0.0249,FALSE,-0.8688371
I,C,316,-3.0878837,-1.5850487,-0.890678,-1.8125403,0.0172,FALSE,-0.6485953
I,D,316,-2.8756305,-1.9295578,2.3015544,-1.8125403,0.0169859,FALSE,-1.0495432
I,E,316,-3.7419466,-1.758255,2.1173204,-1.8125403,0.0172,FALSE,-0.8347819
I,F,316,-3.1116813,-1.9592247,-1.9408117,-1.8125403,0.0249,FALSE,-1.0896894
I,G,316,-3.3604994,-1.9270325,-1.1117588,-1.8125403,0.0172,FALSE,-1.0461649
I,H,316,-3.5797202,-1.9255981,1.7120056,-1.8125403,0.0172,FALSE,-1.0442488
I,K,316,-2.3665755,-1.6465569,3.0016435,-1.8125403,0.0167771,FALSE,-0.711077
I,L,316,-1.3061553,-1.6753349,-1.7934246,-1.8125403,0.0278056,FALSE,-0.7416885
I,M,316,-1.9953952,-1.7474632,-1.2959928,-1.8125403,0.0244748,FALSE,-0.8222573
I,N,316,-3.4981029,-1.8479424,0.362113,-1.8125403,0.0172,FALSE,-0.9435286
I,P,316,-3.0564376,-1.7560654,-0.6880207,-1.8125403,0.0172,FALSE,-0.8322309
I,Q,316,-2.9918091,-1.6685066,0.45423,-1.8125403,0.0172,FALSE,-0.7343457
I,R,316,-3.1329024,-1.7457047,4.2912814,-1.8125403,0.0172,FALSE,-0.820228
I,S,316,-3.5714009,-1.7211952,-0.3379761,-1.8125403,0.0169859,FALSE,-0.7922813
I,T,316,-3.058245,-1.833458,-0.4853633,-1.8125403,0.0181953,FALSE,-0.9254087
I,V,316,-0.5836368,-1.194973,-1.811848,-1.8125403,0.0159195,FALSE,-0.3426441
I,W,316,-3.395933,-1.7578697,-1.4986502,-1.8125403,0.0172,FALSE,-0.8343326
I,Y,316,-3.0633187,-1.6553955,-0.8538312,-1.8125403,0.0169859,FALSE,-0.7203853
G,A,317,-4.2325671,-1.7989807,-1.9960819,-1.6641217,0.0172,FALSE,-0.8831371
G,C,317,-3.7603227,-1.9646988,-1.9408117,-1.6641217,0.0172,FALSE,-1.0971887
G,D,317,-3.5970581,-1.8460808,1.2514207,-1.6641217,0.0172,FALSE,-0.9411879
G,E,317,-2.893875,-1.9654274,1.0671867,-1.6641217,0.0313479,FALSE,-1.098189
G,F,317,-3.588274,-1.6915245,-1.3328396,-1.6641217,0.0167954,FALSE,-0.7592951
G,H,317,-4.1042101,-1.7903786,0.6618719,-1.6641217,0.0172,FALSE,-0.8727805
G,I,317,-3.5222385,-1.8751335,-1.1117588,-1.6641217,0.0172,FALSE,-0.9781153
G,K,317,-2.8592867,-1.8676491,1.9515098,-1.6641217,0.0172,FALSE,-0.9685214
G,L,317,-3.5913849,-1.9099579,-1.4802268,-1.6641217,0.01764,FALSE,-1.0234853
G,M,317,-3.484989,-2.036934,-1.9776585,-1.6641217,0.0172,FALSE,-1.1987561
G,N,317,-3.1765166,-1.8008614,-0.6880207,-1.6641217,0.0172,FALSE,-0.8854116
G,P,317,-3.8666905,-1.9692535,-1.7381544,-1.6641217,0.0172,FALSE,-1.1034501
G,Q,317,-3.3731647,-2.0797882,-0.5959037,-1.6641217,0.0172,FALSE,-1.2612336
G,R,317,-3.6426354,-2.0253181,3.2411477,-1.6641217,0.0175645,FALSE,-1.1821016
G,S,317,-3.8851749,-1.861042,-1.3881098,-1.6641217,0.0167954,FALSE,-0.9600986
G,T,317,-3.4862268,-1.7313156,-1.535497,-1.6641217,0.0169953,FALSE,-0.8037446
G,V,317,-4.131507,-2.052353,-1.4618034,-1.6641217,0.0172,FALSE,-1.2210495
G,W,317,-3.0132036,-1.8673363,-1.7750012,-1.6641217,0.0172,FALSE,-0.9681217
G,Y,317,-4.0330818,-1.8446579,-1.9039649,-1.6641217,0.0172,FALSE,-0.9394011
E,A,318,-0.8793121,-1.808712,1.2329973,-1.410953,0.0226043,FALSE,-0.8949451
E,C,318,-2.3654027,-1.7833824,0.8461059,-1.410953,0.0172,FALSE,-0.8644136
E,D,318,-0.2942712,-1.8277664,-1.9776585,-1.410953,0.0166942,FALSE,-0.9183467
E,F,318,-1.8346157,-1.8486786,1.8962396,-1.410953,0.0167912,FALSE,-0.9444553
E,G,318,-2.390861,-1.66679,1.0671867,-1.410953,0.0177007,FALSE,-0.7325075
E,H,318,-0.1143803,-1.7391624,1.8275305,-1.410953,0.0115679,FALSE,-0.8127066
E,I,318,-1.3810494,-1.917984,2.1173204,-1.410953,0.0156738,FALSE,-1.0341108
E,K,318,-1.123844,-1.3083725,2.3065389,-1.410953,0.0286737,FALSE,-0.4162222
E,L,318,-1.3886604,-1.8201714,1.7488524,-1.410953,0.0227299,FALSE,-0.9089745
E,M,318,-0.9776427,-1.7930069,1.2514207,-1.410953,0.0344029,FALSE,-0.8759368
E,N,318,-0.5404962,-1.7332153,-0.3329916,-1.410953,0.0157935,FALSE,-0.8059083
E,P,318,-3.7517422,-1.99263,0.6434485,-1.410953,0.0172,FALSE,-1.1358916
E,Q,318,-0.2858269,-2.0486794,-0.2408746,-1.410953,0.0162133,FALSE,-1.215719
E,R,318,-0.6367092,-1.6398735,3.5961768,-1.410953,0.0266108,FALSE,-0.7040934
E,S,318,-0.329522,-1.6574059,0.293404,-1.410953,0.0225185,FALSE,-0.7225141
E,T,318,-0.115902,-1.8355675,0.4407911,-1.410953,0.0139694,FALSE,-0.9280344
E,V,318,-1.4394667,-1.6042442,1.7672758,-1.410953,0.0228756,FALSE,-0.6676639
E,W,318,-2.3756908,-1.865406,1.4540781,-1.410953,0.0172,FALSE,-0.965657
E,Y,318,-2.976747,-1.8271294,0.8092591,-1.410953,0.0169932,FALSE,-0.9175584
C,A,319,-2.9675288,-2.0905952,-1.7750012,-1.8630198,0.0172,FALSE,-1.2772414
C,D,319,-2.9766968,-2.09663,1.0303399,-1.8630198,0.0172,FALSE,-1.2862239
C,E,319,-3.7066389,-2.2594032,0.8461059,-1.8630198,0.0172,FALSE,-1.5395864
C,F,319,-2.6974323,-2.0605164,-1.1117588,-1.8630198,0.0216879,FALSE,-1.2329376
C,G,319,-4.033232,-2.1486015,-1.9408117,-1.8630198,0.0169961,FALSE,-1.3648419
C,H,319,-3.2765455,-1.9709167,0.4407911,-1.8630198,0.0172,FALSE,-1.1057413
C,I,319,-3.2808276,-2.285015,-0.890678,-1.8630198,0.0249,FALSE,-1.5812695
C,K,319,-3.3418768,-2.0337029,1.730429,-1.8630198,0.0169961,FALSE,-1.1941113
C,L,319,-3.3500791,-1.990284,-1.259146,-1.8630198,0.0172,FALSE,-1.1326129
C,M,319,-3.079403,-1.9716682,-1.7565778,-1.8630198,0.0172,FALSE,-1.1067775
C,N,319,-3.1074964,-1.9297562,-0.9091014,-1.8630198,0.0172,FALSE,-1.0498089
C,P,319,-3.4430853,-2.126545,-1.9592351,-1.8630198,0.0172,FALSE,-1.3312038
C,Q,319,-3.2667976,-1.8952751,-0.8169844,-1.8630198,0.0172,FALSE,-1.0042104
C,R,319,-3.4140562,-1.9355927,3.0200669,-1.8630198,0.0266273,FALSE,-1.0576415
C,S,319,-3.6649734,-2.190174,-1.6091906,-1.8630198,0.0164125,FALSE,-1.4293042
C,T,319,-3.7992257,-1.8391533,-1.7565778,-1.8630198,0.0172,FALSE,-0.9325081
C,V,319,-3.1589393,-1.8353882,-1.2407226,-1.8630198,0.0172,FALSE,-0.9278111
C,W,319,-2.7142136,-2.1046562,-1.5539204,-1.8630198,0.016797,FALSE,-1.2982183
C,Y,319,-2.832247,-2.0784378,-2.1250457,-1.8630198,0.0158473,FALSE,-1.2592403
P,A,320,-1.450839,-1.902935,-1.5723438,-1.703922,0.0172,FALSE,-1.0142396
P,C,320,-3.2674901,-2.0601692,-1.9592351,-1.703922,0.0169963,FALSE,-1.2324308
P,D,320,-3.6867094,-2.032257,0.8276825,-1.703922,0.0172,FALSE,-1.1920358
P,E,320,-3.6551642,-2.0023232,0.6434485,-1.703922,0.0172,FALSE,-1.1494925
P,F,320,-3.3184013,-2.0655823,-0.9091014,-1.703922,0.0172,FALSE,-1.2403444
P,G,320,-2.027176,-1.7760506,-1.7381544,-1.703922,0.0169963,FALSE,-0.8556998
P,H,320,-3.822901,-2.0774727,0.2381338,-1.703922,0.0172,FALSE,-1.2578168
P,I,320,-4.1044234,-2.05122,-0.6880207,-1.703922,0.0172,FALSE,-1.2194042
P,K,320,-3.6589629,-2.0881958,1.5277716,-1.703922,0.0172,FALSE,-1.2736787
P,L,320,-3.3020973,-2.145649,-1.0564886,-1.703922,0.0182362,FALSE,-1.3603161
P,M,320,-2.9636062,-2.094471,-1.5539204,-1.703922,0.0172,FALSE,-1.2830068
P,N,320,-3.9202688,-1.9326324,-1.1117588,-1.703922,0.0172,FALSE,-1.0536646
P,Q,320,-2.8702979,-2.0825272,-1.0196418,-1.703922,0.0172,FALSE,-1.2652812
P,R,320,-3.5386098,-2.0506477,2.8174095,-1.703922,0.0172,FALSE,-1.2185736
P,S,320,-3.2692801,-1.9402237,-1.811848,-1.703922,0.0176748,FALSE,-1.0638796
P,T,320,-3.5418223,-2.0564766,-1.9592351,-1.703922,0.0151535,FALSE,-1.2270473
P,V,320,-2.8775302,-2.0184898,-1.0380652,-1.703922,0.0172,FALSE,-1.1723682
P,W,320,-3.5338237,-1.8073235,-1.351263,-1.703922,0.0172,FALSE,-0.8932544
P,Y,320,-3.2326716,-1.9696693,-1.9960819,-1.703922,0.0172,FALSE,-1.1040226
K,A,321,-1.7811887,-1.8776245,2.1173204,-1.8373756,0.016475,FALSE,-0.9813208
K,C,321,-2.5599806,-1.8046112,1.730429,-1.8373756,0.0172,FALSE,-0.8899573
K,D,321,-2.9679193,-1.909935,2.1223049,-1.8373756,0.0172,FALSE,-1.0234551
K,E,321,-2.8569151,-1.8498878,2.3065389,-1.8373756,0.0199805,FALSE,-0.9459785
K,F,321,-2.827203,-2.2549896,2.7805627,-1.8373756,0.0172,FALSE,-1.5324503
K,G,321,-2.4445652,-1.9714737,1.9515098,-1.8373756,0.0172,FALSE,-1.1065092
K,H,321,-1.4828074,-1.8755913,-0.8722546,-1.8373756,0.0168297,FALSE,-0.978704
K,I,321,-0.5275092,-2.1714134,3.0016435,-1.8373756,0.021517,FALSE,-1.400045
K,L,321,-1.0006767,-1.8769569,2.6331756,-1.8373756,0.0154953,FALSE,-0.9804611
K,M,321,-1.343152,-2.0651855,2.1357438,-1.8373756,0.0172,FALSE,-1.2397634
K,N,321,-2.1546228,-1.9230499,0.4776379,-1.8373756,0.0168297,FALSE,-1.0408497
K,P,321,-4.0662977,-1.8146706,1.5277716,-1.8373756,0.0172,FALSE,-0.9022233
K,Q,321,-1.4743771,-1.9517975,0.385521,-1.8373756,0.0173518,FALSE,-1.0795598
K,R,321,0.4096272,-1.4589005,-0.8722546,-1.8373756,0.0137191,FALSE,-0.532934
K,S,321,-1.6597886,-1.8846092,1.1777271,-1.8373756,0.0186796,FALSE,-0.9903418
K,T,321,-0.6549058,-1.8555412,1.3251143,-1.8373756,0.0151941,FALSE,-0.9531195
K,V,321,-0.8135854,-1.8375244,2.6515989,-1.8373756,0.0163286,FALSE,-0.9304743
K,W,321,-2.5899514,-2.082119,2.3384012,-1.8373756,0.02064,FALSE,-1.2646776
K,Y,321,-3.4619394,-2.0958557,1.6935822,-1.8373756,0.0172,FALSE,-1.2850697
Y,A,322,-3.1051436,-2.1558342,-1.7381544,-1.7235317,0.0172,FALSE,-1.3759583
Y,C,322,-2.770934,-1.8942719,-2.1250457,-1.7235317,0.0199481,FALSE,-1.0029012
Y,D,322,-3.1249229,-1.7709312,0.9934931,-1.7235317,0.0168001,FALSE,-0.8496484
Y,E,322,-3.3933374,-2.0224266,0.8092591,-1.7235317,0.0172,FALSE,-1.1779748
Y,F,322,-0.1301082,-1.9008331,-1.074912,-1.7235317,0.021801,FALSE,-1.0114818
Y,G,322,-3.9418234,-1.8933067,-1.9039649,-1.7235317,0.0172,FALSE,-1.0016425
Y,H,322,-1.9739488,-1.8718185,0.4039443,-1.7235317,0.0169509,FALSE,-0.9738591
Y,I,322,-2.9580522,-2.2004547,-0.8538312,-1.7235317,0.0169977,FALSE,-1.4454538
Y,K,322,-3.4276596,-2.0579872,1.6935822,-1.7235317,0.0172,FALSE,-1.2292482
Y,L,322,-3.6800565,-1.7871017,-1.2222992,-1.7235317,0.0168001,FALSE,-0.8688553
Y,M,322,-2.483032,-1.7947083,-1.719731,-1.7235317,0.01764,FALSE,-0.8779838
Y,N,322,-3.6120822,-2.278778,-0.9459482,-1.7235317,0.0203972,FALSE,-1.5710763
Y,P,322,-3.7080684,-1.7547607,-1.9960819,-1.7235317,0.0172,FALSE,-0.8307132
Y,Q,322,-3.133033,-1.98386,-0.8538312,-1.7235317,0.0169977,FALSE,-1.123661
Y,R,322,-4.4713618,-2.118023,2.9832201,-1.7235317,0.0172,FALSE,-1.3183141
Y,S,322,-3.6457642,-1.9074478,-1.6460374,-1.7235317,0.0169977,FALSE,-1.0201752
Y,T,322,-3.4394649,-1.8112984,-1.7934246,-1.7235317,0.0172,FALSE,-0.8980998
Y,V,322,-3.8828711,-1.8519363,-1.2038758,-1.7235317,0.0172,FALSE,-0.9485623
Y,W,322,-2.4412305,-1.9275703,-1.5170736,-1.7235317,0.0172,FALSE,-1.0468839
V,A,323,-3.136102,-1.8220253,-1.627614,-1.8667945,0.0148376,FALSE,-0.9112568
V,C,323,-3.3559762,-2.019867,-1.2407226,-1.8667945,0.0172,FALSE,-1.1743279
V,D,323,-2.965303,-1.769619,1.9515098,-1.8667945,0.020255,FALSE,-0.8481017
V,E,323,-3.5057572,-1.9730301,1.7672758,-1.8667945,0.0172,FALSE,-1.1086566
V,F,323,-3.4424605,-1.8808975,-2.0329287,-1.8667945,0.0168285,FALSE,-0.985542
V,G,323,-2.8567877,-1.9617233,-1.4618034,-1.8667945,0.0168285,FALSE,-1.0931088
V,H,323,-3.3063275,-1.9883995,1.3619611,-1.8667945,0.0172,FALSE,-1.1299829
V,I,323,0.0237903,-1.3212891,-1.811848,-1.8667945,0.0178892,FALSE,-0.4253624
V,K,323,-3.4903712,-1.795639,2.6515989,-1.8667945,0.0172,FALSE,-0.8791048
V,L,323,-0.6764693,-1.9814224,-2.1434691,-1.8667945,0.0178773,FALSE,-1.1202742
V,M,323,-3.0596048,-1.8808632,-1.6460374,-1.8667945,0.0172,FALSE,-0.9854977
V,N,323,-2.5924827,-2.1365776,0.0120685,-1.8667945,0.0172,FALSE,-1.3464552
V,P,323,-2.8540767,-1.8206482,-1.0380652,-1.8667945,0.0172,FALSE,-0.9095611
V,Q,323,-3.4427018,-1.894989,0.1041855,-1.8667945,0.0172,FALSE,-1.0038369
V,R,323,-4.2732384,-1.8833961,3.9412368,-1.8667945,0.0172,FALSE,-0.9887716
V,S,323,-3.3688306,-1.8232307,-0.6880207,-1.8667945,0.02988,FALSE,-0.9127426
V,T,323,-2.5565059,-1.9169312,-0.8354078,-1.8667945,0.0170122,FALSE,-1.0327135
V,W,323,-3.1337293,-1.8873215,-1.8486948,-1.8667945,0.0172,FALSE,-0.9938579
V,Y,323,-3.637879,-1.7738686,-1.2038758,-1.8667945,0.0172,FALSE,-0.8531172
R,A,324,-1.7783021,-1.695034,3.4069583,-1.6717107,0.016751,FALSE,-0.7631483
R,C,324,-3.6837002,-1.5968895,3.0200669,-1.6717107,0.0172,FALSE,-0.6603117
R,D,324,-3.3332871,-1.75671,3.4119428,-1.6717107,0.0170477,FALSE,-0.8329813
R,E,324,-3.012418,-1.5030403,3.5961768,-1.6717107,0.0170477,FALSE,-0.5715111
R,F,324,-3.1628339,-1.3266869,4.0702006,-1.6717107,0.0170477,FALSE,-0.4292295
R,G,324,-3.0346959,-1.6055145,3.2411477,-1.6717107,0.0235449,FALSE,-0.6689395
R,H,324,-1.1317978,-1.5891571,0.4173832,-1.6717107,0.016898,FALSE,-0.6526437
R,I,324,-4.2238424,-1.2862434,4.2912814,-1.6717107,0.0172,FALSE,-0.4009317
R,K,324,-0.4276515,-0.3412743,-0.8722546,-1.6717107,0.0201528,FALSE,-0.0680215
R,L,324,-1.7416785,-1.4778252,3.9228134,-1.6717107,0.025111,FALSE,-0.5492264
R,M,324,-2.5770987,-1.5644302,3.4253817,-1.6717107,0.0172,FALSE,-0.6285478
R,N,324,-2.9896657,-1.352665,1.7672758,-1.6717107,0.0170477,FALSE,-0.4482355
R,P,324,-3.3201767,-1.5113945,2.8174095,-1.6717107,0.0236573,FALSE,-0.5790405
R,Q,324,-2.0070585,-1.6710892,1.6751588,-1.6717107,0.016751,FALSE,-0.7371171
R,S,324,-2.8753752,-1.4619522,2.467365,-1.6717107,0.0186608,FALSE,-0.5355362
R,T,324,-1.0858625,-1.4170876,2.6147522,-1.6717107,0.0154101,FALSE,-0.4982399
R,V,324,-3.7549717,-1.4539413,3.9412368,-1.6717107,0.0170477,FALSE,-0.5287256
R,W,324,-2.9398771,-1.4684334,3.6280391,-1.6717107,0.0172,FALSE,-0.5410947
R,Y,324,-2.6015499,-1.5275116,2.9832201,-1.6717107,0.0170477,FALSE,-0.5937727
S,A,325,-1.9309412,-1.8719254,-1.2222992,-1.8053737,0.0163827,FALSE,-0.9739962
S,C,325,-2.0996625,-2.1075325,-1.6091906,-1.8053737,0.0172,FALSE,-1.3025299
S,D,325,-2.2647636,-2.0694733,0.4776379,-1.8053737,0.0172,FALSE,-1.2460485
S,E,325,-4.1451998,-1.5735855,0.293404,-1.8053737,0.0170582,FALSE,-0.6373941
S,F,325,-3.5058539,-2.041031,-0.5590569,-1.8053737,0.0172,FALSE,-1.2046591
S,G,325,-3.1136967,-1.7406235,-1.3881098,-1.8053737,0.0157771,FALSE,-0.8143825
S,H,325,-3.6341088,-2.1218872,-0.1119108,-1.8053737,0.0172,FALSE,-1.3241513
S,I,325,-2.6654404,-1.9163704,-0.3379761,-1.8053737,0.0164578,FALSE,-1.0319696
S,K,325,-2.7931529,-1.7606735,1.1777271,-1.8053737,0.0172,FALSE,-0.8376053
S,L,325,-1.7685352,-1.9147758,-0.7064441,-1.8053737,0.0163822,FALSE,-1.0298561
S,M,325,-3.4900532,-1.8127403,-1.2038758,-1.8053737,0.0172,FALSE,-0.8998615
S,N,325,-3.1218523,-1.790142,-1.4618034,-1.8053737,0.0177475,FALSE,-0.8724967
S,P,325,-3.727685,-1.782135,-1.811848,-1.8053737,0.0172,FALSE,-0.8629272
S,Q,325,-3.2001347,-1.9069023,-1.3696864,-1.8053737,0.0172,FALSE,-1.0194567
S,R,325,-4.1949635,-1.6213531,2.467365,-1.8053737,0.0172,FALSE,-0.6849889
S,T,325,-1.9734367,-1.7791748,-2.0145053,-1.8053737,0.0199756,FALSE,-0.8594061
S,V,325,-3.6241204,-1.8167458,-0.6880207,-1.8053737,0.0172,FALSE,-0.9047665
S,W,325,-3.7355142,-1.7724686,-1.0012184,-1.8053737,0.0172,FALSE,-0.8514628
S,Y,325,-3.1053056,-1.8476143,-1.6460374,-1.8053737,0.0170582,FALSE,-0.9431158
T,A,326,-0.0507388,-0.2657967,-1.3696864,-1.3374528,0.0217887,FALSE,-0.0585058
T,C,326,-1.7098078,-1.1724625,-1.7565778,-1.3374528,0.0172,FALSE,-0.3294093
T,D,326,-1.2434903,-1.2490578,0.6250251,-1.3374528,0.0168638,FALSE,-0.3762694
T,E,326,-0.9014477,-0.969265,0.4407911,-1.3374528,0.0172,FALSE,-0.2284826
T,F,326,-0.9026015,-1.1863976,-0.7064441,-1.3374528,0.0167005,FALSE,-0.3375505
T,G,326,-0.2947889,-1.028141,-1.535497,-1.3374528,0.0163833,FALSE,-0.2544842
T,H,326,-1.2284891,-1.3238564,0.0354764,-1.3374528,0.0172,FALSE,-0.4271982
T,I,326,-0.3347922,-1.1988373,-0.4853633,-1.3374528,0.0120876,FALSE,-0.3449603
T,K,326,-1.038172,-0.6592827,1.3251143,-1.3374528,0.0170302,FALSE,-0.1271027
T,L,326,-0.5217467,-1.3299103,-0.8538312,-1.3374528,0.0258539,FALSE,-0.4315522
T,M,326,0.181321,-1.3169861,-1.351263,-1.3374528,0.0172,FALSE,-0.4222997
T,N,326,-1.3803385,-1.0587959,-1.3144162,-1.3374528,0.0135521,FALSE,-0.2690262
T,P,326,-0.9621961,-1.2361069,-1.9592351,-1.3374528,0.0212736,FALSE,-0.3679785
T,Q,326,-0.201849,-1.3661919,-1.2222992,-1.3374528,0.0138792,FALSE,-0.458393
T,R,326,-0.3437353,-1.1104584,2.6147522,-1.3374528,0.0219155,FALSE,-0.2951731
T,S,326,-0.6338746,-1.0617714,-2.0145053,-1.3374528,0.0166989,FALSE,-0.2704757
T,V,326,-0.7105298,-1.024128,-0.8354078,-1.3374528,0.0202365,FALSE,-0.2526324
T,W,326,-2.0045852,-1.1689072,-1.1486056,-1.3374528,0.0172,FALSE,-0.327359
T,Y,326,-1.4229458,-1.5072784,-1.7934246,-1.3374528,0.0172,FALSE,-0.5753217
K,A,327,-0.4240837,-1.302124,2.1173204,-1.4527067,0.0172,FALSE,-0.4118576
K,C,327,-2.8053632,-1.3398743,1.730429,-1.4527067,0.0172,FALSE,-0.4387956
K,D,327,-2.9692904,-1.4387703,2.1223049,-1.4527067,0.0172,FALSE,-0.5160082
K,E,327,-2.5497156,-1.1253395,2.3065389,-1.4527067,0.0242744,FALSE,-0.3030994
K,F,327,-3.8920694,-1.333931,2.7805627,-1.4527067,0.0172,FALSE,-0.4344635
K,G,327,-2.1368513,-1.5174255,1.9515098,-1.4527067,0.0170208,FALSE,-0.5845214
K,H,327,-1.3425183,-1.5714912,-0.8722546,-1.4527067,0.0172,FALSE,-0.6353626
K,I,327,-2.6543837,-1.5844078,3.0016435,-1.4527067,0.0170208,FALSE,-0.6479654
K,L,327,-3.9099371,-1.572567,2.6331756,-1.4527067,0.0172,FALSE,-0.6364056
K,M,327,-2.0949785,-1.164135,2.1357438,-1.4527067,0.0172,FALSE,-0.3246238
K,N,327,-1.3140534,-1.3055077,0.4776379,-1.4527067,0.0204249,FALSE,-0.4142165
K,P,327,-3.9079194,-1.4249611,1.5277716,-1.4527067,0.0172,FALSE,-0.5046367
K,Q,327,-1.1683007,-1.4421463,0.385521,-1.4527067,0.0170208,FALSE,-0.5188178
K,R,327,-1.3326214,-0.7225723,-0.8722546,-1.4527067,0.0141291,FALSE,-0.1435899
K,S,327,-1.2483166,-1.4004173,1.1777271,-1.4527067,0.0166733,FALSE,-0.4849028
K,T,327,-1.3800294,-1.5054169,1.3251143,-1.4527067,0.0165048,FALSE,-0.5736456
K,V,327,-3.0581653,-1.4782143,2.6515989,-1.4527067,0.0172,FALSE,-0.5495653
K,W,327,-3.152002,-1.8561325,2.3384012,-1.4527067,0.0172,FALSE,-0.9538682
K,Y,327,-2.9038758,-1.3330727,1.6935822,-1.4527067,0.0172,FALSE,-0.4338407
L,A,328,-4.4606197,-1.758667,-1.6460374,-1.8437614,0.0172,FALSE,-0.8352624
L,C,328,-3.8305493,-1.8078041,-1.259146,-1.8437614,0.0172,FALSE,-0.8938393
L,D,328,-3.5636101,-1.6400337,1.9330864,-1.8437614,0.0172,FALSE,-0.7042603
L,E,328,-3.4719489,-1.5913391,1.7488524,-1.8437614,0.0172,FALSE,-0.6548011
L,F,328,-3.0796745,-1.8236275,-2.0145053,-1.8437614,0.0172,FALSE,-0.913232
L,G,328,-3.5548752,-1.743473,-1.4802268,-1.8437614,0.0172,FALSE,-0.8176573
L,H,328,-3.8746566,-1.7682724,1.3435377,-1.8437614,0.0172,FALSE,-0.8465163
L,I,328,-1.2640309,-1.6144676,-1.7934246,-1.8437614,0.0249,FALSE,-0.6779791
L,K,328,-3.9494147,-1.8369217,2.6331756,-1.8437614,0.0172,FALSE,-0.9297224
L,M,328,-2.9661632,-1.6937256,-1.6644608,-1.8437614,0.0169196,FALSE,-0.7617102
L,N,328,-3.8308427,-1.7434883,-0.0063549,-1.8437614,0.0172,FALSE,-0.8176749
L,P,328,-4.0036772,-1.691246,-1.0564886,-1.8437614,0.0172,FALSE,-0.7589899
L,Q,328,-3.6317538,-1.817337,0.0857621,-1.8437614,0.0172,FALSE,-0.9054919
L,R,328,-4.6625469,-1.5260811,3.9228134,-1.8437614,0.0171055,FALSE,-0.5924541
L,S,328,-3.4003667,-1.92836,-0.7064441,-1.8437614,0.0222021,FALSE,-1.0479401
L,T,328,-3.9417169,-1.8926926,-0.8538312,-1.8437614,0.0172,FALSE,-1.0008421
L,V,328,-3.4504225,-1.5357246,-2.1434691,-1.8437614,0.017012,FALSE,-0.6013847
L,W,328,-3.7278693,-1.7626381,-1.8671182,-1.8437614,0.0167377,FALSE,-0.8399034
L,Y,328,-3.1585632,-1.5850677,-1.2222992,-1.8437614,0.017012,FALSE,-0.648614
R,A,329,-2.1787456,-2.2654572,3.4069583,-1.5247128,0.0170876,FALSE,-1.5493975
R,C,329,-2.8615619,-1.9634933,3.0200669,-1.5247128,0.0172,FALSE,-1.0955348
R,D,329,-3.8618246,-2.048565,3.4119428,-1.5247128,0.0172,FALSE,-1.2155531
R,E,329,-3.1189891,-1.7892036,3.5961768,-1.5247128,0.0172,FALSE,-0.8713718
R,F,329,-3.9229496,-2.0022392,4.0702006,-1.5247128,0.0172,FALSE,-1.1493743
R,G,329,-2.6939353,-1.8734093,3.2411477,-1.5247128,0.0337052,FALSE,-0.9759002
R,H,329,-2.5657604,-1.948883,0.4173832,-1.5247128,0.0172,FALSE,-1.0755991
R,I,329,-3.5230921,-2.0543747,4.2912814,-1.5247128,0.0172,FALSE,-1.2239882
R,K,329,-1.7728846,-0.9892883,-0.8722546,-1.5247128,0.0231707,FALSE,-0.2370486
R,L,329,-3.0680582,-2.0051193,3.9228134,-1.5247128,0.0172,FALSE,-1.1534319
R,M,329,-2.7529156,-2.2154312,3.4253817,-1.5247128,0.0172,FALSE,-1.4691243
R,N,329,-2.8622772,-2.0258331,1.7672758,-1.5247128,0.0172,FALSE,-1.1828375
R,P,329,-3.9324665,-2.0912476,2.8174095,-1.5247128,0.0169766,FALSE,-1.278211
R,Q,329,-3.5972634,-1.9640884,1.6751588,-1.5247128,0.0172,FALSE,-1.0963511
R,S,329,-1.9617042,-2.0997276,2.467365,-1.5247128,0.0163259,FALSE,-1.2908465
R,T,329,-2.2853083,-1.8184433,2.6147522,-1.5247128,0.0169766,FALSE,-0.9068502
R,V,329,-1.9998229,-1.9267921,3.9412368,-1.5247128,0.0172,FALSE,-1.0458437
R,W,329,-1.9870762,-1.9865112,3.6280391,-1.5247128,0.016867,FALSE,-1.1273508
R,Y,329,-2.5687846,-1.9506645,2.9832201,-1.5247128,0.0172,FALSE,-1.0780191
M,A,330,-3.7444562,-1.6499901,-2.1434691,-1.8634248,0.0172,FALSE,-0.7146828
M,C,330,-3.0069032,-1.5715675,-1.7565778,-1.8634248,0.0172,FALSE,-0.6354366
M,D,330,-2.9631691,-1.8570404,1.4356547,-1.8634248,0.0172,FALSE,-0.9550186
M,E,330,-3.6262792,-1.6164589,1.2514207,-1.8634248,0.0172,FALSE,-0.6800012
M,F,330,-2.2851442,-1.7958832,-1.5170736,-1.8634248,0.0172,FALSE,-0.8793991
M,G,330,-3.0889271,-1.932373,-1.9776585,-1.8634248,0.0172,FALSE,-1.0533166
M,H,330,-3.9836796,-1.7516747,0.8461059,-1.8634248,0.0172,FALSE,-0.8271305
M,I,330,-2.7579775,-1.2979774,-1.2959928,-1.8634248,0.0182405,FALSE,-0.4089818
M,K,330,-3.2510992,-1.5988426,2.1357438,-1.8634248,0.0172,FALSE,-0.6622585
M,L,330,-1.1638167,-1.4758301,-1.6644608,-1.8634248,0.0158963,FALSE,-0.5474914
M,N,330,-2.8487095,-1.9064064,-0.5037867,-1.8634248,0.0172,FALSE,-1.0188037
M,P,330,-4.2537353,-1.8312416,-1.5539204,-1.8634248,0.0172,FALSE,-0.9226547
M,Q,330,-3.5842262,-1.8260956,-0.4116697,-1.8634248,0.0172,FALSE,-0.9162799
M,R,330,-3.3211259,-1.6009293,3.4253817,-1.8634248,0.0181904,FALSE,-0.664343
M,S,330,-3.8824651,-1.8001518,-1.2038758,-1.8634248,0.0172,FALSE,-0.884553
M,T,330,-3.0907929,-1.5099907,-1.351263,-1.8634248,0.0199185,FALSE,-0.5777702
M,V,330,-2.6257985,-1.3152351,-1.6460374,-1.8634248,0.0267868,FALSE,-0.4210585
M,W,330,-3.3618182,-1.606041,-1.9592351,-1.8634248,0.01764,FALSE,-0.6694688
M,Y,330,-3.6837668,-1.6182251,-1.719731,-1.8634248,0.0172,FALSE,-0.6817982
V,A,331,-0.8877841,-0.3967438,-1.627614,-1.8774493,0.0162765,FALSE,-0.0759515
V,C,331,-1.3881193,-1.4527168,-1.2407226,-1.8774493,0.0170197,FALSE,-0.5276904
V,D,331,-3.0590415,-1.2439079,1.9515098,-1.8774493,0.0172,FALSE,-0.3729543
V,E,331,-2.9982977,-1.2929916,1.7672758,-1.8774493,0.0172,FALSE,-0.4055454
V,F,331,-3.3037152,-1.4073372,-2.0329287,-1.8774493,0.0166703,FALSE,-0.4904051
V,G,331,-2.7685323,-1.2277832,-1.4618034,-1.8774493,0.0171094,FALSE,-0.3627301
V,H,331,-3.331395,-1.4483719,1.3619611,-1.8774493,0.0172,FALSE,-0.5240296
V,I,331,-2.8280805,-1.2454414,-1.811848,-1.8774493,0.0191332,FALSE,-0.3739389
V,K,331,-3.2441469,-1.4955711,2.6515989,-1.8774493,0.0172,FALSE,-0.564841
V,L,331,-3.8835858,-1.8121147,-2.1434691,-1.8774493,0.0172,FALSE,-0.8990969
V,M,331,-3.0993742,-1.6099815,-1.6460374,-1.8774493,0.0172,FALSE,-0.673439
V,N,331,-3.1462667,-1.4903831,0.0120685,-1.8774493,0.0172,FALSE,-0.5602423
V,P,331,-3.8609944,-1.4141617,-1.0380652,-1.8774493,0.0171094,FALSE,-0.4958787
V,Q,331,-2.6649984,-1.4090843,0.1041855,-1.8774493,0.0172,FALSE,-0.4918019
V,R,331,-4.3140031,-1.3969307,3.9412368,-1.8774493,0.0172,FALSE,-0.4821488
V,S,331,-2.7456174,-1.3397026,-0.6880207,-1.8774493,0.0170197,FALSE,-0.43867
V,T,331,-3.5424738,-1.3427734,-0.8354078,-1.8774493,0.0172,FALSE,-0.4409213
V,W,331,-3.0207516,-1.3786354,-1.8486948,-1.8774493,0.0172,FALSE,-0.4678965
V,Y,331,-3.2827401,-1.6915321,-1.2038758,-1.8774493,0.0172,FALSE,-0.7593034
T,A,332,-3.1820441,-1.8082733,-1.3696864,-1.6635386,0.0155353,FALSE,-0.8944107
T,C,332,-3.4430212,-1.8489418,-1.7565778,-1.6635386,0.0172,FALSE,-0.9447867
T,D,332,-3.556088,-1.7667351,0.6250251,-1.6635386,0.0172,FALSE,-0.8447087
T,E,332,-3.5788741,-1.7653999,0.4407911,-1.6635386,0.0172,FALSE,-0.8431408
T,F,332,-3.4099129,-1.9158249,-0.7064441,-1.6635386,0.0172,FALSE,-1.0312463
T,G,332,-4.0021919,-2.1643753,-1.535497,-1.6635386,0.0172,FALSE,-1.3891397
T,H,332,-3.1644416,-2.1672134,0.0354764,-1.6635386,0.0172,FALSE,-1.3935325
T,I,332,-2.2729024,-2.0138245,-0.4853633,-1.6635386,0.0168605,FALSE,-1.1657423
T,K,332,-2.6131689,-1.855751,1.3251143,-1.6635386,0.0203436,FALSE,-0.9533851
T,L,332,-2.6034508,-1.7800064,-0.8538312,-1.6635386,0.0172,FALSE,-0.8603943
T,M,332,-3.0098487,-1.9684753,-1.351263,-1.6635386,0.0172,FALSE,-1.1023789
T,N,332,-3.8714134,-2.0171432,-1.3144162,-1.6635386,0.0172,FALSE,-1.1704537
T,P,332,-3.9160707,-1.9382133,-1.9592351,-1.6635386,0.0172,FALSE,-1.061169
T,Q,332,-2.7210468,-2.029438,-1.2222992,-1.6635386,0.01778,FALSE,-1.1879947
T,R,332,-3.3568186,-1.9354668,2.6147522,-1.6635386,0.0172,FALSE,-1.0574722
T,S,332,-3.3656876,-2.0851173,-2.0145053,-1.6635386,0.0170495,FALSE,-1.2691148
T,V,332,-2.3607942,-1.8278236,-0.8354078,-1.6635386,0.0172,FALSE,-0.9184175
T,W,332,-2.5109129,-2.0203476,-1.1486056,-1.6635386,0.0172,FALSE,-1.1750122
T,Y,332,-3.450365,-2.1734467,-1.7934246,-1.6635386,0.0172,FALSE,-1.4032029
G,A,333,-3.7088942,-2.0635796,-1.9960819,-1.7820431,0.0172,FALSE,-1.2374136
G,C,333,-3.0105646,-2.261776,-1.9408117,-1.7820431,0.0172,FALSE,-1.5434287
G,D,333,-2.9152619,-1.9911995,1.2514207,-1.7820431,0.0167966,FALSE,-1.1338918
G,E,333,-2.7428167,-1.9573326,1.0671867,-1.7820431,0.0203915,FALSE,-1.0871038
G,F,333,-3.7919531,-1.8880272,-1.3328396,-1.7820431,0.0172,FALSE,-0.9947739
G,H,333,-3.3894917,-2.088726,0.6618719,-1.7820431,0.0172,FALSE,-1.2744655
G,I,333,-3.7302682,-1.799408,-1.1117588,-1.7820431,0.0172,FALSE,-0.8836536
G,K,333,-2.9093611,-1.8415337,1.9515098,-1.7820431,0.0172,FALSE,-0.9354852
G,L,333,-4.3460458,-2.0325851,-1.4802268,-1.7820431,0.0172,FALSE,-1.1925066
G,M,333,-3.0875123,-1.793129,-1.9776585,-1.7820431,0.0172,FALSE,-0.8760836
G,N,333,-3.7559143,-2.0382385,-0.6880207,-1.7820431,0.0172,FALSE,-1.200634
G,P,333,-3.8240196,-1.9879951,-1.7381544,-1.7820431,0.0172,FALSE,-1.1294189
G,Q,333,-3.1846575,-2.0546494,-0.5959037,-1.7820431,0.0172,FALSE,-1.2243878
G,R,333,-2.232841,-1.983448,3.2411477,-1.7820431,0.0180521,FALSE,-1.1230882
G,S,333,-4.2432334,-2.0168571,-1.3881098,-1.7820431,0.0172,FALSE,-1.1700471
G,T,333,-3.1523561,-1.8252411,-1.535497,-1.7820431,0.0172,FALSE,-0.915224
G,V,333,-3.1807847,-1.9850731,-1.4618034,-1.7820431,0.0172,FALSE,-1.1253485
G,W,333,-3.2500153,-2.0348892,-1.7750012,-1.7820431,0.0172,FALSE,-1.1958156
G,Y,333,-3.4814236,-1.962246,-1.9039649,-1.7820431,0.0172,FALSE,-1.0938249
L,A,334,-4.0120218,-1.6991615,-1.6460374,-1.7772987,0.0172,FALSE,-0.7676967
L,C,334,-3.5730031,-2.0036278,-1.259146,-1.7772987,0.0172,FALSE,-1.1513297
L,D,334,-2.9091697,-1.9839058,1.9330864,-1.7772987,0.0169951,FALSE,-1.1237247
L,E,334,-3.8820806,-1.8960648,1.7488524,-1.7772987,0.0172,FALSE,-1.0052417
L,F,334,-3.6401045,-1.9027328,-2.0145053,-1.7772987,0.0172,FALSE,-1.0139741
L,G,334,-4.3688985,-2.0509834,-1.4802268,-1.7772987,0.0172,FALSE,-1.2190608
L,H,334,-3.9454455,-1.8732376,1.3435377,-1.7772987,0.0172,FALSE,-0.9756798
L,I,334,-3.2715428,-1.7423286,-1.7934246,-1.7772987,0.0108476,FALSE,-0.816341
L,K,334,-2.964666,-2.0309029,2.6331756,-1.7772987,0.0172,FALSE,-1.1900938
L,M,334,-1.5618546,-1.8805084,-1.6644608,-1.7772987,0.0160398,FALSE,-0.9850396
L,N,334,-2.9758427,-1.869812,-0.0063549,-1.7772987,0.0172,FALSE,-0.9712882
L,P,334,-1.2014374,-2.091442,-1.0564886,-1.7772987,0.0157133,FALSE,-1.2785
L,Q,334,-2.6626345,-1.9902916,0.0857621,-1.7772987,0.0215307,FALSE,-1.1326235
L,R,334,-4.0051291,-1.8947678,3.9228134,-1.7772987,0.0249,FALSE,-1.0035482
L,S,334,-4.3895676,-1.8707199,-0.7064441,-1.7772987,0.0172,FALSE,-0.972451
L,T,334,-3.007201,-1.9807243,-0.8538312,-1.7772987,0.0172,FALSE,-1.1193053
L,V,334,-0.8181543,-1.7699623,-2.1434691,-1.7772987,0.018187,FALSE,-0.8485062
L,W,334,-2.0159654,-1.8655167,-1.8671182,-1.7772987,0.0172,FALSE,-0.9657982
L,Y,334,-3.5555871,-1.6922112,-1.2222992,-1.7772987,0.0172,FALSE,-0.760048
R,A,335,-3.6001116,-2.2231789,3.4069583,-1.6671062,0.0172,FALSE,-1.4814359
R,C,335,-3.2913476,-2.1463432,3.0200669,-1.6671062,0.0172,FALSE,-1.3613796
R,D,335,-3.0728663,-1.9064331,3.4119428,-1.6671062,0.0249,FALSE,-1.0188389
R,E,335,-2.7951704,-1.957283,3.5961768,-1.6671062,0.0166456,FALSE,-1.0870361
R,F,335,-2.9984288,-1.9584885,4.0702006,-1.6671062,0.0172,FALSE,-1.088683
R,G,335,-3.133738,-1.9904518,3.2411477,-1.6671062,0.0184411,FALSE,-1.1328472
R,H,335,-2.549475,-2.125145,0.4173832,-1.6671062,0.0172,FALSE,-1.3290822
R,I,335,-2.7781802,-2.048832,4.2912814,-1.6671062,0.0172,FALSE,-1.2159402
R,K,335,-2.1605741,-1.7110977,-0.8722546,-1.6671062,0.0158435,FALSE,-0.7809513
R,L,335,-3.4717907,-1.8614311,3.9228134,-1.6671062,0.0172,FALSE,-0.9605934
R,M,335,-3.184008,-2.0267944,3.4253817,-1.6671062,0.0172,FALSE,-1.1842116
R,N,335,-3.3739961,-1.675354,1.7672758,-1.6671062,0.0172,FALSE,-0.7417091
R,P,335,-3.5051789,-1.9664497,2.8174095,-1.6671062,0.0170111,FALSE,-1.0995934
R,Q,335,-3.2072836,-2.0043144,1.6751588,-1.6671062,0.0172,FALSE,-1.1522971
R,S,335,-3.2603503,-1.9951591,2.467365,-1.6671062,0.0164686,FALSE,-1.1394319
R,T,335,-3.2700796,-1.8508606,2.6147522,-1.6671062,0.0172,FALSE,-0.947205
R,V,335,-3.5555517,-1.8214302,3.9412368,-1.6671062,0.0172,FALSE,-0.9105238
R,W,335,-2.8801927,-1.9378128,3.6280391,-1.6671062,0.0172,FALSE,-1.0606295
R,Y,335,-3.3652822,-2.0322723,2.9832201,-1.6671062,0.0172,FALSE,-1.1920578
N,A,336,-3.9165311,-1.7183838,-0.5222101,-1.4825561,0.0172,FALSE,-0.7891159
N,C,336,-3.4760605,-1.8942566,-0.9091014,-1.4825561,0.0172,FALSE,-1.0028812
N,D,336,-2.7177427,-1.6927109,-0.2224512,-1.4825561,0.0175033,FALSE,-0.7605962
N,E,336,-3.0409618,-2.1047707,-0.3329916,-1.4825561,0.0172,FALSE,-1.2983898
N,F,336,-3.383208,-1.7150879,0.1410323,-1.4825561,0.0172,FALSE,-0.7854157
N,G,336,-4.2363335,-1.9184875,-0.6880207,-1.4825561,0.0172,FALSE,-1.0347795
N,H,336,-3.2130517,-1.753376,0.0723232,-1.4825561,0.0172,FALSE,-0.8291044
N,I,336,-2.6243894,-2.0229836,0.362113,-1.4825561,0.0170181,FALSE,-1.1787692
N,K,336,-2.7591806,-1.7483559,0.4776379,-1.4825561,0.0157322,FALSE,-0.8232887
N,L,336,-4.0245482,-1.9755783,-0.0063549,-1.4825561,0.0172,FALSE,-1.1121771
N,M,336,-3.1535147,-1.9881401,-0.5037867,-1.4825561,0.0172,FALSE,-1.1296211
N,P,336,-3.2391652,-1.822895,-1.1117588,-1.4825561,0.0172,FALSE,-0.9123286
N,Q,336,-2.9752292,-1.9043121,-2.0697755,-1.4825561,0.0172,FALSE,-1.0160488
N,R,336,-3.670406,-1.7466621,1.7672758,-1.4825561,0.0172,FALSE,-0.8213324
N,S,336,-3.3021325,-1.8533211,-1.4618034,-1.4825561,0.0165929,FALSE,-0.9503114
N,T,336,-3.0671505,-1.800106,-1.3144162,-1.4825561,0.0189174,FALSE,-0.8844976
N,V,336,-4.091385,-2.00066,0.0120685,-1.4825561,0.0170181,FALSE,-1.1471527
N,W,336,-3.1292405,-1.8788147,-0.3011293,-1.4825561,0.0172,FALSE,-0.9828546
N,Y,336,-3.4161491,-1.9705505,-0.9459482,-1.4825561,0.01764,FALSE,-1.1052366
I,A,337,0.1619327,-2.0364723,-1.2775694,-1.4746633,0.0222346,FALSE,-1.1980919
I,C,337,-0.6745215,-1.702179,-0.890678,-1.4746633,0.0217612,FALSE,-0.7710333
I,D,337,0.0342706,-1.7339706,2.3015544,-1.4746633,0.0163769,FALSE,-0.8067697
I,E,337,-0.3772973,-1.5692558,2.1173204,-1.4746633,0.016861,FALSE,-0.6331995
I,F,337,-0.6900023,-2.0556145,-1.9408117,-1.4746633,0.01764,FALSE,-1.2257921
I,G,337,-1.1347265,-1.8926163,-1.1117588,-1.4746633,0.0149463,FALSE,-1.0007427
I,H,337,-0.1553942,-1.6482239,1.7120056,-1.4746633,0.0233765,FALSE,-0.7128262
I,K,337,1.242251,-1.7172432,3.0016435,-1.4746633,0.021273,FALSE,-0.7878341
I,L,337,0.6593466,-1.8104973,-1.7934246,-1.4746633,0.0211296,FALSE,-0.897122
I,M,337,-0.3923957,-1.8613358,-1.2959928,-1.4746633,0.0198828,FALSE,-0.9604722
I,N,337,0.9402509,-1.8146935,0.362113,-1.4746633,0.0260479,FALSE,-0.9022513
I,P,337,-2.9352874,-1.7950668,-0.6880207,-1.4746633,0.0172,FALSE,-0.8784155
I,Q,337,0.0407329,-1.6294708,0.45423,-1.4746633,0.0232254,FALSE,-0.6933178
I,R,337,0.5904248,-1.7301025,4.2912814,-1.4746633,0.023925,FALSE,-0.8023648
I,S,337,0.5100667,-1.6764984,-0.3379761,-1.4746633,0.0205557,FALSE,-0.7429446
I,T,337,0.5137911,-1.0619087,-0.4853633,-1.4746633,0.0152506,FALSE,-0.2705427
I,V,337,-0.5896486,-1.1970673,-1.811848,-1.4746633,0.017515,FALSE,-0.3438978
I,W,337,-1.99129,-1.714592,-1.4986502,-1.4746633,0.016861,FALSE,-0.7848599
I,Y,337,-0.1581918,-1.5622635,-0.8538312,-1.4746633,0.0166965,FALSE,-0.6264672
P,A,338,-0.8187249,-1.8465118,-1.5723438,-1.2257531,0.0219336,FALSE,-0.9417295
P,C,338,-2.0476426,-1.8864632,-1.9592351,-1.2257531,0.0172,FALSE,-0.9927444
P,D,338,-2.3937835,-2.0030594,0.8276825,-1.2257531,0.0172,FALSE,-1.150529
P,E,338,-1.7338751,-1.9639091,0.6434485,-1.2257531,0.0170152,FALSE,-1.0961051
P,F,338,-2.9271583,-2.0346298,-0.9091014,-1.2257531,0.0172,FALSE,-1.1954428
P,G,338,-1.8727436,-1.9997711,-1.7381544,-1.2257531,0.021936,FALSE,-1.1459032
P,H,338,-0.2126745,-2.1121254,0.2381338,-1.2257531,0.0156686,FALSE,-1.3094292
P,I,338,-3.1131216,-2.1265526,-0.6880207,-1.2257531,0.0172,FALSE,-1.3312154
P,K,338,-1.6475594,-2.0541725,1.5277716,-1.2257531,0.0172,FALSE,-1.2236941
P,L,338,-2.481781,-2.0866737,-1.0564886,-1.2257531,0.0169905,FALSE,-1.2714211
P,M,338,-2.3263281,-1.9623642,-1.5539204,-1.2257531,0.0172,FALSE,-1.0939869
P,N,338,-2.0002918,-1.6648941,-1.1117588,-1.2257531,0.0163141,FALSE,-0.730481
P,Q,338,-1.4138645,-2.1423454,-1.0196418,-1.2257531,0.0166573,FALSE,-1.3552605
P,R,338,-1.8685619,-1.9343796,2.8174095,-1.2257531,0.0191818,FALSE,-1.0560108
P,S,338,-2.7995791,-1.8347244,-1.811848,-1.2257531,0.0203992,FALSE,-0.9269845
P,T,338,-3.3903413,-1.7619667,-1.9592351,-1.2257531,0.0172,FALSE,-0.8391176
P,V,338,-1.9648935,-2.1236458,-1.0380652,-1.2257531,0.0166573,FALSE,-1.326812
P,W,338,-2.4923959,-1.9131699,-1.351263,-1.2257531,0.0172,FALSE,-1.0277301
P,Y,338,-0.882674,-2.1692657,-1.9960819,-1.2257531,0.0172,FALSE,-1.3967131
S,A,339,0.4053565,-2.1422195,-1.2222992,-1.2155333,0.0184426,FALSE,-1.355068
S,C,339,-2.0809921,-2.045906,-1.6091906,-1.2155333,0.0168578,FALSE,-1.2117025
S,D,339,-1.971687,-1.7027588,0.4776379,-1.2155333,0.0172,FALSE,-0.7716755
S,E,339,-1.9015771,-1.9448395,0.293404,-1.2155333,0.0172,FALSE,-1.0701177
S,F,339,-1.9004266,-2.0446396,-0.5590569,-1.2155333,0.0296192,FALSE,-1.2098708
S,G,339,-0.3295398,-1.9357605,-1.3881098,-1.2155333,0.0241076,FALSE,-1.0578671
S,H,339,-1.2046398,-1.8976898,-0.1119108,-1.2155333,0.0170272,FALSE,-1.0073658
S,I,339,-0.2487424,-1.9048309,-0.3379761,-1.2155333,0.0324053,FALSE,-1.0167308
S,K,339,-1.7103366,-1.8925018,1.1777271,-1.2155333,0.0259402,FALSE,-1.0005935
S,L,339,-0.9323866,-1.7192574,-0.7064441,-1.2155333,0.0220644,FALSE,-0.7900986
S,M,339,-1.117836,-1.9625664,-1.2038758,-1.2155333,0.0168578,FALSE,-1.094264
S,N,339,-1.848184,-1.9443245,-1.4618034,-1.2155333,0.0172,FALSE,-1.0694207
S,P,339,-0.2058141,-1.9949608,-1.811848,-1.2155333,0.017361,FALSE,-1.1391541
S,Q,339,0.7466981,-1.9511604,-1.3696864,-1.2155333,0.0201307,FALSE,-1.0786933
S,R,339,-0.1676517,-1.8390045,2.467365,-1.2155333,0.0175465,FALSE,-0.9323222
S,T,339,-0.5190798,-1.6889229,-2.0145053,-1.2155333,0.0163693,FALSE,-0.7564471
S,V,339,-0.5710083,-1.8745117,-0.6880207,-1.2155333,0.0139446,FALSE,-0.9773161
S,W,339,-2.8723316,-2.130909,-1.0012184,-1.2155333,0.0172,FALSE,-1.3378277
S,Y,339,-1.3627613,-1.7318573,-1.6460374,-1.2155333,0.0146153,FALSE,-0.8043612
I,A,340,-1.9555681,-1.7834091,-1.2775694,-0.8382688,0.0168566,FALSE,-0.8644455
I,C,340,-1.7497846,-1.7536507,-0.890678,-0.8382688,0.0172,FALSE,-0.8294234
I,D,340,-2.5574895,-1.7871933,2.3015544,-0.8382688,0.0172,FALSE,-0.8689649
I,E,340,-2.2607631,-1.8681107,2.1173204,-0.8382688,0.0172,FALSE,-0.9691115
I,F,340,-1.2799706,-1.8678703,-1.9408117,-0.8382688,0.0168566,FALSE,-0.9688041
I,G,340,-3.3614629,-1.9788322,-1.1117588,-0.8382688,0.0172,FALSE,-1.1166815
I,H,340,-1.2649753,-1.9448242,1.7120056,-0.8382688,0.0170266,FALSE,-1.070097
I,K,340,0.2837561,-2.039051,3.0016435,-0.8382688,0.0233431,FALSE,-1.2018044
I,L,340,-0.5425484,-1.8248558,-1.7934246,-0.8382688,0.0165266,FALSE,-0.9147481
I,M,340,0.0572377,-1.7271385,-1.2959928,-0.8382688,0.0165266,FALSE,-0.7990002
I,N,340,-2.224891,-1.5883751,0.362113,-0.8382688,0.0172,FALSE,-0.6518718
I,P,340,-1.9647184,-1.7181244,-0.6880207,-0.8382688,0.0172,FALSE,-0.7888243
I,Q,340,-0.4320594,-1.5125618,0.45423,-0.8382688,0.0249,FALSE,-0.5800983
I,R,340,0.4615798,-1.6373749,4.2912814,-0.8382688,0.0288912,FALSE,-0.7014948
I,S,340,-2.6725188,-1.6654854,-0.3379761,-0.8382688,0.0168566,FALSE,-0.7311126
I,T,340,-1.6898424,-1.7536469,-0.4853633,-0.8382688,0.0159473,FALSE,-0.829419
I,V,340,-0.306873,-1.1638489,-1.811848,-0.8382688,0.0197097,FALSE,-0.3244604
I,W,340,-2.7791651,-2.0530586,-1.4986502,-0.8382688,0.0172,FALSE,-1.2220748
I,Y,340,-1.8019173,-1.8744507,-0.8538312,-0.8382688,0.0168566,FALSE,-0.9772377
Q,A,341,-1.4111106,-1.7790756,-0.4300931,-1.3271997,0.0164463,FALSE,-0.8592882
Q,C,341,-3.0185479,-1.7750473,-0.8169844,-1.3271997,0.0172,FALSE,-0.8545117
Q,D,341,-2.6138666,-1.773407,-0.3145682,-1.3271997,0.0172,FALSE,-0.8525715
Q,E,341,-1.1038272,-1.7827644,-0.2408746,-1.3271997,0.01764,FALSE,-0.863677
Q,F,341,-2.865039,-1.9490242,0.2331493,-1.3271997,0.0172,FALSE,-1.0757908
Q,G,341,-2.4613756,-1.7495728,-0.5959037,-1.3271997,0.0172,FALSE,-0.8246961
Q,H,341,-1.3451601,-1.8411942,0.1644402,-1.3271997,0.0170052,FALSE,-0.9350602
Q,I,341,-2.5995448,-1.8710175,0.45423,-1.3271997,0.0172,FALSE,-0.9728323
Q,K,341,-2.4824735,-1.7521439,0.385521,-1.3271997,0.016554,FALSE,-0.8276746
Q,L,341,-3.3365225,-1.7267647,0.0857621,-1.3271997,0.0170052,FALSE,-0.7985765
Q,M,341,-2.5389717,-1.9444962,-0.4116697,-1.3271997,0.0172,FALSE,-1.0696531
Q,N,341,-2.1659349,-1.836998,-2.0697755,-1.3271997,0.0166285,FALSE,-0.9298176
Q,P,341,-3.5416208,-1.9355736,-1.0196418,-1.3271997,0.0170052,FALSE,-1.0576158
Q,R,341,-1.9277551,-1.7599983,1.6751588,-1.3271997,0.0206159,FALSE,-0.8368165
Q,S,341,-1.7229173,-2.0350418,-1.3696864,-1.3271997,0.0284483,FALSE,-1.1960349
Q,T,341,-1.4910326,-1.7425385,-1.2222992,-1.3271997,0.0168147,FALSE,-0.8165823
Q,V,341,-3.2653256,-1.6976585,0.1041855,-1.3271997,0.0170052,FALSE,-0.7660384
Q,W,341,-2.9592798,-1.9399643,-0.2090123,-1.3271997,0.0172,FALSE,-1.0635296
Q,Y,341,-2.9340757,-2.0428772,-0.8538312,-1.3271997,0.0172,FALSE,-1.207324
Y,A,342,-2.889965,0.0229378,-1.7381544,-1.3271997,0.0172,FALSE,-0.0326959
Y,C,342,-2.119468,-0.1616898,-2.1250457,-1.3271997,0.0187289,FALSE,-0.0474748
Y,D,342,-3.6610808,-0.0895157,0.9934931,-1.3271997,0.0166075,FALSE,-0.0410477
Y,E,342,-3.6639755,-0.1229477,0.8092591,-1.3271997,0.0169978,FALSE,-0.0439114
Y,F,342,-1.3420382,-0.1394539,-1.074912,-1.3271997,0.0157057,FALSE,-0.0453964
Y,G,342,-4.2340942,0.2420006,-1.9039649,-1.3271997,0.0172,FALSE,-0.0209433
Y,H,342,-1.6440323,-0.1334343,0.4039443,-1.3271997,0.0243125,FALSE,-0.0448492
Y,I,342,-2.7988852,-0.3020821,-0.8538312,-1.3271997,0.0172,FALSE,-0.0629072
Y,K,342,-2.4847329,-0.0189056,1.6935822,-1.3271997,0.0169978,FALSE,-0.0355879
Y,L,342,-2.4328919,-0.1276817,-1.2222992,-1.3271997,0.0169978,FALSE,-0.0443323
Y,M,342,-3.0081383,0.0199852,-1.719731,-1.3271997,0.0172,FALSE,-0.0328921
Y,N,342,-2.202555,0.0864639,-0.9459482,-1.3271997,0.0168004,FALSE,-0.0287418
Y,P,342,-3.2975318,0.0380898,-1.9960819,-1.3271997,0.0168004,FALSE,-0.0317067
Y,Q,342,-2.9051078,-0.2114563,-0.8538312,-1.3271997,0.0169978,FALSE,-0.0524686
Y,R,342,-2.3315774,-0.0909309,2.9832201,-1.3271997,0.0172,FALSE,-0.0411651
Y,S,342,-3.4818561,1.8779907,-1.6460374,-1.3271997,0.0164189,FALSE,-0.0007271
Y,T,342,-1.8440421,0.1725502,-1.7934246,-1.3271997,0.0169978,FALSE,-0.0241264
Y,V,342,-2.7248459,0.0768967,-1.2038758,-1.3271997,0.0172,FALSE,-0.0293057
Y,W,342,-1.7920342,-0.0794144,-1.5170736,-1.3271997,0.0172,FALSE,-0.040219
R,A,343,-3.3538978,-2.122921,3.4069583,-1.3271997,0.0172,FALSE,-1.3257151
R,C,343,-3.4121304,-2.1699066,3.0200669,-1.3271997,0.0172,FALSE,-1.397707
R,D,343,-3.4981255,-2.1121788,3.4119428,-1.3271997,0.0172,FALSE,-1.3095095
R,E,343,-2.7381198,-2.136425,3.5961768,-1.3271997,0.0172,FALSE,-1.3462226
R,F,343,-3.7510199,-1.9640694,4.0702006,-1.3271997,0.0169812,FALSE,-1.096325
R,G,343,-2.6517782,-2.0698814,3.2411477,-1.3271997,0.0250113,FALSE,-1.2466475
R,H,343,-3.7335503,-1.9629745,0.4173832,-1.3271997,0.0172,FALSE,-1.0948234
R,I,343,-2.5813545,-1.9523354,4.2912814,-1.3271997,0.0172,FALSE,-1.0802916
R,K,343,0.462911,-1.7608948,-0.8722546,-1.3271997,0.0176048,FALSE,-0.837864
R,L,343,-3.7448219,-1.899025,3.9228134,-1.3271997,0.0172,FALSE,-1.009113
R,M,343,-2.1196329,-1.8813934,3.4253817,-1.3271997,0.0172,FALSE,-0.9861825
R,N,343,-3.7749839,-1.9718246,1.7672758,-1.3271997,0.0172,FALSE,-1.1069932
R,P,343,-3.126333,-2.0432663,2.8174095,-1.3271997,0.016357,FALSE,-1.2078861
R,Q,343,-2.8655175,-2.1850243,1.6751588,-1.3271997,0.0172,FALSE,-1.4212454
R,S,343,-4.07504,-2.0469208,2.467365,-1.3271997,0.01764,FALSE,-1.2131714
R,T,343,-2.7169629,-1.9799767,2.6147522,-1.3271997,0.0172,FALSE,-1.1182682
R,V,343,-4.3481299,-1.8134384,3.9412368,-1.3271997,0.0172,FALSE,-0.9007152
R,W,343,-3.046429,-1.9338188,3.6280391,-1.3271997,0.0172,FALSE,-1.0552574
R,Y,343,-3.7545013,-1.9755287,2.9832201,-1.3271997,0.0172,FALSE,-1.1121085
G,A,344,-1.6757268,-1.8592148,-1.9960819,-1.8161306,0.0204873,FALSE,-0.957777
G,C,344,-2.8854838,-2.0940895,-1.9408117,-1.8161306,0.0172,FALSE,-1.2824387
G,D,344,-2.8203681,-1.9512024,1.2514207,-1.8161306,0.0162217,FALSE,-1.0787504
G,E,344,-2.4593761,-2.164688,1.0671867,-1.8161306,0.0172,FALSE,-1.3896234
G,F,344,-2.6689226,-1.9857292,-1.3328396,-1.8161306,0.0172,FALSE,-1.1262618
G,H,344,-3.0348838,-1.932457,0.6618719,-1.8161306,0.0172,FALSE,-1.0534293
G,I,344,-4.1397861,-2.0373993,-1.1117588,-1.8161306,0.0172,FALSE,-1.1994258
G,K,344,-3.5217091,-1.8734665,1.9515098,-1.8161306,0.0172,FALSE,-0.9759736
G,L,344,-3.8339353,-1.8518028,-1.4802268,-1.8161306,0.0172,FALSE,-0.9483938
G,M,344,-3.4062958,-1.9120903,-1.9776585,-1.8161306,0.0172,FALSE,-1.0263022
G,N,344,-3.0817276,-1.896595,-0.6880207,-1.8161306,0.0172,FALSE,-1.0059345
G,P,344,-3.8027242,-1.8133926,-1.7381544,-1.8161306,0.0172,FALSE,-0.9006592
G,Q,344,-3.5458494,-1.7275505,-0.5959037,-1.8161306,0.0172,FALSE,-0.7994673
G,R,344,-3.3781857,-1.8575401,3.2411477,-1.8161306,0.0172,FALSE,-0.9556521
G,S,344,-3.1998079,-1.9109573,-1.3881098,-1.8161306,0.02066,FALSE,-1.024805
G,T,344,-3.805835,-2.0057335,-1.535497,-1.8161306,0.0172,FALSE,-1.1542982
G,V,344,-3.026678,-1.8388786,-1.4618034,-1.8161306,0.0200155,FALSE,-0.932165
G,W,344,-2.8652943,-1.9782143,-1.7750012,-1.8161306,0.0172,FALSE,-1.1158254
G,Y,344,-3.3335529,-1.9965515,-1.9039649,-1.8161306,0.0172,FALSE,-1.1413836
L,A,345,-2.8164384,-1.7868004,-1.6460374,-1.9695085,0.0172,FALSE,-0.8684949
L,C,345,-3.4489421,-1.895134,-1.259146,-1.9695085,0.0172,FALSE,-1.0040262
L,D,345,-3.5596167,-1.9669685,1.9330864,-1.9695085,0.0172,FALSE,-1.1003064
L,E,345,-3.2260619,-1.7059479,1.7488524,-1.9695085,0.0172,FALSE,-0.7752142
L,F,345,-2.6311207,-1.9404068,-2.0145053,-1.9695085,0.02064,FALSE,-1.0641267
L,G,345,-4.0589238,-1.8749008,-1.4802268,-1.9695085,0.0172,FALSE,-0.9778162
L,H,345,-3.0600728,-1.8937759,1.3435377,-1.9695085,0.0172,FALSE,-1.0022543
L,I,345,-0.6999958,-1.7806702,-1.7934246,-1.9695085,0.020454,FALSE,-0.8611837
L,K,345,-3.9411204,-1.9414825,2.6331756,-1.9695085,0.0172,FALSE,-1.0655788
L,M,345,-0.5934711,-1.7802162,-1.6644608,-1.9695085,0.0188327,FALSE,-0.8606438
L,N,345,-3.916367,-1.7522507,-0.0063549,-1.9695085,0.0172,FALSE,-0.8277985
L,P,345,-2.5341791,-2.050415,-1.0564886,-1.9695085,0.0210928,FALSE,-1.2182359
L,Q,345,-2.5603516,-1.9655533,0.0857621,-1.9695085,0.0203841,FALSE,-1.0983619
L,R,345,-3.8425339,-1.9092407,3.9228134,-1.9695085,0.0173589,FALSE,-1.0225389
L,S,345,-3.0586088,-1.8117676,-0.7064441,-1.9695085,0.0172,FALSE,-0.8986728
L,T,345,-3.4683035,-1.9682808,-0.8538312,-1.9695085,0.0169867,FALSE,-1.1021112
L,V,345,-0.5598317,-1.7193527,-2.1434691,-1.9695085,0.013017,FALSE,-0.7902059
L,W,345,-3.1781705,-1.9190292,-1.8671182,-1.9695085,0.0172,FALSE,-1.0354991
L,Y,345,-2.5145507,-1.8354073,-1.2222992,-1.9695085,0.0172,FALSE,-0.9278349
F,A,346,-3.3043153,-1.9248657,-1.4986502,-1.9551032,0.0172,FALSE,-1.0432712
F,C,346,-3.521136,-2.018711,-1.1117588,-1.9551032,0.0169793,FALSE,-1.1726829
F,D,346,-3.9275659,-2.1092834,2.0804736,-1.9551032,0.0172,FALSE,-1.305158
F,E,346,-3.8621156,-1.9294739,1.8962396,-1.9551032,0.0172,FALSE,-1.0494309
F,G,346,-3.683537,-1.8863144,-1.3328396,-1.9551032,0.0172,FALSE,-0.9925515
F,H,346,-2.0940816,-1.8891258,1.4909249,-1.9551032,0.0172,FALSE,-0.9962009
F,I,346,-2.0666714,-1.9839973,-1.9408117,-1.9551032,0.019817,FALSE,-1.1238519
F,K,346,-4.2154558,-1.8926086,2.7805627,-1.9551032,0.0172,FALSE,-1.0007327
F,L,346,-1.1716014,-1.8449326,-2.0145053,-1.9551032,0.0168136,FALSE,-0.9397459
F,M,346,-2.2943139,-1.9984665,-1.5170736,-1.9551032,0.0172,FALSE,-1.1440707
F,N,346,-3.4123498,-1.9611206,0.1410323,-1.9551032,0.0172,FALSE,-1.0922835
F,P,346,-3.8558863,-2.0079994,-0.9091014,-1.9551032,0.0172,FALSE,-1.1574971
F,Q,346,-3.7157009,-2.079525,0.2331493,-1.9551032,0.0169793,FALSE,-1.2608449
F,R,346,-3.6802923,-2.1273537,4.0702006,-1.9551032,0.0172,FALSE,-1.3324301
F,S,346,-3.547009,-1.9954987,-0.5590569,-1.9551032,0.0161968,FALSE,-1.1399078
F,T,346,-3.9651772,-1.967804,-0.7064441,-1.9551032,0.0172,FALSE,-1.1014553
F,V,346,-2.2351312,-1.8422737,-2.0329287,-1.9551032,0.0163501,FALSE,-0.9364118
F,W,346,-2.7619158,-1.8938408,-1.719731,-1.9551032,0.0172,FALSE,-1.0023389
F,Y,346,-2.1617141,-1.9416275,-1.074912,-1.9551032,0.0167643,FALSE,-1.0657746
G,A,347,-0.8773391,-2.0456352,-1.9960819,-1.828846,0.0166989,FALSE,-1.2113107
G,C,347,-2.0287825,-1.9856453,-1.9408117,-1.828846,0.0249,FALSE,-1.126145
G,D,347,-3.0387703,-1.9402351,1.2514207,-1.828846,0.0172,FALSE,-1.063895
G,E,347,-2.2992105,-1.8485718,1.0671867,-1.828846,0.0184615,FALSE,-0.9443208
G,F,347,-2.7093626,-2.034603,-1.3328396,-1.828846,0.0172,FALSE,-1.1954043
G,H,347,-1.4257653,-1.9869843,0.6618719,-1.828846,0.02064,FALSE,-1.12801
G,I,347,-3.3365441,-2.0944672,-1.1117588,-1.828846,0.0172,FALSE,-1.2830011
G,K,347,-1.5153708,-2.0374413,1.9515098,-1.828846,0.0172,FALSE,-1.1994862
G,L,347,-0.936977,-1.8104439,-1.4802268,-1.828846,0.0196114,FALSE,-0.8970568
G,M,347,-1.5047619,-2.0677643,-1.9776585,-1.828846,0.0172,FALSE,-1.2435415
G,N,347,-1.3372815,-1.9881516,-0.6880207,-1.828846,0.0172,FALSE,-1.1296371
G,P,347,-3.628991,-2.2621078,-1.7381544,-1.828846,0.0172,FALSE,-1.5439662
G,Q,347,-1.1803556,-2.0599098,-0.5959037,-1.828846,0.0172,FALSE,-1.2320523
G,R,347,-1.0952628,-1.950737,3.2411477,-1.828846,0.0251026,FALSE,-1.0781177
G,S,347,-1.0290704,-1.9341354,-1.3881098,-1.828846,0.0148617,FALSE,-1.0556827
G,T,347,-1.0005451,-2.0541344,-1.535497,-1.828846,0.0172,FALSE,-1.2236387
G,V,347,-1.6801713,-1.9897232,-1.4618034,-1.828846,0.0167605,FALSE,-1.1318299
G,W,347,-2.4330195,-1.9716301,-1.7750012,-1.828846,0.0172,FALSE,-1.1067249
G,Y,347,-1.9125598,-2.1438522,-1.9039649,-1.828846,0.0172,FALSE,-1.3575653
A,C,348,-3.4333215,-1.7939682,-1.7750012,-1.8550291,0.0172,FALSE,-0.877093
A,D,348,-2.851742,-1.6817589,1.4172313,-1.8550291,0.0123882,FALSE,-0.7486416
A,E,348,-3.733784,-1.9569969,1.2329973,-1.8550291,0.0172,FALSE,-1.0866455
A,F,348,-3.282438,-1.941246,-1.4986502,-1.8550291,0.0172,FALSE,-1.0652594
A,G,348,-2.9896824,-1.8781967,-1.9960819,-1.8550291,0.0172,FALSE,-0.982058
A,H,348,-3.3684316,-2.1569023,0.8276825,-1.8550291,0.0172,FALSE,-1.3776035
A,I,348,-3.771088,-1.9795685,-1.2775694,-1.8550291,0.0172,FALSE,-1.1177022
A,K,348,-3.0206729,-1.9631767,2.1173204,-1.8550291,0.0172,FALSE,-1.0951006
A,L,348,-3.3725649,-2.0992432,-1.6460374,-1.8550291,0.0169852,FALSE,-1.2901231
A,M,348,-1.9159226,-1.9078293,-2.1434691,-1.8550291,0.0172,FALSE,-1.0206779
A,N,348,-2.9563379,-1.9004898,-0.5222101,-1.8550291,0.0172,FALSE,-1.0110318
A,P,348,-3.8816694,-2.1440468,-1.5723438,-1.8550291,0.0172,FALSE,-1.3578631
A,Q,348,-3.3349304,-1.9529076,-0.4300931,-1.8550291,0.0172,FALSE,-1.0810704
A,R,348,-4.2122471,-1.7969894,3.4069583,-1.8550291,0.0172,FALSE,-0.8807329
A,S,348,-2.9699389,-2.055748,-1.2222992,-1.8550291,0.0167757,FALSE,-1.2259865
A,T,348,-2.9066555,-1.8661957,-1.3696864,-1.8550291,0.0181605,FALSE,-0.9666648
A,V,348,-2.7745816,-1.7348404,-1.627614,-1.8550291,0.0353609,FALSE,-0.8077623
A,W,348,-3.0592412,-1.8620987,-1.9408117,-1.8550291,0.0172,FALSE,-0.9614427
A,Y,348,-3.7093407,-2.078617,-1.7381544,-1.8550291,0.0172,FALSE,-1.2595047
I,A,349,-2.6831517,-1.8101959,-1.2775694,-1.8274434,0.0169796,FALSE,-0.8967542
I,C,349,-2.7120131,-2.0849915,-0.890678,-1.8274434,0.0165552,FALSE,-1.2689284
I,D,349,-3.2566744,-1.957695,2.3015544,-1.8274434,0.0172,FALSE,-1.0875988
I,E,349,-3.5955945,-1.8989906,2.1173204,-1.8274434,0.0172,FALSE,-1.0090679
I,F,349,-3.4512602,-2.1071053,-1.9408117,-1.8274434,0.0167647,FALSE,-1.3018891
I,G,349,-3.9402229,-1.8281517,-1.1117588,-1.8274434,0.0172,FALSE,-0.9188238
I,H,349,-3.5532963,-1.9642487,1.7120056,-1.8274434,0.0172,FALSE,-1.096571
I,K,349,-3.6932614,-2.0337372,3.0016435,-1.8274434,0.0172,FALSE,-1.1941606
I,L,349,-1.9957547,-2.0288582,-1.7934246,-1.8274434,0.015957,FALSE,-1.1871645
I,M,349,-1.5347348,-2.1066856,-1.2959928,-1.8274434,0.0163509,FALSE,-1.3012597
I,N,349,-3.5466642,-1.8981857,0.362113,-1.8274434,0.0196465,FALSE,-1.0080145
I,P,349,-4.3899568,-2.0512505,-0.6880207,-1.8274434,0.0172,FALSE,-1.2194485
I,Q,349,-4.0464208,-2.195221,0.45423,-1.8274434,0.0172,FALSE,-1.4372222
I,R,349,-4.8942596,-1.9366989,4.2912814,-1.8274434,0.0169796,FALSE,-1.0591297
I,S,349,-3.8959151,-1.8662033,-0.3379761,-1.8274434,0.0169796,FALSE,-0.9666745
I,T,349,-2.828716,-2.0168457,-0.4853633,-1.8274434,0.015957,FALSE,-1.1700309
I,V,349,-0.3058036,-1.7430344,-1.811848,-1.8274434,0.0219913,FALSE,-0.8171526
I,W,349,-3.5807284,-1.7793579,-1.4986502,-1.8274434,0.0172,FALSE,-0.8596236
I,Y,349,-3.8349338,-1.6507492,-0.8538312,-1.8274434,0.0172,FALSE,-0.7154817
A,C,350,-2.8069194,-1.8928719,-1.7750012,-1.5916685,0.0172,FALSE,-1.0010758
A,D,350,-2.7540816,-1.7807045,1.4172313,-1.5916685,0.012744,FALSE,-0.8612245
A,E,350,-3.4356327,-1.7937126,1.2329973,-1.5916685,0.0172,FALSE,-0.8767855
A,F,350,-2.7975226,-1.7713394,-1.4986502,-1.5916685,0.0169789,FALSE,-0.8501299
A,G,350,-2.5427917,-1.8350334,-1.9960819,-1.5916685,0.0167634,FALSE,-0.9273692
A,H,350,-2.9680732,-2.1021004,0.8276825,-1.5916685,0.0172,FALSE,-1.294393
A,I,350,-3.2362315,-1.8894005,-1.2775694,-1.5916685,0.0172,FALSE,-0.9965579
A,K,350,-2.9816544,-1.9460716,2.1173204,-1.5916685,0.0172,FALSE,-1.0717863
A,L,350,-3.8471398,-1.8613205,-1.6460374,-1.5916685,0.0167634,FALSE,-0.9604527
A,M,350,-3.0934768,-2.0469475,-2.1434691,-1.5916685,0.0169789,FALSE,-1.21321
A,N,350,-3.768992,-1.9479904,-0.5222101,-1.5916685,0.0172,FALSE,-1.0743878
A,P,350,-4.2283651,-2.0031738,-1.5723438,-1.5916685,0.0169789,FALSE,-1.1506902
A,Q,350,-3.6618542,-1.97575,-0.4300931,-1.5916685,0.0172,FALSE,-1.1124146
A,R,350,-3.8474344,-2.1307526,3.4069583,-1.5916685,0.0172,FALSE,-1.3375901
A,S,350,-0.9035501,-2.0360832,-1.2222992,-1.5916685,0.0270115,FALSE,-1.1975322
A,T,350,-2.7736927,-1.7754173,-1.3696864,-1.5916685,0.025603,FALSE,-0.8549497
A,V,350,-3.1064866,-1.8212318,-1.627614,-1.5916685,0.0217067,FALSE,-0.9102795
A,W,350,-2.1361099,-1.8390503,-1.9408117,-1.5916685,0.0172,FALSE,-0.9323795
A,Y,350,-2.8337007,-1.9264488,-1.7381544,-1.5916685,0.0172,FALSE,-1.045385
G,A,351,-3.9548595,-1.9985313,-1.9960819,-1.6105622,0.0163415,FALSE,-1.1441616
G,C,351,-3.1370097,-1.957531,-1.9408117,-1.6105622,0.0174395,FALSE,-1.0873748
G,D,351,-3.3426111,-2.0525742,1.2514207,-1.6105622,0.0164598,FALSE,-1.2213709
G,E,351,-3.1333136,-2.0526237,1.0671867,-1.6105622,0.0172,FALSE,-1.2214428
G,F,351,-3.4256144,-1.8863449,-1.3328396,-1.6105622,0.0172,FALSE,-0.992591
G,H,351,-3.3029981,-2.0616074,0.6618719,-1.6105622,0.0172,FALSE,-1.2345309
G,I,351,-3.9118505,-1.9261246,-1.1117588,-1.6105622,0.0172,FALSE,-1.0449519
G,K,351,-3.38718,-1.7647705,1.9515098,-1.6105622,0.0172,FALSE,-0.8424023
G,L,351,-3.9360933,-2.1946068,-1.4802268,-1.6105622,0.0172,FALSE,-1.4362576
G,M,351,-3.311029,-1.8963585,-1.9776585,-1.6105622,0.0172,FALSE,-1.0056254
G,N,351,-3.1081877,-1.8977699,-0.6880207,-1.6105622,0.0172,FALSE,-1.0074705
G,P,351,-3.6602127,-1.8778229,-1.7381544,-1.6105622,0.0172,FALSE,-0.9815764
G,Q,351,-3.5757527,-2.12957,-0.5959037,-1.6105622,0.0172,FALSE,-1.3357937
G,R,351,-3.6663963,-2.1028671,3.2411477,-1.6105622,0.0172,FALSE,-1.29554
G,S,351,-3.4891681,-1.9042625,-1.3881098,-1.6105622,0.0175122,FALSE,-1.0159836
G,T,351,-2.8596526,-1.8821068,-1.535497,-1.6105622,0.0172,FALSE,-0.9871043
G,V,351,-3.3463778,-1.7706833,-1.4618034,-1.6105622,0.0180149,FALSE,-0.8493561
G,W,351,-2.711968,-2.001606,-1.7750012,-1.6105622,0.0172,FALSE,-1.1484832
G,Y,351,-3.6906894,-2.1591148,-1.9039649,-1.6105622,0.016977,FALSE,-1.3810143
F,A,352,-3.1090054,-1.9174118,-1.4986502,-1.6813629,0.0172,FALSE,-1.0333512
F,C,352,-3.7532098,-1.8573418,-1.1117588,-1.6813629,0.0172,FALSE,-0.9554006
F,D,352,-3.9749571,-1.9624252,2.0804736,-1.6813629,0.0172,FALSE,-1.0940705
F,E,352,-4.0691873,-2.0040169,1.8962396,-1.6813629,0.0172,FALSE,-1.1518779
F,G,352,-3.35414,-1.9862785,-1.3328396,-1.6813629,0.0167604,FALSE,-1.1270267
F,H,352,-4.0070999,-2.047554,1.4909249,-1.6813629,0.0172,FALSE,-1.2140883
F,I,352,-3.1409869,-1.8698082,-1.9408117,-1.6813629,0.0172,FALSE,-0.9712833
F,K,352,-4.4858578,-2.2274704,2.7805627,-1.6813629,0.0172,FALSE,-1.4882747
F,L,352,-2.9217003,-1.926094,-2.0145053,-1.6813629,0.0186802,FALSE,-1.044911
F,M,352,-3.6300372,-1.7935333,-1.5170736,-1.6813629,0.0172,FALSE,-0.8765698
F,N,352,-4.1973692,-2.081787,0.1410323,-1.6813629,0.0172,FALSE,-1.2641867
F,P,352,-2.9146448,-1.8877487,-0.9091014,-1.6813629,0.0169774,FALSE,-0.9944123
F,Q,352,-4.1861078,-1.9477768,0.2331493,-1.6813629,0.0172,FALSE,-1.074098
F,R,352,-4.5406841,-1.9967384,4.0702006,-1.6813629,0.0165489,FALSE,-1.1416457
F,S,352,-4.1178321,-1.8970375,-0.5590569,-1.6813629,0.0155668,FALSE,-1.0065128
F,T,352,-4.2257291,-2.0876427,-0.7064441,-1.6813629,0.0172,FALSE,-1.2728581
F,V,352,-3.4120409,-2.1638374,-2.0329287,-1.6813629,0.0169774,FALSE,-1.3883078
F,W,352,-2.4315866,-1.8506584,-1.719731,-1.6813629,0.0172,FALSE,-0.94695
F,Y,352,-2.8315924,-1.9973068,-1.074912,-1.6813629,0.0167604,FALSE,-1.142443
I,A,353,-3.5371832,-1.7949982,-1.2775694,-1.6834797,0.0167613,FALSE,-0.8783329
I,C,353,-3.6074589,-1.7700996,-0.890678,-1.6834797,0.0172,FALSE,-0.848668
I,D,353,-3.2652363,-1.8806725,2.3015544,-1.6834797,0.0172,FALSE,-0.9852514
I,E,353,-3.9874912,-1.7503242,2.1173204,-1.6834797,0.0172,FALSE,-0.8255658
I,F,353,-2.7341081,-2.0570107,-1.9408117,-1.6834797,0.0172,FALSE,-1.2278252
I,G,353,-3.5096654,-1.8097649,-1.1117588,-1.6834797,0.0172,FALSE,-0.8962285
I,H,353,-3.1857406,-1.691185,1.7120056,-1.6834797,0.0169778,FALSE,-0.758923
I,K,353,-4.25582,-1.7523079,3.0016435,-1.6834797,0.0172,FALSE,-0.8278648
I,L,353,-1.0367858,-1.8634682,-1.7934246,-1.6834797,0.0177972,FALSE,-0.9631865
I,M,353,-2.1036038,-1.8435669,-1.2959928,-1.6834797,0.0169778,FALSE,-0.9380325
I,N,353,-3.2440964,-1.7566795,0.362113,-1.6834797,0.0169778,FALSE,-0.8329458
I,P,353,-4.3332507,-1.966816,-0.6880207,-1.6834797,0.0172,FALSE,-1.1000968
I,Q,353,-3.7279255,-1.8317032,0.45423,-1.6834797,0.0172,FALSE,-0.9232279
I,R,353,-3.8576853,-1.77491,4.2912814,-1.6834797,0.0172,FALSE,-0.8543492
I,S,353,-3.7061008,-1.762001,-0.3379761,-1.6834797,0.0172,FALSE,-0.8391577
I,T,353,-2.7901075,-1.9577293,-0.4853633,-1.6834797,0.0160037,FALSE,-1.0876456
I,V,353,-0.4926493,-1.3633232,-1.811848,-1.6834797,0.0132799,FALSE,-0.4562239
I,W,353,-3.5307328,-1.9467735,-1.4986502,-1.6834797,0.0172,FALSE,-1.0727375
I,Y,353,-3.9520503,-1.9202461,-0.8538312,-1.6834797,0.0172,FALSE,-1.0371169
E,A,354,-3.3596389,-1.9150658,1.2329973,-1.188783,0.019648,FALSE,-1.0302403
E,C,354,-2.9622096,-2.021675,0.8461059,-1.188783,0.0172,FALSE,-1.1769033
E,D,354,-3.4478941,-1.8704796,-1.9776585,-1.188783,0.0169767,FALSE,-0.9721431
E,F,354,-3.6829021,-1.8823509,1.8962396,-1.188783,0.0169767,FALSE,-0.9874198
E,G,354,-3.5582874,-1.8268356,1.0671867,-1.188783,0.013851,FALSE,-0.917195
E,H,354,-3.5679848,-2.0579147,1.8275305,-1.188783,0.0167592,FALSE,-1.2291425
E,I,354,-2.8645107,-1.8198166,2.1173204,-1.188783,0.0172,FALSE,-0.9085381
E,K,354,-2.9540255,-1.9299355,2.3065389,-1.188783,0.0147365,FALSE,-1.050049
E,L,354,-2.7319804,-1.8134651,1.7488524,-1.188783,0.0172,FALSE,-0.9007479
E,M,354,-2.7274222,-2.0928078,1.2514207,-1.188783,0.0172,FALSE,-1.2805312
E,N,354,-3.4927966,-1.7152901,-0.3329916,-1.188783,0.0172,FALSE,-0.7856424
E,P,354,-3.9786849,-2.0456467,0.6434485,-1.188783,0.0172,FALSE,-1.2113274
E,Q,354,-2.9042519,-2.0544205,-0.2408746,-1.188783,0.0169767,FALSE,-1.2240548
E,R,354,-3.1423526,-2.0239487,3.5961768,-1.188783,0.0167592,FALSE,-1.1801462
E,S,354,-3.3767575,-2.1257172,0.293404,-1.188783,0.0172,FALSE,-1.3299491
E,T,354,-3.2357444,-2.1255035,0.4407911,-1.188783,0.0169767,FALSE,-1.3296253
E,V,354,-2.3169789,-1.8276405,1.7672758,-1.188783,0.0170405,FALSE,-0.9181909
E,W,354,-3.3367601,-1.887661,1.4540781,-1.188783,0.0172,FALSE,-0.9942985
E,Y,354,-3.0851639,-1.9805374,0.8092591,-1.188783,0.0172,FALSE,-1.119046
G,A,355,-3.7036919,-1.8886871,-1.9960819,-1.5093199,0.0167594,FALSE,-0.9956309
G,C,355,-3.5646192,-2.1103783,-1.9408117,-1.5093199,0.0172,FALSE,-1.3068027
G,D,355,-3.7329934,-1.9756927,1.2514207,-1.5093199,0.0172,FALSE,-1.1123353
G,E,355,-3.0520936,-1.9134521,1.0671867,-1.5093199,0.0177272,FALSE,-1.0281035
G,F,355,-3.3462057,-2.1834831,-1.3328396,-1.5093199,0.0172,FALSE,-1.4188375
G,H,355,-3.7362183,-1.9915771,0.6618719,-1.5093199,0.0172,FALSE,-1.1344195
G,I,355,-3.8133234,-2.1105728,-1.1117588,-1.5093199,0.0172,FALSE,-1.3070949
G,K,355,-3.3908881,-1.9920082,1.9515098,-1.5093199,0.0172,FALSE,-1.1350221
G,L,355,-4.5088392,-2.0779533,-1.4802268,-1.5093199,0.0172,FALSE,-1.2585256
G,M,355,-3.4730085,-1.9848671,-1.9776585,-1.5093199,0.0172,FALSE,-1.1250619
G,N,355,-2.9851209,-2.2443619,-0.6880207,-1.5093199,0.0172,FALSE,-1.5153246
G,P,355,-4.3437839,-1.9915581,-1.7381544,-1.5093199,0.0172,FALSE,-1.1343929
G,Q,355,-3.5761708,-2.1172028,-0.5959037,-1.5093199,0.0172,FALSE,-1.3170767
G,R,355,-3.0214499,-1.8397827,3.2411477,-1.5093199,0.0307456,FALSE,-0.9332947
G,S,355,-3.83377,-1.8578148,-1.3881098,-1.5093199,0.0169768,FALSE,-0.9560004
G,T,355,-3.9245998,-2.0339088,-1.535497,-1.5093199,0.0172,FALSE,-1.194407
G,V,355,-3.6935642,-1.9743462,-1.4618034,-1.5093199,0.0172,FALSE,-1.1104741
G,W,355,-3.6093218,-1.7865105,-1.7750012,-1.5093199,0.0172,FALSE,-0.8681483
G,Y,355,-3.3486729,-1.9723282,-1.9039649,-1.5093199,0.0172,FALSE,-1.1076879
G,A,356,-3.5116561,-2.0507164,-1.9960819,-1.5994437,0.0172,FALSE,-1.2186733
G,C,356,-3.7747411,-2.0800323,-1.9408117,-1.5994437,0.0172,FALSE,-1.261594
G,D,356,-2.0987013,-1.9907265,1.2514207,-1.5994437,0.0169769,FALSE,-1.1332309
G,E,356,-2.9789191,-1.8600769,1.0671867,-1.5994437,0.0150473,FALSE,-0.9588719
G,F,356,-4.3363611,-1.8680725,-1.3328396,-1.5994437,0.0172,FALSE,-0.9690626
G,H,356,-4.0704435,-2.218483,0.6618719,-1.5994437,0.0172,FALSE,-1.4739684
G,I,356,-4.1510067,-1.9780235,-1.1117588,-1.5994437,0.0172,FALSE,-1.1155611
G,K,356,-3.9421732,-1.8173561,1.9515098,-1.5994437,0.0172,FALSE,-0.9055154
G,L,356,-4.1226894,-1.911766,-1.4802268,-1.5994437,0.0172,FALSE,-1.0258735
G,M,356,-3.2181171,-2.022274,-1.9776585,-1.5994437,0.0172,FALSE,-1.1777572
G,N,356,-2.8320244,-2.02042,-0.6880207,-1.5994437,0.0172,FALSE,-1.1751153
G,P,356,-3.5698289,-2.2701454,-1.7381544,-1.5994437,0.0167596,FALSE,-1.557013
G,Q,356,-4.0120649,-2.0654488,-0.5959037,-1.5994437,0.0172,FALSE,-1.2401489
G,R,356,-3.4125582,-1.8833542,3.2411477,-1.5994437,0.0179217,FALSE,-0.9887173
G,S,356,-3.2661335,-1.8578148,-1.3881098,-1.5994437,0.0172,FALSE,-0.9560004
G,T,356,-4.2857788,-1.91222,-1.535497,-1.5994437,0.0172,FALSE,-1.0264737
G,V,356,-3.4005197,-1.8585205,-1.4618034,-1.5994437,0.0168546,FALSE,-0.9568957
G,W,356,-3.5933661,-1.9762268,-1.7750012,-1.5994437,0.0172,FALSE,-1.1130741
G,Y,356,-3.762837,-1.7851257,-1.9039649,-1.5994437,0.0172,FALSE,-0.8664937
W,A,357,-4.5061037,-2.1232224,-1.9408117,-1.4658828,0.0172,FALSE,-1.3261712
W,C,357,-3.0548401,-1.86586,-1.5539204,-1.4658828,0.0279984,FALSE,-0.9662363
W,D,357,-2.8300825,-1.8727112,1.638312,-1.4658828,0.0172,FALSE,-0.9750042
W,E,357,-3.7339365,-2.0742035,1.4540781,-1.4658828,0.0172,FALSE,-1.2530006
W,F,357,-3.6023671,-2.111103,-1.719731,-1.4658828,0.0172,FALSE,-1.3078918
W,G,357,-3.5556611,-1.9165916,-1.7750012,-1.4658828,0.0188145,FALSE,-1.032263
W,H,357,-4.1008392,-2.0515099,1.0487633,-1.4658828,0.0172,FALSE,-1.2198251
W,I,357,-3.3400819,-1.9816704,-1.4986502,-1.4658828,0.0172,FALSE,-1.1206186
W,K,357,-4.3984993,-1.9398422,2.3384012,-1.4658828,0.0172,FALSE,-1.0633649
W,L,357,-3.5787472,-2.075817,-1.8671182,-1.4658828,0.0201112,FALSE,-1.2553765
W,M,357,-1.9631786,-1.9396439,-1.9592351,-1.4658828,0.0172,FALSE,-1.0630975
W,N,357,-4.1095389,-1.9362564,-0.3011293,-1.4658828,0.0172,FALSE,-1.0585342
W,P,357,-4.3860977,-1.8650742,-1.351263,-1.4658828,0.0167594,FALSE,-0.9652337
W,Q,357,-4.1635412,-2.1419296,-0.2090123,-1.4658828,0.0172,FALSE,-1.3546248
W,R,357,-3.058914,-1.8030396,3.6280391,-1.4658828,0.0184563,FALSE,-0.8880504
W,S,357,-4.5307071,-1.9060249,-1.0012184,-1.4658828,0.0172,FALSE,-1.0183015
W,T,357,-4.4969295,-1.838562,-1.1486056,-1.4658828,0.0172,FALSE,-0.9317695
W,V,357,-4.2854898,-1.8776627,-1.8486948,-1.4658828,0.0172,FALSE,-0.98137
W,Y,357,-3.1180241,-1.9462166,-1.5170736,-1.4658828,0.0172,FALSE,-1.0719828
T,A,358,-2.8546152,-1.8964615,-1.3696864,-1.1450816,0.016,FALSE,-1.00576
T,C,358,-1.4841492,-2.1216583,-1.7565778,-1.1450816,0.0165484,FALSE,-1.3238052
T,D,358,-1.0939715,-1.9609337,0.6250251,-1.1450816,0.0167601,FALSE,-1.0920276
T,E,358,-1.7888595,-2.1671944,0.4407911,-1.1450816,0.0147,FALSE,-1.3935031
T,F,358,-2.2118485,-1.7757912,-0.7064441,-1.1450816,0.0172,FALSE,-0.8553925
T,G,358,-4.7501664,-1.9068985,-1.535497,-1.1450816,0.0172,FALSE,-1.0194517
T,H,358,-0.6584708,-1.7919884,0.0354764,-1.1450816,0.0180362,FALSE,-0.8747128
T,I,358,-0.3269206,-1.9799309,-0.4853633,-1.1450816,0.0238374,FALSE,-1.1182047
T,K,358,-3.5964696,-1.830574,1.3251143,-1.1450816,0.0172,FALSE,-0.9218262
T,L,358,-0.3491749,-2.057499,-0.8538312,-1.1450816,0.0204782,FALSE,-1.2285367
T,M,358,-3.666628,-1.8955116,-1.351263,-1.1450816,0.0172,FALSE,-1.0045192
T,N,358,-2.0143007,-1.6710739,-1.3144162,-1.1450816,0.0122103,FALSE,-0.7371006
T,P,358,-0.6426313,-1.9660225,-1.9592351,-1.1450816,0.0195614,FALSE,-1.0990064
T,Q,358,-2.3410189,-1.8969727,-1.2222992,-1.1450816,0.0165484,FALSE,-1.0064281
T,R,358,-3.3183608,-2.0200005,2.6147522,-1.1450816,0.0161408,FALSE,-1.174518
T,S,358,-1.1361177,-2.08778,-2.0145053,-1.1450816,0.0189033,FALSE,-1.2730618
T,V,358,-1.5504788,-1.8669739,-0.8354078,-1.1450816,0.0272291,FALSE,-0.9676586
T,W,358,-4.1005476,-2.0219116,-1.1486056,-1.1450816,0.0172,FALSE,-1.1772406
T,Y,358,-1.3989203,-1.9650688,-1.7934246,-1.1450816,0.0277884,FALSE,-1.0976966
G,A,359,-1.2632423,-2.2372398,-1.9960819,-1.1382662,0.0159432,FALSE,-1.5038938
G,C,359,-3.009663,-2.008377,-1.9408117,-1.1382662,0.0172,FALSE,-1.1580307
G,D,359,-3.3719741,-2.207634,1.2514207,-1.1382662,0.0172,FALSE,-1.4567795
G,E,359,-2.1864948,-2.0897903,1.0671867,-1.1382662,0.0199356,FALSE,-1.2760457
G,F,359,-3.3467767,-2.0738487,-1.3328396,-1.1382662,0.0172,FALSE,-1.2524785
G,H,359,-3.5387961,-2.1482162,0.6618719,-1.1382662,0.0172,FALSE,-1.3642509
G,I,359,-3.3891277,-1.9561882,-1.1117588,-1.1382662,0.0249,FALSE,-1.0855417
G,K,359,-3.0007828,-1.9690742,1.9515098,-1.1382662,0.0172,FALSE,-1.1032032
G,L,359,-3.6535225,-1.9487343,-1.4802268,-1.1382662,0.016977,FALSE,-1.0753973
G,M,359,-2.669361,-2.0438118,-1.9776585,-1.1382662,0.0172,FALSE,-1.2086742
G,N,359,-3.7488788,-2.2463036,-0.6880207,-1.1382662,0.0172,FALSE,-1.5184474
G,P,359,-4.3672794,-1.7957344,-1.7381544,-1.1382662,0.0172,FALSE,-0.8792197
G,Q,359,-2.0108284,-2.1433144,-0.5959037,-1.1382662,0.0167596,FALSE,-1.3567425
G,R,359,-2.848028,-2.0686073,3.2411477,-1.1382662,0.0141697,FALSE,-1.2447778
G,S,359,-2.6245759,-2.0950127,-1.3881098,-1.1382662,0.0172,FALSE,-1.2838136
G,T,359,-3.0392489,-1.8684692,-1.535497,-1.1382662,0.0167596,FALSE,-0.9695699
G,V,359,-3.4135263,-1.7572365,-1.4618034,-1.1382662,0.0345755,FALSE,-0.8335946
G,W,359,-2.3222067,-1.9003716,-1.7750012,-1.1382662,0.0172,FALSE,-1.0108769
G,Y,359,-2.9755234,-2.0535316,-1.9039649,-1.1382662,0.0172,FALSE,-1.2227623
M,A,360,-3.3354912,-1.9204979,-2.1434691,-1.4834726,0.0172,FALSE,-1.0374518
M,C,360,-3.2030264,-1.7448883,-1.7565778,-1.4834726,0.0172,FALSE,-0.819287
M,D,360,-3.4186886,-1.6722984,1.4356547,-1.4834726,0.0172,FALSE,-0.7384171
M,E,360,-4.0892747,-1.8896484,1.2514207,-1.4834726,0.0172,FALSE,-0.9968801
M,F,360,-3.5377064,-1.7626839,-1.5170736,-1.4834726,0.0172,FALSE,-0.839957
M,G,360,-4.303255,-1.803978,-1.9776585,-1.4834726,0.0172,FALSE,-0.8891887
M,H,360,-3.2820903,-1.8414993,0.8461059,-1.4834726,0.0172,FALSE,-0.9354421
M,I,360,-2.846596,-1.3382187,-1.2959928,-1.4834726,0.0178518,FALSE,-0.4375854
M,K,360,-2.764056,-1.8440552,2.1357438,-1.4834726,0.0167594,FALSE,-0.9386449
M,L,360,0.4807461,-1.5554085,-1.6644608,-1.4834726,0.0243661,FALSE,-0.6199173
M,N,360,-3.7508468,-1.753334,-0.5037867,-1.4834726,0.0172,FALSE,-0.8290557
M,P,360,-3.5559238,-1.5654488,-1.5539204,-1.4834726,0.0172,FALSE,-0.6295277
M,Q,360,-4.4563525,-1.7429237,-0.4116697,-1.4834726,0.0172,FALSE,-0.8170253
M,R,360,-4.0150024,-1.8137856,3.4253817,-1.4834726,0.0188146,FALSE,-0.90114
M,S,360,-4.8098722,-1.7729149,-1.2038758,-1.4834726,0.0172,FALSE,-0.85199
M,T,360,-3.026758,-1.7603798,-1.351263,-1.4834726,0.019857,FALSE,-0.8372621
M,V,360,-2.6379993,-1.6767921,-1.6460374,-1.4834726,0.0328894,FALSE,-0.7432619
M,W,360,-3.1487484,-1.7357674,-1.9592351,-1.4834726,0.0172,FALSE,-0.8088211
M,Y,360,-3.9771268,-1.6852837,-1.719731,-1.4834726,0.0172,FALSE,-0.7524752
I,A,361,-2.0462261,-1.8664322,-1.2775694,-1.0306811,0.0167593,FALSE,-0.9669668
I,C,361,-2.0376359,-1.8620949,-0.890678,-1.0306811,0.0172,FALSE,-0.9614379
I,D,361,-2.5876383,-1.9299164,2.3015544,-1.0306811,0.02286,FALSE,-1.0500234
I,E,361,-2.0512333,-1.9627113,2.1173204,-1.0306811,0.0167593,FALSE,-1.0944626
I,F,361,-1.6610388,-1.9126091,-1.9408117,-1.0306811,0.0169768,FALSE,-1.0269882
I,G,361,-3.2786239,-1.8392525,-1.1117588,-1.0306811,0.0172,FALSE,-0.9326321
I,H,361,-1.2369028,-1.7770844,1.7120056,-1.0306811,0.0172,FALSE,-0.8569251
I,K,361,1.1595466,-1.9157257,3.0016435,-1.0306811,0.0491393,FALSE,-1.0311148
I,L,361,-0.7235331,-2.0044823,-1.7934246,-1.0306811,0.0154256,FALSE,-1.1525338
I,M,361,-1.3807256,-1.6395569,-1.2959928,-1.0306811,0.0177147,FALSE,-0.7037638
I,N,361,-3.2974531,-1.5638123,0.362113,-1.0306811,0.0167593,FALSE,-0.627954
I,P,361,-4.2623266,-1.9238739,-0.6880207,-1.0306811,0.0165473,FALSE,-1.0419481
I,Q,361,-1.589681,-1.8167229,0.45423,-1.0306811,0.0172,FALSE,-0.9047385
I,R,361,-1.5796945,-2.024189,4.2912814,-1.0306811,0.0186757,FALSE,-1.1804892
I,S,361,-1.8546643,-1.928833,-0.3379761,-1.0306811,0.0169768,FALSE,-1.048573
I,T,361,-1.3762668,-1.7982483,-0.4853633,-1.0306811,0.0318775,FALSE,-0.8822524
I,V,361,-0.2878526,-1.0828857,-1.811848,-1.0306811,0.013697,FALSE,-0.2809573
I,W,361,-1.7916578,-1.7760811,-1.4986502,-1.0306811,0.036028,FALSE,-0.8557359
I,Y,361,-2.0364781,-1.9396935,-0.8538312,-1.0306811,0.0167593,FALSE,-1.0631644
D,A,362,-3.1860969,-1.944931,1.4172313,-1.1181965,0.0172,FALSE,-1.0702416
D,C,362,-3.6196343,-1.9186211,1.0303399,-1.1181965,0.0172,FALSE,-1.0349569
D,E,362,-2.6336788,-1.8005829,-1.9776585,-1.1181965,0.0159439,FALSE,-0.8850746
D,F,362,-3.3106473,-1.9741669,2.0804736,-1.1181965,0.0172,FALSE,-1.1102264
D,G,362,-3.2461516,-1.7987175,1.2514207,-1.1181965,0.0184587,FALSE,-0.8828191
D,H,362,-3.6922375,-1.9322624,2.0117645,-1.1181965,0.0172,FALSE,-1.0531682
D,I,362,-3.4933624,-1.9551468,2.3015544,-1.1181965,0.0172,FALSE,-1.0841212
D,K,362,-3.018895,-1.782589,2.1223049,-1.1181965,0.0172,FALSE,-0.863468
D,L,362,-3.4271806,-2.0113983,1.9330864,-1.1181965,0.0172,FALSE,-1.1623044
D,M,362,-3.0467267,-1.5986786,1.4356547,-1.1181965,0.0172,FALSE,-0.6620949
D,N,362,-2.151855,-1.7293091,-0.2224512,-1.1181965,0.0158621,FALSE,-0.8014633
D,P,362,-4.064068,-1.9571533,0.8276825,-1.1181965,0.0172,FALSE,-1.086859
D,Q,362,-2.9886868,-1.8447456,-0.3145682,-1.1181965,0.0169771,FALSE,-0.9395112
D,R,362,-3.9664708,-1.6708488,3.4119428,-1.1181965,0.0172,FALSE,-0.7368588
D,S,362,-2.9379693,-1.947094,0.4776379,-1.1181965,0.0169771,FALSE,-1.073172
D,T,362,-3.0577712,-1.949791,0.6250251,-1.1181965,0.0172,FALSE,-1.0768322
D,V,362,-3.3561491,-1.8931694,1.9515098,-1.1181965,0.0172,FALSE,-1.0014635
D,W,362,-2.8611117,-1.9338684,1.638312,-1.1181965,0.0172,FALSE,-1.055324
D,Y,362,-2.6558383,-1.7392998,0.9934931,-1.1181965,0.0159177,FALSE,-0.8128641
G,A,363,-3.9696371,-2.1354523,-1.9960819,-1.4838864,0.0172,FALSE,-1.3447404
G,C,363,-4.0169063,-1.9667473,-1.9408117,-1.4838864,0.0172,FALSE,-1.1000024
G,D,363,-3.4783344,-2.0720825,1.2514207,-1.4838864,0.0172,FALSE,-1.2498809
G,E,363,-2.9658154,-1.8404503,1.0671867,-1.4838864,0.0150754,FALSE,-0.9341295
G,F,363,-2.9181724,-2.2046623,-1.3328396,-1.4838864,0.0172,FALSE,-1.4520868
G,H,363,-3.6457332,-2.0730247,0.6618719,-1.4838864,0.0172,FALSE,-1.2512663
G,I,363,-3.2217835,-1.888504,-1.1117588,-1.4838864,0.0172,FALSE,-0.9953931
G,K,363,-3.1903261,-2.0257912,1.9515098,-1.4838864,0.0172,FALSE,-1.1827776
G,L,363,-3.452136,-2.2335167,-1.4802268,-1.4838864,0.0172,FALSE,-1.4979331
G,M,363,-2.4048126,-1.8407784,-1.9776585,-1.4838864,0.0172,FALSE,-0.9345399
G,N,363,-4.0058136,-2.1428337,-0.6880207,-1.4838864,0.0172,FALSE,-1.3560072
G,P,363,-3.285736,-2.0953827,-1.7381544,-1.4838864,0.0172,FALSE,-1.2843648
G,Q,363,-2.0426965,-2.000431,-0.5959037,-1.4838864,0.0172,FALSE,-1.1468307
G,R,363,-1.7620624,-1.9821625,3.2411477,-1.4838864,0.0161997,FALSE,-1.1213019
G,S,363,-3.2401632,-1.9932404,-1.3881098,-1.4838864,0.0169766,FALSE,-1.1367455
G,T,363,-3.7577372,-2.0925827,-1.535497,-1.4838864,0.0172,FALSE,-1.2801963
G,V,363,-2.8700351,-1.955616,-1.4618034,-1.4838864,0.016792,FALSE,-1.0847611
G,W,363,-2.664572,-1.8857155,-1.7750012,-1.4838864,0.0172,FALSE,-0.9917751
G,Y,363,-2.8907028,-1.8942833,-1.9039649,-1.4838864,0.0172,FALSE,-1.0029161
W,A,364,-3.9765939,-2.068142,-1.9408117,-1.6776539,0.0172,FALSE,-1.2440953
W,C,364,-2.3398093,-1.9162483,-1.5539204,-1.6776539,0.0163412,FALSE,-1.0318077
W,D,364,-3.5273648,-1.7330589,1.638312,-1.6776539,0.0172,FALSE,-0.80573
W,E,364,-3.4433811,-1.8305779,1.4540781,-1.6776539,0.0172,FALSE,-0.921831
W,F,364,-2.0999798,-1.9612007,-1.719731,-1.6776539,0.0172,FALSE,-1.0923932
W,G,364,-3.0995496,-2.1439438,-1.7750012,-1.6776539,0.0169769,FALSE,-1.3577055
W,H,364,-3.9077009,-1.9677162,1.0487633,-1.6776539,0.0172,FALSE,-1.1013345
W,I,364,-2.8370717,-1.8051453,-1.4986502,-1.6776539,0.0172,FALSE,-0.890606
W,K,364,-3.3343274,-2.0817947,2.3384012,-1.6776539,0.0172,FALSE,-1.2641981
W,L,364,-2.8759671,-2.0289536,-1.8671182,-1.6776539,0.0169769,FALSE,-1.1873011
W,M,364,-2.8154244,-1.9091301,-1.9592351,-1.6776539,0.0172,FALSE,-1.022393
W,N,364,-3.1851416,-2.1312141,-0.3011293,-1.6776539,0.0172,FALSE,-1.3382914
W,P,364,-4.2592398,-2.123745,-1.351263,-1.6776539,0.0172,FALSE,-1.3269621
W,Q,364,-3.9237381,-1.9908829,-0.2090123,-1.6776539,0.0172,FALSE,-1.1334494
W,R,364,-3.5033674,-1.9105453,3.6280391,-1.6776539,0.0188143,FALSE,-1.0242609
W,S,364,-4.2554983,-1.9111824,-1.0012184,-1.6776539,0.0172,FALSE,-1.0251024
W,T,364,-3.5680151,-1.7134819,-1.1486056,-1.6776539,0.0172,FALSE,-0.7836168
W,V,364,-3.5840419,-1.9394989,-1.8486948,-1.6776539,0.0172,FALSE,-1.0629019
W,Y,364,-1.7428483,-2.1357498,-1.5170736,-1.6776539,0.0169769,FALSE,-1.3451936
Y,A,365,-2.9617887,-1.8435326,-1.7381544,-1.7793946,0.015942,FALSE,-0.9379895
Y,C,365,-2.837644,-1.9399567,-2.1250457,-1.7793946,0.0299264,FALSE,-1.0635194
Y,D,365,-3.0007949,-1.7905922,0.9934931,-1.7793946,0.0172,FALSE,-0.8730367
Y,E,365,-3.7392138,-1.8470497,0.8092591,-1.7793946,0.0172,FALSE,-0.9424057
Y,F,365,-2.4998236,-1.9087257,-1.074912,-1.7793946,0.0169767,FALSE,-1.0218596
Y,G,365,-3.0179537,-1.9890556,-1.9039649,-1.7793946,0.0172,FALSE,-1.1308982
Y,H,365,-2.6608356,-1.72575,0.4039443,-1.7793946,0.0171443,FALSE,-0.7974271
Y,I,365,-3.6865443,-1.8714142,-0.8538312,-1.7793946,0.0172,FALSE,-0.9733407
Y,K,365,-3.5931691,-1.787075,1.6935822,-1.7793946,0.0172,FALSE,-0.8688234
Y,L,365,-3.6530466,-1.7996216,-1.2222992,-1.7793946,0.0172,FALSE,-0.8839118
Y,M,365,-2.8435185,-1.907711,-1.719731,-1.7793946,0.0172,FALSE,-1.020522
Y,N,365,-2.9908514,-2.0649185,-0.9459482,-1.7793946,0.0172,FALSE,-1.2393726
Y,P,365,-4.2290582,-1.931633,-1.9960819,-1.7793946,0.0172,FALSE,-1.052324
Y,Q,365,-3.1825775,-1.9349747,-0.8538312,-1.7793946,0.0172,FALSE,-1.0568106
Y,R,365,-4.1815161,-1.9447861,2.9832201,-1.7793946,0.0172,FALSE,-1.0700454
Y,S,365,-2.97252,-1.7939873,-1.6460374,-1.7793946,0.0169767,FALSE,-0.877116
Y,T,365,-3.473433,-1.914711,-1.7934246,-1.7793946,0.0172,FALSE,-1.0297702
Y,V,365,-2.4818746,-1.5679398,-1.2038758,-1.7793946,0.0172,FALSE,-0.6319285
Y,W,365,-2.7872855,-1.9575195,-1.5170736,-1.7793946,0.0172,FALSE,-1.0873591
G,A,366,-4.2227533,-1.9662704,-1.9960819,-1.5896885,0.016547,FALSE,-1.099347
G,C,366,-3.1260214,-1.9946861,-1.9408117,-1.5896885,0.0172,FALSE,-1.1387694
G,D,366,-2.5483261,-1.9170837,1.2514207,-1.5896885,0.0176384,FALSE,-1.0329158
G,E,366,-3.2557803,-1.9143143,1.0671867,-1.5896885,0.0172,FALSE,-1.0292448
G,F,366,-3.2653167,-2.1170654,-1.3328396,-1.5896885,0.0172,FALSE,-1.3168695
G,H,366,-2.8890905,-1.873066,0.6618719,-1.5896885,0.0172,FALSE,-0.9754595
G,I,366,-3.310657,-1.9252243,-1.1117588,-1.5896885,0.0172,FALSE,-1.0437498
G,K,366,-2.475422,-1.8174744,1.9515098,-1.5896885,0.0172,FALSE,-0.9056605
G,L,366,-4.2329364,-1.9043694,-1.4802268,-1.5896885,0.0172,FALSE,-1.0161241
G,M,366,-3.1334491,-1.9640694,-1.9776585,-1.5896885,0.0172,FALSE,-1.096325
G,N,366,-2.7299127,-1.8624344,-0.6880207,-1.5896885,0.0169767,FALSE,-0.96187
G,P,366,-3.5681853,-1.9181328,-1.7381544,-1.5896885,0.0172,FALSE,-1.0343084
G,Q,366,-2.9473544,-1.9839134,-0.5959037,-1.5896885,0.0172,FALSE,-1.1237353
G,R,366,-3.6502837,-2.0188484,3.2411477,-1.5896885,0.0169767,FALSE,-1.1728783
G,S,366,-3.1259396,-1.9663773,-1.3881098,-1.5896885,0.0157814,FALSE,-1.0994939
G,T,366,-3.7706311,-1.9192696,-1.535497,-1.5896885,0.0172,FALSE,-1.0358186
G,V,366,-3.8977707,-1.9599419,-1.4618034,-1.5896885,0.01673,FALSE,-1.0906703
G,W,366,-2.4487472,-2.0108871,-1.7750012,-1.5896885,0.0169767,FALSE,-1.1615807
G,Y,366,-1.6064535,-1.8107338,-1.9039649,-1.5896885,0.0172,FALSE,-0.8974106
Y,A,367,-3.7088752,-1.9283905,-1.7381544,-1.5067734,0.0172,FALSE,-1.0479809
Y,C,367,-2.5575129,-1.9566383,-2.1250457,-1.5067734,0.0180446,FALSE,-1.086156
Y,D,367,-2.904286,-1.9235954,0.9934931,-1.5067734,0.0167593,FALSE,-1.0415768
Y,E,367,-3.4217861,-1.9400444,0.8092591,-1.5067734,0.0172,FALSE,-1.0636377
Y,F,367,-1.1001283,-1.7356873,-1.074912,-1.5067734,0.0155631,FALSE,-0.8087296
Y,G,367,-3.8740433,-2.0336876,-1.9039649,-1.5067734,0.0172,FALSE,-1.1940894
Y,H,367,-2.7808878,-1.9480515,0.4039443,-1.5067734,0.0212104,FALSE,-1.0744707
Y,I,367,-3.3191273,-2.0367355,-0.8538312,-1.5067734,0.0172,FALSE,-1.1984705
Y,K,367,-3.0223269,-1.984684,1.6935822,-1.5067734,0.0172,FALSE,-1.1248071
Y,L,367,-3.594735,-2.0214577,-1.2222992,-1.5067734,0.0172,FALSE,-1.1765936
Y,M,367,-1.1856677,-2.089161,-1.719731,-1.5067734,0.0172,FALSE,-1.2751112
Y,N,367,-2.4255313,-1.9532204,-0.9459482,-1.5067734,0.0167593,FALSE,-1.0814963
Y,P,367,-3.6708687,-1.9070778,-1.9960819,-1.5067734,0.0172,FALSE,-1.0196878
Y,Q,367,-3.7148302,-1.9608688,-0.8538312,-1.5067734,0.0172,FALSE,-1.0919387
Y,R,367,-3.9711638,-1.9837189,2.9832201,-1.5067734,0.0172,FALSE,-1.1234648
Y,S,367,-3.2898713,-1.9223557,-1.6460374,-1.5067734,0.0172,FALSE,-1.0399247
Y,T,367,-3.4004921,-1.9764557,-1.7934246,-1.5067734,0.0172,FALSE,-1.1133907
Y,V,367,-3.4963831,-1.9900589,-1.2038758,-1.5067734,0.0172,FALSE,-1.1322986
Y,W,367,-3.6960762,-1.8575897,-1.5170736,-1.5067734,0.0172,FALSE,-0.955715
H,A,368,-1.3039919,-2.1426392,0.8276825,-1.2522954,0.0189028,FALSE,-1.3557098
H,C,368,-1.4400204,-1.8448715,0.4407911,-1.2522954,0.0165482,FALSE,-0.9396692
H,D,368,-2.8619439,-2.038227,2.0117645,-1.2522954,0.0167599,FALSE,-1.2006175
H,E,368,-2.9546754,-2.089592,1.8275305,-1.2522954,0.0172,FALSE,-1.2757512
H,F,368,-1.0139925,-2.0569954,1.4909249,-1.2522954,0.0193685,FALSE,-1.2278029
H,G,368,-3.5565032,-1.8876381,0.6618719,-1.2522954,0.0172,FALSE,-0.9942688
H,I,368,-3.7998669,-1.9393158,1.7120056,-1.2522954,0.0172,FALSE,-1.062655
H,K,368,-2.6455844,-2.0281487,-0.8722546,-1.2522954,0.0172,FALSE,-1.1861489
H,L,368,-1.0296242,-2.0745316,1.3435377,-1.2522954,0.0161405,FALSE,-1.2534835
H,M,368,-1.2460356,-2.117176,0.8461059,-1.2522954,0.0172,FALSE,-1.3170363
H,N,368,-2.2314946,-1.8918953,0.0723232,-1.2522954,0.0158362,FALSE,-0.9998036
H,P,368,-3.8559539,-2.2908134,0.2381338,-1.2522954,0.0172,FALSE,-1.59077
H,Q,368,-1.3097029,-1.9733658,0.1644402,-1.2522954,0.0213687,FALSE,-1.10912
H,R,368,-1.0005063,-1.9106674,0.4173832,-1.2522954,0.0156751,FALSE,-1.0244221
H,S,368,-3.1096417,-1.9678879,-0.1119108,-1.2522954,0.02058,FALSE,-1.1015707
H,T,368,-3.2494822,-2.2599792,0.0354764,-1.2522954,0.0172,FALSE,-1.5405188
H,V,368,-3.2821521,-1.9625969,1.3619611,-1.2522954,0.0172,FALSE,-1.0943058
H,W,368,-1.2832149,-1.9984932,1.0487633,-1.2522954,0.0165482,FALSE,-1.1441081
H,Y,368,-0.6529499,-1.6663742,0.4039443,-1.2522954,0.0316094,FALSE,-0.7320628
H,A,369,-3.2604421,-1.9649124,0.8276825,-1.2136676,0.0169767,FALSE,-1.0974819
H,C,369,0.2815838,-1.9639816,0.4407911,-1.2136676,0.0157501,FALSE,-1.0962045
H,D,369,-2.8016174,-2.052784,2.0117645,-1.2136676,0.0169767,FALSE,-1.2216757
H,E,369,-3.4720966,-1.9368324,1.8275305,-1.2136676,0.0172,FALSE,-1.0593094
H,F,369,-0.0049077,-2.1215897,1.4909249,-1.2136676,0.0172,FALSE,-1.3237015
H,G,369,-3.4314916,-1.9362755,0.6618719,-1.2136676,0.0172,FALSE,-1.0585599
H,I,369,-0.4747589,-2.1941948,1.7120056,-1.2136676,0.0157501,FALSE,-1.4356107
H,K,369,-2.2118978,-1.8850975,-0.8722546,-1.2136676,0.0172,FALSE,-0.9909743
H,L,369,-2.7150997,-2.0866165,1.3435377,-1.2136676,0.016194,FALSE,-1.2713363
H,M,369,0.2666681,-2.1096344,0.8461059,-1.2136676,0.0167592,FALSE,-1.3056851
H,N,369,-1.4207403,-1.8482819,0.0723232,-1.2136676,0.0157793,FALSE,-0.9439559
H,P,369,-3.139624,-1.9059906,0.2381338,-1.2136676,0.0169767,FALSE,-1.0182564
H,Q,369,0.1097066,-1.9551811,0.1644402,-1.2136676,0.0171015,FALSE,-1.084168
H,R,369,-2.7194289,-1.9127007,0.4173832,-1.2136676,0.0206478,FALSE,-1.0271094
H,S,369,-1.7326749,-1.9383163,-0.1119108,-1.2136676,0.0180104,FALSE,-1.0613078
H,T,369,-0.1314672,-1.8061295,0.0354764,-1.2136676,0.0145256,FALSE,-0.891802
H,V,369,-0.2389207,-1.9968414,1.3619611,-1.2136676,0.0146888,FALSE,-1.1417901
H,W,369,-1.911039,-2.1068954,1.0487633,-1.2136676,0.0172,FALSE,-1.3015743
H,Y,369,-1.1431914,-1.8800621,0.4039443,-1.2136676,0.0136182,FALSE,-0.9844635
Q,A,370,-1.048165,-1.7141075,-0.4300931,-0.9976675,0.018881,FALSE,-0.7843172
Q,C,370,-0.4689587,-1.8210106,-0.8169844,-0.9976675,0.0150263,FALSE,-0.9100072
Q,D,370,-1.1236067,-1.7018089,-0.3145682,-0.9976675,0.0167592,FALSE,-0.7706235
Q,E,370,-0.1427435,-1.7928772,-0.2408746,-0.9976675,0.0193666,FALSE,-0.8757809
Q,F,370,-1.5236534,-1.6513023,0.2331493,-0.9976675,0.0219,FALSE,-0.7160642
Q,G,370,-3.670728,-1.6534576,-0.5959037,-0.9976675,0.0172,FALSE,-0.7183373
Q,H,370,-0.9670239,-1.7919083,0.1644402,-0.9976675,0.0185223,FALSE,-0.8746166
Q,I,370,-0.1533814,-1.836525,0.45423,-0.9976675,0.0181425,FALSE,-0.9292277
Q,K,370,-0.2570329,-1.9921227,0.385521,-0.9976675,0.0207267,FALSE,-1.1351822
Q,L,370,-0.7931476,-1.8870697,0.0857621,-0.9976675,0.0137811,FALSE,-0.9935311
Q,M,370,-0.9791192,-1.9133797,-0.4116697,-0.9976675,0.0298247,FALSE,-1.0280077
Q,N,370,-0.6298209,-1.6607246,-2.0697755,-0.9976675,0.0163404,FALSE,-0.7260376
Q,P,370,-2.9948017,-1.8289452,-1.0196418,-0.9976675,0.0169767,FALSE,-0.9198066
Q,R,370,-0.904613,-1.3469009,1.6751588,-0.9976675,0.0415548,FALSE,-0.4439617
Q,S,370,-0.000405,-1.9108505,-1.3696864,-0.9976675,0.0140099,FALSE,-1.0246639
Q,T,370,-0.5567467,-1.6668434,-1.2222992,-0.9976675,0.0169936,FALSE,-0.7325647
Q,V,370,0.1603566,-1.7509041,0.1041855,-0.9976675,0.0225466,FALSE,-0.8262375
Q,W,370,-0.4383717,-1.8423615,-0.2090123,-0.9976675,0.0169767,FALSE,-0.9365218
Q,Y,370,-0.3833099,-1.7486382,-0.8538312,-0.9976675,0.0169767,FALSE,-0.8236151
N,A,371,-4.0717098,-1.9160423,-0.5222101,-1.1344485,0.0172,FALSE,-1.0315345
N,C,371,-3.7490312,-1.9324532,-0.9091014,-1.1344485,0.0172,FALSE,-1.0534242
N,D,371,-2.5626603,-1.8919373,-0.2224512,-1.1344485,0.0196479,FALSE,-0.9998583
N,E,371,-2.8736069,-2.0114212,-0.3329916,-1.1344485,0.0172,FALSE,-1.1623368
N,F,371,-3.9098212,-2.0051155,0.1410323,-1.1344485,0.0172,FALSE,-1.1534265
N,G,371,-4.3832733,-1.9180107,-0.6880207,-1.1344485,0.0172,FALSE,-1.0341463
N,H,371,-2.8859739,-2.0962105,0.0723232,-1.1344485,0.01778,FALSE,-1.2855985
N,I,371,-3.460173,-1.7029114,0.362113,-1.1344485,0.0172,FALSE,-0.7718446
N,K,371,-2.8978001,-1.8971825,0.4776379,-1.1344485,0.0163404,FALSE,-1.0067024
N,L,371,-3.2787672,-1.8407707,-0.0063549,-1.1344485,0.0169767,FALSE,-0.9345303
N,M,371,-3.3822273,-2.001171,-0.5037867,-1.1344485,0.0172,FALSE,-1.1478713
N,P,371,-3.4725668,-1.9451942,-1.1117588,-1.1344485,0.0172,FALSE,-1.0705979
N,Q,371,-3.4549434,-1.91893,-2.0697755,-1.1344485,0.0172,FALSE,-1.0353673
N,R,371,-4.1885527,-1.9775009,1.7672758,-1.1344485,0.0172,FALSE,-1.1148374
N,S,371,-2.9021762,-1.874836,-1.4618034,-1.1344485,0.0167592,FALSE,-0.9777329
N,T,371,-3.410629,-1.899807,-1.3144162,-1.1344485,0.0161387,FALSE,-1.0101371
N,V,371,-3.0522683,-1.8435898,0.0120685,-1.1344485,0.0172,FALSE,-0.9380612
N,W,371,-3.4332369,-1.9243507,-0.3011293,-1.1344485,0.0172,FALSE,-1.0425841
N,Y,371,-3.4764561,-1.8145409,-0.9459482,-1.1344485,0.0172,FALSE,-0.9020644
E,A,372,-0.7405062,-1.6516838,1.2329973,-0.8609608,0.0164605,FALSE,-0.7164662
E,C,372,-2.5202479,-1.6814728,0.8461059,-0.8609608,0.0172,FALSE,-0.748331
E,D,372,-0.1960792,-1.2830238,-1.9776585,-0.8609608,0.0149396,FALSE,-0.3987455
E,F,372,-2.8953068,-1.7912254,1.8962396,-0.8609608,0.0172,FALSE,-0.8737966
E,G,372,-1.3707283,-1.4147224,1.0671867,-0.8609608,0.0235104,FALSE,-0.4963305
E,H,372,-2.945464,-1.7277832,1.8275305,-0.8609608,0.0172,FALSE,-0.7997312
E,I,372,-3.220727,-1.820507,2.1173204,-0.8609608,0.0172,FALSE,-0.9093874
E,K,372,-2.0858417,-1.6924934,2.3065389,-0.8609608,0.0153027,FALSE,-0.7603576
E,L,372,-1.9333816,-1.8263245,1.7488524,-0.8609608,0.0169766,FALSE,-0.9165629
E,M,372,-1.4487628,-1.6659813,1.2514207,-0.8609608,0.0172,FALSE,-0.7316427
E,N,372,-2.7208209,-1.8422585,-0.3329916,-0.8609608,0.0169766,FALSE,-0.9363928
E,P,372,-4.0404882,-1.757515,0.6434485,-0.8609608,0.0172,FALSE,-0.8339192
E,Q,372,-2.613243,-1.730835,-0.2408746,-0.8609608,0.0172,FALSE,-0.8031978
E,R,372,-3.3105006,-1.6757965,3.5961768,-0.8609608,0.0172,FALSE,-0.7421866
E,S,372,-0.4446517,-1.9973907,0.293404,-0.8609608,0.0186744,FALSE,-1.1425607
E,T,372,-2.0517281,-1.4767876,0.4407911,-0.8609608,0.01634,FALSE,-0.5483236
E,V,372,-3.6998457,-1.6485634,1.7672758,-0.8609608,0.016759,FALSE,-0.7131828
E,W,372,-3.3330557,-1.5908318,1.4540781,-0.8609608,0.0172,FALSE,-0.6542991
E,Y,372,-2.4621297,-1.6084251,0.8092591,-0.8609608,0.0172,FALSE,-0.6718689
Q,A,373,-1.3819242,-1.7019882,-0.4300931,-0.8512074,0.0143666,FALSE,-0.770822
Q,C,373,-3.0792288,-1.7578621,-0.8169844,-0.8512074,0.0172,FALSE,-0.8343237
Q,D,373,-1.7513393,-1.8646317,-0.3145682,-0.8512074,0.0169768,FALSE,-0.9646694
Q,E,373,-0.9421368,-1.856884,-0.2408746,-0.8512074,0.0169768,FALSE,-0.9548204
Q,F,373,-1.097788,-1.737503,0.2331493,-0.8512074,0.02058,FALSE,-0.810806
Q,G,373,-2.9926433,-1.835659,-0.5959037,-0.8512074,0.0169768,FALSE,-0.9281484
Q,H,373,-2.7839932,-1.984932,0.1644402,-0.8512074,0.0176128,FALSE,-1.1251522
Q,I,373,-3.4999562,-1.8782043,0.45423,-0.8512074,0.0172,FALSE,-0.9820678
Q,K,373,-2.9957115,-1.6922302,0.385521,-0.8512074,0.0182736,FALSE,-0.7600689
Q,L,373,-1.5197522,-1.7498283,0.0857621,-0.8512074,0.0200109,FALSE,-0.8249917
Q,M,373,-1.6418611,-1.7018547,-0.4116697,-0.8512074,0.0172,FALSE,-0.7706742
Q,N,373,-2.7738908,-1.7474174,-2.0697755,-0.8512074,0.0172,FALSE,-0.8222044
Q,P,373,-3.5062834,-1.7287788,-1.0196418,-0.8512074,0.0203486,FALSE,-0.800861
Q,R,373,-2.6874654,-1.9648476,1.6751588,-0.8512074,0.0151186,FALSE,-1.0973929
Q,S,373,-2.6097238,-1.8344002,-1.3696864,-0.8512074,0.0172,FALSE,-0.9265809
Q,T,373,-3.2518049,-1.9215393,-1.2222992,-0.8512074,0.0169768,FALSE,-1.0388376
Q,V,373,-3.4018814,-1.8767395,0.1041855,-0.8512074,0.0167593,FALSE,-0.9801813
Q,W,373,-2.5267431,-1.7415771,-0.2090123,-0.8512074,0.0172,FALSE,-0.8154774
Q,Y,373,-1.2871484,-1.9615974,-0.8538312,-0.8512074,0.015563,FALSE,-1.0929364
G,A,374,-4.2688607,-2.0771332,-1.9960819,-0.8669,0.01764,FALSE,-1.2573162
G,C,374,-3.4294257,-1.979805,-1.9408117,-0.8669,0.0172,FALSE,-1.1180301
G,D,374,-3.3017284,-2.1412735,1.2514207,-0.8669,0.016759,FALSE,-1.3536221
G,E,374,-3.1995441,-1.9297829,1.0671867,-0.8669,0.0193594,FALSE,-1.0498446
G,F,374,-4.2049202,-1.6868706,-1.3328396,-0.8669,0.0172,FALSE,-0.7542055
G,H,374,-3.2096426,-1.9769058,0.6618719,-0.8669,0.0172,FALSE,-1.1140136
G,I,374,-3.5475855,-1.931633,-1.1117588,-0.8669,0.0172,FALSE,-1.052324
G,K,374,-3.9638871,-2.132,1.9515098,-0.8669,0.0172,FALSE,-1.3394862
G,L,374,-3.3337571,-1.846283,-1.4802268,-0.8669,0.0172,FALSE,-0.941442
G,M,374,-3.4475879,-2.0585747,-1.9776585,-0.8669,0.0172,FALSE,-1.2301047
G,N,374,-2.9621044,-1.8621712,-0.6880207,-0.8669,0.0172,FALSE,-0.961535
G,P,374,-3.3211619,-1.9005165,-1.7381544,-0.8669,0.0169766,FALSE,-1.0110668
G,Q,374,-3.548532,-1.8723145,-0.5959037,-0.8669,0.0172,FALSE,-0.9744952
G,R,374,-3.6176919,-2.0668945,3.2411477,-0.8669,0.0176446,FALSE,-1.2422665
G,S,374,-3.1306541,-1.8256454,-1.3881098,-0.8669,0.016759,FALSE,-0.9157235
G,T,374,-3.2590835,-1.9976616,-1.535497,-0.8669,0.0169766,FALSE,-1.1429408
G,V,374,-3.7373631,-2.0520515,-1.4618034,-0.8669,0.0171047,FALSE,-1.2206116
G,W,374,-3.4706455,-1.6223412,-1.7750012,-0.8669,0.0172,FALSE,-0.685999
G,Y,374,-4.0112696,-2.0165024,-1.9039649,-0.8669,0.0172,FALSE,-1.1695432
S,A,375,-0.8273157,-1.885189,-1.2222992,-1.0058196,0.0175991,FALSE,-0.9910928
S,C,375,-1.2793046,-1.7802925,-1.6091906,-1.0058196,0.0165473,FALSE,-0.8607345
S,D,375,-1.3376983,-1.8096313,0.4776379,-1.0058196,0.0174312,FALSE,-0.8960656
S,E,375,-0.7950163,-1.8678474,0.293404,-1.0058196,0.0225945,FALSE,-0.9687749
S,F,375,-1.6662183,-1.9409714,-0.5590569,-1.0058196,0.0169768,FALSE,-1.0648887
S,G,375,-2.5808805,-1.8106995,-1.3881098,-1.0058196,0.02058,FALSE,-0.8973687
S,H,375,-1.3660033,-1.8555107,-0.1119108,-1.0058196,0.019589,FALSE,-0.9530809
S,I,375,-2.1821389,-1.7164688,-0.3379761,-1.0058196,0.0172,FALSE,-0.7869646
S,K,375,-2.2519647,-1.8018227,1.1777271,-1.0058196,0.0172,FALSE,-0.8865756
S,L,375,-2.8310383,-1.8855476,-0.7064441,-1.0058196,0.0210505,FALSE,-0.9915575
S,M,375,-0.7994932,-1.6503944,-1.2038758,-1.0058196,0.0169768,FALSE,-0.7151082
S,N,375,-1.6480897,-1.6586914,-1.4618034,-1.0058196,0.0155629,FALSE,-0.7238775
S,P,375,-3.3445826,-1.8676224,-1.811848,-1.0058196,0.0193668,FALSE,-0.9684873
S,Q,375,-1.0662953,-1.8786316,-1.3696864,-1.0058196,0.0172,FALSE,-0.9826185
S,R,375,-1.9802742,-1.8699532,2.467365,-1.0058196,0.0155629,FALSE,-0.971469
S,T,375,-1.2207276,-1.5132332,-2.0145053,-1.0058196,0.0169768,FALSE,-0.5807074
S,V,375,-1.5182279,-1.4798126,-0.6880207,-1.0058196,0.0153799,FALSE,-0.5509589
S,W,375,-2.1301252,-1.8332214,-1.0012184,-1.0058196,0.0167593,FALSE,-0.9251144
S,Y,375,-1.367056,-1.798851,-1.6460374,-1.0058196,0.0172,FALSE,-0.8829804
G,A,376,-0.7952145,-1.7642822,-1.9960819,-1.0806905,0.0167591,FALSE,-0.8418297
G,C,376,-2.4778054,-1.8827477,-1.9408117,-1.0806905,0.0172,FALSE,-0.9879329
G,D,376,-2.2821132,-2.1489906,1.2514207,-1.0806905,0.0191892,FALSE,-1.3654389
G,E,376,-1.9996238,-1.7857475,1.0671867,-1.0806905,0.0167591,FALSE,-0.8672364
G,F,376,-2.2201354,-1.8611526,-1.3328396,-1.0806905,0.0172,FALSE,-0.9602392
G,H,376,-2.7349463,-2.009842,0.6618719,-1.0806905,0.0172,FALSE,-1.1601019
G,I,376,-2.5563272,-1.8464279,-1.1117588,-1.0806905,0.0169767,FALSE,-0.9416241
G,K,376,-2.6006619,-1.8880882,1.9515098,-1.0806905,0.0172,FALSE,-0.9948531
G,L,376,-2.2180821,-2.1527405,-1.4802268,-1.0806905,0.0169767,FALSE,-1.3711983
G,M,376,-2.0343058,-2.0173569,-1.9776585,-1.0806905,0.0172,FALSE,-1.1707574
G,N,376,-2.0832879,-1.837246,-0.6880207,-1.0806905,0.0172,FALSE,-0.9301269
G,P,376,-3.818579,-1.8997421,-1.7381544,-1.0806905,0.0169767,FALSE,-1.0100521
G,Q,376,-2.0766259,-1.6632614,-0.5959037,-1.0806905,0.0172,FALSE,-0.7287389
G,R,376,-2.3257417,-1.9446754,3.2411477,-1.0806905,0.0165471,FALSE,-1.0698956
G,S,376,-1.4927081,-1.9426575,-1.3881098,-1.0806905,0.0257851,FALSE,-1.0671663
G,T,376,-2.2544688,-1.773632,-1.535497,-1.0806905,0.0169767,FALSE,-0.8528375
G,V,376,-1.6593581,-1.8078575,-1.4618034,-1.0806905,0.0210347,FALSE,-0.8939044
G,W,376,-3.0880063,-2.008133,-1.7750012,-1.0806905,0.0172,FALSE,-1.1576859
G,Y,376,-1.5903721,-2.1255913,-1.9039649,-1.0806905,0.0165471,FALSE,-1.3297584
Y,A,377,-3.5498959,-1.8971214,-1.7381544,-1.2411782,0.0172,FALSE,-1.0066225
Y,C,377,-3.0151736,-1.8803368,-2.1250457,-1.2411782,0.0216762,FALSE,-0.9848181
Y,D,377,-3.3670303,-2.0280113,0.9934931,-1.2411782,0.0172,FALSE,-1.1859523
Y,E,377,-4.2742514,-1.8824921,0.8092591,-1.2411782,0.0172,FALSE,-0.9876024
Y,F,377,-0.8952185,-2.0954819,-1.074912,-1.2411782,0.0157501,FALSE,-1.2845126
Y,G,377,-3.5452953,-1.6193352,-1.9039649,-1.2411782,0.0172,FALSE,-0.6829294
Y,H,377,-3.0523837,-1.9304008,0.4039443,-1.2411782,0.0224753,FALSE,-1.0506723
Y,I,377,-3.0744418,-1.7904358,-0.8538312,-1.2411782,0.0172,FALSE,-0.8728491
Y,K,377,-3.3812089,-2.0118217,1.6935822,-1.2411782,0.0172,FALSE,-1.162904
Y,L,377,-3.827651,-1.9034233,-1.2222992,-1.2411782,0.0172,FALSE,-1.0148809
Y,M,377,-3.3846382,-1.9929619,-1.719731,-1.2411782,0.0172,FALSE,-1.1363559
Y,N,377,-3.787405,-1.9586105,-0.9459482,-1.2411782,0.0167592,FALSE,-1.0888497
Y,P,377,-4.3401502,-1.8349419,-1.9960819,-1.2411782,0.0172,FALSE,-0.9272553
Y,Q,377,-3.5513173,-2.0768394,-0.8538312,-1.2411782,0.0172,FALSE,-1.2568831
Y,R,377,-4.5841624,-1.887394,2.9832201,-1.2411782,0.0169767,FALSE,-0.993952
Y,S,377,-4.0031048,-1.8489342,-1.6460374,-1.2411782,0.0167592,FALSE,-0.9447771
Y,T,377,-3.9667576,-1.9536629,-1.7934246,-1.2411782,0.0169767,FALSE,-1.082099
Y,V,377,-3.9992823,-1.9667816,-1.2038758,-1.2411782,0.0172,FALSE,-1.1000495
Y,W,377,-2.8632627,-1.9248276,-1.5170736,-1.2411782,0.0172,FALSE,-1.0432203
A,C,378,-1.0277596,-1.8900414,-1.7750012,-1.2394929,0.0205628,FALSE,-0.9973911
A,D,378,-4.3856874,-1.840065,1.4172313,-1.2394929,0.0169768,FALSE,-0.9336477
A,E,378,-2.49948,-1.934967,1.2329973,-1.2394929,0.0138459,FALSE,-1.0568002
A,F,378,-1.9632803,-1.7773323,-1.4986502,-1.2394929,0.0172,FALSE,-0.8572191
A,G,378,-3.7883955,-1.8832359,-1.9960819,-1.2394929,0.0167593,FALSE,-0.9885643
A,H,378,-3.1634753,-1.8818817,0.8276825,-1.2394929,0.0172,FALSE,-0.9868134
A,I,378,-1.8944941,-1.8937988,-1.2775694,-1.2394929,0.0167593,FALSE,-1.0022841
A,K,378,-3.7435556,-2.063446,2.1173204,-1.2394929,0.0172,FALSE,-1.2372182
A,L,378,-3.2549946,-1.9621811,-1.6460374,-1.2394929,0.0208208,FALSE,-1.093736
A,M,378,-2.4515041,-1.867424,-2.1434691,-1.2394929,0.0172,FALSE,-0.9682337
A,N,378,-3.6447745,-1.7091026,-0.5222101,-1.2394929,0.0169768,FALSE,-0.7787254
A,P,378,-3.6078399,-1.7494087,-1.5723438,-1.2394929,0.0172,FALSE,-0.8245062
A,Q,378,-3.8304189,-1.8176003,-0.4300931,-1.2394929,0.0169768,FALSE,-0.9058151
A,R,378,-4.1329511,-1.8745537,3.4069583,-1.2394929,0.0169768,FALSE,-0.9773701
A,S,378,-0.8514572,-1.9302864,-1.2222992,-1.2394929,0.0155131,FALSE,-1.0505191
A,T,378,-2.7792823,-1.8248062,-1.3696864,-1.2394929,0.0210031,FALSE,-0.9146868
A,V,378,-0.5588714,-1.8229408,-1.627614,-1.2394929,0.0199275,FALSE,-0.9123851
A,W,378,-3.3653245,-2.0433464,-1.9408117,-1.2394929,0.0172,FALSE,-1.2080018
A,Y,378,-1.7469863,-1.9747581,-1.7381544,-1.2394929,0.0165473,FALSE,-1.1110433
A,C,379,-3.3257408,-1.6382065,-1.7750012,-1.4659675,0.0172,FALSE,-0.7023589
A,D,379,-4.312491,-1.863163,1.4172313,-1.4659675,0.0172,FALSE,-0.9627977
A,E,379,-3.0973083,-2.0557785,1.2329973,-1.4659675,0.0146415,FALSE,-1.2260308
A,F,379,-4.0657099,-1.9390144,-1.4986502,-1.4659675,0.0172,FALSE,-1.0622486
A,G,379,-3.3533149,-2.046238,-1.9960819,-1.4659675,0.0167592,FALSE,-1.212183
A,H,379,-4.284691,-2.1719933,0.8276825,-1.4659675,0.0172,FALSE,-1.4009453
A,I,379,-3.8364335,-1.9420509,-1.2775694,-1.4659675,0.0172,FALSE,-1.0663466
A,K,379,-3.6692374,-1.8296204,2.1173204,-1.4659675,0.0172,FALSE,-0.9206435
A,L,379,-3.7175742,-2.2827377,-1.6460374,-1.4659675,0.0172,FALSE,-1.5775445
A,M,379,-3.5318872,-1.8490067,-2.1434691,-1.4659675,0.0172,FALSE,-0.9448684
A,N,379,-4.3504699,-1.9405899,-0.5222101,-1.4659675,0.0172,FALSE,-1.0643738
A,P,379,-4.1060307,-2.1875877,-1.5723438,-1.4659675,0.01764,FALSE,-1.4252543
A,Q,379,-4.0284097,-1.8169403,-0.4300931,-1.4659675,0.0172,FALSE,-0.9050051
A,R,379,-3.5543177,-1.9926338,3.4069583,-1.4659675,0.0172,FALSE,-1.1358969
A,S,379,-2.0105934,-1.9625969,-1.2222992,-1.4659675,0.0160549,FALSE,-1.0943058
A,T,379,-3.1268689,-1.7026863,-1.3696864,-1.4659675,0.0233505,FALSE,-0.7715952
A,V,379,-3.325763,-1.7815399,-1.627614,-1.4659675,0.0201682,FALSE,-0.8622186
A,W,379,-3.9757896,-1.8925667,-1.9408117,-1.4659675,0.0172,FALSE,-1.0006781
A,Y,379,-3.7296558,-2.2139282,-1.7381544,-1.4659675,0.0172,FALSE,-1.4667411
D,A,380,-3.1599593,-1.8935814,1.4172313,-1.4891506,0.0169767,FALSE,-1.0020006
D,C,380,-3.6451975,-1.9852943,1.0303399,-1.4891506,0.0172,FALSE,-1.1256564
D,E,380,-2.8248714,-1.8740082,-1.9776585,-1.4891506,0.0167591,FALSE,-0.9766693
D,F,380,-3.7794065,-1.7818832,2.0804736,-1.4891506,0.0172,FALSE,-0.8626273
D,G,380,-2.8566539,-1.8418236,1.2514207,-1.4891506,0.0201436,FALSE,-0.9358481
D,H,380,-2.8891602,-1.7919464,2.0117645,-1.4891506,0.0169767,FALSE,-0.8746624
D,I,380,-1.6721521,-1.9260483,2.3015544,-1.4891506,0.0172,FALSE,-1.04485
D,K,380,-3.1199541,-1.9117241,2.1223049,-1.4891506,0.0172,FALSE,-1.0258182
D,L,380,-3.9968717,-2.1807556,1.9330864,-1.4891506,0.0169767,FALSE,-1.4145808
D,M,380,-3.254833,-1.9054565,1.4356547,-1.4891506,0.0172,FALSE,-1.0175536
D,N,380,-2.7631406,-1.6898499,-0.2224512,-1.4891506,0.0178757,FALSE,-0.7574611
D,P,380,-4.197741,-1.7515984,0.8276825,-1.4891506,0.0172,FALSE,-0.8270421
D,Q,380,-3.5012507,-1.8069916,-0.3145682,-1.4891506,0.0172,FALSE,-0.8928505
D,R,380,-4.1110448,-1.7391701,3.4119428,-1.4891506,0.0172,FALSE,-0.8127154
D,S,380,-4.327445,-1.9527817,0.4776379,-1.4891506,0.0172,FALSE,-1.080899
D,T,380,-4.0602207,-1.8437996,0.6250251,-1.4891506,0.0172,FALSE,-0.9383243
D,V,380,-3.7794144,-1.7640152,1.9515098,-1.4891506,0.0169767,FALSE,-0.8415166
D,W,380,-3.5169842,-1.8536911,1.638312,-1.4891506,0.0172,FALSE,-0.950779
D,Y,380,-3.3661954,-1.8331795,0.9934931,-1.4891506,0.0164589,FALSE,-0.9250624
Q,A,381,-0.2371987,-1.770504,-0.4300931,-1.135828,0.0376265,FALSE,-0.8491447
Q,C,381,-2.0019611,-1.6756363,-0.8169844,-1.135828,0.0172,FALSE,-0.7420137
Q,D,381,-3.34871,-1.5554199,-0.3145682,-1.135828,0.0172,FALSE,-0.6199281
Q,E,381,-0.9162525,-1.6623001,-0.2408746,-1.135828,0.0225374,FALSE,-0.7277144
Q,F,381,-1.1024854,-1.6470604,0.2331493,-1.135828,0.0149384,FALSE,-0.711605
Q,G,381,-3.0250785,-1.54002,-0.5959037,-1.135828,0.0172,FALSE,-0.6053941
Q,H,381,0.2133532,-1.6961212,0.1644402,-1.135828,0.0237925,FALSE,-0.7643446
Q,I,381,0.1631504,-1.705658,0.45423,-1.135828,0.0208929,FALSE,-0.7748921
Q,K,381,-0.2369564,-1.3724289,0.385521,-1.135828,0.0520864,FALSE,-0.4631373
Q,L,381,-0.4423158,-1.4010963,0.0857621,-1.135828,0.0172193,FALSE,-0.4854406
Q,M,381,-0.10511,-1.534111,-0.4116697,-1.135828,0.0147,FALSE,-0.5998836
Q,N,381,-3.4101952,-1.5667725,-2.0697755,-1.135828,0.0172,FALSE,-0.6308026
Q,P,381,-3.6378881,-1.5411453,-1.0196418,-1.135828,0.0172,FALSE,-0.6064477
Q,R,381,-0.1685989,-1.2978897,1.6751588,-1.135828,0.0181169,FALSE,-0.4089211
Q,S,381,-2.5433627,-1.576973,-1.3696864,-1.135828,0.0177857,FALSE,-0.6406897
Q,T,381,-1.4757095,-1.497921,-1.2222992,-1.135828,0.0147,FALSE,-0.5669332
Q,V,381,-0.2877816,-1.6479149,0.1041855,-1.135828,0.0141802,FALSE,-0.7125017
Q,W,381,-1.0401761,-1.4702225,-0.2090123,-1.135828,0.0222681,FALSE,-0.5426368
Q,Y,381,-0.6365329,-1.701664,-0.8538312,-1.135828,0.0177365,FALSE,-0.7704632
K,A,382,-0.5309461,-1.3232918,2.1173204,-1.2118168,0.0197014,FALSE,-0.4267939
K,C,382,-1.7268635,-1.3450584,1.730429,-1.2118168,0.0147,FALSE,-0.4426024
K,D,382,-1.0806265,-1.2584419,2.1223049,-1.2118168,0.0172,FALSE,-0.3823725
K,E,382,-0.553777,-0.4565506,2.3065389,-1.2118168,0.0236359,FALSE,-0.0854967
K,F,382,-1.3534531,-1.4197502,2.7805627,-1.2118168,0.0172,FALSE,-0.5003961
K,G,382,-1.3146547,-1.0980034,1.9515098,-1.2118168,0.0172,FALSE,-0.2886766
K,H,382,-1.120335,-1.3783798,-0.8722546,-1.2118168,0.0122857,FALSE,-0.4676997
K,I,382,-1.6464718,-1.1295166,3.0016435,-1.2118168,0.0198285,FALSE,-0.3053569
K,L,382,-1.1080518,-1.2259941,2.6331756,-1.2118168,0.0198088,FALSE,-0.3616101
K,M,382,-1.0646654,-1.3218689,2.1357438,-1.2118168,0.0190273,FALSE,-0.4257764
K,N,382,-2.4671952,-1.1681328,0.4776379,-1.2118168,0.0172,FALSE,-0.3269138
K,P,382,-1.3787704,-1.2939415,1.5277716,-1.2118168,0.0145413,FALSE,-0.4061983
K,Q,382,0.0584879,-1.1511536,0.385521,-1.2118168,0.0204297,FALSE,-0.3172813
K,R,382,0.0159101,-0.829876,-0.8722546,-1.2118168,0.0150045,FALSE,-0.1761482
K,S,382,-1.0250382,-1.3590317,1.1777271,-1.2118168,0.0149211,FALSE,-0.4529939
K,T,382,-1.0160847,-0.9457207,1.3251143,-1.2118168,0.01075,FALSE,-0.2187637
K,V,382,-0.7688511,-1.2699509,2.6515989,-1.2118168,0.0239931,FALSE,-0.3899684
K,W,382,-1.5870068,-1.4153748,2.3384012,-1.2118168,0.0172,FALSE,-0.4968566
K,Y,382,-1.6876339,-1.16156,1.6935822,-1.2118168,0.0143333,FALSE,-0.323156
S,A,383,-0.6385122,-1.8724022,-1.2222992,-1.6432185,0.0247828,FALSE,-0.9746077
S,C,383,-1.0417093,-1.704155,-1.6091906,-1.6432185,0.0154202,FALSE,-0.7732235
S,D,383,-3.6104685,-2.0759277,0.4776379,-1.6432185,0.0197106,FALSE,-1.2555395
S,E,383,-2.0077191,-1.9109077,0.293404,-1.6432185,0.0247318,FALSE,-1.0247395
S,F,383,-3.4735804,-1.957367,-0.5590569,-1.6432185,0.0197106,FALSE,-1.0871508
S,G,383,-2.720996,-1.944828,-1.3881098,-1.6432185,0.0139911,FALSE,-1.0701022
S,H,383,-3.5611529,-1.9833717,-0.1119108,-1.6432185,0.0172,FALSE,-1.1229821
S,I,383,-2.1598622,-1.7430649,-0.3379761,-1.6432185,0.0115211,FALSE,-0.8171877
S,K,383,-1.3539432,-1.5147476,1.1777271,-1.6432185,0.0172,FALSE,-0.582083
S,L,383,-3.4034168,-2.0104141,-0.7064441,-1.6432185,0.0172,FALSE,-1.1609113
S,M,383,-3.0592239,-1.7845268,-1.2038758,-1.6432185,0.0172,FALSE,-0.8657788
S,N,383,-2.1648649,-1.9067612,-1.4618034,-1.6432185,0.0150747,FALSE,-1.0192709
S,P,383,-3.82504,-1.9471207,-1.811848,-1.6432185,0.0172,FALSE,-1.0732082
S,Q,383,-2.5389648,-1.9504852,-1.3696864,-1.6432185,0.0172,FALSE,-1.0777754
S,R,383,-3.1292912,-1.9678688,2.467365,-1.6432185,0.0207981,FALSE,-1.1015444
S,T,383,0.0279634,-1.9515686,-2.0145053,-1.6432185,0.0136031,FALSE,-1.0792484
S,V,383,-3.6252271,-1.7554932,-0.6880207,-1.6432185,0.0172,FALSE,-0.831565
S,W,383,-3.0894357,-2.011982,-1.0012184,-1.6432185,0.0172,FALSE,-1.163131
S,Y,383,-3.6054868,-2.0379143,-1.6460374,-1.6432185,0.0172,FALSE,-1.2001672
T,A,384,-3.7230181,-1.9365997,-1.3696864,-1.5640178,0.0231518,FALSE,-1.0589962
T,C,384,-2.4330071,-2.106182,-1.7565778,-1.5640178,0.0172,FALSE,-1.3005047
T,D,384,-3.650775,-2.206581,0.6250251,-1.5640178,0.0172,FALSE,-1.4551159
T,E,384,-3.5587007,-1.8941193,0.4407911,-1.5640178,0.0172,FALSE,-1.0027021
T,F,384,-4.1896616,-2.0368576,-0.7064441,-1.5640178,0.0172,FALSE,-1.1986462
T,G,384,-3.8617662,-1.8663902,-1.535497,-1.5640178,0.0172,FALSE,-0.9669132
T,H,384,-2.0514656,-1.8717384,0.0354764,-1.5640178,0.0197354,FALSE,-0.9737564
T,I,384,-3.6004334,-1.9630508,-0.4853633,-1.5640178,0.0287149,FALSE,-1.094928
T,K,384,-3.5519552,-1.8241425,1.3251143,-1.5640178,0.0087583,FALSE,-0.9138675
T,L,384,-4.0447686,-1.935524,-0.8538312,-1.5640178,0.0172,FALSE,-1.0575491
T,M,384,-3.3136072,-2.077713,-1.351263,-1.5640178,0.0172,FALSE,-1.2581712
T,N,384,-2.2542415,-1.8624496,-1.3144162,-1.5640178,0.0172,FALSE,-0.9618893
T,P,384,-4.1420112,-2.015953,-1.9592351,-1.5640178,0.0172,FALSE,-1.1687629
T,Q,384,-4.0639838,-1.8497391,-1.2222992,-1.5640178,0.0172,FALSE,-0.9457911
T,R,384,-3.2858244,-1.9695511,2.6147522,-1.5640178,0.0172,FALSE,-1.1038598
T,S,384,-1.7331421,-1.8632317,-2.0145053,-1.5640178,0.0348225,FALSE,-0.9628852
T,V,384,-3.2844759,-1.7915268,-0.8354078,-1.5640178,0.0172,FALSE,-0.8741585
T,W,384,-3.6232573,-1.9892349,-1.1486056,-1.5640178,0.0172,FALSE,-1.1311484
T,Y,384,-3.9438865,-2.0793953,-1.7934246,-1.5640178,0.0172,FALSE,-1.2606535
Q,A,385,-1.1027995,-1.7137947,-0.4300931,-1.2398542,0.0172,FALSE,-0.783967
Q,C,385,-3.4853529,-2.0725021,-0.8169844,-1.2398542,0.0172,FALSE,-1.2504978
Q,D,385,-2.1916532,-1.8187447,-0.3145682,-1.2398542,0.0172,FALSE,-0.9072205
Q,E,385,-1.4207349,-2.099266,-0.2408746,-1.2398542,0.0209007,FALSE,-1.2901572
Q,F,385,-3.7289156,-1.9323006,0.2331493,-1.2398542,0.0147,FALSE,-1.0532194
Q,G,385,-3.9985098,-1.8257904,-0.5959037,-1.2398542,0.0172,FALSE,-0.9159027
Q,H,385,-3.1937026,-1.8884468,0.1644402,-1.2398542,0.0196122,FALSE,-0.9953188
Q,I,385,-3.7469081,-1.8895912,0.45423,-1.2398542,0.0172,FALSE,-0.9968058
Q,K,385,-3.3498285,-1.6644859,0.385521,-1.2398542,0.0186682,FALSE,-0.7300452
Q,L,385,-3.0379088,-1.5643044,0.0857621,-1.2398542,0.0174646,FALSE,-0.6284269
Q,M,385,-2.6681839,-1.923603,-0.4116697,-1.2398542,0.0172,FALSE,-1.0415869
Q,N,385,-2.3892707,-1.8389854,-2.0697755,-1.2398542,0.0172,FALSE,-0.9322984
Q,P,385,-3.476834,-2.0471802,-1.0196418,-1.2398542,0.0147,FALSE,-1.213547
Q,R,385,-3.1940726,-1.8354836,1.6751588,-1.2398542,0.0161779,FALSE,-0.9279299
Q,S,385,-2.432177,-1.6766052,-1.3696864,-1.2398542,0.0172,FALSE,-0.7430599
Q,T,385,-2.6151703,-1.6802444,-1.2222992,-1.2398542,0.0183536,FALSE,-0.7469984
Q,V,385,-2.6720017,-1.7720146,0.1041855,-1.2398542,0.0147,FALSE,-0.8509268
Q,W,385,-3.060028,-1.8064651,-0.2090123,-1.2398542,0.0172,FALSE,-0.8922101
Q,Y,385,-3.4427613,-1.9338684,-0.8538312,-1.2398542,0.0172,FALSE,-1.055324
N,A,386,-0.4962329,-1.5899391,-0.5222101,-1.5067871,0.0194234,FALSE,-0.6534163
N,C,386,-1.3738559,-1.5759926,-0.9091014,-1.5067871,0.0172,FALSE,-0.6397346
N,D,386,0.0326445,-1.5978241,-0.2224512,-1.5067871,0.0140385,FALSE,-0.6612428
N,E,386,-0.5265942,-1.4686813,-0.3329916,-1.5067871,0.0147,FALSE,-0.5413082
N,F,386,-0.8257199,-1.6219559,0.1410323,-1.5067871,0.0164427,FALSE,-0.685605
N,G,386,-0.9480401,-1.5942116,-0.6880207,-1.5067871,0.01225,FALSE,-0.6576489
N,H,386,0.016775,-1.8291245,0.0723232,-1.5067871,0.0120625,FALSE,-0.9200288
N,I,386,0.1731654,-1.3640747,0.362113,-1.5067871,0.0110024,FALSE,-0.4567913
N,K,386,0.2145821,-1.6670647,0.4776379,-1.5067871,0.0293112,FALSE,-0.7328015
N,L,386,0.257845,-1.5639114,-0.0063549,-1.5067871,0.020612,FALSE,-0.6280492
N,M,386,-0.2127408,-1.7419853,-0.5037867,-1.5067871,0.0120477,FALSE,-0.8159465
N,P,386,-3.4607389,-1.7054291,-1.1117588,-1.5067871,0.0147,FALSE,-0.7746378
N,Q,386,0.2397538,-1.7306175,-2.0697755,-1.5067871,0.0202421,FALSE,-0.8029504
N,R,386,0.6140531,-1.5217552,1.7672758,-1.5067871,0.0208235,FALSE,-0.5884796
N,S,386,-0.2417213,-1.2469482,-1.4618034,-1.5067871,0.0175457,FALSE,-0.3749085
N,T,386,-0.4115264,-1.3604317,-1.3144162,-1.5067871,0.0112699,FALSE,-0.4540456
N,V,386,-0.7421765,-1.7614212,0.0120685,-1.5067871,0.0091875,FALSE,-0.8384795
N,W,386,-2.7304324,-1.7010498,-0.3011293,-1.5067871,0.0147,FALSE,-0.7697836
N,Y,386,-1.3705173,-1.7948112,-0.9459482,-1.5067871,0.0166994,FALSE,-0.8781077
A,C,387,-3.3081063,-1.843689,-1.7750012,-1.7496222,0.0172,FALSE,-0.9381856
A,D,387,-2.9747386,-1.8419151,1.4172313,-1.7496222,0.0136696,FALSE,-0.9359627
A,E,387,-3.255098,-1.7838364,1.2329973,-1.7496222,0.0172,FALSE,-0.864955
A,F,387,-3.6721716,-1.8368683,-1.4986502,-1.7496222,0.0172,FALSE,-0.9296558
A,G,387,-3.6681678,-1.9230309,-1.9960819,-1.7496222,0.0172,FALSE,-1.0408243
A,H,387,-3.2809533,-2.044674,0.8276825,-1.7496222,0.0172,FALSE,-1.2099205
A,I,387,-3.7288918,-1.9315872,-1.2775694,-1.7496222,0.0172,FALSE,-1.0522626
A,K,387,-3.3759042,-1.948883,2.1173204,-1.7496222,0.0172,FALSE,-1.0755991
A,L,387,-3.8968975,-1.7991982,-1.6460374,-1.7496222,0.0172,FALSE,-0.8834
A,M,387,-3.2994728,-2.072361,-2.1434691,-1.7496222,0.0172,FALSE,-1.2502903
A,N,387,-3.2076359,-1.9652672,-0.5222101,-1.7496222,0.0172,FALSE,-1.097969
A,P,387,-3.3363438,-2.0523643,-1.5723438,-1.7496222,0.0172,FALSE,-1.221066
A,Q,387,-3.2266249,-2.0020332,-0.4300931,-1.7496222,0.0172,FALSE,-1.1490843
A,R,387,-3.8629948,-2.021408,3.4069583,-1.7496222,0.0147,FALSE,-1.1765228
A,S,387,-2.8255055,-1.69487,-1.2222992,-1.7496222,0.0172,FALSE,-0.762968
A,T,387,-2.8283036,-1.6423187,-1.3696864,-1.7496222,0.0276483,FALSE,-0.7066429
A,V,387,-2.5801948,-1.803196,-1.627614,-1.7496222,0.0141188,FALSE,-0.88824
A,W,387,-3.3583083,-1.8231812,-1.9408117,-1.7496222,0.0172,FALSE,-0.9126815
A,Y,387,-3.2545856,-1.8170052,-1.7381544,-1.7496222,0.0172,FALSE,-0.9050848
I,A,388,-2.8388446,-1.6147423,-1.2775694,-1.4253069,0.0172,FALSE,-0.6782578
I,C,388,-3.336394,-1.8275795,-0.890678,-1.4253069,0.0172,FALSE,-0.9181154
I,D,388,-3.2681113,-1.7015648,2.3015544,-1.4253069,0.0172,FALSE,-0.7703534
I,E,388,-3.5524078,-1.772583,2.1173204,-1.4253069,0.0172,FALSE,-0.8515979
I,F,388,-1.4854463,-1.849083,-1.9408117,-1.4253069,0.01225,FALSE,-0.9449645
I,G,388,-3.7499627,-1.7571945,-1.1117588,-1.4253069,0.0172,FALSE,-0.8335457
I,H,388,-3.5665253,-1.902092,1.7120056,-1.4253069,0.0172,FALSE,-1.013133
I,K,388,-3.8829294,-1.815548,3.0016435,-1.4253069,0.0172,FALSE,-0.903298
I,L,388,-1.2402164,-1.5883255,-1.7934246,-1.4253069,0.0226334,FALSE,-0.6518228
I,M,388,-0.8114555,-1.6461334,-1.2959928,-1.4253069,0.0259037,FALSE,-0.710633
I,N,388,-2.6231213,-1.7027283,0.362113,-1.4253069,0.0172,FALSE,-0.7716417
I,P,388,-3.75355,-1.9344864,-0.6880207,-1.4253069,0.0172,FALSE,-1.0561543
I,Q,388,-2.9849455,-1.8909912,0.45423,-1.4253069,0.0172,FALSE,-0.9986267
I,R,388,-4.312509,-1.7313995,4.2912814,-1.4253069,0.0172,FALSE,-0.80384
I,S,388,-4.1431085,-1.7781487,-0.3379761,-1.4253069,0.0143333,FALSE,-0.8581877
I,T,388,-2.623709,-1.6569519,-0.4853633,-1.4253069,0.0158951,FALSE,-0.722033
I,V,388,-0.7537973,-1.237915,-1.811848,-1.4253069,0.0185187,FALSE,-0.3691269
I,W,388,-2.9882325,-2.004753,-1.4986502,-1.4253069,0.0172,FALSE,-1.1529154
I,Y,388,-1.7547381,-1.8458481,-0.8538312,-1.4253069,0.0166212,FALSE,-0.9408955
N,A,389,-0.9298964,-1.3366508,-0.5222101,-1.3364885,0.0172,FALSE,-0.4364417
N,C,389,-2.487839,-1.3597755,-0.9091014,-1.3364885,0.0172,FALSE,-0.4535524
N,D,389,-1.2070158,-0.2287788,-0.2224512,-1.3364885,0.0320038,FALSE,-0.0543241
N,E,389,-1.1458492,-1.3196144,-0.3329916,-1.3364885,0.0139197,FALSE,-0.4241683
N,F,389,-1.8071554,-1.2055435,0.1410323,-1.3364885,0.0147,FALSE,-0.3490112
N,G,389,-3.1223535,-1.6067924,-0.6880207,-1.3364885,0.0172,FALSE,-0.6702246
N,H,389,-1.3009655,-1.4771233,0.0723232,-1.3364885,0.024899,FALSE,-0.5486156
N,I,389,-1.3592677,-1.3977394,0.362113,-1.3364885,0.0191908,FALSE,-0.4827865
N,K,389,-1.565343,-1.612175,0.4776379,-1.3364885,0.0132798,FALSE,-0.6756563
N,L,389,-1.5900236,-1.4937973,-0.0063549,-1.3364885,0.0222715,FALSE,-0.5632655
N,M,389,-2.9043841,-1.5373116,-0.5037867,-1.3364885,0.0172,FALSE,-0.6028638
N,P,389,-4.2407528,-1.1234245,-1.1117588,-1.3364885,0.0172,FALSE,-0.3020693
N,Q,389,-0.4884565,-1.3496857,-2.0697755,-1.3364885,0.0172,FALSE,-0.4460224
N,R,389,-0.5100335,-1.3512688,1.7672758,-1.3364885,0.0735777,TRUE,-0.4471973
N,S,389,-0.8217927,-1.393589,-1.4618034,-1.3364885,0.0208712,FALSE,-0.4795206
N,T,389,-0.488585,-1.2126312,-1.3144162,-1.3364885,0.0157519,FALSE,-0.3533356
N,V,389,-1.80999,-1.2528267,0.0120685,-1.3364885,0.0111358,FALSE,-0.3787109
N,W,389,-1.5376322,-1.46101,-0.3011293,-1.3364885,0.0172,FALSE,-0.5347318
N,Y,389,-2.2558272,-1.2532921,-0.9459482,-1.3364885,0.0197358,FALSE,-0.3790133
G,A,390,0.4205095,-2.0764008,-1.9960819,-1.6894258,0.0155855,FALSE,-1.2562366
G,C,390,-0.1060943,-2.0405617,-1.9408117,-1.6894258,0.025375,FALSE,-1.2039822
G,D,390,-2.6806114,-1.9651184,1.2514207,-1.6894258,0.0147,FALSE,-1.0977647
G,E,390,-0.5440231,-1.4396248,1.0671867,-1.6894258,0.0163594,FALSE,-0.5167182
G,F,390,-0.1522289,-1.980587,-1.3328396,-1.6894258,0.024369,FALSE,-1.1191148
G,H,390,0.49307,-2.086895,0.6618719,-1.6894258,0.0225556,FALSE,-1.2717492
G,I,390,0.6919985,-1.6579552,-1.1117588,-1.6894258,0.018021,FALSE,-0.7230965
G,K,390,1.1238265,-1.9215126,1.9515098,-1.6894258,0.0193222,FALSE,-1.0388021
G,L,390,0.9778108,-1.927269,-1.4802268,-1.6894258,0.0247795,FALSE,-1.0464811
G,M,390,0.7611255,-1.781395,-1.9776585,-1.6894258,0.0186023,FALSE,-0.8620461
G,N,390,-1.7618133,-1.8805923,-0.6880207,-1.6894258,0.0172,FALSE,-0.9851479
G,P,390,-3.6328698,-1.9182854,-1.7381544,-1.6894258,0.0172,FALSE,-1.0345111
G,Q,390,1.6030502,-2.0033379,-0.5959037,-1.6894258,0.0172406,FALSE,-1.1509213
G,R,390,1.3848195,-1.7538376,3.2411477,-1.6894258,0.0329525,FALSE,-0.8296405
G,S,390,1.6952937,-1.8723831,-1.3881098,-1.6894258,0.0274263,FALSE,-0.9745832
G,T,390,0.5221964,-1.8957748,-1.535497,-1.6894258,0.0197243,FALSE,-1.0048629
G,V,390,0.2073469,-2.235241,-1.4618034,-1.6894258,0.0233156,FALSE,-1.5006924
G,W,390,-0.8681697,-1.9998665,-1.7750012,-1.6894258,0.0172,FALSE,-1.1460372
G,Y,390,-2.4238314,-2.045517,-1.9039649,-1.6894258,0.0172,FALSE,-1.2111397
I,A,391,-3.3065855,-1.8084068,-1.2775694,-1.7938457,0.0172,FALSE,-0.8945733
I,C,391,-2.6518133,-1.9064026,-0.890678,-1.7938457,0.0172,FALSE,-1.0187987
I,D,391,-2.8980975,-1.6845703,2.3015544,-1.7938457,0.0172,FALSE,-0.7516982
I,E,391,-2.7829594,-1.7418747,2.1173204,-1.7938457,0.0172,FALSE,-0.8158194
I,F,391,-3.0561103,-1.5110893,-1.9408117,-1.7938457,0.0172,FALSE,-0.5787641
I,G,391,-3.5071445,-1.7480469,-1.1117588,-1.7938457,0.0172,FALSE,-0.8229316
I,H,391,-3.4070201,-1.9172134,1.7120056,-1.7938457,0.0172,FALSE,-1.0330879
I,K,391,-2.675612,-1.9603462,3.0016435,-1.7938457,0.0172,FALSE,-1.0912235
I,L,391,-1.6140812,-1.7742729,-1.7934246,-1.7938457,0.0177137,FALSE,-0.8535954
I,M,391,-2.1617008,-1.8195457,-1.2959928,-1.7938457,0.0172,FALSE,-0.908205
I,N,391,-2.9141063,-1.8651772,0.362113,-1.7938457,0.0172,FALSE,-0.9653651
I,P,391,-3.7690156,-1.7687225,-0.6880207,-1.7938457,0.0172,FALSE,-0.847046
I,Q,391,-3.5547365,-1.8474922,0.45423,-1.7938457,0.0172,FALSE,-0.9429622
I,R,391,-4.0737842,-1.9445076,4.2912814,-1.7938457,0.0249,FALSE,-1.0696685
I,S,391,-2.9976686,-1.9306488,-0.3379761,-1.7938457,0.0266756,FALSE,-1.0510046
I,T,391,-3.0750583,-1.8167229,-0.4853633,-1.7938457,0.0161534,FALSE,-0.9047385
I,V,391,-0.5649095,-1.2126694,-1.811848,-1.7938457,0.0124609,FALSE,-0.353359
I,W,391,-3.2228336,-1.7608223,-1.4986502,-1.7938457,0.0172,FALSE,-0.8377793
I,Y,391,-3.4703971,-1.852356,-0.8538312,-1.7938457,0.0172,FALSE,-0.9490922
T,A,392,-0.6716288,-2.0423737,-1.3696864,-1.4110167,0.0123573,FALSE,-1.2065969
T,C,392,-3.1884576,-1.9838257,-1.7565778,-1.4110167,0.0172,FALSE,-1.1236133
T,D,392,-2.4500971,-1.869175,0.6250251,-1.4110167,0.0172,FALSE,-0.9704728
T,E,392,-1.0301428,-1.7208443,0.4407911,-1.4110167,0.0172,FALSE,-0.7918857
T,F,392,-3.2369193,-1.813633,-0.7064441,-1.4110167,0.0172,FALSE,-0.9009533
T,G,392,-2.2523507,-2.0032234,-1.535497,-1.4110167,0.0222529,FALSE,-1.15076
T,H,392,-1.009313,-1.7203445,0.0354764,-1.4110167,0.0172,FALSE,-0.7913226
T,I,392,-1.8565055,-1.9129028,-0.4853633,-1.4110167,0.0265173,FALSE,-1.0273767
T,K,392,-1.4471865,-1.8369102,1.3251143,-1.4110167,0.0133,FALSE,-0.9297081
T,L,392,-2.2434721,-2.0112,-0.8538312,-1.4110167,0.0147,FALSE,-1.1620236
T,M,392,-1.8557306,-1.8467903,-1.351263,-1.4110167,0.0172,FALSE,-0.9420796
T,N,392,-1.1052597,-1.7967377,-1.3144162,-1.4110167,0.0267857,FALSE,-0.8804293
T,P,392,-3.5347373,-1.7305565,-1.9592351,-1.4110167,0.0172,FALSE,-0.802881
T,Q,392,-0.7817678,-1.6954651,-1.2222992,-1.4110167,0.0275482,FALSE,-0.7636225
T,R,392,-0.7769385,-1.8489838,2.6147522,-1.4110167,0.0105,FALSE,-0.9448396
T,S,392,-0.8966159,-1.6065025,-2.0145053,-1.4110167,0.0313783,FALSE,-0.6699329
T,V,392,-2.6691549,-1.9424057,-0.8354078,-1.4110167,0.0172,FALSE,-1.066826
T,W,392,-2.8949886,-1.6814766,-1.1486056,-1.4110167,0.0172,FALSE,-0.7483351
T,Y,392,-0.9410899,-1.9088287,-1.7934246,-1.4110167,0.0125341,FALSE,-1.0219955
N,A,393,-2.2133869,-1.996212,-0.5222101,-1.6006804,0.0172,FALSE,-1.1409076
N,C,393,-1.9429042,-1.9239578,-0.9091014,-1.6006804,0.0159295,FALSE,-1.04206
N,D,393,-2.0792518,-2.040287,-0.2224512,-1.6006804,0.0159696,FALSE,-1.203586
N,E,393,-2.8830416,-1.95607,-0.3329916,-1.6006804,0.0172,FALSE,-1.0853804
N,F,393,-2.9585088,-1.8835144,0.1410323,-1.6006804,0.0172,FALSE,-0.9889246
N,G,393,-2.5928023,-1.8488617,-0.6880207,-1.6006804,0.0172,FALSE,-0.9446858
N,H,393,-1.4493924,-1.778328,0.0723232,-1.6006804,0.0138495,FALSE,-0.8584005
N,I,393,-1.8902417,-1.8425674,0.362113,-1.6006804,0.0147,FALSE,-0.9367797
N,K,393,-2.6820856,-2.0121193,0.4776379,-1.6006804,0.0195255,FALSE,-1.1633255
N,L,393,-2.6644507,-1.805767,-0.0063549,-1.6006804,0.0147,FALSE,-0.8913614
N,M,393,-1.4454043,-1.9907227,-0.5037867,-1.6006804,0.0172,FALSE,-1.1332256
N,P,393,-3.8164416,-1.9897156,-1.1117588,-1.6006804,0.0172,FALSE,-1.1318193
N,Q,393,-1.2155583,-1.9838524,-2.0697755,-1.6006804,0.0147,FALSE,-1.1236504
N,R,393,-0.9944963,-1.831234,1.7672758,-1.6006804,0.0188244,FALSE,-0.9226453
N,S,393,-2.5293778,-2.1115112,-1.4618034,-1.6006804,0.0185844,FALSE,-1.3085055
N,T,393,-0.8005182,-1.7971001,-1.3144162,-1.6006804,0.018286,FALSE,-0.8808664
N,V,393,-1.9529931,-2.0091782,0.0120685,-1.6006804,0.0172,FALSE,-1.1591632
N,W,393,-2.5565283,-2.1793747,-0.3011293,-1.6006804,0.0172,FALSE,-1.412428
N,Y,393,-2.9057013,-2.1268578,-0.9459482,-1.6006804,0.0261175,FALSE,-1.3316781
K,A,394,-3.7299518,-1.9672508,2.1173204,-1.9064261,0.0172,FALSE,-1.1006945
K,C,394,-3.576478,-1.8372192,1.730429,-1.9064261,0.0172,FALSE,-0.9300935
K,D,394,-3.4805886,-2.0146027,2.1223049,-1.9064261,0.0172,FALSE,-1.1668462
K,E,394,-1.7926272,-1.7372284,2.3065389,-1.9064261,0.0152964,FALSE,-0.8104917
K,F,394,-3.6141593,-1.8214226,2.7805627,-1.9064261,0.0172,FALSE,-0.9105144
K,G,394,-3.1847851,-1.6777,1.9515098,-1.9064261,0.0172,FALSE,-0.7442433
K,H,394,-2.7545112,-2.3733864,-0.8722546,-1.9064261,0.0172,FALSE,-1.7284982
K,I,394,-3.2401127,-2.038353,3.0016435,-1.9064261,0.0172,FALSE,-1.2007989
K,L,394,-3.5119821,-1.8866959,2.6331756,-1.9064261,0.0147,FALSE,-0.9930462
K,M,394,-1.2028132,-1.9237404,2.1357438,-1.9064261,0.0152881,FALSE,-1.0417701
K,N,394,-2.8082108,-1.7656403,0.4776379,-1.9064261,0.0196848,FALSE,-0.843423
K,P,394,-3.7262193,-2.311901,1.5277716,-1.9064261,0.0172,FALSE,-1.6255155
K,Q,394,-2.4413307,-1.8386078,0.385521,-1.9064261,0.0172,FALSE,-0.9318267
K,R,394,-0.6707602,-1.7233238,-0.8722546,-1.9064261,0.020118,FALSE,-0.7946834
K,S,394,-2.717459,-1.8697586,1.1777271,-1.9064261,0.0147,FALSE,-0.9712198
K,T,394,-3.0225808,-1.8821793,1.3251143,-1.9064261,0.0172,FALSE,-0.987198
K,V,394,-4.0282234,-1.9203682,2.6515989,-1.9064261,0.0172,FALSE,-1.0372793
K,W,394,-3.074338,-1.9991074,2.3384012,-1.9064261,0.0172,FALSE,-1.1449707
K,Y,394,-3.2958594,-1.9846458,1.6935822,-1.9064261,0.0172,FALSE,-1.124754
V,A,395,-3.3242086,-1.9075279,-1.627614,-1.6744887,0.0178483,FALSE,-1.0202808
V,C,395,-3.1567671,-1.9659843,-1.2407226,-1.6744887,0.0172,FALSE,-1.0989539
V,D,395,-3.8866412,-1.8720169,1.9515098,-1.6744887,0.0172,FALSE,-0.9741135
V,E,395,-3.1067324,-1.9504356,1.7672758,-1.6744887,0.0172,FALSE,-1.077708
V,F,395,-2.936939,-1.7763863,-2.0329287,-1.6744887,0.0172,FALSE,-0.8560975
V,G,395,-3.8886862,-2.1005402,-1.4618034,-1.6744887,0.0212601,FALSE,-1.2920605
V,H,395,-2.3699976,-1.894062,1.3619611,-1.6744887,0.0172,FALSE,-1.0026274
V,I,395,0.1229758,-1.8597832,-1.811848,-1.6744887,0.0145103,FALSE,-0.9584988
V,K,395,-3.7880482,-1.815773,2.6515989,-1.6744887,0.0172,FALSE,-0.9035738
V,L,395,-1.350494,-1.8124504,-2.1434691,-1.6744887,0.0172663,FALSE,-0.8995071
V,M,395,-1.8073086,-2.0017395,-1.6460374,-1.6744887,0.0229808,FALSE,-1.1486711
V,N,395,-3.7433995,-1.8251266,0.0120685,-1.6744887,0.0172,FALSE,-0.9150825
V,P,395,-3.3402048,-1.8955269,-1.0380652,-1.6744887,0.0172,FALSE,-1.0045392
V,Q,395,-2.2395652,-1.9806175,0.1041855,-1.6744887,0.0172,FALSE,-1.1191571
V,R,395,-3.7594253,-1.8629379,3.9412368,-1.6744887,0.0172,FALSE,-0.962511
V,S,395,-3.8414132,-1.8489265,-0.6880207,-1.6744887,0.0147,FALSE,-0.9447674
V,T,395,-3.7288231,-1.8819122,-0.8354078,-1.6744887,0.0172,FALSE,-0.9868528
V,W,395,-3.5516502,-1.9761353,-1.8486948,-1.6744887,0.0172,FALSE,-1.1129475
V,Y,395,-2.4297281,-2.0263977,-1.2038758,-1.6744887,0.0172,FALSE,-1.1836444
N,A,396,-2.9374789,-1.9988899,-0.5222101,-1.4167396,0.0172,FALSE,-1.1446652
N,C,396,-2.6738105,-2.0842476,-0.9091014,-1.4167396,0.0172,FALSE,-1.2678269
N,D,396,-2.2903159,-2.0831757,-0.2224512,-1.4167396,0.0131008,FALSE,-1.2662405
N,E,396,-2.6771782,-1.7800484,-0.3329916,-1.4167396,0.0172,FALSE,-0.8604443
N,F,396,-2.9923559,-1.9019508,0.1410323,-1.4167396,0.0172,FALSE,-1.0129477
N,G,396,-3.3489502,-2.078804,-0.6880207,-1.4167396,0.0172,FALSE,-1.2597807
N,H,396,-2.1315733,-1.995861,0.0723232,-1.4167396,0.0147,FALSE,-1.1404155
N,I,396,-3.1070449,-2.0824661,0.362113,-1.4167396,0.0172,FALSE,-1.2651908
N,K,396,-2.3909339,-2.049755,0.4776379,-1.4167396,0.015341,FALSE,-1.2172785
N,L,396,-2.3217979,-1.7577171,-0.0063549,-1.4167396,0.0172,FALSE,-0.8341547
N,M,396,-2.3555505,-1.8598061,-0.5037867,-1.4167396,0.0172,FALSE,-0.9585279
N,P,396,-3.8906653,-1.8740158,-1.1117588,-1.4167396,0.0172,FALSE,-0.976679
N,Q,396,-2.5366269,-2.0308113,-2.0697755,-1.4167396,0.0147,FALSE,-1.1899625
N,R,396,-2.0144847,-1.988678,1.7672758,-1.4167396,0.0172,FALSE,-1.1303713
N,S,396,-0.3261611,-1.8685951,-1.4618034,-1.4167396,0.0164697,FALSE,-0.9697309
N,T,396,-1.6135523,-1.9696236,-1.3144162,-1.4167396,0.0155025,FALSE,-1.1039597
N,V,396,-2.5626999,-1.7477226,0.0120685,-1.4167396,0.0172,FALSE,-0.8225569
N,W,396,-2.6858924,-2.1035156,-0.3011293,-1.4167396,0.0172,FALSE,-1.2965105
N,Y,396,-2.8571896,-1.9202843,-0.9459482,-1.4167396,0.0222694,FALSE,-1.0371677
S,A,397,-0.3656859,-1.8349686,-1.2222992,-1.7373757,0.0139664,FALSE,-0.9272885
S,C,397,-0.6703519,-1.839531,-1.6091906,-1.7373757,0.0172,FALSE,-0.9329801
S,D,397,-2.8354757,-1.8068466,0.4776379,-1.7373757,0.0172,FALSE,-0.8926741
S,E,397,-1.5053478,-1.8087234,0.293404,-1.7373757,0.0172,FALSE,-0.894959
S,F,397,-1.8247358,-1.9066544,-0.5590569,-1.7373757,0.0164776,FALSE,-1.0191302
S,G,397,-1.3359121,-1.6709785,-1.3881098,-1.7373757,0.0147,FALSE,-0.7369981
S,H,397,-1.8572236,-1.984127,-0.1119108,-1.7373757,0.0197731,FALSE,-1.1240323
S,I,397,-1.9757461,-1.9460831,-0.3379761,-1.7373757,0.0172,FALSE,-1.0718019
S,K,397,-1.7857633,-1.9673843,1.1777271,-1.7373757,0.0172,FALSE,-1.1008781
S,L,397,-2.3504379,-2.0758286,-0.7064441,-1.7373757,0.0172,FALSE,-1.2553935
S,M,397,-1.3610921,-1.9429436,-1.2038758,-1.7373757,0.0172,FALSE,-1.067553
S,N,397,-0.5775851,-2.0095215,-1.4618034,-1.7373757,0.0264832,FALSE,-1.1596486
S,P,397,-2.7751653,-2.0174522,-1.811848,-1.7373757,0.0139664,FALSE,-1.1708929
S,Q,397,-0.5731487,-2.0819473,-1.3696864,-1.7373757,0.0147,FALSE,-1.2644237
S,R,397,-2.0137014,-1.7474251,2.467365,-1.7373757,0.0147,FALSE,-0.8222133
S,T,397,-0.2858533,-1.6388016,-2.0145053,-1.7373757,0.0147,FALSE,-0.7029778
S,V,397,-1.8224463,-2.0339355,-0.6880207,-1.7373757,0.0172,FALSE,-1.1944454
S,W,397,-2.0188024,-1.9544144,-1.0012184,-1.7373757,0.0172,FALSE,-1.0831228
S,Y,397,-1.8112375,-2.0202675,-1.6460374,-1.7373757,0.0147,FALSE,-1.1748982
V,A,398,-2.8084942,-1.6348114,-1.627614,-1.8543738,0.01978,FALSE,-0.6988355
V,C,398,-1.5566317,-1.7917519,-1.2407226,-1.8543738,0.0172,FALSE,-0.8744288
V,D,398,-2.3761429,-1.8123817,1.9515098,-1.8543738,0.0172,FALSE,-0.8994232
V,E,398,-3.3420105,-1.6681328,1.7672758,-1.8543738,0.0172,FALSE,-0.7339452
V,F,398,-1.2999561,-1.6454468,-2.0329287,-1.8543738,0.026982,FALSE,-0.7099137
V,G,398,-3.1460115,-1.7668991,-1.4618034,-1.8543738,0.0164658,FALSE,-0.8449015
V,H,398,-3.1816573,-1.7051735,1.3619611,-1.8543738,0.0172,FALSE,-0.774354
V,I,398,-0.5619913,-0.5076065,-1.811848,-1.8543738,0.0154227,FALSE,-0.094545
V,K,398,-3.3560925,-1.8792992,2.6515989,-1.8543738,0.0172,FALSE,-0.9834793
V,L,398,-1.6259236,-1.8531837,-2.1434691,-1.8543738,0.0205057,FALSE,-0.9501377
V,M,398,-2.4979985,-1.6551666,-1.6460374,-1.8543738,0.0172,FALSE,-0.7201432
V,N,398,-1.7351728,-1.7933807,0.0120685,-1.8543738,0.0172,FALSE,-0.8763863
V,P,398,-4.0822177,-1.7031059,-1.0380652,-1.8543738,0.0172,FALSE,-0.7720601
V,Q,398,-2.6154721,-1.7060738,0.1041855,-1.8543738,0.0172,FALSE,-0.7753542
V,R,398,-4.0401301,-1.6297951,3.9412368,-1.8543738,0.0172,FALSE,-0.693652
V,S,398,-2.9327395,-1.7875252,-0.6880207,-1.8543738,0.0172,FALSE,-0.869362
V,T,398,-3.5350353,-1.6522217,-0.8354078,-1.8543738,0.0172,FALSE,-0.7170333
V,W,398,-2.5447568,-1.584732,-1.8486948,-1.8543738,0.0172,FALSE,-0.648284
V,Y,398,-1.3978032,-1.8213005,-1.2038758,-1.8543738,0.0172,FALSE,-0.9103641
I,A,399,-3.1661054,-1.7859955,-1.2775694,-1.5891618,0.0172,FALSE,-0.8675328
I,C,399,-2.9914494,-1.8992233,-0.890678,-1.5891618,0.0147,FALSE,-1.0093726
I,D,399,-3.533073,-1.8126793,2.3015544,-1.5891618,0.0172,FALSE,-0.8997869
I,E,399,-3.4700332,-1.8880539,2.1173204,-1.5891618,0.0172,FALSE,-0.9948086
I,F,399,-3.1711455,-1.9436302,-1.9408117,-1.5891618,0.0147,FALSE,-1.0684814
I,G,399,-4.2214597,-1.9456673,-1.1117588,-1.5891618,0.0172,FALSE,-1.0712386
I,H,399,-3.6831887,-1.8162727,1.7120056,-1.5891618,0.0172,FALSE,-0.9041863
I,K,399,-3.8388912,-1.7602615,3.0016435,-1.5891618,0.0172,FALSE,-0.8371239
I,L,399,-1.1808929,-2.0083313,-1.7934246,-1.5891618,0.0128569,FALSE,-1.1579661
I,M,399,-1.8166002,-1.6240578,-1.2959928,-1.5891618,0.0141079,FALSE,-0.6877562
I,N,399,-3.403765,-1.8998413,0.362113,-1.5891618,0.0172,FALSE,-1.010182
I,P,399,-3.2275733,-1.7018738,-0.6880207,-1.5891618,0.0147,FALSE,-0.7706954
I,Q,399,-3.0709279,-1.9783249,0.45423,-1.5891618,0.0172,FALSE,-1.1159786
I,R,399,-3.0455345,-1.7499161,4.2912814,-1.5891618,0.0172,FALSE,-0.8250934
I,S,399,-3.6806545,-1.6549416,-0.3379761,-1.5891618,0.0172,FALSE,-0.7199052
I,T,399,-3.1523543,-1.8633881,-0.4853633,-1.5891618,0.0187218,FALSE,-0.9630844
I,V,399,-0.7671072,-1.309761,-1.811848,-1.5891618,0.0158913,FALSE,-0.4171971
I,W,399,-3.6773412,-1.9059486,-1.4986502,-1.5891618,0.0172,FALSE,-1.0182011
I,Y,399,-3.4320092,-1.6809273,-0.8538312,-1.5891618,0.0172,FALSE,-0.747739
E,A,400,-0.4275202,-1.7332344,1.2329973,-1.5381294,0.01075,FALSE,-0.8059301
E,C,400,-2.9525313,-1.8668823,0.8461059,-1.5381294,0.0249,FALSE,-0.9675416
E,D,400,-1.1898995,-1.1846924,-1.9776585,-1.5381294,0.0202542,FALSE,-0.3365453
E,F,400,-2.2108968,-1.5476379,1.8962396,-1.5381294,0.0172,FALSE,-0.6125524
E,G,400,-1.7955058,-1.7423592,1.0671867,-1.5381294,0.0095932,FALSE,-0.8163762
E,H,400,-1.2943584,-1.5741043,1.8275305,-1.5381294,0.0147,FALSE,-0.637898
E,I,400,-1.5464448,-1.7810173,2.1173204,-1.5381294,0.0172,FALSE,-0.8615966
E,K,400,-2.1657223,-1.5778885,2.3065389,-1.5381294,0.0154701,FALSE,-0.6415824
E,L,400,-2.2196684,-1.5632668,1.7488524,-1.5381294,0.0172,FALSE,-0.62743
E,M,400,-1.3084537,-1.6186905,1.2514207,-1.5381294,0.0172,FALSE,-0.6822723
E,N,400,-1.5736161,-1.4566154,-0.3329916,-1.5381294,0.0209061,FALSE,-0.5309917
E,P,400,-3.6466737,-1.5640411,0.6434485,-1.5381294,0.0147,FALSE,-0.6281738
E,Q,400,-0.1131155,-1.5615158,-0.2408746,-1.5381294,0.0172,FALSE,-0.6257504
E,R,400,-1.6584501,-1.5040245,3.5961768,-1.5381294,0.0241383,FALSE,-0.5723943
E,S,400,-0.7099499,-1.7012634,0.293404,-1.5381294,0.0096667,FALSE,-0.7700199
E,T,400,-1.3931835,-1.6907043,0.4407911,-1.5381294,0.0172,FALSE,-0.7583964
E,V,400,-2.3469916,-1.5375557,1.7672758,-1.5381294,0.0140025,FALSE,-0.6030915
E,W,400,-1.8262304,-1.988739,1.4540781,-1.5381294,0.0172,FALSE,-1.1304564
E,Y,400,-2.5418174,-1.6160164,0.8092591,-1.5381294,0.0147,FALSE,-0.6795515
K,A,401,-0.7731424,-1.7258873,2.1173204,-1.7809839,0.0173539,FALSE,-0.7975826
K,C,401,-2.0462493,-1.843174,1.730429,-1.7809839,0.0172,FALSE,-0.9375399
K,D,401,-3.3620427,-1.8748894,2.1223049,-1.7809839,0.0172,FALSE,-0.9778015
K,E,401,-2.2665438,-1.748127,2.3065389,-1.7809839,0.0213567,FALSE,-0.8230242
K,F,401,-3.0802355,-1.729969,2.7805627,-1.7809839,0.0172,FALSE,-0.8022131
K,G,401,-3.2346372,-1.6949692,1.9515098,-1.7809839,0.0172,FALSE,-0.763077
K,H,401,-1.306297,-1.6703224,-0.8722546,-1.7809839,0.0172,FALSE,-0.7362935
K,I,401,-0.5992658,-1.6979065,3.0016435,-1.7809839,0.0124361,FALSE,-0.7663118
K,L,401,-1.7333928,-1.8963737,2.6331756,-1.7809839,0.0172,FALSE,-1.0056453
K,M,401,-0.8866331,-1.8453484,2.1357438,-1.7809839,0.0197399,FALSE,-0.9402679
K,N,401,-2.1582013,-1.8388977,0.4776379,-1.7809839,0.0147,FALSE,-0.9321888
K,P,401,-3.1451542,-1.9768829,1.5277716,-1.7809839,0.0172,FALSE,-1.1139819
K,Q,401,-1.2333293,-1.9793434,0.385521,-1.7809839,0.0249,FALSE,-1.1173901
K,R,401,-0.8078516,-1.6822853,-0.8722546,-1.7809839,0.0172015,FALSE,-0.7492132
K,S,401,-1.8123331,-1.7117577,1.1777271,-1.7809839,0.0146606,FALSE,-0.7816885
K,T,401,-1.0270949,-1.7174568,1.3251143,-1.7809839,0.0140999,FALSE,-0.788074
K,V,401,-0.6813651,-1.6768837,2.6515989,-1.7809839,0.0122857,FALSE,-0.7433608
K,W,401,-2.3126613,-2.0489655,2.3384012,-1.7809839,0.0172,FALSE,-1.2161337
K,Y,401,-3.033196,-1.9538193,1.6935822,-1.7809839,0.0172,FALSE,-1.082312
M,A,402,-2.3016291,-1.8631058,-2.1434691,-1.8290007,0.0172,FALSE,-0.9627248
M,C,402,-2.1645834,-2.0059433,-1.7565778,-1.8290007,0.0172,FALSE,-1.1545942
M,D,402,-2.4133565,-1.7041397,1.4356547,-1.8290007,0.0172,FALSE,-0.7732065
M,E,402,-3.5592685,-1.8560753,1.2514207,-1.8290007,0.0172,FALSE,-0.9537958
M,F,402,-1.9973051,-1.9556503,-1.5170736,-1.8290007,0.0249,FALSE,-1.0848079
M,G,402,-3.796818,-1.7957344,-1.9776585,-1.8290007,0.0172,FALSE,-0.8792197
M,H,402,-3.292857,-1.8383408,0.8461059,-1.8290007,0.0172,FALSE,-0.9314933
M,I,402,-0.3380282,-1.6727028,-1.2959928,-1.8290007,0.0276674,FALSE,-0.7388522
M,K,402,-2.5850311,-1.7970047,2.1357438,-1.8290007,0.0172,FALSE,-0.8807513
M,L,402,-0.6236837,-1.5951538,-1.6644608,-1.8290007,0.02774,FALSE,-0.6585849
M,N,402,-2.2318569,-1.8146629,-0.5037867,-1.8290007,0.0172,FALSE,-0.9022138
M,P,402,-3.7551536,-1.9334946,-1.5539204,-1.8290007,0.0172,FALSE,-1.054822
M,Q,402,-3.3080574,-1.9229813,-0.4116697,-1.8290007,0.0172,FALSE,-1.0407582
M,R,402,-3.3186051,-1.7820511,3.4253817,-1.8290007,0.0172,FALSE,-0.8628272
M,S,402,-3.8343971,-1.9559631,-1.2038758,-1.8290007,0.0172,FALSE,-1.0852346
M,T,402,-2.4336758,-1.7457504,-1.351263,-1.8290007,0.0155687,FALSE,-0.8202807
M,V,402,-1.0058005,-1.8143082,-1.6460374,-1.8290007,0.0175844,FALSE,-0.9017796
M,W,402,-1.720995,-1.9492569,-1.9592351,-1.8290007,0.0147,FALSE,-1.0761068
M,Y,402,-2.298239,-2.0228271,-1.719731,-1.8290007,0.0172,FALSE,-1.1785459
N,A,403,-0.9636488,-1.8407173,-0.5222101,-1.603586,0.0186076,FALSE,-0.9344635
N,C,403,-2.2832964,-2.1369019,-0.9091014,-1.603586,0.0147,FALSE,-1.3469495
N,D,403,-2.0392605,-1.907196,-0.2224512,-1.603586,0.0153021,FALSE,-1.0198435
N,E,403,-2.5136874,-1.7870369,-0.3329916,-1.603586,0.0147,FALSE,-0.8687778
N,F,403,-1.8090828,-1.9734917,0.1410323,-1.603586,0.0172,FALSE,-1.1092939
N,G,403,-1.1003708,-1.9048729,-0.6880207,-1.603586,0.0147,FALSE,-1.016786
N,H,403,-1.4235888,-2.0578232,0.0723232,-1.603586,0.0249,FALSE,-1.2290091
N,I,403,-1.6394081,-1.744957,0.362113,-1.603586,0.0223292,FALSE,-0.8193661
N,K,403,-1.7400437,-1.9433365,0.4776379,-1.603586,0.0141176,FALSE,-1.0680842
N,L,403,-3.1859009,-2.0430145,-0.0063549,-1.603586,0.0172,FALSE,-1.2075223
N,M,403,-1.7775433,-2.1291618,-0.5037867,-1.603586,0.0172,FALSE,-1.3351739
N,P,403,-3.3660168,-2.1758842,-1.1117588,-1.603586,0.0172,FALSE,-1.4069927
N,Q,403,-0.9336746,-2.0311317,-2.0697755,-1.603586,0.0247755,FALSE,-1.1904218
N,R,403,-1.0697695,-1.8350906,1.7672758,-1.603586,0.0141176,FALSE,-0.9274404
N,S,403,-0.4832421,-1.9530106,-1.4618034,-1.603586,0.0223466,FALSE,-1.0812107
N,T,403,-1.0574927,-1.927208,-1.3144162,-1.603586,0.0207448,FALSE,-1.0463995
N,V,403,-2.522695,-1.8453102,0.0120685,-1.603586,0.0172,FALSE,-0.94022
N,W,403,-2.7527245,-1.7646904,-0.3011293,-1.603586,0.0172,FALSE,-0.8423083
N,Y,403,-1.1946043,-1.9693565,-0.9459482,-1.603586,0.0261188,FALSE,-1.1035919
T,A,404,0.3032622,-1.7277908,-1.3696864,-1.4912006,0.0224719,FALSE,-0.7997398
T,C,404,-1.1438851,-1.5441933,-1.7565778,-1.4912006,0.01225,FALSE,-0.6093081
T,D,404,-2.1966629,-1.7294807,0.6250251,-1.4912006,0.0205397,FALSE,-0.8016582
T,E,404,-1.3733808,-1.6624413,0.4407911,-1.4912006,0.0187245,FALSE,-0.7278648
T,F,404,-0.4666093,-1.7721062,-0.7064441,-1.4912006,0.0172,FALSE,-0.8510349
T,G,404,0.1881013,-2.0778236,-1.535497,-1.4912006,0.0400212,FALSE,-1.2583343
T,H,404,-0.5722119,-1.7950325,0.0354764,-1.4912006,0.0177857,FALSE,-0.8783742
T,I,404,-1.2099462,-1.4749985,-0.4853633,-1.4912006,0.0136693,FALSE,-0.5467694
T,K,404,-0.6226784,-1.8741417,1.3251143,-1.4912006,0.0216958,FALSE,-0.9768408
T,L,404,0.0362747,-1.7289467,-0.8538312,-1.4912006,0.0248558,FALSE,-0.8010517
T,M,404,-0.0187979,-1.8513412,-1.351263,-1.4912006,0.0172,FALSE,-0.9478113
T,N,404,-0.5686479,-1.6730309,-1.3144162,-1.4912006,0.0146607,FALSE,-0.7392054
T,P,404,-1.0963861,-1.8467331,-1.9592351,-1.4912006,0.0179315,FALSE,-0.9420077
T,Q,404,-0.2774617,-1.6364899,-1.2222992,-1.4912006,0.0232336,FALSE,-0.7005759
T,R,404,0.0592329,-1.9515724,2.6147522,-1.4912006,0.0154402,FALSE,-1.0792536
T,S,404,0.0434291,-1.6750565,-2.0145053,-1.4912006,0.0157428,FALSE,-0.7413881
T,V,404,-0.6648671,-1.7871437,-0.8354078,-1.4912006,0.0130872,FALSE,-0.8689055
T,W,404,-1.3595299,-1.7253113,-1.1486056,-1.4912006,0.0172,FALSE,-0.7969306
T,Y,404,-1.4921072,-2.0076675,-1.7934246,-1.4912006,0.0147,FALSE,-1.1570283
Q,A,405,-0.4454562,-1.9136124,-0.4300931,-1.8177967,0.0162448,FALSE,-1.0283156
Q,C,405,-1.3039668,-1.8676758,-0.8169844,-1.8177967,0.0288799,FALSE,-0.9685555
Q,D,405,-2.3156063,-1.9599991,-0.3145682,-1.8177967,0.0172,FALSE,-1.0907485
Q,E,405,-1.4103945,-1.8509369,-0.2408746,-1.8177967,0.0147,FALSE,-0.9473012
Q,F,405,-1.6507413,-1.7795334,0.2331493,-1.8177967,0.0172,FALSE,-0.8598321
Q,G,405,-0.2497239,-1.617981,-0.5959037,-1.8177967,0.0300265,FALSE,-0.6815497
Q,H,405,-0.7637906,-1.8249397,0.1644402,-1.8177967,0.0141232,FALSE,-0.9148517
Q,I,405,-3.0971312,-1.7674599,0.45423,-1.8177967,0.0147,FALSE,-0.8455607
Q,K,405,-1.5547443,-1.976181,0.385521,-1.8177967,0.0136862,FALSE,-1.1130107
Q,L,405,-3.9982108,-1.9030571,0.0857621,-1.8177967,0.0147,FALSE,-1.0143999
Q,M,405,-1.8494613,-1.9838448,-0.4116697,-1.8177967,0.0147,FALSE,-1.1236399
Q,N,405,-2.4280044,-1.8912773,-2.0697755,-1.8177967,0.0159606,FALSE,-0.998999
Q,P,405,-2.9594084,-1.7038536,-1.0196418,-1.8177967,0.0172,FALSE,-0.7728891
Q,R,405,-0.5173194,-1.8707314,1.6751588,-1.8177967,0.018657,FALSE,-0.9724657
Q,S,405,-3.5364927,-1.9478073,-1.3696864,-1.8177967,0.0172,FALSE,-1.0741394
Q,T,405,-2.8440884,-2.0462418,-1.2222992,-1.8177967,0.0172,FALSE,-1.2121885
Q,V,405,-1.7053145,-1.850975,0.1041855,-1.8177967,0.020511,FALSE,-0.9473493
Q,W,405,-3.5182195,-1.7945061,-0.2090123,-1.8177967,0.0172,FALSE,-0.8777403
Q,Y,405,-3.6264204,-1.9180145,-0.8538312,-1.8177967,0.0172,FALSE,-1.0341513
F,A,406,-1.1718299,-1.9746437,-1.4986502,-1.5069027,0.0147,FALSE,-1.1108852
F,C,406,-2.8009006,-2.0196037,-1.1117588,-1.5069027,0.0172,FALSE,-1.1739531
F,D,406,-2.0511636,-1.7779045,2.0804736,-1.5069027,0.0172,FALSE,-0.8578979
F,E,406,-3.0614658,-1.9562035,1.8962396,-1.5069027,0.0172,FALSE,-1.0855626
F,G,406,-1.5844896,-2.0281754,-1.3328396,-1.5069027,0.0147,FALSE,-1.1861871
F,H,406,-2.4158983,-2.116478,1.4909249,-1.5069027,0.0172,FALSE,-1.3159837
F,I,406,-0.9379079,-1.8607635,-1.9408117,-1.5069027,0.0197759,FALSE,-0.9597445
F,K,406,-3.1549928,-1.9431038,2.7805627,-1.5069027,0.0172,FALSE,-1.0677696
F,L,406,-0.7072879,-2.0345001,-2.0145053,-1.5069027,0.017845,FALSE,-1.1952565
F,M,406,-0.6133631,-1.9778404,-1.5170736,-1.5069027,0.0122857,FALSE,-1.1153075
F,N,406,-1.0281766,-2.140728,0.1410323,-1.5069027,0.0197836,FALSE,-1.3527886
F,P,406,-3.6170108,-1.9398384,-0.9091014,-1.5069027,0.0172,FALSE,-1.0633598
F,Q,406,-2.0523577,-1.8947182,0.2331493,-1.5069027,0.0172,FALSE,-1.0034835
F,R,406,-1.9049366,-1.8966789,4.0702006,-1.5069027,0.0197836,FALSE,-1.0060441
F,S,406,-2.225217,-1.9981041,-0.5590569,-1.5069027,0.0224734,FALSE,-1.1435619
F,T,406,-2.6193551,-1.9618416,-0.7064441,-1.5069027,0.0172,FALSE,-1.0932709
F,V,406,-1.9549496,-1.7739372,-2.0329287,-1.5069027,0.0147,FALSE,-0.8531983
F,W,406,-0.9141758,-1.8635063,-1.719731,-1.5069027,0.0164863,FALSE,-0.963235
F,Y,406,-0.6100706,-2.0116081,-1.074912,-1.5069027,0.0167322,FALSE,-1.1626015
T,A,407,-1.0799454,-1.3973083,-1.3696864,-1.7761624,0.0198849,FALSE,-0.4824464
T,C,407,-0.812132,-1.7198486,-1.7565778,-1.7761624,0.018576,FALSE,-0.7907641
T,D,407,-2.6233048,-1.8305359,0.6250251,-1.7761624,0.0172,FALSE,-0.9217789
T,E,407,-1.3355406,-1.7815247,0.4407911,-1.7761624,0.0172,FALSE,-0.8622005
T,F,407,-1.6753355,-1.6550064,-0.7064441,-1.7761624,0.0172,FALSE,-0.7199738
T,G,407,-1.7117288,-1.7369537,-1.535497,-1.7761624,0.0147,FALSE,-0.8101774
T,H,407,-0.7517518,-1.7714729,0.0354764,-1.7761624,0.0173157,FALSE,-0.8502874
T,I,407,-1.2537634,-1.7495575,-0.4853633,-1.7761624,0.0198991,FALSE,-0.8246784
T,K,407,-1.2472917,-1.822525,1.3251143,-1.7761624,0.013932,FALSE,-0.9118725
T,L,407,-1.1098684,-1.9464912,-0.8538312,-1.7761624,0.0147,FALSE,-1.0723549
T,M,407,-1.7295346,-2.037712,-1.351263,-1.7761624,0.0172,FALSE,-1.1998759
T,N,407,-0.2122407,-1.797554,-1.3144162,-1.7761624,0.01225,FALSE,-0.8814142
T,P,407,-1.2849198,-2.056137,-1.9592351,-1.7761624,0.0172,FALSE,-1.2265528
T,Q,407,-0.7194382,-1.7346573,-1.2222992,-1.7761624,0.0167127,FALSE,-0.8075533
T,R,407,-0.0343497,-1.8576584,2.6147522,-1.7761624,0.0291493,FALSE,-0.9558021
T,S,407,-0.3752243,-2.0259666,-2.0145053,-1.7761624,0.0208333,FALSE,-1.1830282
T,V,407,-0.1660155,-1.9591217,-0.8354078,-1.7761624,0.0249,FALSE,-1.0895485
T,W,407,-1.3814,-2.199955,-1.1486056,-1.7761624,0.0172,FALSE,-1.444667
T,Y,407,-0.6423984,-1.8543663,-1.7934246,-1.7761624,0.0172,FALSE,-0.9516328
A,C,408,-0.6958882,-1.9656868,-1.7750012,-1.8133999,0.0147,FALSE,-1.0985452
A,D,408,-0.8552029,-1.7753334,1.4172313,-1.8133999,0.0117827,FALSE,-0.8548504
A,E,408,-0.8230324,-1.90345,1.2329973,-1.8133999,0.0172,FALSE,-1.014916
A,F,408,-0.3573134,-1.6551819,-1.4986502,-1.8133999,0.014627,FALSE,-0.7201593
A,G,408,-0.8775656,-1.8419914,-1.9960819,-1.8133999,0.0154222,FALSE,-0.9360582
A,H,408,-1.2899901,-1.6741943,0.8276825,-1.8133999,0.0172,FALSE,-0.7404585
A,I,408,-0.5663267,-1.8774109,-1.2775694,-1.8133999,0.0147,FALSE,-0.9810457
A,K,408,-0.4433848,-1.8332977,2.1173204,-1.8133999,0.0172,FALSE,-0.9252093
A,L,408,-0.4321042,-1.8647041,-1.6460374,-1.8133999,0.0124115,FALSE,-0.9647617
A,M,408,0.6490174,-1.846592,-2.1434691,-1.8133999,0.0187824,FALSE,-0.9418303
A,N,408,-2.3037366,-1.6821976,-0.5222101,-1.8133999,0.0147,FALSE,-0.749118
A,P,408,-1.5965119,-1.8922119,-1.5723438,-1.8133999,0.0249,FALSE,-1.0002159
A,Q,408,0.0438516,-1.9541016,-0.4300931,-1.8133999,0.0147,FALSE,-1.0826966
A,R,408,-0.2589261,-1.6473236,3.4069583,-1.8133999,0.0243025,FALSE,-0.7118811
A,S,408,-0.0507125,-1.4527588,-1.2222992,-1.8133999,0.0232398,FALSE,-0.5277259
A,T,408,0.0658272,-1.6627579,-1.3696864,-1.8133999,0.0297053,FALSE,-0.7282022
A,V,408,0.1405591,-1.7034492,-1.627614,-1.8133999,0.0328705,FALSE,-0.7724407
A,W,408,-0.3206862,-1.6733932,-1.9408117,-1.8133999,0.0172,FALSE,-0.7395955
A,Y,408,-0.1259598,-1.847084,-1.7381544,-1.8133999,0.0288096,FALSE,-0.9424489
V,A,409,0.1095497,-1.5921669,-1.627614,-1.8625387,0.0197012,FALSE,-0.6556209
V,C,409,-0.6721929,-1.8805695,-1.2407226,-1.8625387,0.0249,FALSE,-0.9851185
V,D,409,-1.9101621,-1.9705124,1.9515098,-1.8625387,0.0172,FALSE,-1.1051841
V,E,409,-2.6353979,-1.7871857,1.7672758,-1.8625387,0.0122857,FALSE,-0.8689558
V,F,409,-1.5765889,-1.7523613,-2.0329287,-1.8625387,0.0172,FALSE,-0.8279268
V,G,409,-1.4676343,-1.7634201,-1.4618034,-1.8625387,0.0159473,FALSE,-0.8408193
V,H,409,-1.8222496,-1.9579277,1.3619611,-1.8625387,0.0147,FALSE,-1.0879167
V,I,409,-0.9924544,-1.359108,-1.811848,-1.8625387,0.0219,FALSE,-0.4530512
V,K,409,-1.5689797,-1.9890823,2.6515989,-1.8625387,0.0172,FALSE,-1.1309354
V,L,409,-0.5879368,-1.9179497,-2.1434691,-1.8625387,0.0156262,FALSE,-1.0340653
V,M,409,-1.5454496,-1.8776436,-1.6460374,-1.8625387,0.0095529,FALSE,-0.9813454
V,N,409,-1.7754763,-2.065033,0.0120685,-1.8625387,0.0172,FALSE,-1.2395402
V,P,409,-3.051017,-1.8307571,-1.0380652,-1.8625387,0.0172,FALSE,-0.9220534
V,Q,409,-0.6363113,-1.8886414,0.1041855,-1.8625387,0.0172,FALSE,-0.9955715
V,R,409,-0.7071687,-1.6813927,3.9412368,-1.8625387,0.0177857,FALSE,-0.748244
V,S,409,-1.2490138,-1.7789421,-0.6880207,-1.8625387,0.0214887,FALSE,-0.8591297
V,T,409,-0.9691691,-1.8469772,-0.8354078,-1.8625387,0.0194933,FALSE,-0.9423146
V,W,409,-2.4163877,-1.9309654,-1.8486948,-1.8625387,0.0172,FALSE,-1.0514289
V,Y,409,-1.8052341,-1.8731079,-1.2038758,-1.8625387,0.0172,FALSE,-0.9755133
G,A,410,-1.2177282,-2.2927628,-1.9960819,-1.786434,0.0205203,FALSE,-1.5939692
G,C,410,-2.1873675,-1.9550552,-1.9408117,-1.786434,0.0204977,FALSE,-1.0839963
G,D,410,-0.1598763,-1.8918686,1.2514207,-1.786434,0.0168228,FALSE,-0.9997688
G,E,410,-1.8469253,-1.9842186,1.0671867,-1.786434,0.0172,FALSE,-1.1241597
G,F,410,-1.8233297,-2.070713,-1.3328396,-1.786434,0.0172,FALSE,-1.2478686
G,H,410,-1.9444664,-1.9784813,0.6618719,-1.786434,0.0147,FALSE,-1.1161953
G,I,410,-2.1025822,-2.137127,-1.1117588,-1.786434,0.0172,FALSE,-1.3472927
G,K,410,-1.8136338,-1.9879112,1.9515098,-1.786434,0.0172,FALSE,-1.1293019
G,L,410,-0.945856,-2.1280785,-1.4802268,-1.786434,0.0172,FALSE,-1.3335297
G,M,410,-1.9074434,-1.9926071,-1.9776585,-1.786434,0.0172,FALSE,-1.1358596
G,N,410,-1.1101866,-2.0106926,-0.6880207,-1.786434,0.0249,FALSE,-1.1613054
G,P,410,-1.0820176,-1.9864998,-1.7381544,-1.786434,0.01825,FALSE,-1.1273349
G,Q,410,-0.9462352,-2.0481224,-0.5959037,-1.786434,0.0257466,FALSE,-1.2149118
G,R,410,0.5131218,-2.0950203,3.2411477,-1.786434,0.0257466,FALSE,-1.2838249
G,S,410,-0.014877,-2.0111694,-1.3881098,-1.786434,0.0195423,FALSE,-1.1619803
G,T,410,-0.9177796,-2.2209625,-1.535497,-1.786434,0.0172,FALSE,-1.4779093
G,V,410,-1.1743413,-2.1653366,-1.4618034,-1.786434,0.0201643,FALSE,-1.3906269
G,W,410,-1.4891117,-2.0542946,-1.7750012,-1.786434,0.0172,FALSE,-1.2238717
G,Y,410,-0.3885407,-1.8121758,-1.9039649,-1.786434,0.0147,FALSE,-0.8991715
K,A,411,-1.1210795,-1.9184341,2.1173204,-1.8953162,0.0129386,FALSE,-1.0347086
K,C,411,-1.9735874,-1.875,1.730429,-1.8953162,0.0172,FALSE,-0.9779437
K,D,411,-3.0722524,-1.7618942,2.1223049,-1.8953162,0.0172,FALSE,-0.8390328
K,E,411,-1.9762032,-1.9922447,2.3065389,-1.8953162,0.0177818,FALSE,-1.1353528
K,F,411,-2.0065022,-2.17873,2.7805627,-1.8953162,0.0172,FALSE,-1.4114233
K,G,411,-0.3288108,-1.885006,1.9515098,-1.8953162,0.012573,FALSE,-0.9908557
K,H,411,-0.9523683,-1.7054405,-0.8722546,-1.8953162,0.0197649,FALSE,-0.7746505
K,I,411,-1.7793306,-1.7544098,3.0016435,-1.8953162,0.0172,FALSE,-0.8303053
K,L,411,-2.1700574,-1.8341331,2.6331756,-1.8953162,0.0143333,FALSE,-0.9262485
K,M,411,-2.2401071,-1.8192253,2.1357438,-1.8953162,0.0172,FALSE,-0.9078111
K,N,411,-2.0206829,-1.7396088,0.4776379,-1.8953162,0.0143333,FALSE,-0.8132184
K,P,411,-2.3026898,-1.9620857,1.5277716,-1.8953162,0.0172,FALSE,-1.0936053
K,Q,411,-0.7504812,-1.8733902,0.385521,-1.8953162,0.0187023,FALSE,-0.9758757
K,R,411,-2.8299939,-1.7015572,-0.8722546,-1.8953162,0.0150521,FALSE,-0.770345
K,S,411,-1.0556173,-1.6643753,1.1777271,-1.8953162,0.0172,FALSE,-0.7299271
K,T,411,-1.1312615,-1.8155022,1.3251143,-1.8953162,0.0131652,FALSE,-0.9032419
K,V,411,-1.0436442,-1.8470192,2.6515989,-1.8953162,0.0156429,FALSE,-0.9423674
K,W,411,-1.4701663,-1.7909508,2.3384012,-1.8953162,0.0172,FALSE,-0.873467
K,Y,411,-1.5471023,-1.9371223,1.6935822,-1.8953162,0.0248054,FALSE,-1.0596996
E,A,412,0.3062882,-1.8048782,1.2329973,-1.75694,0.0094752,FALSE,-0.8902816
E,C,412,-0.6941187,-2.05064,0.8461059,-1.75694,0.0143333,FALSE,-1.2185624
E,D,412,-0.0725772,-1.7616005,-1.9776585,-1.75694,0.0172,FALSE,-0.8386892
E,F,412,0.5023454,-2.1231537,1.8962396,-1.75694,0.01225,FALSE,-1.3260672
E,G,412,-1.4321917,-1.9049911,1.0671867,-1.75694,0.0221361,FALSE,-1.0169415
E,H,412,-0.2577573,-1.9863319,1.8275305,-1.75694,0.0154501,FALSE,-1.1271011
E,I,412,0.3003265,-1.7129745,2.1173204,-1.75694,0.0147,FALSE,-0.783049
E,K,412,0.2418418,-1.7874527,2.3065389,-1.75694,0.0170851,FALSE,-0.8692752
E,L,412,-0.3282401,-2.031578,1.7488524,-1.75694,0.0126452,FALSE,-1.1910618
E,M,412,-0.799794,-1.9791641,1.2514207,-1.75694,0.0147,FALSE,-1.1171415
E,N,412,-0.6631414,-1.797039,-0.3329916,-1.75694,0.0159585,FALSE,-0.8807927
E,P,412,-3.3094437,-1.9571152,0.6434485,-1.75694,0.0172,FALSE,-1.086807
E,Q,412,0.5839385,-1.9352112,-0.2408746,-1.75694,0.0154283,FALSE,-1.0571285
E,R,412,-0.2540361,-1.7347755,3.5961768,-1.75694,0.0147,FALSE,-0.8076882
E,S,412,-0.4291123,-1.9255867,0.293404,-1.75694,0.0199824,FALSE,-1.0442336
E,T,412,0.6257418,-1.7663841,0.4407911,-1.75694,0.0147,FALSE,-0.8442964
E,V,412,0.7437204,-1.9382439,1.7672758,-1.75694,0.0162383,FALSE,-1.0612102
E,W,412,-1.1050093,-2.1203728,1.4540781,-1.75694,0.0143333,FALSE,-1.3218622
E,Y,412,-0.438575,-1.8153076,0.8092591,-1.75694,0.0147,FALSE,-0.9030035
F,A,413,-3.6273467,-1.9110527,-1.4986502,-1.891299,0.0172,FALSE,-1.024931
F,C,413,-3.0539018,-2.264988,-1.1117588,-1.891299,0.0172,FALSE,-1.5486362
F,D,413,-3.2593576,-2.2678146,2.0804736,-1.891299,0.0172,FALSE,-1.5532249
F,E,413,-3.5060603,-2.2166405,1.8962396,-1.891299,0.0147,FALSE,-1.471043
F,G,413,-2.6600002,-2.0991058,-1.3328396,-1.891299,0.0172,FALSE,-1.2899179
F,H,413,-3.1568766,-2.171917,1.4909249,-1.891299,0.0172,FALSE,-1.4008269
F,I,413,-2.5851534,-1.7950974,-1.9408117,-1.891299,0.016153,FALSE,-0.8784523
F,K,413,-3.2893097,-2.1535873,2.7805627,-1.891299,0.0172,FALSE,-1.3725004
F,L,413,-3.3219779,-2.0122337,-2.0145053,-1.891299,0.0194347,FALSE,-1.1634875
F,M,413,-3.0596883,-2.0113335,-1.5170736,-1.891299,0.0172,FALSE,-1.1622126
F,N,413,-3.044544,-2.078415,0.1410323,-1.891299,0.0172,FALSE,-1.2592067
F,P,413,-2.9653537,-1.9692993,-0.9091014,-1.891299,0.0224159,FALSE,-1.1035131
F,Q,413,-3.0201444,-2.1379433,0.2331493,-1.891299,0.0172,FALSE,-1.3485377
F,R,413,-3.9318155,-2.014637,4.0702006,-1.891299,0.0172,FALSE,-1.1668949
F,S,413,-2.7052372,-2.1199684,-0.5590569,-1.891299,0.0197371,FALSE,-1.3212513
F,T,413,-3.6888655,-2.2435074,-0.7064441,-1.891299,0.0147,FALSE,-1.5139512
F,V,413,-3.2960803,-1.9170456,-2.0329287,-1.891299,0.0172,FALSE,-1.0328653
F,W,413,-0.9389701,-1.9156418,-1.719731,-1.891299,0.0166148,FALSE,-1.0310036
F,Y,413,-1.7112724,-2.1134834,-1.074912,-1.891299,0.0147,FALSE,-1.3114725
N,A,414,-0.9643428,-1.7930336,-0.5222101,-1.8451828,0.0172,FALSE,-0.8759689
N,C,414,-2.9239562,-1.8230247,-0.9091014,-1.8451828,0.0172,FALSE,-0.9124886
N,D,414,-2.1995814,-1.5741615,-0.2224512,-1.8451828,0.0333719,FALSE,-0.6379536
N,E,414,-3.3260822,-1.6160278,-0.3329916,-1.8451828,0.0147,FALSE,-0.6795631
N,F,414,-3.4723713,-2.0643692,0.1410323,-1.8451828,0.0172,FALSE,-1.2385687
N,G,414,-0.0441606,-1.7961769,-0.6880207,-1.8451828,0.0114991,FALSE,-0.8797531
N,H,414,-1.768463,-1.8203583,0.0723232,-1.8451828,0.0172,FALSE,-0.9092044
N,I,414,-3.0802036,-1.8881989,0.362113,-1.8451828,0.0165042,FALSE,-0.9949968
N,K,414,-1.565236,-1.7127075,0.4776379,-1.8451828,0.0217671,FALSE,-0.7827504
N,L,414,-4.4585004,-1.7139397,-0.0063549,-1.8451828,0.0172,FALSE,-0.7841293
N,M,414,-2.6714027,-1.7804985,-0.5037867,-1.8451828,0.0172,FALSE,-0.8609795
N,P,414,-2.9581131,-1.9440193,-1.1117588,-1.8451828,0.0172,FALSE,-1.0690078
N,Q,414,-2.3540749,-1.8538933,-2.0697755,-1.8451828,0.0172,FALSE,-0.9510347
N,R,414,-3.2729636,-1.6842613,1.7672758,-1.8451828,0.0172,FALSE,-0.7513619
N,S,414,-0.3706678,-0.9266434,-1.4618034,-1.8451828,0.0412089,FALSE,-0.2111617
N,T,414,-0.7182649,-1.5282402,-1.3144162,-1.8451828,0.0143333,FALSE,-0.5944451
N,V,414,-3.0714073,-1.6767769,0.0120685,-1.8451828,0.0172,FALSE,-0.7432454
N,W,414,-2.6813079,-1.7531433,-0.3011293,-1.8451828,0.0172,FALSE,-0.8288343
N,Y,414,-2.7891156,-1.9879417,-0.9459482,-1.8451828,0.0165042,FALSE,-1.1293444
N,A,415,-0.1240038,-0.0969696,-0.5222101,-1.7168993,0.0238025,FALSE,-0.0416699
N,C,415,-1.0708549,-0.4499206,-0.9091014,-1.7168993,0.0147,FALSE,-0.0843844
N,D,415,-0.6134254,-0.3153,-0.2224512,-1.7168993,0.0168889,FALSE,-0.064589
N,E,415,-0.2400655,-0.403801,-0.3329916,-1.7168993,0.0147,FALSE,-0.0770221
N,F,415,-0.0613574,-0.6600266,0.1410323,-1.7168993,0.014631,FALSE,-0.1272857
N,G,415,-0.689024,-0.452137,-0.6880207,-1.7168993,0.0111912,FALSE,-0.0847547
N,H,415,-1.1298372,-0.3118324,0.0723232,-1.7168993,0.0182203,FALSE,-0.0641436
N,I,415,0.2807198,-0.624485,0.362113,-1.7168993,0.0099739,FALSE,-0.1188108
N,K,415,-0.857016,0.7228432,0.4776379,-1.7168993,0.0169398,FALSE,-0.007828
N,L,415,0.0438645,-0.7088509,-0.0063549,-1.7168993,0.015788,FALSE,-0.1398545
N,M,415,-0.5333224,-0.8111038,-0.5037867,-1.7168993,0.0220652,FALSE,-0.1700022
N,P,415,-1.3336107,-0.4823265,-1.1117588,-1.7168993,0.0149625,FALSE,-0.0899561
N,Q,415,-0.3014576,-0.7763557,-2.0697755,-1.7168993,0.0147,FALSE,-0.1591423
N,R,415,-0.2028173,0.215786,1.7672758,-1.7168993,0.0213169,FALSE,-0.0220928
N,S,415,-0.210538,-0.150425,-1.4618034,-1.7168993,0.0093616,FALSE,-0.0464105
N,T,415,-0.0347443,-0.5774765,-1.3144162,-1.7168993,0.0243127,FALSE,-0.1084161
N,V,415,0.0985372,-0.4147072,0.0120685,-1.7168993,0.0131719,FALSE,-0.0787053
N,W,415,-0.1096322,-0.6302948,-0.3011293,-1.7168993,0.0177615,FALSE,-0.1201589
N,Y,415,-0.0328845,-0.4423523,-0.9459482,-1.7168993,0.0145113,FALSE,-0.0831316
L,A,416,-3.1140816,-1.9217949,-1.6460374,-1.8322673,0.0172,FALSE,-1.0391779
L,C,416,-2.2009242,-1.9135437,-1.259146,-1.8322673,0.0199515,FALSE,-1.0282247
L,D,416,-3.0830441,-2.0567894,1.9330864,-1.8322673,0.0172,FALSE,-1.2275029
L,E,416,-2.596542,-1.8144646,1.7488524,-1.8322673,0.0172,FALSE,-0.901971
L,F,416,-0.3629715,-1.8406944,-2.0145053,-1.8322673,0.01225,FALSE,-0.9344349
L,G,416,-3.2930101,-1.7325974,-1.4802268,-1.8322673,0.0172,FALSE,-0.8052041
L,H,416,-2.5588823,-1.913784,1.3435377,-1.8322673,0.0172,FALSE,-1.0285428
L,I,416,-1.7148754,-1.64151,-1.7934246,-1.8322673,0.0172,FALSE,-0.705799
L,K,416,-1.3586251,-1.7640915,2.6331756,-1.8322673,0.0172,FALSE,-0.8416061
L,M,416,-0.9342852,-1.7755089,-1.6644608,-1.8322673,0.0172,FALSE,-0.8550582
L,N,416,-2.1060144,-1.8860092,-0.0063549,-1.8322673,0.0172,FALSE,-0.9921558
L,P,416,-3.2519832,-1.7064171,-1.0564886,-1.8322673,0.0172,FALSE,-0.7757358
L,Q,416,-1.7345556,-1.9085617,0.0857621,-1.8322673,0.0172,FALSE,-1.0216434
L,R,416,-0.434619,-1.9505501,3.9228134,-1.8322673,0.0217007,FALSE,-1.0778636
L,S,416,-2.9600837,-1.9539108,-0.7064441,-1.8322673,0.0244261,FALSE,-1.0824367
L,T,416,-3.0495486,-2.0579987,-0.8538312,-1.8322673,0.0172,FALSE,-1.2292649
L,V,416,-1.7556862,-1.7492523,-2.1434691,-1.8322673,0.0134594,FALSE,-0.8243253
L,W,416,-2.1245331,-1.7869568,-1.8671182,-1.8322673,0.0172,FALSE,-0.868682
L,Y,416,-0.86171,-1.8756027,-1.2222992,-1.8322673,0.0211513,FALSE,-0.9787186
E,A,417,-3.1399817,-1.8464851,1.2329973,-1.9077716,0.0172,FALSE,-0.941696
E,C,417,-2.8849206,-1.8868256,0.8461059,-1.9077716,0.0172,FALSE,-0.9932145
E,D,417,-2.352727,-1.615078,-1.9776585,-1.9077716,0.0187044,FALSE,-0.6785985
E,F,417,-3.0936534,-1.8743935,1.8962396,-1.9077716,0.0172,FALSE,-0.9771643
E,G,417,-2.8560336,-1.4574509,1.0671867,-1.9077716,0.0167174,FALSE,-0.5317013
E,H,417,-2.8492077,-1.7411118,1.8275305,-1.9077716,0.0172,FALSE,-0.814943
E,I,417,-2.9737556,-1.941761,2.1173204,-1.9077716,0.0172,FALSE,-1.0659549
E,K,417,-2.1841375,-1.8885689,2.3065389,-1.9077716,0.0168406,FALSE,-0.9954774
E,L,417,-3.5205582,-1.717514,1.7488524,-1.9077716,0.0172,FALSE,-0.7881383
E,M,417,-2.6504593,-1.8067627,1.2514207,-1.9077716,0.0172,FALSE,-0.892572
E,N,417,-3.3004628,-1.7970505,-0.3329916,-1.9077716,0.0172,FALSE,-0.8808066
E,P,417,-3.1415164,-1.9035454,0.6434485,-1.9077716,0.0172,FALSE,-1.0150413
E,Q,417,-2.7264894,-1.990139,-0.2408746,-1.9077716,0.0172,FALSE,-1.1324104
E,R,417,-2.3124672,-2.029995,3.5961768,-1.9077716,0.0147,FALSE,-1.1887926
E,S,417,-3.3485595,-1.9606285,0.293404,-1.9077716,0.0172,FALSE,-1.0916098
E,T,417,-3.1580955,-1.8229141,0.4407911,-1.9077716,0.0249,FALSE,-0.9123522
E,V,417,-2.7844384,-1.7702866,1.7672758,-1.9077716,0.0172,FALSE,-0.8488884
E,W,417,-2.7025413,-1.7870483,1.4540781,-1.9077716,0.0172,FALSE,-0.8687914
E,Y,417,-2.8528195,-1.9181252,0.8092591,-1.9077716,0.0172,FALSE,-1.0342983
K,A,418,-1.9405621,-1.413765,2.1173204,-1.7708948,0.0172,FALSE,-0.4955593
K,C,418,-2.1160407,-1.5099983,1.730429,-1.7708948,0.0172,FALSE,-0.5777771
K,D,418,-2.7408969,-1.6121941,2.1223049,-1.7708948,0.0172,FALSE,-0.6756756
K,E,418,-1.9023324,-1.2647285,2.3065389,-1.7708948,0.0128555,FALSE,-0.3865065
K,F,418,-1.4665266,-1.5314064,2.7805627,-1.7708948,0.0172,FALSE,-0.5973736
K,G,418,-3.2110531,-1.2273674,1.9515098,-1.7708948,0.0172,FALSE,-0.3624695
K,H,418,-2.2091842,-1.3466148,-0.8722546,-1.7708948,0.0172,FALSE,-0.4437504
K,I,418,-2.5326613,-1.40905,3.0016435,-1.7708948,0.0172,FALSE,-0.4917744
K,L,418,-0.9187344,-1.2763939,2.6331756,-1.7708948,0.0186915,FALSE,-0.3942743
K,M,418,-2.3753035,-1.4303932,2.1357438,-1.7708948,0.0172,FALSE,-0.5090867
K,N,418,-1.7241475,-1.1592827,0.4776379,-1.7708948,0.0223103,FALSE,-0.3218626
K,P,418,-3.084002,-1.1895561,1.5277716,-1.7708948,0.0172,FALSE,-0.3394191
K,Q,418,-2.3079334,-1.3741302,0.385521,-1.7708948,0.0147,FALSE,-0.464438
K,R,418,-0.2315836,0.0020027,-0.8722546,-1.7708948,0.0183332,FALSE,-0.0341127
K,S,418,-2.7634147,-1.5000992,1.1777271,-1.7708948,0.0172,FALSE,-0.5688777
K,T,418,-2.2365948,-1.3944359,1.3251143,-1.7708948,0.0164626,FALSE,-0.4801856
K,V,418,-3.0090792,-1.1771355,2.6515989,-1.7708948,0.0172,FALSE,-0.3321208
K,W,418,-2.3386078,-1.4681244,2.3384012,-1.7708948,0.0172,FALSE,-0.5408287
K,Y,418,-2.6056295,-1.3609581,1.6935822,-1.7708948,0.0172,FALSE,-0.4544416
R,A,419,-2.9042801,-1.9655495,3.4069583,-1.9326354,0.0172,FALSE,-1.0983567
R,C,419,-2.764422,-1.8296051,3.0200669,-1.9326354,0.0172,FALSE,-0.9206245
R,D,419,-2.7142682,-2.065796,3.4119428,-1.9326354,0.0172,FALSE,-1.2406573
R,E,419,-2.425508,-1.7984657,3.5961768,-1.9326354,0.0172,FALSE,-0.8825149
R,F,419,-2.7064706,-1.9044418,4.0702006,-1.9326354,0.0172,FALSE,-1.0162192
R,G,419,-2.0065973,-1.8696709,3.2411477,-1.9326354,0.0211765,FALSE,-0.9711075
R,H,419,-2.6316881,-1.673069,0.4173832,-1.9326354,0.0172,FALSE,-0.7392464
R,I,419,-2.7522742,-1.8880424,4.2912814,-1.9326354,0.0172,FALSE,-0.9947936
R,K,419,-2.2056676,-1.8500252,-0.8722546,-1.9326354,0.036203,FALSE,-0.9461517
R,L,419,-2.9579092,-2.2550545,3.9228134,-1.9326354,0.0172,FALSE,-1.5325552
R,M,419,-3.0707944,-1.9253578,3.4253817,-1.9326354,0.0172,FALSE,-1.043928
R,N,419,-2.5893959,-1.7321091,1.7672758,-1.9326354,0.0172,FALSE,-0.8046479
R,P,419,-2.6813051,-1.9959106,2.8174095,-1.9326354,0.0172,FALSE,-1.1404851
R,Q,419,-2.5525791,-2.0515327,1.6751588,-1.9326354,0.0172,FALSE,-1.2198582
R,S,419,-2.464216,-2.039486,2.467365,-1.9326354,0.0148848,FALSE,-1.2024313
R,T,419,-1.8327964,-1.92976,2.6147522,-1.9326354,0.0172,FALSE,-1.049814
R,V,419,-3.2006116,-2.0167313,3.9412368,-1.9326354,0.0172,FALSE,-1.1698684
R,W,419,-1.8040219,-1.9317398,3.6280391,-1.9326354,0.0147,FALSE,-1.0524672
R,Y,419,-2.5708013,-1.789978,2.9832201,-1.9326354,0.0172,FALSE,-0.8723
M,A,420,-2.4715254,-1.3822861,-2.1434691,-1.950515,0.0172,FALSE,-0.4707138
M,C,420,-2.6032655,-1.4668007,-1.7565778,-1.950515,0.0172,FALSE,-0.5396904
M,D,420,-1.3675174,-1.3777809,1.4356547,-1.950515,0.0296237,FALSE,-0.467239
M,E,420,-2.508901,-1.5526237,1.2514207,-1.950515,0.0172,FALSE,-0.6172706
M,F,420,-1.0565215,-1.3923912,-1.5170736,-1.950515,0.0172,FALSE,-0.4785812
M,G,420,-3.0177593,-1.4426498,-1.9776585,-1.950515,0.0172,FALSE,-0.5192378
M,H,420,-2.2589752,-1.5301094,0.8461059,-1.950515,0.0172,FALSE,-0.5961727
M,I,420,-1.2509879,-0.3528519,-1.2959928,-1.950515,0.0158191,FALSE,-0.0696077
M,K,420,-2.1699021,-1.2940636,2.1357438,-1.950515,0.0214094,FALSE,-0.4062823
M,L,420,-0.6721959,-0.9436531,-1.6644608,-1.950515,0.0147,FALSE,-0.2179281
M,N,420,-2.3120796,-1.4231758,-0.5037867,-1.950515,0.0172,FALSE,-0.5031807
M,P,420,-2.8866199,-1.5354271,-1.5539204,-1.950515,0.0172,FALSE,-0.6011078
M,Q,420,-1.6451687,-1.4433746,-0.4116697,-1.950515,0.0172,FALSE,-0.5198429
M,R,420,-3.1387958,-1.114605,3.4253817,-1.950515,0.017569,FALSE,-0.2973636
M,S,420,-2.4669674,-1.4565468,-1.2038758,-1.950515,0.0172,FALSE,-0.5309335
M,T,420,-2.1674958,-1.4504585,-1.351263,-1.950515,0.0204892,FALSE,-0.5257852
M,V,420,-2.3295975,-1.1029282,-1.6460374,-1.950515,0.0152386,FALSE,-0.2912305
M,W,420,-1.5332316,-1.3912163,-1.9592351,-1.950515,0.0200304,FALSE,-0.4776613
M,Y,420,-2.5861918,-1.6151085,-1.719731,-1.950515,0.0249,FALSE,-0.6786294
E,A,421,-1.2822436,-1.7192383,1.2329973,-1.7427188,0.0143333,FALSE,-0.7900771
E,C,421,-2.2176457,-1.8755379,0.8461059,-1.7427188,0.0172,FALSE,-0.9786353
E,D,421,-1.48452,-1.7827988,-1.9776585,-1.7427188,0.0205367,FALSE,-0.863718
E,F,421,-1.5299098,-1.7612953,1.8962396,-1.7427188,0.0172,FALSE,-0.8383322
E,G,421,-1.252268,-1.7552834,1.0671867,-1.7427188,0.0258498,FALSE,-0.831321
E,H,421,-1.7859983,-1.7686844,1.8275305,-1.7427188,0.0172,FALSE,-0.8470012
E,I,421,-2.4659757,-1.7563286,2.1173204,-1.7427188,0.0172,FALSE,-0.8325372
E,K,421,-1.1861867,-1.703785,2.3065389,-1.7427188,0.0199341,FALSE,-0.772813
E,L,421,-2.1849277,-1.6802864,1.7488524,-1.7427188,0.0172,FALSE,-0.7470439
E,M,421,-1.7537309,-1.8711243,1.2514207,-1.7427188,0.0172,FALSE,-0.9729692
E,N,421,-1.666321,-1.8829422,-0.3329916,-1.7427188,0.0172,FALSE,-0.9881844
E,P,421,-3.0881001,-1.7442818,0.6434485,-1.7427188,0.0172,FALSE,-0.8185883
E,Q,421,0.1438303,-1.7054672,-0.2408746,-1.7427188,0.0147,FALSE,-0.7746802
E,R,421,-1.9179023,-1.8005981,3.5961768,-1.7427188,0.0147,FALSE,-0.8850929
E,S,421,-0.6850565,-1.81324,0.293404,-1.7427188,0.0143333,FALSE,-0.9004725
E,T,421,-2.6736983,-1.902977,0.4407911,-1.7427188,0.0172,FALSE,-1.0142947
E,V,421,-2.2190502,-1.6651611,1.7672758,-1.7427188,0.0147,FALSE,-0.7307662
E,W,421,-2.2394228,-1.8634148,1.4540781,-1.7427188,0.0172,FALSE,-0.9631184
E,Y,421,-1.8700949,-1.6342125,0.8092591,-1.7427188,0.0172,FALSE,-0.6982153
N,A,422,-1.2540905,-2.0068245,-0.5222101,-1.8066645,0.0143333,FALSE,-1.1558378
N,C,422,-2.7283576,-1.9635315,-0.9091014,-1.8066645,0.0172,FALSE,-1.0955872
N,D,422,-1.9173708,-1.7161484,-0.2224512,-1.8066645,0.0166231,FALSE,-0.786605
N,E,422,-2.193658,-1.8564796,-0.3329916,-1.8066645,0.0172,FALSE,-0.9543079
N,F,422,-2.3146895,-2.0307083,0.1410323,-1.8066645,0.0172,FALSE,-1.1898149
N,G,422,-1.5740454,-1.9971657,-0.6880207,-1.8066645,0.0172,FALSE,-1.142245
N,H,422,-1.9927751,-2.1512108,0.0723232,-1.8066645,0.0143333,FALSE,-1.3688475
N,I,422,-2.0374045,-1.9350662,0.362113,-1.8066645,0.0163256,FALSE,-1.0569336
N,K,422,-1.9722661,-1.7833633,0.4776379,-1.8066645,0.0341674,FALSE,-0.8643909
N,L,422,-2.3014027,-1.86763,-0.0063549,-1.8066645,0.0172,FALSE,-0.968497
N,M,422,-1.7887721,-2.0594559,-0.5037867,-1.8066645,0.0172,FALSE,-1.23139
N,P,422,-2.6627334,-1.9387436,-1.1117588,-1.8066645,0.0172,FALSE,-1.0618836
N,Q,422,-2.321831,-1.9552498,-2.0697755,-1.8066645,0.0172,FALSE,-1.0842617
N,R,422,-2.8660644,-2.000309,1.7672758,-1.8066645,0.0172,FALSE,-1.1466592
N,S,422,-0.8649859,-1.7542801,-1.4618034,-1.8066645,0.0170837,FALSE,-0.8301546
N,T,422,-0.7649324,-1.893467,-1.3144162,-1.8066645,0.0172,FALSE,-1.0018515
N,V,422,-2.5176392,-1.902607,0.0120685,-1.8066645,0.0172,FALSE,-1.013809
N,W,422,-2.0827822,-1.8887672,-0.3011293,-1.8066645,0.0172,FALSE,-0.995735
N,Y,422,-2.2462998,-1.9121819,-0.9459482,-1.8066645,0.0172,FALSE,-1.0264233
L,A,423,-2.8992286,-1.9281006,-1.6460374,-1.9900247,0.0172,FALSE,-1.0475931
L,C,423,-2.8310507,-1.9622917,-1.259146,-1.9900247,0.0172,FALSE,-1.0938876
L,D,423,-2.7694187,-1.8791351,1.9330864,-1.9900247,0.0172,FALSE,-0.9832677
L,E,423,-2.72786,-1.8129425,1.7488524,-1.9900247,0.0172,FALSE,-0.9001087
L,F,423,-2.1642765,-2.0880508,-2.0145053,-1.9900247,0.0166972,FALSE,-1.2734635
L,G,423,-3.0571372,-2.023758,-1.4802268,-1.9900247,0.0172,FALSE,-1.1798741
L,H,423,-2.9619206,-1.9169579,1.3435377,-1.9900247,0.0172,FALSE,-1.0327489
L,I,423,-2.6178454,-1.8719177,-1.7934246,-1.9900247,0.0172,FALSE,-0.9739863
L,K,423,-2.4056696,-1.9880486,2.6331756,-1.9900247,0.0172,FALSE,-1.1294935
L,M,423,-2.0121486,-1.9546127,-1.6644608,-1.9900247,0.0172,FALSE,-1.0833931
L,N,423,-3.0641155,-1.7939835,-0.0063549,-1.9900247,0.0172,FALSE,-0.8771114
L,P,423,-2.7609669,-2.125412,-1.0564886,-1.9900247,0.0147,FALSE,-1.3294867
L,Q,423,-2.8334847,-1.8275604,0.0857621,-1.9900247,0.0172,FALSE,-0.9180917
L,R,423,-3.8934482,-2.0062675,3.9228134,-1.9900247,0.0172,FALSE,-1.1550517
L,S,423,-2.6110375,-1.712513,-0.7064441,-1.9900247,0.0231602,FALSE,-0.7825329
L,T,423,-3.0735185,-1.9114151,-0.8538312,-1.9900247,0.0172,FALSE,-1.0254098
L,V,423,-1.8439036,-1.8138962,-2.1434691,-1.9900247,0.0147,FALSE,-0.9012753
L,W,423,-2.4860784,-1.9066353,-1.8671182,-1.9900247,0.0172,FALSE,-1.0191051
L,Y,423,-2.8440468,-1.9698753,-1.2222992,-1.9900247,0.0172,FALSE,-1.1043064
N,A,424,-1.6441902,-2.1078186,-0.5222101,-1.9241589,0.0172,FALSE,-1.3029592
N,C,424,-1.9065887,-2.1097603,-0.9091014,-1.9241589,0.0172,FALSE,-1.3058742
N,D,424,-2.0157439,-2.0257187,-0.2224512,-1.9241589,0.0235533,FALSE,-1.182674
N,E,424,-2.7448512,-2.0651588,-0.3329916,-1.9241589,0.0172,FALSE,-1.2397243
N,F,424,-2.1075018,-2.0554276,0.1410323,-1.9241589,0.0197458,FALSE,-1.2255201
N,G,424,-2.6803059,-1.9531441,-0.6880207,-1.9241589,0.0172,FALSE,-1.0813924
N,H,424,-1.4849391,-2.176571,0.0723232,-1.9241589,0.0495299,FALSE,-1.4080614
N,I,424,-1.3356858,-1.9855423,0.362113,-1.9241589,0.0222915,FALSE,-1.1260016
N,K,424,-2.1468229,-1.9337692,0.4776379,-1.9241589,0.0164548,FALSE,-1.0551908
N,L,424,-3.1569087,-1.977726,-0.0063549,-1.9241589,0.0172,FALSE,-1.1151491
N,M,424,-2.1740787,-1.887516,-0.5037867,-1.9241589,0.0172,FALSE,-0.9941103
N,P,424,-2.089041,-1.9187317,-1.1117588,-1.9241589,0.0147,FALSE,-1.0351039
N,Q,424,-1.9988013,-1.7594872,-2.0697755,-1.9241589,0.0172,FALSE,-0.8362196
N,R,424,-3.5116788,-1.8735962,1.7672758,-1.9241589,0.0172,FALSE,-0.9761402
N,S,424,-3.1162086,-2.1004524,-1.4618034,-1.9241589,0.0122857,FALSE,-1.2919293
N,T,424,-2.802375,-2.08609,-1.3144162,-1.9241589,0.0147,FALSE,-1.2705559
N,V,424,-3.1010021,-1.8165665,0.0120685,-1.9241589,0.0172,FALSE,-0.9045466
N,W,424,-1.3650427,-2.116455,-0.3011293,-1.9241589,0.0172,FALSE,-1.315949
N,Y,424,-1.7574299,-1.793087,-0.9459482,-1.9241589,0.0172,FALSE,-0.8760331
K,A,425,-1.6366923,-1.8955688,2.1173204,-1.713269,0.0135968,FALSE,-1.0045939
K,C,425,-3.3356341,-1.8763313,1.730429,-1.713269,0.0172,FALSE,-0.9796559
K,D,425,-2.502358,-1.7865562,2.1223049,-1.713269,0.0172,FALSE,-0.868203
K,E,425,-2.1787531,-1.761673,2.3065389,-1.713269,0.0286861,FALSE,-0.838774
K,F,425,-3.1686385,-2.1753044,2.7805627,-1.713269,0.0172,FALSE,-1.4060908
K,G,425,-3.8650086,-1.9234543,1.9515098,-1.713269,0.0172,FALSE,-1.0413887
K,H,425,-1.7839695,-1.8780212,-0.8722546,-1.713269,0.0120909,FALSE,-0.9818319
K,I,425,-3.0553827,-1.7271538,3.0016435,-1.713269,0.0154274,FALSE,-0.7990175
K,L,425,-2.8442868,-1.9019737,2.6331756,-1.713269,0.0147,FALSE,-1.0129778
K,M,425,-2.6838057,-1.8890877,2.1357438,-1.713269,0.0147,FALSE,-0.9961514
K,N,425,-1.1688865,-1.6283951,0.4776379,-1.713269,0.0141018,FALSE,-0.6922101
K,P,425,-3.7457773,-1.9595985,1.5277716,-1.713269,0.0172,FALSE,-1.0902006
K,Q,425,-1.3729554,-1.7538719,0.385521,-1.713269,0.0182809,FALSE,-0.8296803
K,R,425,-0.2950347,-1.6649704,-0.8722546,-1.713269,0.0158398,FALSE,-0.7305625
K,S,425,-2.1966346,-1.8299332,1.1777271,-1.713269,0.0172,FALSE,-0.9210313
K,T,425,-2.239931,-1.6772156,1.3251143,-1.713269,0.0155173,FALSE,-0.7437195
K,V,425,-1.6157922,-2.0261917,2.6515989,-1.713269,0.0147,FALSE,-1.18335
K,W,425,-2.8125418,-1.9208336,2.3384012,-1.713269,0.0172,FALSE,-1.0378984
K,Y,425,-3.531979,-1.9928169,1.6935822,-1.713269,0.0172,FALSE,-1.136153
K,A,426,-3.0995291,-1.9862976,2.1173204,-1.9045974,0.0172,FALSE,-1.1270533
K,C,426,-3.4524011,-1.7838898,1.730429,-1.9045974,0.0172,FALSE,-0.8650187
K,D,426,-3.0450282,-2.0069427,2.1223049,-1.9045974,0.0172,FALSE,-1.1560047
K,E,426,-2.2639426,-2.13525,2.3065389,-1.9045974,0.0137749,FALSE,-1.3444322
K,F,426,-2.8820602,-1.9645538,2.7805627,-1.9045974,0.0172,FALSE,-1.0969897
K,G,426,-3.5621349,-1.8621635,1.9515098,-1.9045974,0.0172,FALSE,-0.9615252
K,H,426,-2.651976,-1.8963509,-0.8722546,-1.9045974,0.0172,FALSE,-1.0056155
K,I,426,-3.1139459,-2.1045456,3.0016435,-1.9045974,0.0154261,FALSE,-1.2980527
K,L,426,-3.3068984,-1.8407974,2.6331756,-1.9045974,0.0172,FALSE,-0.9345637
K,M,426,-2.5219808,-1.8475647,2.1357438,-1.9045974,0.0172,FALSE,-0.9430534
K,N,426,-2.5110834,-1.8816338,0.4776379,-1.9045974,0.0197316,FALSE,-0.986493
K,P,426,-3.868775,-2.013855,1.5277716,-1.9045974,0.0147,FALSE,-1.1657856
K,Q,426,-2.5863996,-2.0168915,0.385521,-1.9045974,0.0206624,FALSE,-1.170096
K,R,426,-1.5563181,-1.831253,-0.8722546,-1.9045974,0.015848,FALSE,-0.9226689
K,S,426,-3.0549276,-1.8538742,1.1777271,-1.9045974,0.0172,FALSE,-0.9510105
K,T,426,-2.9775492,-1.8585854,1.3251143,-1.9045974,0.0143333,FALSE,-0.956978
K,V,426,-3.202125,-1.8368988,2.6515989,-1.9045974,0.0172,FALSE,-0.9296939
K,W,426,-3.0887793,-1.846611,2.3384012,-1.9045974,0.0172,FALSE,-0.9418542
K,Y,426,-3.4244167,-1.777359,1.6935822,-1.9045974,0.0172,FALSE,-0.8572507
V,A,427,-2.5422251,-1.9196358,-1.627614,-2.0100558,0.0292241,FALSE,-1.0363054
V,C,427,-2.2704486,-1.8130226,-1.2407226,-2.0100558,0.0172,FALSE,-0.9002067
V,D,427,-2.4196546,-1.8366585,1.9515098,-2.0100558,0.0199049,FALSE,-0.9293942
V,E,427,-2.9875049,-1.8609619,1.7672758,-2.0100558,0.0249,FALSE,-0.9599967
V,F,427,-2.4860306,-2.1418686,-2.0329287,-2.0100558,0.0172,FALSE,-1.3545316
V,G,427,-2.8731476,-1.9315758,-1.4618034,-2.0100558,0.0147,FALSE,-1.0522473
V,H,427,-2.973216,-2.107212,1.3619611,-2.0100558,0.0172,FALSE,-1.3020492
V,I,427,-0.8422562,-1.4184685,-1.811848,-2.0100558,0.0306298,FALSE,-0.4993573
V,K,427,-2.0954161,-2.046276,2.6515989,-2.0100558,0.0172,FALSE,-1.212238
V,L,427,-2.0014228,-1.7935066,-2.1434691,-2.0100558,0.0091875,FALSE,-0.8765377
V,M,427,-1.3631321,-1.8940468,-1.6460374,-2.0100558,0.0172,FALSE,-1.0026076
V,N,427,-3.1683097,-1.9052124,0.0120685,-2.0100558,0.0199049,FALSE,-1.0172325
V,P,427,-2.8056073,-1.9885254,-1.0380652,-2.0100558,0.0172,FALSE,-1.1301585
V,Q,427,-2.9943771,-1.9018822,0.1041855,-2.0100558,0.0172,FALSE,-1.0128577
V,R,427,-3.0360507,-1.8670769,3.9412368,-2.0100558,0.0147,FALSE,-0.9677902
V,S,427,-2.3681222,-1.9498711,-0.6880207,-2.0100558,0.0172,FALSE,-1.076941
V,T,427,-2.196769,-2.1186256,-0.8354078,-2.0100558,0.0172,FALSE,-1.3192236
V,W,427,-2.0860908,-1.9286499,-1.8486948,-2.0100558,0.0172,FALSE,-1.0483279
V,Y,427,-0.9715277,-1.9141464,-1.2038758,-2.0100558,0.0172,FALSE,-1.0290225
D,A,428,-2.7442695,-1.792408,1.4172313,-1.863,0.0172,FALSE,-0.8752169
D,C,428,-3.0318351,-1.8574562,1.0303399,-1.863,0.0172,FALSE,-0.9555457
D,E,428,-1.5854192,-1.8720474,-1.9776585,-1.863,0.0141626,FALSE,-0.9741526
D,F,428,-2.5260524,-1.8509483,2.0804736,-1.863,0.0172,FALSE,-0.9473156
D,G,428,-3.0123279,-1.7268867,1.2514207,-1.863,0.0122863,FALSE,-0.7987147
D,H,428,-2.687349,-1.9735756,2.0117645,-1.863,0.0172,FALSE,-1.1094097
D,I,428,-3.1389196,-1.6836205,2.3015544,-1.863,0.0172,FALSE,-0.7506646
D,K,428,-2.6563511,-1.8325424,2.1223049,-1.863,0.0172,FALSE,-0.9242704
D,L,428,-3.5190683,-1.7828064,1.9330864,-1.863,0.0172,FALSE,-0.863727
D,M,428,-2.0157693,-1.8187485,1.4356547,-1.863,0.0099138,FALSE,-0.9072252
D,N,428,-1.5652098,-1.7551651,-0.2224512,-1.863,0.0209379,FALSE,-0.8311834
D,P,428,-2.8234266,-1.9870453,0.8276825,-1.863,0.0172,FALSE,-1.128095
D,Q,428,-2.4079693,-1.8436432,-0.3145682,-1.863,0.0147,FALSE,-0.9381282
D,R,428,-3.3390292,-1.8147736,3.4119428,-1.863,0.0172,FALSE,-0.9023494
D,S,428,-2.5553712,-1.674408,0.4776379,-1.863,0.0172,FALSE,-0.7406888
D,T,428,-1.2330365,-1.762619,0.6250251,-1.863,0.0172,FALSE,-0.839881
D,V,428,-2.3682739,-1.943634,1.9515098,-1.863,0.0243453,FALSE,-1.0684866
D,W,428,-2.4754948,-2.1099586,1.638312,-1.863,0.0172,FALSE,-1.3061721
D,Y,428,-2.1687474,-2.004898,0.9934931,-1.863,0.0179924,FALSE,-1.1531198
D,A,429,-2.1957872,-1.7279396,1.4172313,-1.7212455,0.0172,FALSE,-0.7999086
D,C,429,-3.1396225,-1.9337502,1.0303399,-1.7212455,0.0172,FALSE,-1.0551653
D,E,429,-1.8797689,-1.7628059,-1.9776585,-1.7212455,0.0141468,FALSE,-0.8400999
D,F,429,-2.7974392,-2.2144814,2.0804736,-1.7212455,0.0172,FALSE,-1.4676181
D,G,429,-2.4179238,-1.8637848,1.2514207,-1.7212455,0.0185875,FALSE,-0.9635898
D,H,429,-2.4877612,-1.7950897,2.0117645,-1.7212455,0.0198055,FALSE,-0.8784431
D,I,429,-2.8106901,-2.0947495,2.3015544,-1.7212455,0.0172,FALSE,-1.2834215
D,K,429,-2.8949938,-1.8142738,2.1223049,-1.7212455,0.0172,FALSE,-0.9017375
D,L,429,-3.3773054,-1.9273033,1.9330864,-1.7212455,0.0172,FALSE,-1.0465269
D,M,429,-2.3098525,-1.8839035,1.4356547,-1.7212455,0.011003,FALSE,-0.9894282
D,N,429,-1.6324429,-1.557209,-0.2224512,-1.7212455,0.0205205,FALSE,-0.6216328
D,P,429,-3.0434068,-1.7256737,0.8276825,-1.7212455,0.0172,FALSE,-0.7973408
D,Q,429,-1.3223818,-1.96595,-0.3145682,-1.7212455,0.0147,FALSE,-1.0989068
D,R,429,-3.0483887,-1.977684,3.4119428,-1.7212455,0.0172,FALSE,-1.1150909
D,S,429,-2.500852,-1.6809578,0.4776379,-1.7212455,0.0172,FALSE,-0.7477721
D,T,429,-2.7134203,-1.883667,0.6250251,-1.7212455,0.0172,FALSE,-0.9891221
D,V,429,-2.8723639,-1.7523575,1.9515098,-1.7212455,0.0172,FALSE,-0.8279224
D,W,429,-2.4274322,-1.957737,1.638312,-1.7212455,0.0172,FALSE,-1.0876562
D,Y,429,-2.3748745,-1.924839,0.9934931,-1.7212455,0.0219,FALSE,-1.0432355
G,A,430,-2.9997579,-1.7533073,-1.9960819,-1.92743,0.0147,FALSE,-0.8290247
G,C,430,-3.2645586,-2.0850143,-1.9408117,-1.92743,0.0172,FALSE,-1.2689622
G,D,430,-2.79437,-1.9574089,1.2514207,-1.92743,0.0172,FALSE,-1.087208
G,E,430,-2.1741214,-2.067669,1.0671867,-1.92743,0.0154017,FALSE,-1.2434018
G,F,430,-3.4619441,-2.02956,-1.3328396,-1.92743,0.0172,FALSE,-1.1881695
G,H,430,-3.2837432,-2.05344,0.6618719,-1.92743,0.0172,FALSE,-1.2226291
G,I,430,-2.6235034,-1.97826,-1.1117588,-1.92743,0.0172,FALSE,-1.1158887
G,K,430,-2.9473552,-2.226738,1.9515098,-1.92743,0.0172,FALSE,-1.4871066
G,L,430,-2.7229381,-1.9934883,-1.4802268,-1.92743,0.0172,FALSE,-1.1370924
G,M,430,-2.1908116,-2.0511742,-1.9776585,-1.92743,0.0172,FALSE,-1.2193377
G,N,430,-2.8933513,-2.0800743,-0.6880207,-1.92743,0.0172,FALSE,-1.261656
G,P,430,-3.5947062,-2.0061111,-1.7381544,-1.92743,0.0172,FALSE,-1.154831
G,Q,430,-2.1594702,-1.9496956,-0.5959037,-1.92743,0.0172,FALSE,-1.0767026
G,R,430,-3.1340439,-2.0084343,3.2411477,-1.92743,0.017802,FALSE,-1.1581116
G,S,430,-3.090773,-2.091446,-1.3881098,-1.92743,0.0172,FALSE,-1.2785059
G,T,430,-3.3703252,-2.017025,-1.535497,-1.92743,0.0172,FALSE,-1.1702857
G,V,430,-3.2802789,-2.0789871,-1.4618034,-1.92743,0.015562,FALSE,-1.2600509
G,W,430,-2.8083362,-2.160057,-1.7750012,-1.92743,0.0172,FALSE,-1.382468
G,Y,430,-2.6331514,-1.8744812,-1.9039649,-1.92743,0.0249,FALSE,-0.9772769
F,A,431,-3.2043054,-1.9549675,-1.4986502,-1.9804846,0.0172,FALSE,-1.0838768
F,C,431,-2.9279954,-1.9265366,-1.1117588,-1.9804846,0.0172,FALSE,-1.0455023
F,D,431,-3.0465959,-1.8240166,2.0804736,-1.9804846,0.0172,FALSE,-0.9137121
F,E,431,-2.8572485,-1.856205,1.8962396,-1.9804846,0.0172,FALSE,-0.9539601
F,G,431,-2.6364445,-2.0044632,-1.3328396,-1.9804846,0.0172,FALSE,-1.1525069
F,H,431,-3.152325,-1.8288307,1.4909249,-1.9804846,0.0172,FALSE,-0.9196648
F,I,431,-2.4650223,-2.0520058,-1.9408117,-1.9804846,0.0172,FALSE,-1.2205452
F,K,431,-3.3069181,-2.158638,2.7805627,-1.9804846,0.0172,FALSE,-1.380279
F,L,431,-0.4617995,-1.7344894,-2.0145053,-1.9804846,0.0171317,FALSE,-0.8073617
F,M,431,-2.3654927,-2.0471992,-1.5170736,-1.9804846,0.0172,FALSE,-1.2135745
F,N,431,-2.4876258,-1.7721558,0.1410323,-1.9804846,0.0172,FALSE,-0.8510935
F,P,431,-3.4246125,-1.9159241,-0.9091014,-1.9804846,0.017629,FALSE,-1.0313778
F,Q,431,-3.3027373,-2.109684,0.2331493,-1.9804846,0.0172,FALSE,-1.3057596
F,R,431,-3.4067042,-1.9992332,4.0702006,-1.9804846,0.0172,FALSE,-1.1451474
F,S,431,-3.429665,-1.7631912,-0.5590569,-1.9804846,0.0198819,FALSE,-0.8405511
F,T,431,-3.7390199,-2.2519646,-0.7064441,-1.9804846,0.0172,FALSE,-1.5275675
F,V,431,-2.7831096,-1.5201492,-2.0329287,-1.9804846,0.0124262,FALSE,-0.5870091
F,W,431,-2.8204069,-1.8445854,-1.719731,-1.9804846,0.0172,FALSE,-0.9393101
F,Y,431,-2.6001822,-1.8719025,-1.074912,-1.9804846,0.0172,FALSE,-0.9739668
L,A,432,-2.9388728,-1.7208672,-1.6460374,-1.8046116,0.0147,FALSE,-0.7919115
L,C,432,-2.4308438,-1.7787323,-1.259146,-1.8046116,0.0172,FALSE,-0.8588805
L,D,432,-2.8294241,-1.6617622,1.9330864,-1.8046116,0.0172,FALSE,-0.7271416
L,E,432,-1.8595309,-1.6074371,1.7488524,-1.8046116,0.0172,FALSE,-0.6708735
L,F,432,-1.2692552,-1.7237778,-2.0145053,-1.8046116,0.0147,FALSE,-0.7951963
L,G,432,-2.5541232,-1.592495,-1.4802268,-1.8046116,0.0147,FALSE,-0.655946
L,H,432,-1.4492293,-1.6393318,1.3435377,-1.8046116,0.0172,FALSE,-0.7035295
L,I,432,-1.2247098,-1.031559,-1.7934246,-1.8046116,0.0122857,FALSE,-0.2560707
L,K,432,-2.1461757,-1.7308884,2.6331756,-1.8046116,0.0172,FALSE,-0.8032585
L,M,432,-1.8599844,-1.7342148,-1.6644608,-1.8046116,0.0126018,FALSE,-0.8070483
L,N,432,-1.9539966,-1.6484985,-0.0063549,-1.8046116,0.019958,FALSE,-0.7131146
L,P,432,-2.6530495,-1.617302,-1.0564886,-1.8046116,0.0192714,FALSE,-0.6808586
L,Q,432,-0.73179,-1.6318016,0.0857621,-1.8046116,0.0118205,FALSE,-0.6957222
L,R,432,-2.0685464,-1.5284309,3.9228134,-1.8046116,0.0154313,FALSE,-0.5946212
L,S,432,-2.724328,-1.7545319,-0.7064441,-1.8046116,0.0147,FALSE,-0.8304472
L,T,432,-1.3396362,-1.8240395,-0.8538312,-1.8046116,0.0270546,FALSE,-0.9137404
L,V,432,-1.1981154,-1.6236267,-2.1434691,-1.8046116,0.0162258,FALSE,-0.6873146
L,W,432,-1.1430209,-1.6235695,-1.8671182,-1.8046116,0.0197807,FALSE,-0.6872561
L,Y,432,-1.5383759,-1.6939926,-1.2222992,-1.8046116,0.0172,FALSE,-0.7620036
D,A,433,-1.6223442,-1.8800812,1.4172313,-1.8094062,0.0161949,FALSE,-0.9844882
D,C,433,-1.7452652,-1.7668915,1.0303399,-1.8094062,0.0172,FALSE,-0.8448925
D,E,433,-0.9021887,-1.608738,-1.9776585,-1.8094062,0.018164,FALSE,-0.6721844
D,F,433,-3.1884544,-1.7340317,2.0804736,-1.8094062,0.0172,FALSE,-0.8068394
D,G,433,-1.8422469,-1.8643532,1.2514207,-1.8094062,0.0235128,FALSE,-0.9643143
D,H,433,-1.8091504,-1.893055,2.0117645,-1.8094062,0.0172,FALSE,-1.0013144
D,I,433,-2.7696449,-1.7753487,2.3015544,-1.8094062,0.0172,FALSE,-0.8548685
D,K,433,-3.0281557,-1.7132568,2.1223049,-1.8094062,0.0172,FALSE,-0.7833649
D,L,433,-3.110426,-1.7143478,1.9330864,-1.8094062,0.0172,FALSE,-0.7845864
D,M,433,-2.3884104,-1.9320717,1.4356547,-1.8094062,0.0172,FALSE,-1.0529124
D,N,433,-1.9559899,-1.5728378,-0.2224512,-1.8094062,0.0187502,FALSE,-0.6366683
D,P,433,-3.4763911,-1.9234581,0.8276825,-1.8094062,0.0172,FALSE,-1.0413938
D,Q,433,-1.2719488,-1.7875404,-0.3145682,-1.8094062,0.0147,FALSE,-0.8693801
D,R,433,-3.1965896,-1.7259064,3.4119428,-1.8094062,0.0172,FALSE,-0.7976042
D,S,433,-1.0809275,-1.7419815,0.4776379,-1.8094062,0.0172,FALSE,-0.8159421
D,T,433,-2.1490205,-1.5735893,0.6250251,-1.8094062,0.0172,FALSE,-0.6373978
D,V,433,-2.7243118,-1.6970215,1.9515098,-1.8094062,0.0198314,FALSE,-0.7653362
D,W,433,-2.5004685,-1.9827003,1.638312,-1.8094062,0.0172,FALSE,-1.122049
D,Y,433,-2.1336988,-1.768074,0.9934931,-1.8094062,0.0172,FALSE,-0.8462829
I,A,434,-3.1030278,-1.3639717,-1.2775694,-1.9892013,0.0172,FALSE,-0.4567135
I,C,434,-3.1613283,-1.3784065,-0.890678,-1.9892013,0.0172,FALSE,-0.4677203
I,D,434,-3.0027969,-1.3334618,2.3015544,-1.9892013,0.0172,FALSE,-0.434123
I,E,434,-2.8547355,-1.2591591,2.1173204,-1.9892013,0.0172,FALSE,-0.3828423
I,F,434,-1.1324765,-1.4192314,-1.9408117,-1.9892013,0.0147,FALSE,-0.4999754
I,G,434,-3.5122247,-1.369545,-1.1117588,-1.9892013,0.0172,FALSE,-0.4609388
I,H,434,-3.3050998,-1.477932,1.7120056,-1.9892013,0.0172,FALSE,-0.5493194
I,K,434,-3.0360459,-1.3857574,3.0016435,-1.9892013,0.0172,FALSE,-0.4734049
I,L,434,-0.1401049,-1.161335,-1.7934246,-1.9892013,0.0210101,FALSE,-0.323028
I,M,434,-1.9105828,-1.5417442,-1.2959928,-1.9892013,0.0147,FALSE,-0.6070089
I,N,434,-3.0986249,-1.3067322,0.362113,-1.9892013,0.0165117,FALSE,-0.4150728
I,P,434,-3.6127059,-1.3385658,-0.6880207,-1.9892013,0.0172,FALSE,-0.4378389
I,Q,434,-2.9111596,-1.2361908,0.45423,-1.9892013,0.0172,FALSE,-0.3680317
I,R,434,-3.5476969,-1.2537003,4.2912814,-1.9892013,0.0172,FALSE,-0.3792786
I,S,434,-3.4888378,-1.5102005,-0.3379761,-1.9892013,0.0165117,FALSE,-0.5779599
I,T,434,-3.2997619,-1.3742485,-0.4853633,-1.9892013,0.0154326,FALSE,-0.4645286
I,V,434,-0.6207807,-0.2571869,-1.811848,-1.9892013,0.0188029,FALSE,-0.0575061
I,W,434,-2.3175459,-1.3125458,-1.4986502,-1.9892013,0.0172,FALSE,-0.4191579
I,Y,434,-2.8624174,-1.4204979,-0.8538312,-1.9892013,0.0147,FALSE,-0.5010029
W,A,435,-3.4327981,-2.1486816,-1.9408117,-1.9269924,0.0172,FALSE,-1.3649648
W,C,435,-2.5770481,-2.001831,-1.5539204,-1.9269924,0.0121369,FALSE,-1.1487998
W,D,435,-2.9536556,-1.9436073,1.638312,-1.9269924,0.0172,FALSE,-1.0684504
W,E,435,-2.9096057,-2.1874886,1.4540781,-1.9269924,0.0231556,FALSE,-1.4250992
W,F,435,-3.2159762,-2.1079826,-1.719731,-1.9269924,0.0172,FALSE,-1.3032053
W,G,435,-3.3744435,-1.883503,-1.7750012,-1.9269924,0.0201778,FALSE,-0.9889099
W,H,435,-2.4213146,-2.0650902,1.0487633,-1.9269924,0.0172,FALSE,-1.2396239
W,I,435,-2.7159643,-2.1457558,-1.4986502,-1.9269924,0.0172,FALSE,-1.3604797
W,K,435,-3.2334042,-2.1867905,2.3384012,-1.9269924,0.0172,FALSE,-1.424007
W,L,435,-3.5391215,-1.9321785,-1.8671182,-1.9269924,0.0147,FALSE,-1.0530556
W,M,435,-2.9459466,-2.0796776,-1.9592351,-1.9269924,0.0172,FALSE,-1.2610702
W,N,435,-3.3245043,-2.1142159,-0.3011293,-1.9269924,0.0172,FALSE,-1.3125752
W,P,435,-2.7208569,-2.009266,-1.351263,-1.9269924,0.0172,FALSE,-1.1592873
W,Q,435,-3.4453965,-2.0403404,-0.2090123,-1.9269924,0.0172,FALSE,-1.203663
W,R,435,-2.6206481,-1.8427315,3.6280391,-1.9269924,0.0359689,FALSE,-0.9369854
W,S,435,-4.0808823,-2.1835976,-1.0012184,-1.9269924,0.0172,FALSE,-1.4190164
W,T,435,-3.2282288,-2.049057,-1.1486056,-1.9269924,0.0172,FALSE,-1.2162663
W,V,435,-3.471129,-2.2746964,-1.8486948,-1.9269924,0.0172,FALSE,-1.5644205
W,Y,435,-2.9144454,-2.0520744,-1.5170736,-1.9269924,0.0172,FALSE,-1.2206449
T,A,436,-2.8460253,-1.6133499,-1.3696864,-1.8243326,0.0161324,FALSE,-0.676846
T,C,436,-2.740808,-2.040165,-1.7565778,-1.8243326,0.0172,FALSE,-1.2034101
T,D,436,-2.8057159,-2.0011292,0.6250251,-1.8243326,0.0172,FALSE,-1.1478125
T,E,436,-2.2179429,-2.0102997,0.4407911,-1.8243326,0.0172,FALSE,-1.1607494
T,F,436,-2.4792416,-1.9707451,-0.7064441,-1.8243326,0.0172,FALSE,-1.1055048
T,G,436,-2.8925056,-1.7915154,-1.535497,-1.8243326,0.0172,FALSE,-0.8741448
T,H,436,-2.6228884,-2.0278168,0.0354764,-1.8243326,0.0172,FALSE,-1.185674
T,I,436,-2.6589875,-1.9121819,-0.4853633,-1.8243326,0.0230918,FALSE,-1.0264233
T,K,436,-2.8140748,-2.0430107,1.3251143,-1.8243326,0.0099714,FALSE,-1.2075168
T,L,436,-3.5882111,-1.9182434,-0.8538312,-1.8243326,0.0172,FALSE,-1.0344553
T,M,436,-2.5101835,-1.8389473,-1.351263,-1.8243326,0.0172,FALSE,-0.9322508
T,N,436,-2.983195,-1.7915154,-1.3144162,-1.8243326,0.0172,FALSE,-0.8741448
T,P,436,-3.6315799,-1.8697777,-1.9592351,-1.8243326,0.0172,FALSE,-0.9712443
T,Q,436,-1.8300774,-2.1750488,-1.2222992,-1.8243326,0.0147,FALSE,-1.4056933
T,R,436,-2.2152247,-1.9974747,2.6147522,-1.8243326,0.0172,FALSE,-1.1426786
T,S,436,-2.2386245,-1.7709961,-2.0145053,-1.8243326,0.0147,FALSE,-0.849725
T,V,436,-3.5850607,-2.0273933,-0.8354078,-1.8243326,0.0172,FALSE,-1.1850681
T,W,436,-2.4377386,-1.8206215,-1.1486056,-1.8243326,0.0172,FALSE,-0.9095283
T,Y,436,-2.4563136,-1.9740791,-1.7934246,-1.8243326,0.0172,FALSE,-1.1101051
Y,A,437,-1.9689686,-2.152916,-1.7381544,-1.9161451,0.0172,FALSE,-1.3714681
Y,C,437,-2.1765357,-2.0846252,-2.1250457,-1.9161451,0.017539,FALSE,-1.268386
Y,D,437,-2.6009818,-1.7742195,0.9934931,-1.9161451,0.0172,FALSE,-0.8535322
Y,E,437,-3.0016826,-1.9024544,0.8092591,-1.9161451,0.0172,FALSE,-1.0136086
Y,F,437,-2.4160413,-1.8922005,-1.074912,-1.9161451,0.0172,FALSE,-1.0002011
Y,G,437,-2.8443355,-1.8235168,-1.9039649,-1.9161451,0.0172,FALSE,-0.9130955
Y,H,437,-2.4386322,-1.9570007,0.4039443,-1.9161451,0.0203398,FALSE,-1.0866507
Y,I,437,-2.7814859,-1.9786224,-0.8538312,-1.9161451,0.0172,FALSE,-1.1163908
Y,K,437,-3.266971,-1.8689079,1.6935822,-1.9161451,0.0172,FALSE,-0.9701311
Y,L,437,-2.7577048,-2.0369492,-1.2222992,-1.9161451,0.020574,FALSE,-1.198778
Y,M,437,-2.4586902,-1.9420586,-1.719731,-1.9161451,0.0172,FALSE,-1.066357
Y,N,437,-2.1308112,-2.1792908,-0.9459482,-1.9161451,0.0154343,FALSE,-1.4122972
Y,P,437,-2.9238578,-1.8036232,-1.9960819,-1.9161451,0.0172,FALSE,-0.8887582
Y,Q,437,-3.0433401,-1.9433403,-0.8538312,-1.9161451,0.0172,FALSE,-1.0680894
Y,R,437,-3.4227829,-2.024559,2.9832201,-1.9161451,0.0172,FALSE,-1.1810175
Y,S,437,-1.9476702,-1.796917,-1.6460374,-1.9161451,0.0154343,FALSE,-0.8806456
Y,T,437,-3.1401322,-1.976448,-1.7934246,-1.9161451,0.0172,FALSE,-1.1133801
Y,V,437,-2.9277481,-1.882225,-1.2038758,-1.9161451,0.0172,FALSE,-0.9872571
Y,W,437,-1.8877156,-1.9311028,-1.5170736,-1.9161451,0.0172,FALSE,-1.0516131
N,A,438,-3.2158995,-2.058731,-0.5222101,-1.9591619,0.0172,FALSE,-1.2303326
N,C,438,-2.7034189,-1.9167938,-0.9091014,-1.9591619,0.0172,FALSE,-1.0325312
N,D,438,-1.669822,-1.8574524,-0.2224512,-1.9591619,0.0310803,FALSE,-0.9555409
N,E,438,-1.7201936,-2.136032,-0.3329916,-1.9591619,0.0147,FALSE,-1.3456236
N,F,438,-2.6569052,-2.024704,0.1410323,-1.9591619,0.0172,FALSE,-1.1812245
N,G,438,-3.4163361,-1.860527,-0.6880207,-1.9591619,0.0172,FALSE,-0.9594439
N,H,438,-1.5124956,-1.8433838,0.0723232,-1.9591619,0.0304946,FALSE,-0.9378029
N,I,438,-2.9934963,-1.8915558,0.362113,-1.9591619,0.0260756,FALSE,-0.9993615
N,K,438,-2.6706254,-1.8808784,0.4776379,-1.9591619,0.0147,FALSE,-0.9855173
N,L,438,-2.0290912,-1.803482,-0.0063549,-1.9591619,0.0159916,FALSE,-0.8885869
N,M,438,-2.6719228,-1.9736176,-0.5037867,-1.9591619,0.0172,FALSE,-1.1094677
N,P,438,-3.572331,-1.9534607,-1.1117588,-1.9591619,0.0172,FALSE,-1.0818236
N,Q,438,-0.5442742,-1.9842339,-2.0697755,-1.9591619,0.0242643,FALSE,-1.124181
N,R,438,-3.7755033,-1.8138924,1.7672758,-1.9591619,0.0172,FALSE,-0.9012707
N,S,438,-2.0529753,-2.1058235,-1.4618034,-1.9591619,0.0157606,FALSE,-1.2999673
N,T,438,-2.1456042,-1.8890343,-1.3144162,-1.9591619,0.0147,FALSE,-0.996082
N,V,438,-2.7068516,-1.8236237,0.0120685,-1.9591619,0.0197942,FALSE,-0.9132273
N,W,438,-1.850727,-1.8184853,-0.3011293,-1.9591619,0.0172,FALSE,-0.9069018
N,Y,438,-2.138269,-2.1643867,-0.9459482,-1.9591619,0.0172,FALSE,-1.3891573
A,C,439,-2.3657382,-2.0046883,-1.7750012,-1.9436929,0.0172,FALSE,-1.1528242
A,D,439,-2.6301352,-1.9099083,1.4172313,-1.9436929,0.0172,FALSE,-1.0234199
A,E,439,-1.3540174,-1.9590874,1.2329973,-1.9436929,0.0136249,FALSE,-1.0895016
A,F,439,-3.090438,-1.7949066,-1.4986502,-1.9436929,0.0172,FALSE,-0.8782225
A,G,439,-2.9503998,-1.9883881,-1.9960819,-1.9436929,0.0172,FALSE,-1.129967
A,H,439,-2.4700337,-1.9827538,0.8276825,-1.9436929,0.0172,FALSE,-1.1221234
A,I,439,-0.3027947,-2.0760994,-1.2775694,-1.9436929,0.02075,FALSE,-1.2557925
A,K,439,-2.8142734,-2.0176392,2.1173204,-1.9436929,0.0172,FALSE,-1.1711587
A,L,439,-1.6430079,-2.1759567,-1.6460374,-1.9436929,0.0164716,FALSE,-1.4071055
A,M,439,-2.3822396,-1.972435,-2.1434691,-1.9436929,0.0172,FALSE,-1.1078353
A,N,439,-0.6549597,-1.9394493,-0.5222101,-1.9436929,0.0172,FALSE,-1.062835
A,P,439,-2.81575,-2.1068802,-1.5723438,-1.9436929,0.0172,FALSE,-1.3015515
A,Q,439,-2.9372478,-1.8281822,-0.4300931,-1.9436929,0.0172,FALSE,-0.9188615
A,R,439,-3.6325499,-2.0453415,3.4069583,-1.9436929,0.0172,FALSE,-1.2108859
A,S,439,-1.3141978,-2.1208725,-1.2222992,-1.9436929,0.0186891,FALSE,-1.3226173
A,T,439,-1.6979862,-1.9363937,-1.3696864,-1.9436929,0.0163498,FALSE,-1.058719
A,V,439,-1.5814566,-1.9471207,-1.627614,-1.9436929,0.0253397,FALSE,-1.0732082
A,W,439,-2.4334056,-1.9987373,-1.9408117,-1.9436929,0.0172,FALSE,-1.1444509
A,Y,439,-2.8535338,-2.0319748,-1.7381544,-1.9436929,0.0172,FALSE,-1.191631
E,A,440,-2.8113357,-2.0526733,1.2329973,-1.7803228,0.0172,FALSE,-1.2215149
E,C,440,-3.2724472,-2.0187874,0.8461059,-1.7803228,0.0172,FALSE,-1.1727915
E,D,440,-2.644684,-2.0175438,-1.9776585,-1.7803228,0.0186496,FALSE,-1.1710231
E,F,440,-3.3508993,-1.9210854,1.8962396,-1.7803228,0.0172,FALSE,-1.0382335
E,G,440,-3.371016,-1.9458237,1.0671867,-1.7803228,0.0208078,FALSE,-1.0714505
E,H,440,-2.7244759,-1.9345741,1.8275305,-1.7803228,0.0172,FALSE,-1.0562721
E,I,440,-2.9875716,-1.7656059,2.1173204,-1.7803228,0.0172,FALSE,-0.8433826
E,K,440,-2.9053361,-1.8249741,2.3065389,-1.7803228,0.0152884,FALSE,-0.9148942
E,L,440,-4.0874145,-1.9859047,1.7488524,-1.7803228,0.0172,FALSE,-1.1265062
E,M,440,-2.9091502,-1.7473526,1.2514207,-1.7803228,0.0172,FALSE,-0.8221296
E,N,440,-2.8494769,-1.8565712,-0.3329916,-1.7803228,0.0172,FALSE,-0.954424
E,P,440,-3.6504002,-2.0615082,0.6434485,-1.7803228,0.0172,FALSE,-1.234386
E,Q,440,-2.5497215,-1.9172363,-0.2408746,-1.7803228,0.0172,FALSE,-1.0331183
E,R,440,-3.5873633,-1.9243164,3.5961768,-1.7803228,0.0172,FALSE,-1.0425383
E,S,440,-2.4185477,-1.9948654,0.293404,-1.7803228,0.0172,FALSE,-1.1390205
E,T,440,-3.4467549,-2.2271042,0.4407911,-1.7803228,0.0172,FALSE,-1.4876906
E,V,440,-3.7694907,-1.9261017,1.7672758,-1.7803228,0.0147,FALSE,-1.0449213
E,W,440,-2.9959518,-1.9917793,1.4540781,-1.7803228,0.0172,FALSE,-1.1347021
E,Y,440,-3.5648054,-1.8584709,0.8092591,-1.7803228,0.0172,FALSE,-0.9568327
L,A,441,-3.4641212,-1.794342,-1.6460374,-1.9103392,0.0172,FALSE,-0.8775428
L,C,441,-2.4980212,-1.9920425,-1.259146,-1.9103392,0.0172,FALSE,-1.1350701
L,D,441,-2.849317,-1.8727036,1.9330864,-1.9103392,0.0172,FALSE,-0.9749944
L,E,441,-2.6558494,-2.3338318,1.7488524,-1.9103392,0.0172,FALSE,-1.6619667
L,F,441,-1.3105199,-1.9151497,-2.0145053,-1.9103392,0.0141078,FALSE,-1.0303514
L,G,441,-3.6711275,-1.8513298,-1.4802268,-1.9103392,0.0172,FALSE,-0.9477969
L,H,441,-2.3877826,-1.8168564,1.3435377,-1.9103392,0.0172,FALSE,-0.9049022
L,I,441,-1.2612208,-2.0333328,-1.7934246,-1.9103392,0.0147,FALSE,-1.1935799
L,K,441,-3.0422643,-2.0568275,2.6331756,-1.9103392,0.0172,FALSE,-1.2275584
L,M,441,-1.1617431,-2.012535,-1.6644608,-1.9103392,0.0147,FALSE,-1.1639144
L,N,441,-2.7528228,-1.8243828,-0.0063549,-1.9103392,0.0172,FALSE,-0.9141641
L,P,441,-2.900133,-1.7438583,-1.0564886,-1.9103392,0.0172,FALSE,-0.8181007
L,Q,441,-1.9294193,-2.1672974,0.0857621,-1.9103392,0.0172,FALSE,-1.3936626
L,R,441,-2.2681102,-1.8777504,3.9228134,-1.9103392,0.0172,FALSE,-0.981483
L,S,441,-2.7431052,-1.9154892,-0.7064441,-1.9103392,0.0313395,FALSE,-1.0308013
L,T,441,-2.1283515,-1.8603821,-0.8538312,-1.9103392,0.0172,FALSE,-0.9592597
L,V,441,-1.9718252,-1.7980957,-2.1434691,-1.9103392,0.0147,FALSE,-0.8820681
L,W,441,-1.8315371,-2.027855,-1.8671182,-1.9103392,0.0172,FALSE,-1.1857286
L,Y,441,-2.1550569,-1.6656456,-1.2222992,-1.9103392,0.0172,FALSE,-0.7312838
L,A,442,-1.281571,-2.0132065,-1.6460374,-1.9239396,0.0172,FALSE,-1.1648661
L,C,442,-2.9715663,-2.1243744,-1.259146,-1.9239396,0.0172,FALSE,-1.327915
L,D,442,-2.9527119,-2.0493927,1.9330864,-1.9239396,0.0172,FALSE,-1.2167531
L,E,442,-0.8541002,-2.0878677,1.7488524,-1.9239396,0.0172,FALSE,-1.2731919
L,F,442,-0.7867298,-1.9319267,-2.0145053,-1.9239396,0.0204591,FALSE,-1.0527179
L,G,442,-2.7985677,-2.1984367,-1.4802268,-1.9239396,0.0172,FALSE,-1.4422774
L,H,442,-1.0246254,-2.0788002,1.3435377,-1.9239396,0.0172,FALSE,-1.2597751
L,I,442,-0.4943251,-1.7115974,-1.7934246,-1.9239396,0.0308937,FALSE,-0.7815094
L,K,442,-2.8113408,-1.9051323,2.6331756,-1.9239396,0.0172,FALSE,-1.0171272
L,M,442,-1.2081742,-1.9486809,-1.6644608,-1.9239396,0.0172,FALSE,-1.0753248
L,N,442,-2.8442364,-2.0218735,-0.0063549,-1.9239396,0.0172,FALSE,-1.1771862
L,P,442,-2.6231754,-1.975975,-1.0564886,-1.9239396,0.0172,FALSE,-1.1127258
L,Q,442,-2.577293,-1.7224998,0.0857621,-1.9239396,0.0172,FALSE,-0.7937529
L,R,442,-2.7444095,-2.0107002,3.9228134,-1.9239396,0.0172,FALSE,-1.1613162
L,S,442,-2.3512522,-1.7403984,-0.7064441,-1.9239396,0.0312554,FALSE,-0.8141241
L,T,442,-1.7760246,-1.8339615,-0.8538312,-1.9239396,0.0222766,FALSE,-0.926035
L,V,442,-0.9580646,-1.719307,-2.1434691,-1.9239396,0.0182422,FALSE,-0.7901544
L,W,442,-2.8277844,-1.9840393,-1.8671182,-1.9239396,0.0172,FALSE,-1.1239103
L,Y,442,-2.6672376,-2.0491333,-1.2222992,-1.9239396,0.0147,FALSE,-1.2163769
V,A,443,-2.8586551,-1.8223991,-1.627614,-1.8625408,0.0143333,FALSE,-0.9117174
V,C,443,-2.2528628,-1.9984169,-1.2407226,-1.8625408,0.0172,FALSE,-1.144001
V,D,443,-2.4078778,-1.6501579,1.9515098,-1.8625408,0.0197706,FALSE,-0.7148593
V,E,443,-2.6679395,-1.8822708,1.7672758,-1.8625408,0.0172,FALSE,-0.9873163
V,F,443,-2.1003219,-1.9863319,-2.0329287,-1.8625408,0.0224474,FALSE,-1.1271011
V,G,443,-1.9150912,-1.8860779,-1.4618034,-1.8625408,0.0172,FALSE,-0.9922448
V,H,443,-2.7246227,-1.660923,1.3619611,-1.8625408,0.0172,FALSE,-0.7262486
V,I,443,-0.5879648,-0.7333756,-1.811848,-1.8625408,0.0122088,FALSE,-0.1465959
V,K,443,-1.7356147,-1.7839355,2.6515989,-1.8625408,0.0172,FALSE,-0.8650732
V,L,443,-2.0894354,-1.8791351,-2.1434691,-1.8625408,0.0172,FALSE,-0.9832677
V,M,443,-1.6564709,-1.7460442,-1.6460374,-1.8625408,0.0172,FALSE,-0.8206195
V,N,443,-2.4464254,-1.6949425,0.0120685,-1.8625408,0.0172,FALSE,-0.7630477
V,P,443,-3.2431464,-1.5418549,-1.0380652,-1.8625408,0.0172,FALSE,-0.6071127
V,Q,443,-2.1368308,-1.9684753,0.1041855,-1.8625408,0.0172,FALSE,-1.1023789
V,R,443,-3.5215396,-1.682251,3.9412368,-1.8625408,0.0172,FALSE,-0.749176
V,S,443,-2.9029463,-1.5357208,-0.6880207,-1.8625408,0.0172,FALSE,-0.6013812
V,T,443,-1.3429758,-1.6936569,-0.8354078,-1.8625408,0.0172,FALSE,-0.7616348
V,W,443,-2.8307731,-1.7017746,-1.8486948,-1.8625408,0.0172,FALSE,-0.7705856
V,Y,443,-2.8175436,-1.5784035,-1.2038758,-1.8625408,0.0172,FALSE,-0.642085
L,A,444,-2.8320135,-2.0977669,-1.6460374,-1.8117127,0.0147,FALSE,-1.2879196
L,C,444,-3.4568749,-1.9996567,-1.259146,-1.8117127,0.0172,FALSE,-1.1457424
L,D,444,-3.3445789,-2.1897697,1.9330864,-1.8117127,0.0172,FALSE,-1.4286708
L,E,444,-3.0112853,-1.7719574,1.7488524,-1.8117127,0.0172,FALSE,-0.8508593
L,F,444,-3.4347721,-1.9075699,-2.0145053,-1.8117127,0.0172,FALSE,-1.0203361
L,G,444,-3.3244962,-1.8789062,-1.4802268,-1.8117127,0.0172,FALSE,-0.9829725
L,H,444,-3.2543865,-1.9257278,1.3435377,-1.8117127,0.0172,FALSE,-1.044422
L,I,444,-2.7139319,-1.5733871,-1.7934246,-1.8117127,0.0070905,FALSE,-0.6372014
L,K,444,-3.7506547,-1.9848404,2.6331756,-1.8117127,0.0172,FALSE,-1.1250247
L,M,444,-2.858081,-1.9454727,-1.6644608,-1.8117127,0.0172,FALSE,-1.0709751
L,N,444,-2.6860873,-1.6529961,-0.0063549,-1.8117127,0.0172,FALSE,-0.7178502
L,P,444,-2.3024178,-2.0642853,-1.0564886,-1.8117127,0.0220322,FALSE,-1.2384459
L,Q,444,-2.8619562,-2.016571,0.0857621,-1.8117127,0.0147,FALSE,-1.1696406
L,R,444,-3.9255156,-1.9590416,3.9228134,-1.8117127,0.0172,FALSE,-1.089439
L,S,444,-4.1290332,-2.006466,-0.7064441,-1.8117127,0.0172,FALSE,-1.1553318
L,T,444,-2.7843854,-1.9595108,-0.8538312,-1.8117127,0.0147,FALSE,-1.0900806
L,V,444,-2.3776487,-1.6434364,-2.1434691,-1.8117127,0.0172,FALSE,-0.7078104
L,W,444,-2.84805,-1.8773918,-1.8671182,-1.8117127,0.0172,FALSE,-0.9810211
L,Y,444,-3.8860722,-1.8730698,-1.2222992,-1.8117127,0.0172,FALSE,-0.9754644
L,A,445,-2.1690548,-2.0839653,-1.6460374,-1.9251003,0.0172,FALSE,-1.267409
L,C,445,-2.637952,-2.0040932,-1.259146,-1.9251003,0.0172,FALSE,-1.1519854
L,D,445,-2.6912204,-1.906784,1.9330864,-1.9251003,0.0172,FALSE,-1.0193009
L,E,445,-2.1435301,-1.9851646,1.7488524,-1.9251003,0.0172,FALSE,-1.1254759
L,F,445,-0.7351327,-1.9234123,-2.0145053,-1.9251003,0.0147,FALSE,-1.0413327
L,G,445,-2.8545816,-1.7841034,-1.4802268,-1.9251003,0.0172,FALSE,-0.8652735
L,H,445,-2.6269075,-1.9522362,1.3435377,-1.9251003,0.0172,FALSE,-1.0801566
L,I,445,-1.1924694,-1.8374901,-1.7934246,-1.9251003,0.0219,FALSE,-0.9304315
L,K,445,-1.7826552,-1.866909,2.6331756,-1.9251003,0.0172,FALSE,-0.9675757
L,M,445,-0.878998,-1.9413033,-1.6644608,-1.9251003,0.0083403,FALSE,-1.0653368
L,N,445,-2.1528235,-1.9127007,-0.0063549,-1.9251003,0.0172,FALSE,-1.0271094
L,P,445,-2.1850168,-1.770504,-1.0564886,-1.9251003,0.0258806,FALSE,-0.8491447
L,Q,445,-1.8799038,-1.8681526,0.0857621,-1.9251003,0.0197921,FALSE,-0.9691651
L,R,445,-2.6718885,-1.9296494,3.9228134,-1.9251003,0.0197921,FALSE,-1.0496659
L,S,445,-2.6331894,-1.8769455,-0.7064441,-1.9251003,0.0172,FALSE,-0.9804464
L,T,445,-1.2130861,-1.9194107,-0.8538312,-1.9251003,0.0172,FALSE,-1.0360061
L,V,445,-2.6170921,-1.9321747,-2.1434691,-1.9251003,0.0210794,FALSE,-1.0530505
L,W,445,-0.9796297,-1.7885246,-1.8671182,-1.9251003,0.0172,FALSE,-0.8705583
L,Y,445,-1.0815568,-2.0179176,-1.2222992,-1.9251003,0.0172,FALSE,-1.1715545
E,A,446,-3.2728882,-1.9729843,1.2329973,-1.9451872,0.0172,FALSE,-1.1085933
E,C,446,-3.4439434,-1.8484573,0.8461059,-1.9451872,0.0172,FALSE,-0.9441767
E,D,446,-1.8512431,-1.8778267,-1.9776585,-1.9451872,0.0172,FALSE,-0.9815813
E,F,446,-3.2741838,-1.8208237,1.8962396,-1.9451872,0.0172,FALSE,-0.9097771
E,G,446,-2.8182013,-1.9699364,1.0671867,-1.9451872,0.0173678,FALSE,-1.1043905
E,H,446,-2.7447088,-1.8617401,1.8275305,-1.9451872,0.0172,FALSE,-0.9609865
E,I,446,-3.3520856,-2.0216446,2.1173204,-1.9451872,0.0172,FALSE,-1.17686
E,K,446,-2.4608019,-1.8304176,2.3065389,-1.9451872,0.015424,FALSE,-0.9216321
E,L,446,-3.7951619,-1.7459259,1.7488524,-1.9451872,0.0172,FALSE,-0.8204831
E,M,446,-2.7324077,-2.11932,1.2514207,-1.9451872,0.0172,FALSE,-1.3202719
E,N,446,-1.8819969,-1.8095894,-0.3329916,-1.9451872,0.0172,FALSE,-0.8960145
E,P,446,-2.8653152,-1.8275757,0.6434485,-1.9451872,0.0172,FALSE,-0.9181107
E,Q,446,-1.9479812,-1.8704796,-0.2408746,-1.9451872,0.019727,FALSE,-0.9721431
E,R,446,-3.1900421,-1.757698,3.5961768,-1.9451872,0.0172,FALSE,-0.8341324
E,S,446,-3.2483422,-1.8506546,0.293404,-1.9451872,0.0172,FALSE,-0.9469452
E,T,446,-2.8418026,-1.8754654,0.4407911,-1.9451872,0.0172,FALSE,-0.9785421
E,V,446,-3.0273853,-2.1259499,1.7672758,-1.9451872,0.0147,FALSE,-1.3303018
E,W,446,-2.712762,-1.9947815,1.4540781,-1.9451872,0.0172,FALSE,-1.138903
E,Y,446,-2.8219722,-1.8397751,0.8092591,-1.9451872,0.0172,FALSE,-0.9332852
N,A,447,-3.4066876,-2.0300827,-0.5222101,-1.8766623,0.0172,FALSE,-1.1889183
N,C,447,-3.3204032,-2.042038,-0.9091014,-1.8766623,0.0172,FALSE,-1.2061123
N,D,447,-2.7410263,-1.916523,-0.2224512,-1.8766623,0.0168753,FALSE,-1.032172
N,E,447,-2.974221,-2.155365,-0.3329916,-1.8766623,0.0172,FALSE,-1.3752359
N,F,447,-3.5494095,-2.176731,0.1410323,-1.8766623,0.022741,FALSE,-1.4083105
N,G,447,-2.7595737,-2.1473618,-0.6880207,-1.8766623,0.0172,FALSE,-1.3629408
N,H,447,-2.3331276,-1.9040031,0.0723232,-1.8766623,0.0261116,FALSE,-1.0156426
N,I,447,-2.230352,-1.9543724,0.362113,-1.8766623,0.0172,FALSE,-1.0830656
N,K,447,-1.9887733,-1.8281937,0.4776379,-1.8766623,0.0161502,FALSE,-0.9188758
N,L,447,-4.0562693,-1.8044701,-0.0063549,-1.8766623,0.0172,FALSE,-0.889786
N,M,447,-1.3232415,-2.0715256,-0.5037867,-1.8766623,0.0172,FALSE,-1.2490624
N,P,447,-3.6247619,-2.0808716,-1.1117588,-1.8766623,0.0172,FALSE,-1.2628338
N,Q,447,-2.5641916,-1.8548088,-2.0697755,-1.8766623,0.0172,FALSE,-0.9521926
N,R,447,-3.9877218,-2.081108,1.7672758,-1.8766623,0.0249,FALSE,-1.2631831
N,S,447,-2.9428073,-2.1558914,-1.4618034,-1.8766623,0.0273233,FALSE,-1.3760464
N,T,447,-2.8760916,-2.0194168,-1.3144162,-1.8766623,0.0140874,FALSE,-1.1736871
N,V,447,-3.4026779,-1.9388084,0.0120685,-1.8766623,0.0172,FALSE,-1.061971
N,W,447,-2.9530779,-2.1707993,-0.3011293,-1.8766623,0.0172,FALSE,-1.3990919
N,Y,447,-2.9864385,-2.0049744,-0.9459482,-1.8766623,0.0172,FALSE,-1.1532276
E,A,448,-2.4434009,-1.8797874,1.2329973,-1.919721,0.0143333,FALSE,-0.9841091
E,C,448,-2.9179568,-1.9707909,0.8461059,-1.919721,0.0172,FALSE,-1.1055679
E,D,448,-1.761973,-1.9525414,-1.9776585,-1.919721,0.019721,FALSE,-1.080572
E,F,448,-2.9522019,-1.7349243,1.8962396,-1.919721,0.0172,FALSE,-0.8078581
E,G,448,-1.9299035,-1.7861481,1.0671867,-1.919721,0.0162626,FALSE,-0.8677151
E,H,448,-2.0262353,-1.9333115,1.8275305,-1.919721,0.0172,FALSE,-1.0545762
E,I,448,-3.2358354,-1.9207878,2.1173204,-1.919721,0.0172,FALSE,-1.0378375
E,K,448,-2.0977401,-1.9275742,2.3065389,-1.919721,0.0190475,FALSE,-1.0468891
E,L,448,-2.4231607,-1.7852669,1.7488524,-1.919721,0.0172,FALSE,-0.8666624
E,M,448,-2.509441,-1.9125404,1.2514207,-1.919721,0.0172,FALSE,-1.0268974
E,N,448,-2.9922152,-1.8004608,-0.3329916,-1.919721,0.0172,FALSE,-0.8849268
E,P,448,-2.5303654,-1.9259338,0.6434485,-1.919721,0.0172,FALSE,-1.0446971
E,Q,448,-1.9455466,-1.8345642,-0.2408746,-1.919721,0.0172,FALSE,-0.926785
E,R,448,-2.0383996,-1.8710785,3.5961768,-1.919721,0.0172,FALSE,-0.9729105
E,S,448,-1.5550544,-1.9048157,0.293404,-1.919721,0.0176878,FALSE,-1.0167108
E,T,448,-1.2225833,-1.831459,0.4407911,-1.919721,0.0172,FALSE,-0.9229246
E,V,448,-2.4396076,-1.9483719,1.7672758,-1.919721,0.0247629,FALSE,-1.0749054
E,W,448,-2.3053441,-1.7887268,1.4540781,-1.919721,0.0172,FALSE,-0.8708005
E,Y,448,-0.7898825,-1.9070549,0.8092591,-1.919721,0.0172,FALSE,-1.0196576
R,A,449,-3.0486405,-2.1685982,3.4069583,-1.9319309,0.0172,FALSE,-1.3956783
R,C,449,-2.7887992,-2.0676308,3.0200669,-1.9319309,0.0172,FALSE,-1.2433458
R,D,449,-2.1476656,-1.9846916,3.4119428,-1.9319309,0.0172,FALSE,-1.1248177
R,E,449,-2.5638525,-2.0805664,3.5961768,-1.9319309,0.0172,FALSE,-1.2623829
R,F,449,-3.0986977,-2.023777,4.0702006,-1.9319309,0.0172,FALSE,-1.1799012
R,G,449,-2.6274372,-1.8923836,3.2411477,-1.9319309,0.0178312,FALSE,-1.0004396
R,H,449,-1.677639,-2.108574,0.4173832,-1.9319309,0.020765,FALSE,-1.3040929
R,I,449,-1.8783696,-2.132206,4.2912814,-1.9319309,0.0172,FALSE,-1.3397994
R,K,449,-2.1491904,-1.7054176,-0.8722546,-1.9319309,0.0212309,FALSE,-0.7746251
R,L,449,-3.7997626,-1.9575768,3.9228134,-1.9319309,0.0172,FALSE,-1.0874374
R,M,449,-2.4501829,-1.9966393,3.4253817,-1.9319309,0.0172,FALSE,-1.1415067
R,N,449,-2.7282865,-2.0484123,1.7672758,-1.9319309,0.0172,FALSE,-1.2153318
R,P,449,-3.0532269,-2.1062088,2.8174095,-1.9319309,0.0147,FALSE,-1.3005448
R,Q,449,-2.4870597,-1.9373474,1.6751588,-1.9319309,0.0172,FALSE,-1.0600027
R,S,449,-2.5734394,-1.8513489,2.467365,-1.9319309,0.0172,FALSE,-0.947821
R,T,449,-2.1454509,-1.6713715,2.6147522,-1.9319309,0.0172,FALSE,-0.7374204
R,V,449,-3.690302,-1.9668922,3.9412368,-1.9319309,0.0172,FALSE,-1.1002015
R,W,449,-1.1864935,-1.6934624,3.6280391,-1.9319309,0.0184951,FALSE,-0.7614212
R,Y,449,-3.0020447,-2.0868683,2.9832201,-1.9319309,0.0172,FALSE,-1.2717096
T,A,450,-2.7401611,-2.0098877,-1.3696864,-1.9016455,0.0277912,FALSE,-1.1601665
T,C,450,-3.2005621,-1.7515335,-1.7565778,-1.9016455,0.0172,FALSE,-0.8269669
T,D,450,-2.0714102,-1.8700905,0.6250251,-1.9016455,0.0172,FALSE,-0.9716448
T,E,450,-3.0621131,-1.8798027,0.4407911,-1.9016455,0.0172,FALSE,-0.9841288
T,F,450,-3.3917552,-1.8001328,-0.7064441,-1.9016455,0.0172,FALSE,-0.88453
T,G,450,-3.8427293,-1.8217163,-1.535497,-1.9016455,0.0172,FALSE,-0.9108761
T,H,450,-2.9552124,-1.9517593,0.0354764,-1.9016455,0.0172,FALSE,-1.0795078
T,I,450,-2.7269669,-1.667202,-0.4853633,-1.9016455,0.0159467,FALSE,-0.7329484
T,K,450,-3.5206257,-1.6967278,1.3251143,-1.9016455,0.0172,FALSE,-0.7650127
T,L,450,-3.6438878,-1.4500237,-0.8538312,-1.9016455,0.0172,FALSE,-0.525419
T,M,450,-2.8188561,-1.8499184,-1.351263,-1.9016455,0.0172,FALSE,-0.9460171
T,N,450,-3.2869359,-1.922802,-1.3144162,-1.9016455,0.0091875,FALSE,-1.0405193
T,P,450,-3.1888719,-1.8911667,-1.9592351,-1.9016455,0.0172,FALSE,-0.998855
T,Q,450,-3.5447798,-2.0378647,-1.2222992,-1.9016455,0.0172,FALSE,-1.2000958
T,R,450,-2.0693507,-1.7059364,2.6147522,-1.9016455,0.0147,FALSE,-0.7752015
T,S,450,-3.2259662,-1.9569359,-2.0145053,-1.9016455,0.0197249,FALSE,-1.0865622
T,V,450,-3.2482604,-1.807663,-0.8354078,-1.9016455,0.0172,FALSE,-0.8936676
T,W,450,-3.594805,-2.023716,-1.1486056,-1.9016455,0.0172,FALSE,-1.1798141
T,Y,450,-2.9593492,-1.8886871,-1.7934246,-1.9016455,0.0172,FALSE,-0.9956309
L,A,451,-4.0472285,-1.9220123,-1.6460374,-1.8451508,0.0172,FALSE,-1.0394674
L,C,451,-3.4041143,-1.8120766,-1.259146,-1.8451508,0.0172,FALSE,-0.8990503
L,D,451,-3.4391775,-1.9645653,1.9330864,-1.8451508,0.0172,FALSE,-1.0970055
L,E,451,-2.8788121,-1.8955002,1.7488524,-1.8451508,0.0172,FALSE,-1.0045043
L,F,451,-2.7423425,-1.9352074,-2.0145053,-1.8451508,0.0172,FALSE,-1.0571234
L,G,451,-3.2787259,-1.7962189,-1.4802268,-1.8451508,0.0172,FALSE,-0.8798037
L,H,451,-3.103022,-2.0096092,1.3435377,-1.8451508,0.0172,FALSE,-1.1597726
L,I,451,-3.083299,-1.6414185,-1.7934246,-1.8451508,0.0172,FALSE,-0.7057036
L,K,451,-3.3350524,-2.0044403,2.6331756,-1.8451508,0.0172,FALSE,-1.1524746
L,M,451,-2.4464121,-1.6228981,-1.6644608,-1.8451508,0.0172,FALSE,-0.6865687
L,N,451,-1.8120427,-1.9216156,-0.0063549,-1.8451508,0.0172,FALSE,-1.0389392
L,P,451,-3.5996699,-1.8737869,-1.0564886,-1.8451508,0.0172,FALSE,-0.976385
L,Q,451,-3.2177322,-1.9863739,0.0857621,-1.8451508,0.0172,FALSE,-1.1271596
L,R,451,-1.6213643,-1.6928177,3.9228134,-1.8451508,0.0172,FALSE,-0.7607134
L,S,451,-2.5241159,-1.8482666,-0.7064441,-1.8451508,0.0162041,FALSE,-0.9439366
L,T,451,-3.4506196,-1.8497696,-0.8538312,-1.8451508,0.0172,FALSE,-0.9458295
L,V,451,-2.8669531,-1.877449,-2.1434691,-1.8451508,0.0172,FALSE,-0.9810948
L,W,451,-2.3108292,-1.9616127,-1.8671182,-1.8451508,0.0248005,FALSE,-1.0929574
L,Y,451,-2.4437034,-2.0560646,-1.2222992,-1.8451508,0.0172,FALSE,-1.2264474
D,A,452,-1.6173117,-1.9324493,1.4172313,-1.9368469,0.0164393,FALSE,-1.053419
D,C,452,-3.0888453,-1.8762703,1.0303399,-1.9368469,0.0172,FALSE,-0.9795774
D,E,452,-2.2800697,-1.8337631,-1.9776585,-1.9368469,0.0147,FALSE,-0.9257882
D,F,452,-2.2890052,-2.1404457,2.0804736,-1.9368469,0.0172,FALSE,-1.3523574
D,G,452,-2.458663,-1.7238274,1.2514207,-1.9368469,0.0169948,FALSE,-0.7952524
D,H,452,-2.3866072,-1.97052,2.0117645,-1.9368469,0.0172,FALSE,-1.1051946
D,I,452,-1.7160877,-2.0855598,2.3015544,-1.9368469,0.0172,FALSE,-1.2697703
D,K,452,-2.4245554,-1.7200584,2.1223049,-1.9368469,0.0172,FALSE,-0.7910004
D,L,452,-3.5188949,-2.033512,1.9330864,-1.9368469,0.0172,FALSE,-1.1938372
D,M,452,-2.3053334,-1.8917313,1.4356547,-1.9368469,0.0249,FALSE,-0.99959
D,N,452,-1.7601502,-1.6684418,-0.2224512,-1.9368469,0.0216759,FALSE,-0.7342763
D,P,452,-2.8882992,-2.0699272,0.8276825,-1.9368469,0.0172,FALSE,-1.2467148
D,Q,452,-2.4280581,-1.8264465,-0.3145682,-1.9368469,0.0147,FALSE,-0.9167137
D,R,452,-2.9442694,-1.6169548,3.4119428,-1.9368469,0.0147,FALSE,-0.6805054
D,S,452,-0.6906096,-1.8863068,0.4776379,-1.9368469,0.0172,FALSE,-0.9925416
D,T,452,-2.0511653,-2.0257607,0.6250251,-1.9368469,0.0172,FALSE,-1.182734
D,V,452,-2.1388357,-1.7650871,1.9515098,-1.9368469,0.0172,FALSE,-0.8427737
D,W,452,-2.4516819,-1.9026337,1.638312,-1.9368469,0.0172,FALSE,-1.013844
D,Y,452,-2.1739818,-1.893177,0.9934931,-1.9368469,0.0227524,FALSE,-1.0014734
F,A,453,-3.6465755,-1.8381958,-1.4986502,-1.8699075,0.0172,FALSE,-0.9313123
F,C,453,-2.5408602,-1.9109001,-1.1117588,-1.8699075,0.0147,FALSE,-1.0247294
F,D,453,-2.7935082,-1.850132,2.0804736,-1.8699075,0.0147,FALSE,-0.9462863
F,E,453,-2.6430923,-1.7675819,1.8962396,-1.8699075,0.0172,FALSE,-0.8457041
F,G,453,-1.9714766,-1.71521,-1.3328396,-1.8699075,0.0172,FALSE,-0.7855526
F,H,453,-2.8788023,-1.8877144,1.4909249,-1.8699075,0.0172,FALSE,-0.9943678
F,I,453,-2.1949685,-1.8863106,-1.9408117,-1.8699075,0.0172,FALSE,-0.9925465
F,K,453,-3.1359706,-1.7088318,2.7805627,-1.8699075,0.0172,FALSE,-0.7784235
F,L,453,-1.4964231,-1.4252892,-2.0145053,-1.8699075,0.0167692,FALSE,-0.5049047
F,M,453,-1.971737,-1.6594124,-1.5170736,-1.8699075,0.0172,FALSE,-0.724643
F,N,453,-3.0692088,-1.8544312,0.1410323,-1.8699075,0.0172,FALSE,-0.9517149
F,P,453,-2.6243658,-1.9553757,-0.9091014,-1.8699075,0.0172,FALSE,-1.0844334
F,Q,453,-2.5041951,-2.1011124,0.2331493,-1.8699075,0.0172,FALSE,-1.2929157
F,R,453,-3.5663808,-1.921627,4.0702006,-1.8699075,0.0172,FALSE,-1.0389544
F,S,453,-2.3426348,-1.9483337,-0.5590569,-1.8699075,0.0134353,FALSE,-1.0748536
F,T,453,-2.8692749,-1.7760086,-0.7064441,-1.8699075,0.0172,FALSE,-0.85565
F,V,453,-2.9314515,-1.7816658,-2.0329287,-1.8699075,0.0122857,FALSE,-0.8623685
F,W,453,-1.3861588,-1.8632965,-1.719731,-1.8699075,0.0147,FALSE,-0.9629677
F,Y,453,-2.0261891,-1.6401939,-1.074912,-1.8699075,0.0172,FALSE,-0.7044271
H,A,454,-3.392439,-2.1782608,0.8276825,-1.865424,0.0172,FALSE,-1.4106924
H,C,454,-3.1409691,-1.9179573,0.4407911,-1.865424,0.0172,FALSE,-1.0340754
H,D,454,-2.8418986,-1.7677536,2.0117645,-1.865424,0.0172,FALSE,-0.845906
H,E,454,-2.779328,-1.9174881,1.8275305,-1.865424,0.0172,FALSE,-1.0334525
H,F,454,-2.6725148,-1.9392357,1.4909249,-1.865424,0.0172,FALSE,-1.062547
H,G,454,-3.0772206,-2.1428986,0.6618719,-1.865424,0.0172,FALSE,-1.3561065
H,I,454,-2.777191,-2.2310524,1.7120056,-1.865424,0.0172,FALSE,-1.4939933
H,K,454,-2.5719631,-2.0675926,-0.8722546,-1.865424,0.0172,FALSE,-1.2432898
H,L,454,-2.970885,-2.0587463,1.3435377,-1.865424,0.0172,FALSE,-1.2303549
H,M,454,-2.4435656,-2.2401733,0.8461059,-1.865424,0.0172,FALSE,-1.5085975
H,N,454,-3.0165821,-2.048256,0.0723232,-1.865424,0.0172,FALSE,-1.2151054
H,P,454,-3.3297148,-2.0867233,0.2381338,-1.865424,0.0147,FALSE,-1.2714947
H,Q,454,-2.5524237,-1.9495201,0.1644402,-1.865424,0.0154226,FALSE,-1.0764642
H,R,454,-3.1281938,-2.1035614,0.4173832,-1.865424,0.0293044,FALSE,-1.296579
H,S,454,-3.1772127,-1.9701538,-0.1119108,-1.865424,0.0172,FALSE,-1.10469
H,T,454,-0.895942,-1.8923912,0.0354764,-1.865424,0.0172,FALSE,-1.0004495
H,V,454,-3.3169582,-1.8346062,1.3619611,-1.865424,0.0172,FALSE,-0.9268373
H,W,454,-2.9609318,-1.9809227,1.0487633,-1.865424,0.0172,FALSE,-1.1195807
H,Y,454,-2.6884772,-1.8266449,0.4039443,-1.865424,0.0120483,FALSE,-0.9169591
D,A,455,-1.5741412,-1.8358116,1.4172313,-1.912743,0.0172,FALSE,-0.9283386
D,C,455,-3.1205306,-1.9260406,1.0303399,-1.912743,0.0172,FALSE,-1.0448397
D,E,455,-0.2773243,-1.7978821,-1.9776585,-1.912743,0.0083988,FALSE,-0.8818102
D,F,455,-2.7088772,-1.8422775,2.0804736,-1.912743,0.0172,FALSE,-0.9364166
D,G,455,-2.2333321,-1.6521645,1.2514207,-1.912743,0.0158495,FALSE,-0.716973
D,H,455,-1.9207586,-1.92173,2.0117645,-1.912743,0.0161398,FALSE,-1.0390915
D,I,455,-2.4117014,-1.8140755,2.3015544,-1.912743,0.0172,FALSE,-0.9014947
D,K,455,-2.3044776,-1.9665565,2.1223049,-1.912743,0.0172,FALSE,-1.0997401
D,L,455,-1.3356215,-2.0051575,1.9330864,-1.912743,0.0172,FALSE,-1.1534858
D,M,455,-1.5422997,-2.0955544,1.4356547,-1.912743,0.0172,FALSE,-1.2846207
D,N,455,-1.6931357,-1.558567,-0.2224512,-1.912743,0.0105373,FALSE,-0.6229291
D,P,455,-2.8646092,-1.9546852,0.8276825,-1.912743,0.0172,FALSE,-1.0834919
D,Q,455,-2.1786473,-2.0076942,-0.3145682,-1.912743,0.0172,FALSE,-1.157066
D,R,455,-2.3181723,-1.8592644,3.4119428,-1.912743,0.0147,FALSE,-0.9578399
D,S,455,-1.2492688,-1.8848915,0.4776379,-1.912743,0.0172,FALSE,-0.9907074
D,T,455,-1.9024696,-1.9833145,0.6250251,-1.912743,0.0172,FALSE,-1.1229026
D,V,455,-1.914262,-1.865799,1.9515098,-1.912743,0.0176817,FALSE,-0.9661585
D,W,455,-2.1708678,-1.7938881,1.638312,-1.912743,0.0172,FALSE,-0.8769966
D,Y,455,-1.7672825,-1.9593544,0.9934931,-1.912743,0.0173119,FALSE,-1.0898667
L,A,456,-1.0764423,-0.0144157,-1.6460374,-1.9320285,0.0172,FALSE,-0.0352659
L,C,456,-2.458762,-0.2707787,-1.259146,-1.9320285,0.0172,FALSE,-0.0590919
L,D,456,-0.8766505,-0.274456,1.9330864,-1.9320285,0.0172,FALSE,-0.0595282
L,E,456,-1.1701237,-0.1977005,1.7488524,-1.9320285,0.0141055,FALSE,-0.0510392
L,F,456,-0.1621026,-0.1958962,-2.0145053,-1.9320285,0.0205091,FALSE,-0.0508546
L,G,456,-0.5530893,-0.1663742,-1.4802268,-1.9320285,0.0128679,FALSE,-0.0479243
L,H,456,-0.1631383,-0.193531,1.3435377,-1.9320285,0.0195098,FALSE,-0.0506135
L,I,456,-0.7071308,-0.4366036,-1.7934246,-1.9320285,0.0343813,FALSE,-0.0821919
L,K,456,-0.8084787,-0.0366478,2.6331756,-1.9320285,0.0249,FALSE,-0.0368887
L,M,456,-0.3769124,0.0010757,-1.6644608,-1.9320285,0.0147,FALSE,-0.0341768
L,N,456,-0.6202126,0.0141106,-0.0063549,-1.9320285,0.0249,FALSE,-0.0332861
L,P,456,-2.6801329,0.0014305,-1.0564886,-1.9320285,0.0147,FALSE,-0.0341522
L,Q,456,-0.9665489,-0.0866432,0.0857621,-1.9320285,0.0149326,FALSE,-0.0408104
L,R,456,-0.3967281,-0.1247826,3.9228134,-1.9320285,0.0213137,FALSE,-0.0440741
L,S,456,-1.0610641,1.4779053,-0.7064441,-1.9320285,0.022007,FALSE,-0.0016572
L,T,456,-0.2363566,-0.1362266,-0.8538312,-1.9320285,0.019956,FALSE,-0.0451022
L,V,456,-1.087758,-0.0485954,-2.1434691,-1.9320285,0.0122857,FALSE,-0.0377908
L,W,456,-1.7848038,-0.3478584,-1.8671182,-1.9320285,0.0172,FALSE,-0.0689192
L,Y,456,-1.1040226,-0.1805572,-1.2222992,-1.9320285,0.016152,FALSE,-0.0493109
N,A,457,-2.2529275,-1.6915665,-0.5222101,-1.8274828,0.0172,FALSE,-0.7593411
N,C,457,-3.3965659,-2.0088425,-0.9091014,-1.8274828,0.0172,FALSE,-1.1586886
N,D,457,-2.5382063,-1.9070129,-0.2224512,-1.8274828,0.0175419,FALSE,-1.0196023
N,E,457,-3.139087,-2.038269,-0.3329916,-1.8274828,0.0172,FALSE,-1.200678
N,F,457,-3.2937551,-1.870121,0.1410323,-1.8274828,0.0172,FALSE,-0.9716838
N,G,457,-3.4970835,-1.9522247,-0.6880207,-1.8274828,0.0172,FALSE,-1.080141
N,H,457,-2.8096589,-1.9149895,0.0723232,-1.8274828,0.0147,FALSE,-1.0301392
N,I,457,-3.1563989,-2.132801,0.362113,-1.8274828,0.0172,FALSE,-1.3407044
N,K,457,-1.8942348,-1.9754143,0.4776379,-1.8274828,0.0172,FALSE,-1.1119504
N,L,457,-2.8750848,-1.9194069,-0.0063549,-1.8274828,0.0172,FALSE,-1.0360011
N,M,457,-1.5657274,-1.9724617,-0.5037867,-1.8274828,0.0172,FALSE,-1.1078721
N,P,457,-3.8305511,-2.0743446,-1.1117588,-1.8274828,0.0172,FALSE,-1.2532083
N,Q,457,-0.8650914,-2.0416527,-2.0697755,-1.8274828,0.0172,FALSE,-1.2055562
N,R,457,-3.8541855,-2.006298,1.7672758,-1.8274828,0.0172,FALSE,-1.1550947
N,S,457,-2.6543387,-1.9369926,-1.4618034,-1.8274828,0.0219744,FALSE,-1.059525
N,T,457,-2.2702335,-1.9296837,-1.3144162,-1.8274828,0.0197454,FALSE,-1.0497118
N,V,457,-3.2629879,-1.7797394,0.0120685,-1.8274828,0.0172,FALSE,-0.860077
N,W,457,-3.2200481,-1.9474411,-0.3011293,-1.8274828,0.0172,FALSE,-1.0736427
N,Y,457,-3.2692452,-1.886673,-0.9459482,-1.8274828,0.0172,FALSE,-0.9930165
V,A,458,-2.4244394,-2.047596,-1.627614,-1.8074715,0.0135948,FALSE,-1.2141492
V,C,458,-2.7847161,-1.9210739,-1.2407226,-1.8074715,0.0172,FALSE,-1.0382182
V,D,458,-3.1163598,-1.8232155,1.9515098,-1.8074715,0.0172,FALSE,-0.9127238
V,E,458,-2.3734954,-2.0829124,1.7672758,-1.8074715,0.019726,FALSE,-1.265851
V,F,458,-3.1941627,-1.9340668,-2.0329287,-1.8074715,0.0172,FALSE,-1.0555905
V,G,458,-3.9521265,-2.0569801,-1.4618034,-1.8074715,0.0172,FALSE,-1.2277806
V,H,458,-2.393477,-2.0216408,1.3619611,-1.8074715,0.0172,FALSE,-1.1768546
V,I,458,-0.6297475,-1.566536,-1.811848,-1.8074715,0.0249,FALSE,-0.6305747
V,K,458,-2.2496863,-1.7292671,2.6515989,-1.8074715,0.0172,FALSE,-0.8014156
V,L,458,-0.7086744,-1.9730415,-2.1434691,-1.8074715,0.0166743,FALSE,-1.1086723
V,M,458,-1.9548574,-1.7144356,-1.6460374,-1.8074715,0.0206239,FALSE,-0.7846847
V,N,458,-2.8292442,-1.7628822,0.0120685,-1.8074715,0.0172,FALSE,-0.8401892
V,P,458,-2.9051945,-1.9940071,-1.0380652,-1.8074715,0.0172,FALSE,-1.1378186
V,Q,458,-1.4513756,-1.8464241,0.1041855,-1.8074715,0.0172,FALSE,-0.9416193
V,R,458,-3.1692539,-2.1026115,3.9412368,-1.8074715,0.0172,FALSE,-1.2951575
V,S,458,-2.7339488,-1.9544487,-0.6880207,-1.8074715,0.0172,FALSE,-1.0831696
V,T,458,-2.8376276,-1.7544174,-0.8354078,-1.8074715,0.0172,FALSE,-0.8303142
V,W,458,-3.0436888,-1.966259,-1.8486948,-1.8074715,0.0172,FALSE,-1.0993313
V,Y,458,-3.1987715,-1.8274689,-1.2038758,-1.8074715,0.0172,FALSE,-0.9179785
K,A,459,-2.4443011,-1.799202,2.1173204,-1.761597,0.0166255,FALSE,-0.8834046
K,C,459,-2.9262223,-1.6558113,1.730429,-1.761597,0.0172,FALSE,-0.7208252
K,D,459,-1.7787135,-1.4280739,2.1223049,-1.761597,0.0172,FALSE,-0.5071831
K,E,459,-2.0021055,-1.526783,2.3065389,-1.761597,0.0122526,FALSE,-0.5931008
K,F,459,-3.2617554,-1.5249901,2.7805627,-1.761597,0.0172,FALSE,-0.5914499
K,G,459,-2.4146189,-1.5079384,1.9515098,-1.761597,0.0172,FALSE,-0.5759168
K,H,459,-2.0454434,-1.535469,-0.8722546,-1.761597,0.0172,FALSE,-0.6011468
K,I,459,-3.6264985,-1.6260338,3.0016435,-1.761597,0.0172,FALSE,-0.6897829
K,L,459,-2.5980856,-1.6082916,2.6331756,-1.761597,0.0172,FALSE,-0.6717344
K,M,459,-1.8029122,-1.595253,2.1357438,-1.761597,0.0173353,FALSE,-0.6586835
K,N,459,-1.7375226,-1.2634354,0.4776379,-1.761597,0.0172,FALSE,-0.3856532
K,P,459,-1.6939834,-1.6603622,1.5277716,-1.761597,0.0172,FALSE,-0.7256523
K,Q,459,-2.0116032,-1.5906143,0.385521,-1.761597,0.0147,FALSE,-0.6540839
K,R,459,-1.0044161,-0.9134712,-0.8722546,-1.761597,0.0164477,FALSE,-0.2060521
K,S,459,-3.4175537,-1.839035,1.1777271,-1.761597,0.0172,FALSE,-0.9323603
K,T,459,-2.3445529,-1.4724236,1.3251143,-1.761597,0.0151464,FALSE,-0.5445384
K,V,459,-3.4762303,-1.556633,2.6515989,-1.761597,0.0172,FALSE,-0.6210836
K,W,459,-2.1850727,-1.86269,2.3384012,-1.761597,0.0172,FALSE,-0.9621954
K,Y,459,-2.4710748,-1.6124802,1.6935822,-1.761597,0.0172,FALSE,-0.6759652
N,A,460,-0.1100187,-1.1558876,-0.5222101,-1.7732842,0.0172,FALSE,-0.3199424
N,C,460,-2.1791248,-1.29879,-0.9091014,-1.7732842,0.0147,FALSE,-0.4095441
N,D,460,-1.3969773,-1.2164803,-0.2224512,-1.7732842,0.0188005,FALSE,-0.3557027
N,E,460,-1.1972437,-1.2042732,-0.3329916,-1.7732842,0.0172,FALSE,-0.3482408
N,F,460,-2.7882127,-1.2788391,0.1410323,-1.7732842,0.0172,FALSE,-0.3959185
N,G,460,-1.5473265,-1.126442,-0.6880207,-1.7732842,0.0158989,FALSE,-0.3036939
N,H,460,-1.2468737,-1.3783531,0.0723232,-1.7732842,0.0197292,FALSE,-0.4676792
N,I,460,-2.4784079,-1.3293381,0.362113,-1.7732842,0.0147,FALSE,-0.4311392
N,K,460,0.1728934,-1.3627586,0.4776379,-1.7732842,0.0225108,FALSE,-0.4557979
N,L,460,-2.6494699,-1.3537674,-0.0063549,-1.7732842,0.0172,FALSE,-0.4490566
N,M,460,-1.2736058,-1.3870964,-0.5037867,-1.7732842,0.0147,FALSE,-0.4744462
N,P,460,-2.9619315,-1.2601051,-1.1117588,-1.7732842,0.0172,FALSE,-0.3834627
N,Q,460,-0.0825933,-1.47546,-2.0697755,-1.7732842,0.0147,FALSE,-0.54717
N,R,460,-1.425071,-1.1560898,1.7672758,-1.7732842,0.0172,FALSE,-0.3200565
N,S,460,-0.1759167,-0.3384323,-1.4618034,-1.7732842,0.0205527,FALSE,-0.0676375
N,T,460,-0.4027383,-1.1554565,-1.3144162,-1.7732842,0.0227658,FALSE,-0.3196993
N,V,460,-1.5830469,-1.277523,0.0120685,-1.7732842,0.0147,FALSE,-0.3950328
N,W,460,-2.1876989,-1.2366142,-0.3011293,-1.7732842,0.0172,FALSE,-0.3683004
N,Y,460,-2.3915342,-1.3065758,-0.9459482,-1.7732842,0.0147,FALSE,-0.4149634
L,A,461,-3.2821386,-1.8646088,-1.6460374,-1.6508509,0.0172,FALSE,-0.9646402
L,C,461,-2.9849078,-1.6790543,-1.259146,-1.6508509,0.0172,FALSE,-0.7457089
L,D,461,-2.7983615,-1.957695,1.9330864,-1.6508509,0.0172,FALSE,-1.0875988
L,E,461,-2.7269328,-1.9523125,1.7488524,-1.6508509,0.0172,FALSE,-1.0802605
L,F,461,-2.2515214,-1.9031982,-2.0145053,-1.6508509,0.0172,FALSE,-1.0145852
L,G,461,-3.4599383,-1.9359207,-1.4802268,-1.6508509,0.0172,FALSE,-1.0580826
L,H,461,-2.6563331,-2.0585022,1.3435377,-1.6508509,0.0172,FALSE,-1.229999
L,I,461,-0.4443277,-1.954937,-1.7934246,-1.6508509,0.0147,FALSE,-1.0838352
L,K,461,-3.0100979,-2.0228958,2.6331756,-1.6508509,0.0172,FALSE,-1.1786439
L,M,461,-2.4433055,-1.9171982,-1.6644608,-1.6508509,0.0077118,FALSE,-1.0330678
L,N,461,-2.717802,-1.8513069,-0.0063549,-1.6508509,0.0172,FALSE,-0.947768
L,P,461,-2.3642811,-1.8907509,-1.0564886,-1.6508509,0.0185489,FALSE,-0.998314
L,Q,461,-2.1731397,-1.8841629,0.0857621,-1.6508509,0.0122857,FALSE,-0.9897639
L,R,461,-3.1664602,-1.7951317,3.9228134,-1.6508509,0.0172,FALSE,-0.8784936
L,S,461,-3.0924927,-1.7589493,-0.7064441,-1.6508509,0.0172,FALSE,-0.8355918
L,T,461,-3.1432823,-1.9054756,-0.8538312,-1.6508509,0.0172,FALSE,-1.0175788
L,V,461,-2.5068112,-1.6852646,-2.1434691,-1.6508509,0.0172,FALSE,-0.7524544
L,W,461,-2.6088205,-1.8762779,-1.8671182,-1.6508509,0.0172,FALSE,-0.9795872
L,Y,461,-2.6294942,-1.8871498,-1.2222992,-1.6508509,0.0172,FALSE,-0.9936351
Y,A,462,-3.3111809,-1.9814949,-1.7381544,-1.6462344,0.0172,FALSE,-1.1203749
Y,C,462,-2.8682075,-2.0332794,-2.1250457,-1.6462344,0.0179221,FALSE,-1.1935032
Y,D,462,-2.5108687,-1.8889236,0.9934931,-1.6462344,0.0172,FALSE,-0.9959382
Y,E,462,-3.059057,-1.700428,0.8092591,-1.6462344,0.0172,FALSE,-0.769096
Y,F,462,-0.8129165,-1.8161964,-1.074912,-1.6462344,0.0154262,FALSE,-0.9040928
Y,G,462,-3.3915219,-2.105873,-1.9039649,-1.6462344,0.0172,FALSE,-1.3000415
Y,H,462,-2.435675,-2.030281,0.4039443,-1.6462344,0.0229027,FALSE,-1.1892024
Y,I,462,-1.9577797,-1.9262581,-0.8538312,-1.6462344,0.01225,FALSE,-1.0451302
Y,K,462,-2.7028595,-1.9304123,1.6935822,-1.6462344,0.0172,FALSE,-1.0506877
Y,L,462,-3.236642,-1.9391327,-1.2222992,-1.6462344,0.0172,FALSE,-1.0624081
Y,M,462,-2.7046774,-1.9417458,-1.719731,-1.6462344,0.0172,FALSE,-1.0659344
Y,N,462,-2.9882485,-1.9604568,-0.9459482,-1.6462344,0.016212,FALSE,-1.0913748
Y,P,462,-3.1928496,-1.6840591,-1.9960819,-1.6462344,0.0172,FALSE,-0.7511418
Y,Q,462,-2.7939483,-2.0081863,-0.8538312,-1.6462344,0.0172,FALSE,-1.1577612
Y,R,462,-2.7035973,-2.0035477,2.9832201,-1.6462344,0.0172,FALSE,-1.1512168
Y,S,462,-3.6899053,-1.9523468,-1.6460374,-1.6462344,0.0147,FALSE,-1.0803071
Y,T,462,-3.5951753,-1.9621773,-1.7934246,-1.6462344,0.0172,FALSE,-1.0937308
Y,V,462,-3.5057116,-1.8679581,-1.2038758,-1.6462344,0.0172,FALSE,-0.9689164
Y,W,462,-2.8767459,-1.9669456,-1.5170736,-1.6462344,0.0172,FALSE,-1.1002749
E,A,463,-1.5183256,-1.7573738,1.2329973,-1.6031387,0.0172,FALSE,-0.8337546
E,C,463,-2.8461781,-2.0374184,0.8461059,-1.6031387,0.0172,FALSE,-1.1994533
E,D,463,0.0009641,-1.6402283,-1.9776585,-1.6031387,0.0163918,FALSE,-0.704463
E,F,463,-1.5343798,-2.0398788,1.8962396,-1.6031387,0.0172,FALSE,-1.2029975
E,G,463,-1.6241977,-1.6278152,1.0671867,-1.6031387,0.016177,FALSE,-0.6916135
E,H,463,-1.8336763,-1.9399986,1.8275305,-1.6031387,0.0172,FALSE,-1.0635759
E,I,463,-2.0251884,-1.9020729,2.1173204,-1.6031387,0.0147,FALSE,-1.013108
E,K,463,-1.702938,-1.7999496,2.3065389,-1.6031387,0.0233403,FALSE,-0.8843084
E,L,463,-2.4918717,-1.8633957,1.7488524,-1.6031387,0.0172,FALSE,-0.9630941
E,M,463,-0.8937757,-1.9748611,1.2514207,-1.6031387,0.0172,FALSE,-1.1111856
E,N,463,-0.5265918,-2.0073242,-0.3329916,-1.6031387,0.0172,FALSE,-1.1565434
E,P,463,-3.3480236,-1.8307114,0.6434485,-1.6031387,0.0172,FALSE,-0.9219967
E,Q,463,-0.578048,-1.8130531,-0.2408746,-1.6031387,0.0172,FALSE,-0.900244
E,R,463,-2.4692051,-1.975853,3.5961768,-1.6031387,0.0172,FALSE,-1.112557
E,S,463,-0.8351556,-1.9281082,0.293404,-1.6031387,0.0185473,FALSE,-1.0476032
E,T,463,-0.7518486,-1.90242,0.4407911,-1.6031387,0.0172,FALSE,-1.0135635
E,V,463,-1.9328268,-1.8228569,1.7672758,-1.6031387,0.0171749,FALSE,-0.9122817
E,W,463,-1.7045499,-1.8001556,1.4540781,-1.6031387,0.0172,FALSE,-0.8845576
E,Y,463,-0.7086816,-1.8023338,0.8092591,-1.6031387,0.0172,FALSE,-0.8871948
K,A,464,-0.9960996,-1.5125084,2.1173204,-1.4347273,0.0172,FALSE,-0.5800499
K,C,464,-3.0482951,-1.807087,1.730429,-1.4347273,0.0172,FALSE,-0.8929666
K,D,464,-2.0624553,-1.9485817,2.1223049,-1.4347273,0.0172,FALSE,-1.0751902
K,E,464,-0.9511586,-1.6148758,2.3065389,-1.4347273,0.0151954,FALSE,-0.6783933
K,F,464,-1.9734755,-1.6342278,2.7805627,-1.4347273,0.0172,FALSE,-0.6982311
K,G,464,-1.0003114,-1.7536507,1.9515098,-1.4347273,0.0147,FALSE,-0.8294234
K,H,464,-2.1077032,-1.6275635,-0.8722546,-1.4347273,0.0181008,FALSE,-0.6913546
K,I,464,-1.8894309,-1.6660843,3.0016435,-1.4347273,0.0147,FALSE,-0.7317528
K,L,464,-2.594843,-1.6288567,2.6331756,-1.4347273,0.0147,FALSE,-0.6926853
K,M,464,-1.8457324,-1.5904236,2.1357438,-1.4347273,0.0172,FALSE,-0.6538953
K,N,464,-0.7743049,-1.5699463,0.4776379,-1.4347273,0.023206,FALSE,-0.6338671
K,P,464,-2.702876,-1.8492088,1.5277716,-1.4347273,0.0172,FALSE,-0.945123
K,Q,464,-1.1491784,-1.4267616,0.385521,-1.4347273,0.022004,FALSE,-0.5061084
K,R,464,-1.0226834,-0.9926224,-0.8722546,-1.4347273,0.0243033,FALSE,-0.2385022
K,S,464,-1.7627503,-1.4207993,1.1777271,-1.4347273,0.0147,FALSE,-0.5012476
K,T,464,-1.6176737,-1.6872864,1.3251143,-1.4347273,0.0172,FALSE,-0.7546593
K,V,464,-2.6265959,-1.445816,2.6515989,-1.4347273,0.0147,FALSE,-0.5218851
K,W,464,-2.3408654,-1.6339035,2.3384012,-1.4347273,0.0172,FALSE,-0.6978954
K,Y,464,-2.2347334,-1.8786736,1.6935822,-1.4347273,0.0172,FALSE,-0.9826727
V,A,465,-1.2443168,-1.9936867,-1.627614,-1.5374281,0.0254463,FALSE,-1.1373701
V,C,465,-1.3955508,-2.10672,-1.2407226,-1.5374281,0.0147,FALSE,-1.3013113
V,D,465,-2.9336491,-2.1685448,1.9515098,-1.5374281,0.0172,FALSE,-1.3955955
V,E,465,-2.4969674,-1.8943977,1.7672758,-1.5374281,0.0172,FALSE,-1.0030653
V,F,465,-2.6929923,-1.9112396,-2.0329287,-1.5374281,0.0172,FALSE,-1.0251779
V,G,465,-3.3540277,-1.8761826,-1.4618034,-1.5374281,0.0172,FALSE,-0.9794646
V,H,465,-2.6007396,-2.0533257,1.3619611,-1.5374281,0.0172,FALSE,-1.222463
V,I,465,-1.9373334,-1.2688026,-1.811848,-1.5374281,0.0157946,FALSE,-0.389205
V,K,465,-2.4737957,-1.7823906,2.6515989,-1.5374281,0.0172,FALSE,-0.8632316
V,L,465,-1.8669884,-2.0665855,-2.1434691,-1.5374281,0.0172,FALSE,-1.2418138
V,M,465,-2.0934779,-1.615284,-1.6460374,-1.5374281,0.0172,FALSE,-0.6788076
V,N,465,-2.7125691,-2.1242905,0.0120685,-1.5374281,0.0172,FALSE,-1.327788
V,P,465,-2.8188744,-1.6692734,-1.0380652,-1.5374281,0.0172,FALSE,-0.7351678
V,Q,465,-2.7174321,-1.6426849,0.1041855,-1.5374281,0.0172,FALSE,-0.7070253
V,R,465,-3.2383839,-1.8895416,3.9412368,-1.5374281,0.0172,FALSE,-0.9967413
V,S,465,-2.1877672,-1.9094124,-0.6880207,-1.5374281,0.0172,FALSE,-1.0227655
V,T,465,-0.8076628,-1.8108978,-0.8354078,-1.5374281,0.0149361,FALSE,-0.8976107
V,W,465,-2.7119333,-1.871891,-1.8486948,-1.5374281,0.0172,FALSE,-0.973952
V,Y,465,-2.785259,-1.8935966,-1.2038758,-1.5374281,0.0172,FALSE,-1.0020204
K,A,466,-1.0881061,-1.4241409,2.1173204,-1.4697046,0.0147,FALSE,-0.5039674
K,C,466,-1.7653922,-1.3140755,1.730429,-1.4697046,0.0147,FALSE,-0.4202381
K,D,466,-2.5244711,-1.2646408,2.1223049,-1.4697046,0.0172,FALSE,-0.3864485
K,E,466,-2.1086035,-1.3447723,2.3065389,-1.4697046,0.0254825,FALSE,-0.4423916
K,F,466,-2.0218751,-1.6494598,2.7805627,-1.4697046,0.0172,FALSE,-0.714125
K,G,466,-1.2212281,-1.3843842,1.9515098,-1.4697046,0.01225,FALSE,-0.4723389
K,H,466,-1.5509881,-1.4395142,-0.8722546,-1.4697046,0.0172,FALSE,-0.5166263
K,I,466,-2.7600843,-1.3538895,3.0016435,-1.4697046,0.0172,FALSE,-0.4491476
K,L,466,-2.6812303,-1.3951149,2.6331756,-1.4697046,0.0176007,FALSE,-0.4807193
K,M,466,-2.0716766,-1.4283409,2.1357438,-1.4697046,0.0172,FALSE,-0.507402
K,N,466,-1.6963657,-1.2244835,0.4776379,-1.4697046,0.0222467,FALSE,-0.3606667
K,P,466,-2.6812881,-1.3214912,1.5277716,-1.4697046,0.0172,FALSE,-0.4255067
K,Q,466,-1.8772378,-1.4890709,0.385521,-1.4697046,0.0154252,FALSE,-0.5590835
K,R,466,-0.7826788,-0.1215172,-0.8722546,-1.4697046,0.0153087,FALSE,-0.0437849
K,S,466,-2.2541932,-1.3457031,1.1777271,-1.4697046,0.0147,FALSE,-0.4430776
K,T,466,-2.2977101,-1.3230133,1.3251143,-1.4697046,0.0237791,FALSE,-0.4265946
K,V,466,-2.9260743,-1.3992424,2.6515989,-1.4697046,0.0172,FALSE,-0.4839734
K,W,466,-2.0206246,-1.4269257,2.3384012,-1.4697046,0.0222467,FALSE,-0.5062427
K,Y,466,-2.2711053,-1.5056725,1.6935822,-1.4697046,0.0172,FALSE,-0.5738756
S,A,467,0.1605326,-1.0918884,-1.2222992,-1.3987367,0.0127,FALSE,-0.2855324
S,C,467,-1.1531661,-1.3490143,-1.6091906,-1.3987367,0.0219,FALSE,-0.4455249
S,D,467,-0.9109491,-1.1505089,0.4776379,-1.3987367,0.0147,FALSE,-0.3169203
S,E,467,-0.5904149,-1.3765144,0.293404,-1.3987367,0.0249,FALSE,-0.4662658
S,F,467,-2.7611748,-1.2237282,-0.5590569,-1.3987367,0.0172,FALSE,-0.3601958
S,G,467,-0.1763256,-1.0522156,-1.3881098,-1.3987367,0.0110489,FALSE,-0.2658449
S,H,467,-1.2754128,-1.4824677,-0.1119108,-1.3987367,0.0122857,FALSE,-0.5532798
S,I,467,-1.0328481,-1.1883011,-0.3379761,-1.3987367,0.0172,FALSE,-0.3386756
S,K,467,-0.1986668,-1.1302032,1.1777271,-1.3987367,0.0172,FALSE,-0.3057293
S,L,467,-1.2132225,-1.1581268,-0.7064441,-1.3987367,0.0172,FALSE,-0.3212077
S,M,467,-1.4353042,-1.3996315,-1.2038758,-1.3987367,0.0172,FALSE,-0.4842811
S,N,467,-0.5749985,-0.9735947,-1.4618034,-1.3987367,0.0109428,FALSE,-0.2303111
S,P,467,-2.545685,-1.6141434,-1.811848,-1.3987367,0.0172,FALSE,-0.6776503
S,Q,467,-1.0005106,-1.315876,-1.3696864,-1.3987367,0.0179261,FALSE,-0.4215125
S,R,467,0.0572718,-1.2043419,2.467365,-1.3987367,0.0134943,FALSE,-0.3482824
S,T,467,0.0308094,-1.1446152,-2.0145053,-1.3987367,0.0158991,FALSE,-0.3136368
S,V,467,-0.0331372,-1.3175201,-0.6880207,-1.3987367,0.0166411,FALSE,-0.4226788
S,W,467,-1.4239042,-1.3690491,-1.0012184,-1.3987367,0.0147,FALSE,-0.4605616
S,Y,467,-1.9503851,-1.3191109,-1.6460374,-1.3987367,0.0172,FALSE,-0.4238098
Q,A,468,-0.7116662,-1.7220383,-0.4300931,-1.3486291,0.01225,FALSE,-0.7932321
Q,C,468,0.022266,-2.0340157,-0.8169844,-1.3486291,0.0241565,FALSE,-1.1945606
Q,D,468,-2.2004185,-1.6984024,-0.3145682,-1.3486291,0.0147,FALSE,-0.7668589
Q,E,468,-1.5727519,-1.6453819,-0.2408746,-1.3486291,0.0147,FALSE,-0.7098458
Q,F,468,-2.4005273,-1.7465782,0.2331493,-1.3486291,0.0249,FALSE,-0.8212356
Q,G,468,-2.1918207,-1.6173477,-0.5959037,-1.3486291,0.0147,FALSE,-0.6809051
Q,H,468,-1.7952264,-1.868267,0.1644402,-1.3486291,0.0248787,FALSE,-0.9693113
Q,I,468,-0.4171533,-1.8021584,0.45423,-1.3486291,0.0208333,FALSE,-0.8869823
Q,K,468,-1.4201627,-1.662754,0.385521,-1.3486291,0.0147,FALSE,-0.728198
Q,L,468,0.1075638,-1.7071724,0.0857621,-1.3486291,0.0201333,FALSE,-0.7765758
Q,M,468,0.247882,-1.7168236,-0.4116697,-1.3486291,0.0221901,FALSE,-0.7873629
Q,N,468,-1.112239,-1.6678123,-2.0697755,-1.3486291,0.0172,FALSE,-0.7336019
Q,P,468,-3.2300721,-1.9104385,-1.0196418,-1.3486291,0.0147,FALSE,-1.0241198
Q,R,468,-0.2560287,-1.683094,1.6751588,-1.3486291,0.0261071,FALSE,-0.7500921
Q,S,468,-0.1495359,-1.9389801,-1.3696864,-1.3486291,0.0291174,FALSE,-1.0622024
Q,T,468,-0.9376514,-2.057125,-1.2222992,-1.3486291,0.0129173,FALSE,-1.2279917
Q,V,468,-0.7288022,-1.656456,0.1041855,-1.3486291,0.0124701,FALSE,-0.7215077
Q,W,468,-2.584403,-1.6973457,-0.2090123,-1.3486291,0.0172,FALSE,-0.7656935
Q,Y,468,-2.3430608,-1.6235809,-0.8538312,-1.3486291,0.0172,FALSE,-0.6872677
L,A,469,-3.6042832,-2.0295944,-1.6460374,-1.4074919,0.0172,FALSE,-1.1882188
L,C,469,-2.8364537,-1.8817902,-1.259146,-1.4074919,0.0172,FALSE,-0.9866951
L,D,469,-2.9900968,-2.0181732,1.9330864,-1.4074919,0.0147,FALSE,-1.1719179
L,E,469,-3.1975159,-1.7789688,1.7488524,-1.4074919,0.0172,FALSE,-0.8591614
L,F,469,-2.6091851,-1.7418823,-2.0145053,-1.4074919,0.0122857,FALSE,-0.8158281
L,G,469,-3.261912,-1.6998749,-1.4802268,-1.4074919,0.0147,FALSE,-0.7684847
L,H,469,-2.5094551,-1.7978821,1.3435377,-1.4074919,0.0147,FALSE,-0.8818102
L,I,469,-1.1324288,-1.9582367,-1.7934246,-1.4074919,0.0128572,FALSE,-1.0883389
L,K,469,-3.3769223,-1.9393234,2.6331756,-1.4074919,0.0172,FALSE,-1.0626652
L,M,469,-2.5653957,-1.5318756,-1.6644608,-1.4074919,0.0172,FALSE,-0.5978085
L,N,469,-2.8980335,-1.6024094,-0.0063549,-1.4074919,0.0172,FALSE,-0.6658243
L,P,469,-2.5207569,-1.8174744,-1.0564886,-1.4074919,0.0183432,FALSE,-0.9056605
L,Q,469,-2.699819,-1.7547035,0.0857621,-1.4074919,0.0172,FALSE,-0.8306467
L,R,469,-3.6312705,-1.8715782,3.9228134,-1.4074919,0.0172,FALSE,-0.973551
L,S,469,-2.4514096,-1.8754044,-0.7064441,-1.4074919,0.0222851,FALSE,-0.9784636
L,T,469,-2.2427196,-1.6127892,-0.8538312,-1.4074919,0.0172,FALSE,-0.676278
L,V,469,-1.7976999,-1.7724075,-2.1434691,-1.4074919,0.0159081,FALSE,-0.8513907
L,W,469,-2.5715741,-1.6805801,-1.8671182,-1.4074919,0.0172,FALSE,-0.7473624
L,Y,469,-3.1888675,-1.7296982,-1.2222992,-1.4074919,0.0172,FALSE,-0.8019053
K,A,470,-0.7142098,-1.5146484,2.1173204,-1.1935859,0.0157526,FALSE,-0.5819929
K,C,470,-2.0981433,-1.5904465,1.730429,-1.1935859,0.0249,FALSE,-0.653918
K,D,470,-0.956381,-1.5728073,2.1223049,-1.1935859,0.0172,FALSE,-0.6366387
K,E,470,-1.5807911,-1.3552094,2.3065389,-1.1935859,0.0141211,FALSE,-0.4501324
K,F,470,-0.7525607,-1.3533058,2.7805627,-1.1935859,0.0146332,FALSE,-0.4487126
K,G,470,-0.5796174,-1.4112663,1.9515098,-1.1935859,0.0186651,FALSE,-0.4935507
K,H,470,-1.3552892,-1.4676247,-0.8722546,-1.1935859,0.0205351,FALSE,-0.5403988
K,I,470,-1.1180048,-1.4924049,3.0016435,-1.1935859,0.0172,FALSE,-0.5620311
K,L,470,-1.1595134,-1.5190201,2.6331756,-1.1935859,0.0172,FALSE,-0.5859769
K,M,470,-1.1487485,-1.496151,2.1357438,-1.1935859,0.0195223,FALSE,-0.5653568
K,N,470,-0.0663885,-1.359581,0.4776379,-1.1935859,0.012905,FALSE,-0.4534063
K,P,470,-2.6425943,-1.3586884,1.5277716,-1.1935859,0.0172,FALSE,-0.4527363
K,Q,470,-0.6088505,-1.595726,0.385521,-1.1935859,0.0146813,FALSE,-0.6591538
K,R,470,-0.2470803,-0.4758072,-0.8722546,-1.1935859,0.0246123,FALSE,-0.0888076
K,S,470,-1.106163,-1.4080582,1.1777271,-1.1935859,0.0147,FALSE,-0.4909812
K,T,470,-0.7738296,-1.3290672,1.3251143,-1.1935859,0.0174759,FALSE,-0.4309437
K,V,470,-1.5222813,-1.4253578,2.6515989,-1.1935859,0.0177201,FALSE,-0.5049607
K,W,470,-0.5803332,-1.6139145,2.3384012,-1.1935859,0.0147,FALSE,-0.6774182
K,Y,470,-1.6345734,-1.7498703,1.6935822,-1.1935859,0.0249,FALSE,-0.8250404
N,A,471,-1.2075445,-1.9784164,-0.5222101,-0.9994084,0.0143333,FALSE,-1.1161054
N,C,471,-2.3763883,-1.852623,-0.9091014,-0.9994084,0.0147,FALSE,-0.9494294
N,D,471,-1.2723784,-1.7842445,-0.2224512,-0.9994084,0.0142923,FALSE,-0.8654419
N,E,471,-1.1573266,-1.7481575,-0.3329916,-0.9994084,0.0266787,FALSE,-0.8230594
N,F,471,-1.8620993,-1.9557266,0.1410323,-0.9994084,0.0172,FALSE,-1.0849119
N,G,471,-1.2130139,-2.063717,-0.6880207,-0.9994084,0.0226901,FALSE,-1.2376145
N,H,471,-2.3664009,-2.101982,0.0723232,-0.9994084,0.0197295,FALSE,-1.2942159
N,I,471,-2.7502043,-1.8361969,0.362113,-0.9994084,0.0147,FALSE,-0.9288187
N,K,471,-1.9146439,-1.9183311,0.4776379,-0.9994084,0.0168863,FALSE,-1.0345718
N,L,471,-1.4308751,-1.8570175,-0.0063549,-0.9994084,0.0255026,FALSE,-0.9549896
N,M,471,-1.396704,-2.076851,-0.5037867,-0.9994084,0.0172,FALSE,-1.2569002
N,P,471,-3.2132116,-2.2381973,-1.1117588,-0.9994084,0.0172,FALSE,-1.5054284
N,Q,471,-0.2398529,-1.849453,-2.0697755,-0.9994084,0.0165564,FALSE,-0.9454306
N,R,471,-1.8638081,-1.8813362,1.7672758,-0.9994084,0.0197295,FALSE,-0.9861086
N,S,471,-1.0217382,-1.8477058,-1.4618034,-0.9994084,0.0129483,FALSE,-0.943231
N,T,471,-0.4393347,-1.821495,-1.3144162,-0.9994084,0.0115411,FALSE,-0.9106036
N,V,471,-1.3572677,-1.9955482,0.0120685,-0.9994084,0.0172,FALSE,-1.1399771
N,W,471,-0.7805261,-2.1262665,-0.3011293,-0.9994084,0.0172,FALSE,-1.3307816
N,Y,471,-1.2772278,-1.9721909,-0.9459482,-0.9994084,0.01225,FALSE,-1.1074985
N,A,472,-2.3057791,-2.1245003,-0.5222101,-1.0806412,0.0172,FALSE,-1.3281057
N,C,472,-1.5803685,-1.9640503,-0.9091014,-1.0806412,0.0172,FALSE,-1.0962988
N,D,472,-2.6290988,-1.9861526,-0.2224512,-1.0806412,0.0210449,FALSE,-1.1268514
N,E,472,-3.4104442,-1.9224625,-0.3329916,-1.0806412,0.0172,FALSE,-1.040067
N,F,472,-3.4518112,-2.0666122,0.1410323,-1.0806412,0.0172,FALSE,-1.2418529
N,G,472,-3.0100516,-2.1226463,-0.6880207,-1.0806412,0.0172,FALSE,-1.3252995
N,H,472,-2.2599183,-1.9922066,0.0723232,-1.0806412,0.0172,FALSE,-1.1352995
N,I,472,-3.1286076,-1.9461021,0.362113,-1.0806412,0.0172,FALSE,-1.0718276
N,K,472,-1.8350226,-1.9500046,0.4776379,-1.0806412,0.0197253,FALSE,-1.0771224
N,L,472,-4.2955707,-2.1266365,-0.0063549,-1.0806412,0.0172,FALSE,-1.3313426
N,M,472,-2.7094763,-2.0667229,-0.5037867,-1.0806412,0.0172,FALSE,-1.2420151
N,P,472,-3.5369233,-1.8905525,-1.1117588,-1.0806412,0.0222505,FALSE,-0.9980559
N,Q,472,-3.1916054,-1.961628,-2.0697755,-1.0806412,0.0172,FALSE,-1.0929783
N,R,472,-4.1910032,-2.4146233,1.7672758,-1.0806412,0.0172,FALSE,-1.7988911
N,S,472,-2.0926147,-2.0022202,-1.4618034,-1.0806412,0.0209001,FALSE,-1.1493475
N,T,472,-2.0167812,-1.9768372,-1.3144162,-1.0806412,0.0147,FALSE,-1.1139187
N,V,472,-3.0589483,-1.9765549,0.0120685,-1.0806412,0.0172,FALSE,-1.113528
N,W,472,-3.0124337,-1.8838081,-0.3011293,-1.0806412,0.0172,FALSE,-0.9893047
N,Y,472,-2.9645594,-1.9562607,-0.9459482,-1.0806412,0.0172,FALSE,-1.0856406
A,C,473,-2.9576151,-1.9938622,-1.7750012,-1.2588042,0.0172,FALSE,-1.1376158
A,D,473,-2.6807102,-1.8200493,1.4172313,-1.2588042,0.0110095,FALSE,-0.9088243
A,E,473,-2.8325988,-2.0849342,1.2329973,-1.2588042,0.0172,FALSE,-1.2688436
A,F,473,-1.0292267,-1.8418922,-1.4986502,-1.2588042,0.0147,FALSE,-0.935934
A,G,473,-1.3834515,-1.9898186,-1.9960819,-1.2588042,0.0172,FALSE,-1.1319631
A,H,473,-3.0958042,-1.7943001,0.8276825,-1.2588042,0.0172,FALSE,-0.8774924
A,I,473,-3.2451278,-1.9276085,-1.2775694,-1.2588042,0.0172,FALSE,-1.046935
A,K,473,-3.0353046,-1.8798141,2.1173204,-1.2588042,0.0172,FALSE,-0.9841435
A,L,473,-3.4616442,-1.9312248,-1.6460374,-1.2588042,0.0172,FALSE,-1.0517767
A,M,473,-2.4240537,-2.0254745,-2.1434691,-1.2588042,0.0172,FALSE,-1.1823251
A,N,473,-3.3395726,-1.9167099,-0.5222101,-1.2588042,0.0172,FALSE,-1.0324199
A,P,473,-3.552633,-2.310257,-1.5723438,-1.2588042,0.0172,FALSE,-1.6227959
A,Q,473,-3.2082917,-2.204319,-0.4300931,-1.2588042,0.0172,FALSE,-1.4515451
A,R,473,-3.1262193,-1.9522781,3.4069583,-1.2588042,0.0172,FALSE,-1.0802136
A,S,473,-2.7953955,-1.6645279,-1.2222992,-1.2588042,0.0172,FALSE,-0.73009
A,T,473,-2.6356632,-1.7821159,-1.3696864,-1.2588042,0.0219667,FALSE,-0.8629044
A,V,473,-1.2747524,-2.0239563,-1.627614,-1.2588042,0.0252122,FALSE,-1.1801571
A,W,473,-3.1673256,-1.8822975,-1.9408117,-1.2588042,0.0172,FALSE,-0.9873508
A,Y,473,-1.1255604,-1.8797836,-1.7381544,-1.2588042,0.0172,FALSE,-0.9841042
K,A,474,0.2267971,-1.868721,2.1173204,-1.0696003,0.0176153,FALSE,-0.969892
K,C,474,-1.6572075,-1.7663918,1.730429,-1.0696003,0.0172,FALSE,-0.8443054
K,D,474,-1.3934177,-1.7477112,2.1223049,-1.0696003,0.0172,FALSE,-0.8225438
K,E,474,0.7904176,-1.691536,2.3065389,-1.0696003,0.0223327,FALSE,-0.7593077
K,F,474,-0.1519744,-1.5823936,2.7805627,-1.0696003,0.0146382,FALSE,-0.6459885
K,G,474,-0.959671,-1.802845,1.9515098,-1.0696003,0.0165939,FALSE,-0.8878144
K,H,474,-0.3445027,-1.9200249,-0.8722546,-1.0696003,0.0186036,FALSE,-1.0368227
K,I,474,-0.6777785,-1.778183,3.0016435,-1.0696003,0.0154286,FALSE,-0.8582284
K,L,474,0.2210805,-1.987484,2.6331756,-1.0696003,0.0180424,FALSE,-1.1287064
K,M,474,0.8960307,-1.809578,2.1357438,-1.0696003,0.0159054,FALSE,-0.8960006
K,N,474,0.4283234,-1.6982765,0.4776379,-1.0696003,0.015599,FALSE,-0.7667199
K,P,474,-2.2065825,-1.7680817,1.5277716,-1.0696003,0.0172,FALSE,-0.846292
K,Q,474,0.1815164,-2.1099586,0.385521,-1.0696003,0.0159559,FALSE,-1.3061721
K,R,474,-0.0668689,-1.6019669,-0.8722546,-1.0696003,0.0200669,FALSE,-0.6653812
K,S,474,-3.2657597,-1.7297935,1.1777271,-1.0696003,0.0172,FALSE,-0.8020136
K,T,474,-2.1629343,-1.6463776,1.3251143,-1.0696003,0.0168859,FALSE,-0.710889
K,V,474,-0.7209232,-1.7297935,2.6515989,-1.0696003,0.0101729,FALSE,-0.8020136
K,W,474,-0.7859908,-1.614788,2.3384012,-1.0696003,0.0286444,FALSE,-0.6783042
K,Y,474,0.2723939,-1.693016,1.6935822,-1.0696003,0.0227972,FALSE,-0.7609311
E,A,475,-1.8581327,-1.876751,1.2329973,-1.4101261,0.0147,FALSE,-0.9801961
E,C,475,-3.1685252,-1.9045486,0.8461059,-1.4101261,0.0172,FALSE,-1.0163596
E,D,475,-1.4293064,-1.8818436,-1.9776585,-1.4101261,0.01225,FALSE,-0.9867641
E,F,475,-3.027817,-1.7916527,1.8962396,-1.4101261,0.0172,FALSE,-0.8743097
E,G,475,-2.9407959,-1.7805862,1.0671867,-1.4101261,0.020595,FALSE,-0.8610838
E,H,475,-3.1313904,-1.7336426,1.8275305,-1.4101261,0.0172,FALSE,-0.8063955
E,I,475,-1.1494615,-1.8760605,2.1173204,-1.4101261,0.0139127,FALSE,-0.9793075
E,K,475,-2.1694138,-1.8124161,2.3065389,-1.4101261,0.0305581,FALSE,-0.8994652
E,L,475,-2.3851391,-1.6777725,1.7488524,-1.4101261,0.0177075,FALSE,-0.7443217
E,M,475,-2.7179995,-1.9697838,1.2514207,-1.4101261,0.0172,FALSE,-1.1041803
E,N,475,-1.4067304,-1.6776543,-0.3329916,-1.4101261,0.0147,FALSE,-0.7441939
E,P,475,-1.4262973,-1.8181725,0.6434485,-1.4101261,0.0147,FALSE,-0.9065176
E,Q,475,-1.8322175,-1.512146,-0.2408746,-1.4101261,0.0147,FALSE,-0.5797214
E,R,475,-3.2992707,-1.7773666,3.5961768,-1.4101261,0.0197302,FALSE,-0.8572597
E,S,475,-2.1083553,-1.9387283,0.293404,-1.4101261,0.0147,FALSE,-1.061863
E,T,475,-2.1804484,-1.8745003,0.4407911,-1.4101261,0.0147,FALSE,-0.9773015
E,V,475,-1.0513635,-1.6627235,1.7672758,-1.4101261,0.0177857,FALSE,-0.7281655
E,W,475,-2.8933695,-1.9464531,1.4540781,-1.4101261,0.0172,FALSE,-1.0723033
E,Y,475,-3.4206242,-1.9270515,0.8092591,-1.4101261,0.0172,FALSE,-1.0461903
I,A,476,-1.1299501,-1.8710747,-1.2775694,-1.2054906,0.0172,FALSE,-0.9729056
I,C,476,-1.0607725,-1.5520248,-0.890678,-1.2054906,0.0249,FALSE,-0.6167024
I,D,476,-1.2376899,-1.7996216,2.3015544,-1.2054906,0.014732,FALSE,-0.8839118
I,E,476,-1.6062042,-1.6220703,2.1173204,-1.2054906,0.0158706,FALSE,-0.685722
I,F,476,-1.5316427,-1.6924324,-1.9408117,-1.2054906,0.0206248,FALSE,-0.7602907
I,G,476,-1.8836112,-1.6688118,-1.1117588,-1.2054906,0.0147,FALSE,-0.7346728
I,H,476,-0.7314953,-1.6581154,1.7120056,-1.2054906,0.0172,FALSE,-0.7232664
I,K,476,-0.3339168,-1.7708092,3.0016435,-1.2054906,0.0125179,FALSE,-0.8495045
I,L,476,0.0064915,-1.2359924,-1.7934246,-1.2054906,0.0376144,FALSE,-0.3679059
I,M,476,0.092612,-1.5938759,-1.2959928,-1.2054906,0.0244336,FALSE,-0.6573156
I,N,476,-1.0297062,-1.6742516,0.362113,-1.2054906,0.0124994,FALSE,-0.7405203
I,P,476,-2.2657414,-1.4745865,-0.6880207,-1.2054906,0.0172,FALSE,-0.546412
I,Q,476,-0.5567981,-1.7259293,0.45423,-1.2054906,0.0158706,FALSE,-0.7976302
I,R,476,-0.8839475,-1.7729912,4.2912814,-1.2054906,0.0096193,FALSE,-0.8520802
I,S,476,-0.0938608,-2.0399704,-0.3379761,-1.2054906,0.0143961,FALSE,-1.2031296
I,T,476,-0.2283703,-1.5197983,-0.4853633,-1.2054906,0.0181496,FALSE,-0.5866882
I,V,476,0.2246048,-0.9785728,-1.811848,-1.2054906,0.0160794,FALSE,-0.2324297
I,W,476,-1.1355458,-1.8331757,-1.4986502,-1.2054906,0.0158706,FALSE,-0.9250576
I,Y,476,-1.1484697,-1.6608734,-0.8538312,-1.2054906,0.0154601,FALSE,-0.7261959
G,A,477,-2.8632478,-2.0837936,-1.9960819,-1.263125,0.0147473,FALSE,-1.2671549
G,C,477,-2.3250034,-2.2095985,-1.9408117,-1.263125,0.0172,FALSE,-1.4598854
G,D,477,-2.486324,-1.8218842,1.2514207,-1.263125,0.0172,FALSE,-0.9110829
G,E,477,-2.2418712,-1.92416,1.0671867,-1.263125,0.0238149,FALSE,-1.0423297
G,F,477,-1.5880422,-1.888977,-1.3328396,-1.263125,0.0210174,FALSE,-0.9960075
G,H,477,-1.938231,-1.845665,0.6618719,-1.263125,0.0147473,FALSE,-0.9406656
G,I,477,-3.8471526,-1.9759674,-1.1117588,-1.263125,0.0172,FALSE,-1.1127152
G,K,477,-2.1131586,-2.0606384,1.9515098,-1.263125,0.0172,FALSE,-1.2331158
G,L,477,-2.0262618,-2.0641098,-1.4802268,-1.263125,0.0158795,FALSE,-1.2381891
G,M,477,-2.2942805,-2.1627579,-1.9776585,-1.263125,0.02408,FALSE,-1.3866391
G,N,477,-1.8649617,-1.8001251,-0.6880207,-1.263125,0.0147,FALSE,-0.8845207
G,P,477,-2.7393962,-1.861412,-1.7381544,-1.263125,0.0172,FALSE,-0.9605691
G,Q,477,-2.071831,-2.100338,-0.5959037,-1.263125,0.0172,FALSE,-1.2917584
G,R,477,-1.8379519,-1.8386574,3.2411477,-1.263125,0.0131875,FALSE,-0.9318887
G,S,477,-2.045151,-1.9679031,-1.3881098,-1.263125,0.0249,FALSE,-1.1015916
G,T,477,-1.9863007,-1.8057823,-1.535497,-1.263125,0.0172,FALSE,-0.89138
G,V,477,-2.9227972,-1.8101501,-1.4618034,-1.263125,0.0158795,FALSE,-0.8966983
G,W,477,-2.5027756,-1.957489,-1.7750012,-1.263125,0.0172,FALSE,-1.0873174
G,Y,477,-1.5673206,-1.9730148,-1.9039649,-1.263125,0.0147473,FALSE,-1.1086354
N,A,478,-1.9187295,-2.1051826,-0.5222101,-1.4385234,0.0172,FALSE,-1.2990069
N,C,478,-3.0011656,-1.8548088,-0.9091014,-1.4385234,0.0158679,FALSE,-0.9521926
N,D,478,-1.9184182,-1.6135254,-0.2224512,-1.4385234,0.0178053,FALSE,-0.6770238
N,E,478,-2.9114333,-1.8862534,-0.3329916,-1.4385234,0.0172,FALSE,-0.9924724
N,F,478,-2.6810751,-1.7109375,0.1410323,-1.4385234,0.0172,FALSE,-0.7807724
N,G,478,-2.3559541,-1.8812561,-0.6880207,-1.4385234,0.0158679,FALSE,-0.9860051
N,H,478,-0.9580262,-1.8572083,0.0723232,-1.4385234,0.0190415,FALSE,-0.9552314
N,I,478,-2.1902632,-1.8525543,0.362113,-1.4385234,0.0172,FALSE,-0.9493426
N,K,478,-1.7150154,-1.8243332,0.4776379,-1.4385234,0.0252995,FALSE,-0.9141029
N,L,478,-2.0216662,-2.2326813,-0.0063549,-1.4385234,0.0172,FALSE,-1.496597
N,M,478,-2.0265933,-1.7673149,-0.5037867,-1.4385234,0.0172,FALSE,-0.8453902
N,P,478,-3.4384824,-1.8924408,-1.1117588,-1.4385234,0.0172,FALSE,-1.0005141
N,Q,478,-1.9777655,-1.9195366,-2.0697755,-1.4385234,0.0172,FALSE,-1.0361735
N,R,478,-1.7213131,-1.8795509,1.7672758,-1.4385234,0.0137397,FALSE,-0.983804
N,S,478,-2.6015194,-1.9503937,-1.4618034,-1.4385234,0.0130003,FALSE,-1.0776511
N,T,478,-1.8539957,-1.7782631,-1.3144162,-1.4385234,0.0147273,FALSE,-0.8583235
N,V,478,-3.0644591,-1.8192024,0.0120685,-1.4385234,0.0172,FALSE,-0.907783
N,W,478,-2.551803,-2.0590515,-0.3011293,-1.4385234,0.0172,FALSE,-1.2308
N,Y,478,-1.3591818,-1.9307632,-0.9459482,-1.4385234,0.0249,FALSE,-1.0511579
G,A,479,-3.3870105,-2.2214355,-1.9960819,-1.617248,0.0172,FALSE,-1.4786616
G,C,479,-2.2245153,-1.9407692,-1.9408117,-1.617248,0.0172,FALSE,-1.0646158
G,D,479,-2.6410702,-2.018692,1.2514207,-1.617248,0.0172,FALSE,-1.1726558
G,E,479,-2.1184327,-1.9828911,1.0671867,-1.617248,0.0176501,FALSE,-1.1223142
G,F,479,-2.8265389,-2.138317,-1.3328396,-1.617248,0.018788,FALSE,-1.3491078
G,H,479,-2.2143667,-2.0481071,0.6618719,-1.617248,0.0172,FALSE,-1.2148896
G,I,479,-1.8257411,-1.8868904,-1.1117588,-1.617248,0.0172,FALSE,-0.9932985
G,K,479,-1.7423642,-1.9670792,1.9515098,-1.617248,0.0172,FALSE,-1.1004586
G,L,479,-1.1711389,-1.9589462,-1.4802268,-1.617248,0.0289096,FALSE,-1.0893086
G,M,479,-1.9535009,-2.207405,-1.9776585,-1.617248,0.0172,FALSE,-1.4564177
G,N,479,-2.250235,-2.0595856,-0.6880207,-1.617248,0.0172,FALSE,-1.2315792
G,P,479,-3.6086681,-2.183632,-1.7381544,-1.617248,0.0172,FALSE,-1.4190701
G,Q,479,-1.7623024,-2.17173,-0.5959037,-1.617248,0.0172,FALSE,-1.4005365
G,R,479,-1.1726542,-1.942524,3.2411477,-1.617248,0.020563,FALSE,-1.0669858
G,S,479,-3.4817959,-1.9716339,-1.3881098,-1.617248,0.0147,FALSE,-1.1067302
G,T,479,-3.1099497,-2.087452,-1.535497,-1.617248,0.0172,FALSE,-1.2725752
G,V,479,-3.4516536,-1.9689598,-1.4618034,-1.617248,0.0172,FALSE,-1.1030457
G,W,479,-2.0065999,-2.0242157,-1.7750012,-1.617248,0.0172,FALSE,-1.1805274
G,Y,479,-1.5358255,-1.8915558,-1.9039649,-1.617248,0.0172,FALSE,-0.9993615
C,A,480,-3.5316608,-1.8646088,-1.7750012,-1.4558774,0.0172,FALSE,-0.9646402
C,D,480,-3.4041298,-2.1326065,1.0303399,-1.4558774,0.0172,FALSE,-1.3404085
C,E,480,-3.389121,-2.026001,0.8461059,-1.4558774,0.0172,FALSE,-1.1830774
C,F,480,-1.7313958,-2.053482,-1.1117588,-1.4558774,0.0165189,FALSE,-1.2226902
C,G,480,-2.9441447,-1.9217796,-1.9408117,-1.4558774,0.0103833,FALSE,-1.0391575
C,H,480,-3.2555951,-1.8346786,0.4407911,-1.4558774,0.0172,FALSE,-0.9269274
C,I,480,-3.3624177,-2.2854538,-0.890678,-1.4558774,0.0172,FALSE,-1.5819876
C,K,480,-2.457877,-1.9906769,1.730429,-1.4558774,0.0172,FALSE,-1.1331617
C,L,480,-2.964093,-2.194973,-1.259146,-1.4558774,0.0172,FALSE,-1.4368327
C,M,480,-2.7290382,-2.0380325,-1.7565778,-1.4558774,0.0172,FALSE,-1.2003374
C,N,480,-3.0639794,-2.2471085,-0.9091014,-1.4558774,0.0172,FALSE,-1.5197427
C,P,480,-2.9836996,-2.0591393,-1.9592351,-1.4558774,0.0172,FALSE,-1.2309281
C,Q,480,-3.2192677,-2.0521164,-0.8169844,-1.4558774,0.0172,FALSE,-1.2207059
C,R,480,-1.0449227,-1.9769707,3.0200669,-1.4558774,0.0192539,FALSE,-1.1141034
C,S,480,-3.3863654,-1.9424324,-1.6091906,-1.4558774,0.0190747,FALSE,-1.066862
C,T,480,-3.2372445,-2.1117973,-1.7565778,-1.4558774,0.0172,FALSE,-1.3089357
C,V,480,-2.3955031,-2.0323257,-1.2407226,-1.4558774,0.0172,FALSE,-1.1921344
C,W,480,-2.2100169,-1.9575272,-1.5539204,-1.4558774,0.0258987,FALSE,-1.0873696
C,Y,480,-2.3872803,-2.030529,-2.1250457,-1.4558774,0.0180454,FALSE,-1.1895579
F,A,481,-3.5340495,-1.9760933,-1.4986502,-1.4869571,0.0172,FALSE,-1.1128894
F,C,481,-2.1027136,-1.9261093,-1.1117588,-1.4869571,0.0172,FALSE,-1.0449314
F,D,481,-2.6498885,-2.1130905,2.0804736,-1.4869571,0.0172,FALSE,-1.3108811
F,E,481,-2.9631089,-1.9613647,1.8962396,-1.4869571,0.0172,FALSE,-1.0926177
F,G,481,-2.7706429,-1.8861275,-1.3328396,-1.4869571,0.0172,FALSE,-0.9923091
F,H,481,-2.3437581,-2.1224594,1.4909249,-1.4869571,0.0172,FALSE,-1.3250168
F,I,481,-2.6230684,-2.0777473,-1.9408117,-1.4869571,0.0172,FALSE,-1.2582217
F,K,481,-2.9214141,-2.1645203,2.7805627,-1.4869571,0.0172,FALSE,-1.389364
F,L,481,-0.8036063,-1.9966736,-2.0145053,-1.4869571,0.0121084,FALSE,-1.1415548
F,M,481,-2.0377459,-1.9573059,-1.5170736,-1.4869571,0.0158704,FALSE,-1.0870674
F,N,481,-2.8305366,-2.0118484,0.1410323,-1.4869571,0.0172,FALSE,-1.1629418
F,P,481,-2.9420062,-2.1266174,-0.9091014,-1.4869571,0.0172,FALSE,-1.3313136
F,Q,481,-3.0063415,-2.0553207,0.2331493,-1.4869571,0.0172,FALSE,-1.2253645
F,R,481,-1.7879992,-1.9320068,4.0702006,-1.4869571,0.0172,FALSE,-1.0528253
F,S,481,-2.290045,-1.8638954,-0.5590569,-1.4869571,0.016389,FALSE,-0.9637308
F,T,481,-2.8476465,-1.8809967,-0.7064441,-1.4869571,0.0147,FALSE,-0.9856701
F,V,481,-0.7056607,-1.8974037,-2.0329287,-1.4869571,0.0206243,FALSE,-1.0069916
F,W,481,-3.1633138,-1.8125725,-1.719731,-1.4869571,0.0158704,FALSE,-0.8996564
F,Y,481,-1.7316697,-2.123146,-1.074912,-1.4869571,0.0219,FALSE,-1.3260555
E,A,482,-1.1540019,-1.9236794,1.2329973,-1.0490588,0.0219,FALSE,-1.0416888
E,C,482,-2.8114084,-1.8964958,0.8461059,-1.0490588,0.0172,FALSE,-1.0058048
E,D,482,0.5950333,-1.7122917,-1.9776585,-1.0490588,0.0121175,FALSE,-0.7822854
E,F,482,-2.0917888,-1.6203423,1.8962396,-1.0490588,0.0158758,FALSE,-0.6839567
E,G,482,-0.9762871,-1.7109871,1.0671867,-1.0490588,0.0217267,FALSE,-0.7808278
E,H,482,-1.8608087,-1.7047119,1.8275305,-1.0490588,0.0158758,FALSE,-0.7738415
E,I,482,-0.9064662,-1.6435623,2.1173204,-1.0490588,0.012138,FALSE,-0.707942
E,K,482,-0.4339081,-1.640171,2.3065389,-1.0490588,0.0109208,FALSE,-0.7044033
E,L,482,-0.5007633,-1.8174896,1.7488524,-1.0490588,0.0100727,FALSE,-0.9056792
E,M,482,-1.7287183,-1.7633018,1.2514207,-1.0490588,0.0172,FALSE,-0.8406807
E,N,482,-0.5839375,-1.9314117,-0.3329916,-1.0490588,0.0147,FALSE,-1.0520272
E,P,482,-2.5475706,-1.8232002,0.6434485,-1.0490588,0.02064,FALSE,-0.912705
E,Q,482,-1.275425,-1.9897499,-0.2408746,-1.0490588,0.0192606,FALSE,-1.1318672
E,R,482,-1.1420115,-1.9229584,3.5961768,-1.0490588,0.014741,FALSE,-1.0407277
E,S,482,-1.0187761,-1.8613892,0.293404,-1.0490588,0.0172,FALSE,-0.9605401
E,T,482,-0.8495758,-1.5615997,0.4407911,-1.0490588,0.0172,FALSE,-0.6258308
E,V,482,-1.0426488,-1.8631706,1.7672758,-1.0490588,0.0195473,FALSE,-0.9628074
E,W,482,-1.330403,-1.8715324,1.4540781,-1.0490588,0.014741,FALSE,-0.9734923
E,Y,482,-1.355045,-2.0345306,0.8092591,-1.0490588,0.0249,FALSE,-1.1953003
F,A,483,-3.8979505,-1.9158249,-1.4986502,-1.314657,0.0172,FALSE,-1.0312463
F,C,483,-3.1734008,-2.15168,-1.1117588,-1.314657,0.0172,FALSE,-1.3695683
F,D,483,-2.471679,-1.9872551,2.0804736,-1.314657,0.0172,FALSE,-1.1283873
F,E,483,-2.784752,-1.830349,1.8962396,-1.314657,0.0172,FALSE,-0.921547
F,G,483,-3.1350257,-1.9252396,-1.3328396,-1.314657,0.0172,FALSE,-1.0437702
F,H,483,-1.6713354,-1.900177,1.4909249,-1.314657,0.0158869,FALSE,-1.0106219
F,I,483,-2.9371133,-2.0203896,-1.9408117,-1.314657,0.0190643,FALSE,-1.175072
F,K,483,-1.8633231,-1.7451744,2.7805627,-1.314657,0.01476,FALSE,-0.8196167
F,L,483,-1.6851964,-1.8725319,-2.0145053,-1.314657,0.0064461,FALSE,-0.9747741
F,M,483,-2.6186774,-2.0061302,-1.5170736,-1.314657,0.0172,FALSE,-1.1548579
F,N,483,-2.9463789,-2.021511,0.1410323,-1.314657,0.0172,FALSE,-1.1766696
F,P,483,-1.9734578,-2.0783691,-0.9091014,-1.314657,0.0172,FALSE,-1.259139
F,Q,483,-1.6825419,-1.9896317,0.2331493,-1.314657,0.0172,FALSE,-1.1317022
F,R,483,-3.3316604,-2.0852966,4.0702006,-1.314657,0.0172,FALSE,-1.2693804
F,S,483,-2.571249,-1.9064751,-0.5590569,-1.314657,0.0261598,FALSE,-1.0188942
F,T,483,-2.9143863,-2.0745163,-0.7064441,-1.314657,0.0172,FALSE,-1.253461
F,V,483,-2.4239864,-1.8666,-2.0329287,-1.314657,0.0194333,FALSE,-0.9671811
F,W,483,-3.1234847,-2.22221,-1.719731,-1.314657,0.0172,FALSE,-1.4798938
F,Y,483,-1.7961063,-2.1518173,-1.074912,-1.314657,0.0158869,FALSE,-1.3697793
Y,A,484,-2.231472,-2.0754395,-1.7381544,-0.9431403,0.0147,FALSE,-1.2548204
Y,C,484,-1.8153664,-1.8115997,-2.1250457,-0.9431403,0.0474418,FALSE,-0.8984678
Y,D,484,-2.3301924,-1.7980499,0.9934931,-0.9431403,0.0158723,FALSE,-0.8820128
Y,E,484,-2.4939454,-1.8582268,0.8092591,-0.9431403,0.0172,FALSE,-0.956523
Y,F,484,-1.0018393,-1.8198738,-1.074912,-0.9431403,0.014735,FALSE,-0.9086084
Y,G,484,-2.9087433,-1.9285774,-1.9039649,-0.9431403,0.0158723,FALSE,-1.0482309
Y,H,484,-0.6977825,-1.9749794,0.4039443,-0.9431403,0.032242,FALSE,-1.1113491
Y,I,484,-2.4926077,-1.8987083,-0.8538312,-0.9431403,0.0172,FALSE,-1.0086984
Y,K,484,-2.6847439,-1.8214073,1.6935822,-0.9431403,0.0172,FALSE,-0.9104956
Y,L,484,-0.2044634,-1.9978371,-1.2222992,-0.9431403,0.0202362,FALSE,-1.1431871
Y,M,484,-0.6698283,-1.9390335,-1.719731,-0.9431403,0.0172,FALSE,-1.0622744
Y,N,484,-1.5461812,-1.6091843,-0.9459482,-0.9431403,0.0172,FALSE,-0.6726345
Y,P,484,-2.8659714,-2.0480232,-1.9960819,-0.9431403,0.0172,FALSE,-1.214768
Y,Q,484,-2.1794661,-1.9737167,-0.8538312,-0.9431403,0.0172,FALSE,-1.1096046
Y,R,484,-0.8797659,-1.7242928,2.9832201,-0.9431403,0.0149995,FALSE,-0.7957785
Y,S,484,-3.2198488,-1.8344078,-1.6460374,-0.9431403,0.0249,FALSE,-0.9265904
Y,T,484,-2.4345362,-1.873394,-1.7934246,-0.9431403,0.0172,FALSE,-0.9758805
Y,V,484,-3.1603535,-1.7793007,-1.2038758,-0.9431403,0.0172,FALSE,-0.8595557
Y,W,484,-1.047763,-1.9673767,-1.5170736,-0.9431403,0.0194157,FALSE,-1.1008676
H,A,485,-2.5406928,-1.9764366,0.8276825,-1.0092134,0.0172,FALSE,-1.1133643
H,C,485,-2.1436044,-2.2781296,0.4407911,-1.0092134,0.0172,FALSE,-1.5700182
H,D,485,-2.590484,-2.0721169,2.0117645,-1.0092134,0.0172,FALSE,-1.2499315
H,E,485,-2.1123613,-1.939045,1.8275305,-1.0092134,0.0147,FALSE,-1.0622899
H,F,485,-2.9888057,-2.119484,1.4909249,-1.0092134,0.0172,FALSE,-1.3205196
H,G,485,-3.3247491,-1.8726616,0.6618719,-1.0092134,0.0172,FALSE,-0.9749405
H,I,485,-3.2143004,-2.1282501,1.7120056,-1.0092134,0.0172,FALSE,-1.3337901
H,K,485,-2.207439,-2.0032158,-0.8722546,-1.0092134,0.0172,FALSE,-1.1507493
H,L,485,-2.5619745,-1.9882355,1.3435377,-1.0092134,0.0172,FALSE,-1.1297541
H,M,485,-2.9019924,-1.8496895,0.8461059,-1.0092134,0.0172,FALSE,-0.9457286
H,N,485,-2.6014389,-2.2260628,0.0723232,-1.0092134,0.0249,FALSE,-1.4860301
H,P,485,-2.3524717,-1.9025917,0.2381338,-1.0092134,0.0158787,FALSE,-1.0137889
H,Q,485,-2.3402923,-1.9982643,0.1644402,-1.0092134,0.0125608,FALSE,-1.1437868
H,R,485,-2.0116589,-2.0632439,0.4173832,-1.0092134,0.0173628,FALSE,-1.2369227
H,S,485,-3.2022464,-1.9141579,-0.1119108,-1.0092134,0.0158787,FALSE,-1.0290377
H,T,485,-2.2740507,-2.0069923,0.0354764,-1.0092134,0.0172,FALSE,-1.1560747
H,V,485,-1.9147404,-2.1413078,1.3619611,-1.0092134,0.0172,FALSE,-1.3536745
H,W,485,-3.2717037,-2.038166,1.0487633,-1.0092134,0.0172,FALSE,-1.2005296
H,Y,485,-1.1197708,-2.0099983,0.4039443,-1.0092134,0.0159236,FALSE,-1.160323
K,A,486,-0.4567697,-1.707901,2.1173204,-0.8406816,0.0165018,FALSE,-0.7773868
K,C,486,-1.7550057,-1.7277603,1.730429,-0.8406816,0.0147369,FALSE,-0.7997052
K,D,486,-0.6971527,-1.6118507,2.1223049,-0.8406816,0.0158735,FALSE,-0.6753281
K,E,486,-0.9790477,-1.866806,2.3065389,-0.8406816,0.0490778,FALSE,-0.9674442
K,F,486,-1.5111,-1.7321243,2.7805627,-0.8406816,0.0158735,FALSE,-0.8046652
K,G,486,-0.9127565,-1.8467674,1.9515098,-0.8406816,0.0169836,FALSE,-0.9420508
K,H,486,-1.1557208,-1.4415092,-0.8722546,-0.8406816,0.0158735,FALSE,-0.5182867
K,I,486,0.0539262,-1.6222458,3.0016435,-0.8406816,0.0108519,FALSE,-0.6859014
K,L,486,-0.4583999,-1.7186661,2.6331756,-0.8406816,0.0174981,FALSE,-0.7894334
K,M,486,-1.2008348,-1.7690659,2.1357438,-0.8406816,0.012845,FALSE,-0.8474503
K,N,486,-2.087655,-1.6654663,0.4776379,-0.8406816,0.0139586,FALSE,-0.7310922
K,P,486,-1.6034113,-1.745678,1.5277716,-0.8406816,0.0172,FALSE,-0.8201972
K,Q,486,-0.2428335,-1.7421455,0.385521,-0.8406816,0.0281928,FALSE,-0.8161306
K,R,486,-0.498435,-1.1980667,-0.8722546,-0.8406816,0.0156006,FALSE,-0.3444974
K,S,486,-0.3873946,-1.759964,1.1777271,-0.8406816,0.0294295,FALSE,-0.8367764
K,T,486,-1.121624,-1.6853104,1.3251143,-0.8406816,0.0172576,FALSE,-0.7525043
K,V,486,-0.6967385,-1.6034393,2.6515989,-0.8406816,0.0232036,FALSE,-0.6668564
K,W,486,-2.7818419,-1.6274376,2.3384012,-0.8406816,0.0172,FALSE,-0.6912252
K,Y,486,-0.8021937,-1.4870834,1.6935822,-0.8406816,0.0172,FALSE,-0.5573319
C,A,487,-3.1305241,-1.9566231,-1.7750012,-1.2630328,0.0172,FALSE,-1.0861352
C,D,487,-3.0002788,-2.1135101,1.0303399,-1.2630328,0.0172,FALSE,-1.3115126
C,E,487,-2.3539779,-2.0925446,0.8461059,-1.2630328,0.0172,FALSE,-1.2801396
C,F,487,-2.9543986,-1.991909,-1.1117588,-1.2630328,0.0229077,FALSE,-1.1348834
C,G,487,-2.9918819,-2.1376877,-1.9408117,-1.2630328,0.02064,FALSE,-1.3481478
C,H,487,-3.2511924,-2.1557922,0.4407911,-1.2630328,0.0172,FALSE,-1.3758937
C,I,487,-3.4823832,-1.9223366,-0.890678,-1.2630328,0.0172,FALSE,-1.0398993
C,K,487,-3.3189437,-2.0389938,1.730429,-1.2630328,0.0172,FALSE,-1.201722
C,L,487,-3.1237482,-2.070366,-1.259146,-1.2630328,0.015881,FALSE,-1.247359
C,M,487,-3.0980043,-2.1363907,-1.7565778,-1.2630328,0.0172,FALSE,-1.3461703
C,N,487,-2.9957133,-2.1517563,-0.9091014,-1.2630328,0.0172,FALSE,-1.3696856
C,P,487,-3.6311123,-1.9644661,-1.9592351,-1.2630328,0.0172,FALSE,-1.0968693
C,Q,487,-3.0292682,-1.8774834,-0.8169844,-1.2630328,0.0172,FALSE,-0.9811391
C,R,487,-2.2563811,-2.0794601,3.0200669,-1.2630328,0.0220889,FALSE,-1.2607491
C,S,487,-2.283271,-2.1170082,-1.6091906,-1.2630328,0.0133364,FALSE,-1.3167832
C,T,487,-1.9866423,-2.070816,-1.7565778,-1.2630328,0.0172,FALSE,-1.2480199
C,V,487,-3.9823113,-1.9041328,-1.2407226,-1.2630328,0.0172,FALSE,-1.0158131
C,W,487,-2.6280783,-1.977314,-1.5539204,-1.2630328,0.015881,FALSE,-1.1145786
C,Y,487,-2.7829046,-1.9264259,-2.1250457,-1.2630328,0.0143281,FALSE,-1.0453544
D,A,488,-1.9672463,-1.3270149,1.4172313,-0.8915794,0.0172,FALSE,-0.4294654
D,C,488,-2.1823403,-1.235611,1.0303399,-0.8915794,0.0172,FALSE,-0.3676641
D,E,488,-2.3426078,-1.0321007,-1.9776585,-0.8915794,0.0103378,FALSE,-0.256323
D,F,488,-3.227114,-1.2527466,2.0804736,-0.8915794,0.0172,FALSE,-0.3786588
D,G,488,-2.1599728,-1.2533951,1.2514207,-0.8915794,0.0305312,FALSE,-0.3790802
D,H,488,-1.9590799,-1.3299332,2.0117645,-0.8915794,0.0172,FALSE,-0.4315687
D,I,488,-3.0372992,-1.338829,2.3015544,-0.8915794,0.0172,FALSE,-0.4380312
D,K,488,-2.7245484,-1.196003,2.1223049,-0.8915794,0.0172,FALSE,-0.3432602
D,L,488,-2.7258052,-1.2880058,1.9330864,-0.8915794,0.0158806,FALSE,-0.4021325
D,M,488,-2.6387746,-1.3363495,1.4356547,-0.8915794,0.0172,FALSE,-0.4362222
D,N,488,-0.3647793,-0.3454704,-0.2224512,-0.8915794,0.0135505,FALSE,-0.0685923
D,P,488,-0.955353,-1.3258591,0.8276825,-0.8915794,0.0121519,FALSE,-0.4286346
D,Q,488,-2.5267484,-1.1487312,-0.3145682,-0.8915794,0.0172,FALSE,-0.3159269
D,R,488,-0.9426505,-1.2496758,3.4119428,-0.8915794,0.0172,FALSE,-0.3766688
D,S,488,-0.5141363,-1.029644,0.4776379,-0.8915794,0.0206555,FALSE,-0.2551808
D,T,488,-1.7860597,-1.3186302,0.6250251,-0.8915794,0.0158806,FALSE,-0.4234678
D,V,488,-3.2995628,-1.23703,1.9515098,-0.8915794,0.0222328,FALSE,-0.3685644
D,W,488,-2.6932592,-1.3448143,1.638312,-0.8915794,0.0172,FALSE,-0.4424226
D,Y,488,-1.3400227,-1.3047371,0.9934931,-0.8915794,0.0172,FALSE,-0.4136784
N,A,489,-2.9808128,-1.055748,-0.5222101,-1.0340536,0.0172,FALSE,-0.2675486
N,C,489,-2.7239331,-1.2737236,-0.9091014,-1.0340536,0.0172,FALSE,-0.392485
N,D,489,-1.8662595,0.0953026,-0.2224512,-1.0340536,0.0211476,FALSE,-0.0282304
N,E,489,-3.3664409,-1.1523247,-0.3329916,-1.0340536,0.0172,FALSE,-0.3179378
N,F,489,-2.7602397,-1.2326927,0.1410323,-1.0340536,0.0172,FALSE,-0.3658182
N,G,489,-3.4392757,-1.2278366,-0.6880207,-1.0340536,0.0172,FALSE,-0.3627635
N,H,489,-2.5113312,-1.1642265,0.0723232,-1.0340536,0.0158842,FALSE,-0.3246761
N,I,489,-2.8613821,-1.1613312,0.362113,-1.0340536,0.0147,FALSE,-0.3230258
N,K,489,-2.7704808,-1.1459084,0.4776379,-1.0340536,0.0177065,FALSE,-0.3143548
N,L,489,-3.5981754,-1.0645409,-0.0063549,-1.0340536,0.0172,FALSE,-0.2718308
N,M,489,-2.7239094,-1.0189476,-0.5037867,-1.0340536,0.0172,FALSE,-0.2502595
N,P,489,-2.4385969,-1.3096809,-1.1117588,-1.0340536,0.0172,FALSE,-0.4171408
N,Q,489,-1.5386231,-1.1831741,-2.0697755,-1.0340536,0.0158842,FALSE,-0.3356524
N,R,489,-3.750241,-1.2383003,1.7672758,-1.0340536,0.0147,FALSE,-0.369372
N,S,489,-2.8158979,-1.1037331,-1.4618034,-1.0340536,0.0222379,FALSE,-0.2916497
N,T,489,-1.3485574,-1.0115051,-1.3144162,-1.0340536,0.0147,FALSE,-0.2468848
N,V,489,-2.2506343,-1.0711479,0.0120685,-1.0340536,0.0172,FALSE,-0.2750877
N,W,489,-2.4907787,-1.1899414,-0.3011293,-1.0340536,0.0172,FALSE,-0.3396477
N,Y,489,-2.882487,-1.065052,-0.9459482,-1.0340536,0.0172,FALSE,-0.2720816
E,A,490,0.1928867,-1.2764244,1.2329973,-0.8189846,0.0103778,FALSE,-0.3942947
E,C,490,-1.4629607,-1.6141434,0.8461059,-0.8189846,0.0158905,FALSE,-0.6776503
E,D,490,-0.0596014,-1.2016754,-1.9776585,-0.8189846,0.0165315,FALSE,-0.3466699
E,F,490,-1.3717905,-1.6060753,1.8962396,-0.8189846,0.0210184,FALSE,-0.6695033
E,G,490,-0.3928684,-1.5284042,1.0671867,-0.8189846,0.0122553,FALSE,-0.5945965
E,H,490,0.006311,-1.706234,1.8275305,-0.8189846,0.0249347,FALSE,-0.7755322
E,I,490,-0.1517483,-1.6128922,2.1173204,-0.8189846,0.0160747,FALSE,-0.6763823
E,K,490,-1.2772368,-1.2496834,2.3065389,-0.8189846,0.0127782,FALSE,-0.3766738
E,L,490,-0.3551176,-1.9116325,1.7488524,-0.8189846,0.0188315,FALSE,-1.0256971
E,M,490,-0.1863648,-1.357151,1.2514207,-0.8189846,0.0184151,FALSE,-0.4515842
E,N,490,0.6667031,-1.3870735,-0.3329916,-0.8189846,0.0124992,FALSE,-0.4744284
E,P,490,-0.5353027,-1.5248184,0.6434485,-0.8189846,0.0203347,FALSE,-0.5912919
E,Q,490,-1.0561954,-1.4543457,-0.2408746,-0.8189846,0.0147664,FALSE,-0.5290679
E,R,490,-0.2841326,-1.4301834,3.5961768,-0.8189846,0.0172503,FALSE,-0.5089143
E,S,490,-0.4132152,-1.6870384,0.293404,-0.8189846,0.0187816,FALSE,-0.7543886
E,T,490,-0.2166259,-1.4326477,0.4407911,-0.8189846,0.0278539,FALSE,-0.5109424
E,V,490,-0.6935999,-1.4529343,1.7672758,-0.8189846,0.0206729,FALSE,-0.5278742
E,W,490,-0.302676,-1.9023132,1.4540781,-0.8189846,0.0249,FALSE,-1.0134233
E,Y,490,-1.305347,-1.6798592,0.8092591,-0.8189846,0.012936,FALSE,-0.7465809
C,A,491,-3.1955897,-1.9638481,-1.7750012,-1.1824131,0.0172,FALSE,-1.0960214
C,D,491,-2.8835007,-2.0228615,1.0303399,-1.1824131,0.0172,FALSE,-1.178595
C,E,491,-2.7205057,-1.9887657,0.8461059,-1.1824131,0.0172,FALSE,-1.1304937
C,F,491,-2.3200057,-1.9753532,-1.1117588,-1.1824131,0.0114997,FALSE,-1.1118659
C,G,491,-2.8990046,-1.7531662,-1.9408117,-1.1824131,0.0172,FALSE,-0.8288608
C,H,491,-2.6864765,-1.9818459,0.4407911,-1.1824131,0.0172,FALSE,-1.1208622
C,I,491,-2.5510009,-1.996315,-0.890678,-1.1824131,0.0172,FALSE,-1.141052
C,K,491,-2.7686357,-1.77462,1.730429,-1.1824131,0.0172,FALSE,-0.854006
C,L,491,-2.6428401,-2.0565147,-1.259146,-1.1824131,0.0172,FALSE,-1.2271028
C,M,491,-0.8561384,-1.9518051,-1.7565778,-1.1824131,0.0172,FALSE,-1.0795701
C,N,491,-2.7247577,-2.0351562,-0.9091014,-1.1824131,0.0172,FALSE,-1.1961993
C,P,491,-2.9424576,-2.039425,-1.9592351,-1.1824131,0.0172,FALSE,-1.2023434
C,Q,491,-2.7221464,-2.0649643,-0.8169844,-1.1824131,0.0172,FALSE,-1.2394396
C,R,491,-3.3210794,-1.8459396,3.0200669,-1.1824131,0.0217555,FALSE,-0.9410105
C,S,491,-2.8768499,-1.8544312,-1.6091906,-1.1824131,0.0172,FALSE,-0.9517149
C,T,491,-2.5427227,-2.018013,-1.7565778,-1.1824131,0.0172,FALSE,-1.1716901
C,V,491,-3.2650082,-1.9538841,-1.2407226,-1.1824131,0.0147709,FALSE,-1.0824003
C,W,491,-2.0312797,-1.7709236,-1.5539204,-1.1824131,0.0172,FALSE,-0.8496395
C,Y,491,-2.301464,-1.9378815,-2.1250457,-1.1824131,0.0135167,FALSE,-1.060722
M,A,492,-3.4947831,-1.7838936,-2.1434691,-1.308078,0.0172,FALSE,-0.8650233
M,C,492,-3.3773912,-1.8065109,-1.7565778,-1.308078,0.0172,FALSE,-0.8922658
M,D,492,-3.1816778,-1.7885704,1.4356547,-1.308078,0.0172,FALSE,-0.8706132
M,E,492,-2.8294823,-1.6012955,1.2514207,-1.308078,0.0158724,FALSE,-0.6647093
M,F,492,-3.1477115,-1.8007507,-1.5170736,-1.308078,0.0172,FALSE,-0.8852776
M,G,492,-3.4075223,-1.7782516,-1.9776585,-1.308078,0.0172,FALSE,-0.8583098
M,H,492,-2.2482783,-1.7288818,0.8461059,-1.308078,0.0158724,FALSE,-0.800978
M,I,492,-1.324186,-1.4397087,-1.2959928,-1.308078,0.0214276,FALSE,-0.516788
M,K,492,-2.4011105,-1.6025314,2.1357438,-1.308078,0.02752,FALSE,-0.6659465
M,L,492,-2.1985473,-1.8165665,-1.6644608,-1.308078,0.0176675,FALSE,-0.9045466
M,N,492,-2.8000556,-1.7798729,-0.5037867,-1.308078,0.0172,FALSE,-0.8602356
M,P,492,-3.1338837,-1.7748871,-1.5539204,-1.308078,0.0172,FALSE,-0.8543221
M,Q,492,-1.005264,-1.6803703,-0.4116697,-1.308078,0.0172,FALSE,-0.7471349
M,R,492,-3.7521979,-1.7121582,3.4253817,-1.308078,0.01764,FALSE,-0.7821362
M,S,492,-3.122815,-1.7312317,-1.2038758,-1.308078,0.0172,FALSE,-0.8036491
M,T,492,-2.0177044,-1.6147499,-1.351263,-1.308078,0.0244065,FALSE,-0.6782655
M,V,492,-1.9600386,-1.6362267,-1.6460374,-1.308078,0.0280011,FALSE,-0.7003028
M,W,492,-3.233263,-1.6352654,-1.9592351,-1.308078,0.0172,FALSE,-0.699306
M,Y,492,-3.2323647,-1.7109032,-1.719731,-1.308078,0.0172,FALSE,-0.7807341
E,A,493,0.0221467,-1.6299706,1.2329973,-1.0685867,0.0230863,FALSE,-0.6938329
E,C,493,-1.9185802,-1.7834778,0.8461059,-1.0685867,0.0375,FALSE,-0.8645274
E,D,493,-0.1470382,-1.1450577,-1.9776585,-1.0685867,0.0132507,FALSE,-0.3138823
E,F,493,-1.784407,-1.9237404,1.8962396,-1.0685867,0.0351708,FALSE,-1.0417701
E,G,493,0.2723381,-1.4919205,1.0671867,-1.0685867,0.0166948,FALSE,-0.5616021
E,H,493,-0.2541363,-1.7184982,1.8275305,-1.0685867,0.0178527,FALSE,-0.7892446
E,I,493,-1.8081892,-1.8215752,2.1173204,-1.0685867,0.0147,FALSE,-0.9107023
E,K,493,-1.2253686,-1.3136635,2.3065389,-1.0685867,0.0187335,FALSE,-0.4199469
E,L,493,-1.9787472,-1.6498947,1.7488524,-1.0685867,0.0181998,FALSE,-0.7145824
E,M,493,-0.7643116,-1.7356682,1.2514207,-1.0685867,0.0224992,FALSE,-0.8087078
E,N,493,-0.6419307,-1.5111427,-0.3329916,-1.0685867,0.0140476,FALSE,-0.5788125
E,P,493,-2.7131561,-1.8247147,0.6434485,-1.0685867,0.0172,FALSE,-0.9145739
E,Q,493,-0.9956069,-1.970665,-0.2408746,-1.0685867,0.0230161,FALSE,-1.1053944
E,R,493,-1.0244552,-1.6226616,3.5961768,-1.0685867,0.0222284,FALSE,-0.6863267
E,S,493,-0.4460143,-1.8682327,0.293404,-1.0685867,0.0109466,FALSE,-0.9692675
E,T,493,-1.4471351,-1.9189758,0.4407911,-1.0685867,0.0159355,FALSE,-1.0354282
E,V,493,-1.7394269,-1.6670227,1.7672758,-1.0685867,0.0179833,FALSE,-0.7327565
E,W,493,-0.8890348,-1.6746674,1.4540781,-1.0685867,0.0172,FALSE,-0.7409685
E,Y,493,-1.1545887,-1.8312645,0.8092591,-1.0685867,0.0172,FALSE,-0.9226831
S,A,494,-0.437869,-1.9448318,-1.2222992,-1.1708678,0.0326777,FALSE,-1.0701073
S,C,494,-1.8987603,-2.064537,-1.6091906,-1.1708678,0.0292237,FALSE,-1.2388142
S,D,494,-1.8377863,-2.0480576,0.4776379,-1.1708678,0.0172,FALSE,-1.2148179
S,E,494,-0.477918,-2.069561,0.293404,-1.1708678,0.0164878,FALSE,-1.2461772
S,F,494,-1.8786969,-2.165142,-0.5590569,-1.1708678,0.0172,FALSE,-1.3903258
S,G,494,-2.0006426,-2.0956001,-1.3881098,-1.1708678,0.0136217,FALSE,-1.2846888
S,H,494,-0.7958283,-1.8795357,-0.1119108,-1.1708678,0.0124947,FALSE,-0.9837844
S,I,494,-2.1169989,-1.9762955,-0.3379761,-1.1708678,0.011589,FALSE,-1.1131691
S,K,494,-0.861069,-1.9476395,1.1777271,-1.1708678,0.0249,FALSE,-1.0739118
S,L,494,-2.2119241,-1.9357758,-0.7064441,-1.1708678,0.0159218,FALSE,-1.0578877
S,M,494,-0.780383,-2.166233,-1.2038758,-1.1708678,0.0147,FALSE,-1.3920143
S,N,494,-0.5883364,-1.9520187,-1.4618034,-1.1708678,0.0114961,FALSE,-1.0798607
S,P,494,-2.8846562,-2.0222473,-1.811848,-1.1708678,0.0172,FALSE,-1.1777191
S,Q,494,-0.9600877,-1.9596977,-1.3696864,-1.1708678,0.0252215,FALSE,-1.0903362
S,R,494,-0.8223,-1.9210777,2.467365,-1.1708678,0.0167574,FALSE,-1.0382232
S,T,494,-0.2270731,-1.9299736,-2.0145053,-1.1708678,0.0210179,FALSE,-1.0501001
S,V,494,-3.0665664,-1.9867058,-0.6880207,-1.1708678,0.0172,FALSE,-1.1276219
S,W,494,-2.590844,-2.0122032,-1.0012184,-1.1708678,0.0147,FALSE,-1.1634443
S,Y,494,-2.7770648,-2.1398087,-1.6460374,-1.1708678,0.0172,FALSE,-1.3513846
V,A,495,-2.3001887,-1.9267654,-1.627614,-1.4155154,0.0133516,FALSE,-1.045808
V,C,495,-2.8039541,-1.493988,-1.2407226,-1.4155154,0.0172,FALSE,-0.5634348
V,D,495,-3.1346305,-1.8043709,1.9515098,-1.4155154,0.0172,FALSE,-0.8896656
V,E,495,-2.7714456,-1.8805923,1.7672758,-1.4155154,0.0222508,FALSE,-0.9851479
V,F,495,-3.0302985,-1.8594666,-2.0329287,-1.4155154,0.0158934,FALSE,-0.9580967
V,G,495,-1.6941503,-1.6484375,-1.4618034,-1.4155154,0.0137972,FALSE,-0.7130506
V,H,495,-2.7585553,-1.6592712,1.3619611,-1.4155154,0.0172,FALSE,-0.7244931
V,I,495,-1.2208667,-0.8636589,-1.811848,-1.4155154,0.008528,FALSE,-0.1877227
V,K,495,-3.0774806,-1.8257866,2.6515989,-1.4155154,0.0172,FALSE,-0.915898
V,L,495,-2.5528095,-1.7858162,-2.1434691,-1.4155154,0.0146829,FALSE,-0.8673185
V,M,495,-2.6422964,-1.6999741,-1.6460374,-1.4155154,0.0172,FALSE,-0.7685943
V,N,495,-2.9978223,-1.4537277,0.0120685,-1.4155154,0.0158934,FALSE,-0.5285449
V,P,495,-2.1871014,-1.8287468,-1.0380652,-1.4155154,0.0172,FALSE,-0.9195608
V,Q,495,-2.9187633,-1.7396317,0.1041855,-1.4155154,0.0172,FALSE,-0.8132446
V,R,495,-2.0602959,-1.679142,3.9412368,-1.4155154,0.0172,FALSE,-0.7458039
V,S,495,-1.6669267,-1.6126175,-0.6880207,-1.4155154,0.0172,FALSE,-0.6761042
V,T,495,-2.8421509,-1.559124,-0.8354078,-1.4155154,0.0172,FALSE,-0.6234613
V,W,495,-2.9209125,-2.0061874,-1.8486948,-1.4155154,0.0172,FALSE,-1.1549386
V,Y,495,-2.4878105,-1.7414665,-1.2038758,-1.4155154,0.0172,FALSE,-0.8153504
R,A,496,-2.5910253,-1.3554802,3.4069583,-1.2785167,0.0172,FALSE,-0.4503347
R,C,496,-2.0322322,-1.4567413,3.0200669,-1.2785167,0.0172,FALSE,-0.5310986
R,D,496,-2.4884061,-1.0085564,3.4119428,-1.2785167,0.0172,FALSE,-0.2455589
R,E,496,-1.2968763,-1.1721954,3.5961768,-1.2785167,0.0172,FALSE,-0.3292549
R,F,496,-2.3826734,-1.1426315,4.0702006,-1.2785167,0.0172,FALSE,-0.3125381
R,G,496,-2.9963177,-1.1462364,3.2411477,-1.2785167,0.031867,FALSE,-0.3145371
R,H,496,-2.9992423,-1.4377785,0.4173832,-1.2785167,0.0172,FALSE,-0.515185
R,I,496,-2.3136567,-1.4220505,4.2912814,-1.2785167,0.0157497,FALSE,-0.5022647
R,K,496,0.0158217,0.0676346,-0.8722546,-1.2785167,0.0135831,FALSE,-0.0298619
R,L,496,-3.2858458,-1.1827583,3.9228134,-1.2785167,0.0172,FALSE,-0.3354082
R,M,496,-1.8041482,-1.2741318,3.4253817,-1.2785167,0.0172,FALSE,-0.3927581
R,N,496,-2.7188108,-1.1786957,1.7672758,-1.2785167,0.0172,FALSE,-0.3330302
R,P,496,-2.9288008,-1.4303246,2.8174095,-1.2785167,0.0172,FALSE,-0.5090303
R,Q,496,-2.0568433,-1.3929939,1.6751588,-1.2785167,0.0172,FALSE,-0.4790537
R,S,496,-2.6288493,-1.2369881,2.467365,-1.2785167,0.0190671,FALSE,-0.3685378
R,T,496,-2.6585282,-1.1846733,2.6147522,-1.2785167,0.0172,FALSE,-0.3365341
R,V,496,-1.8422676,-1.1492653,3.9412368,-1.2785167,0.0172,FALSE,-0.3162251
R,W,496,-2.9324424,-1.381855,3.6280391,-1.2785167,0.0172,FALSE,-0.4703804
R,Y,496,-2.5398281,-1.4400406,2.9832201,-1.2785167,0.0172,FALSE,-0.517064
N,A,497,0.2158331,-1.838211,-0.5222101,-1.138289,0.0122706,FALSE,-0.9313312
N,C,497,-0.7812608,-1.9860268,-0.9091014,-1.138289,0.0249,FALSE,-1.1266762
N,D,497,-0.8616077,-2.0079994,-0.2224512,-1.138289,0.0273254,FALSE,-1.1574971
N,E,497,0.4173706,-1.7174454,-0.3329916,-1.138289,0.0172625,FALSE,-0.7880612
N,F,497,-0.1447479,-2.2034607,0.1410323,-1.138289,0.009785,FALSE,-1.4501912
N,G,497,0.379928,-1.9928436,-0.6880207,-1.138289,0.0139905,FALSE,-1.1361904
N,H,497,-0.1214425,-2.0939903,0.0723232,-1.138289,0.0107546,FALSE,-1.282291
N,I,497,0.9097585,-1.9553947,0.362113,-1.138289,0.0151198,FALSE,-1.0844593
N,K,497,0.3633978,-2.086525,0.4776379,-1.138289,0.0130322,FALSE,-1.2712007
N,L,497,0.121022,-1.8848724,-0.0063549,-1.138289,0.017494,FALSE,-0.9906827
N,M,497,0.951187,-1.757267,-0.5037867,-1.138289,0.0161519,FALSE,-0.8336302
N,P,497,-3.9246267,-1.809227,-1.1117588,-1.138289,0.0172,FALSE,-0.8955727
N,Q,497,0.8560757,-1.6994896,-2.0697755,-1.138289,0.0191335,FALSE,-0.768059
N,R,497,-0.2005014,-2.044609,1.7672758,-1.138289,0.0108522,FALSE,-1.2098266
N,S,497,0.7329072,-1.8046074,-1.4618034,-1.138289,0.0198391,FALSE,-0.8899527
N,T,497,0.2029729,-1.9311943,-1.3144162,-1.138289,0.014391,FALSE,-1.0517358
N,V,497,0.1468727,-2.1032524,0.0120685,-1.138289,0.0093748,FALSE,-1.2961166
N,W,497,-1.8209218,-1.9620895,-0.3011293,-1.138289,0.0158736,FALSE,-1.0936105
N,Y,497,-0.8515399,-1.7766609,-0.9459482,-1.138289,0.0164939,FALSE,-0.856423
G,A,498,-1.1911637,-1.9123611,-1.9960819,-1.2933917,0.0190116,FALSE,-1.0266603
G,C,498,-3.0630467,-2.1215744,-1.9408117,-1.2933917,0.0172,FALSE,-1.3236784
G,D,498,-1.8363682,-2.0656242,1.2514207,-1.2933917,0.0172,FALSE,-1.2404057
G,E,498,-1.4461153,-1.809906,1.0671867,-1.2933917,0.0205038,FALSE,-0.8964006
G,F,498,-2.5171636,-1.8695755,-1.3328396,-1.2933917,0.0172,FALSE,-0.9709854
G,H,498,-1.5611112,-2.1993942,0.6618719,-1.2933917,0.0172,FALSE,-1.4437842
G,I,498,-2.0537674,-1.853981,-1.1117588,-1.2933917,0.0172,FALSE,-0.9511455
G,K,498,-2.1730516,-1.9514694,1.9515098,-1.2933917,0.0172,FALSE,-1.0791135
G,L,498,-2.2732499,-1.9540443,-1.4802268,-1.2933917,0.0158804,FALSE,-1.0826185
G,M,498,-1.5200159,-2.149231,-1.9776585,-1.2933917,0.0172,FALSE,-1.3658077
G,N,498,-1.5515751,-1.8026543,-0.6880207,-1.2933917,0.0147488,FALSE,-0.8875833
G,P,498,-3.1711688,-1.9728088,-1.7381544,-1.2933917,0.0172,FALSE,-1.1083511
G,Q,498,-1.7515084,-1.9957733,-0.5959037,-1.2933917,0.0158804,FALSE,-1.1402926
G,R,498,-1.7782731,-2.0403214,3.2411477,-1.2933917,0.013069,FALSE,-1.2036356
G,S,498,-1.296264,-1.930191,-1.3881098,-1.2933917,0.0114774,FALSE,-1.0503913
G,T,498,-1.8957562,-1.98946,-1.535497,-1.2933917,0.0158804,FALSE,-1.1314625
G,V,498,-2.6421256,-1.9960442,-1.4618034,-1.2933917,0.032149,FALSE,-1.1406723
G,W,498,-1.9826938,-2.083561,-1.7750012,-1.2933917,0.0172,FALSE,-1.2668106
G,Y,498,-1.6253975,-1.9951897,-1.9039649,-1.2933917,0.0172,FALSE,-1.1394748
T,A,499,-0.7000037,-1.8337364,-1.3696864,-1.0763582,0.0166056,FALSE,-0.9257549
T,C,499,-0.1928077,-1.9810791,-1.7565778,-1.0763582,0.015891,FALSE,-1.1197977
T,D,499,0.324447,-2.058323,0.6250251,-1.0763582,0.0086303,FALSE,-1.2297377
T,E,499,0.2650356,-2.1231308,0.4407911,-1.0763582,0.0171461,FALSE,-1.3260325
T,F,499,-0.3162718,-1.9474144,-0.7064441,-1.0763582,0.0360589,FALSE,-1.0736065
T,G,499,-0.4574008,-1.979805,-1.535497,-1.0763582,0.0152258,FALSE,-1.1180301
T,H,499,-1.028641,-1.7453003,0.0354764,-1.0763582,0.0172,FALSE,-0.8197618
T,I,499,0.8480549,-1.9591064,-0.4853633,-1.0763582,0.01486,FALSE,-1.0895276
T,K,499,-0.0148387,-1.8861656,1.3251143,-1.0763582,0.0172,FALSE,-0.9923585
T,L,499,0.5697474,-1.8931656,-0.8538312,-1.0763582,0.0123688,FALSE,-1.0014586
T,M,499,0.9692337,-1.7493019,-1.351263,-1.0763582,0.0203837,FALSE,-0.8243826
T,N,499,-1.1735547,-1.7358818,-1.3144162,-1.0763582,0.0128226,FALSE,-0.8089519
T,P,499,-2.3940511,-1.7462349,-1.9592351,-1.0763582,0.015891,FALSE,-0.8208395
T,Q,499,0.8653984,-1.8585968,-1.2222992,-1.0763582,0.0406,FALSE,-0.9569925
T,R,499,-0.5013862,-2.0288086,2.6147522,-1.0763582,0.0260458,FALSE,-1.1870935
T,S,499,0.6234222,-1.9953613,-2.0145053,-1.0763582,0.014619,FALSE,-1.1397152
T,V,499,0.7537857,-2.042923,-0.8354078,-1.0763582,0.0109678,FALSE,-1.2073902
T,W,499,-1.2866879,-2.021305,-1.1486056,-1.0763582,0.0172,FALSE,-1.176376
T,Y,499,-0.2736914,-2.099266,-1.7934246,-1.0763582,0.0147,FALSE,-1.2901572
Y,A,500,-3.4031011,-1.8656654,-1.7381544,-1.2410619,0.0172,FALSE,-0.965988
Y,C,500,-2.1252148,-2.011135,-2.1250457,-1.2410619,0.0181718,FALSE,-1.1619316
Y,D,500,-2.9059837,-1.8878822,0.9934931,-1.2410619,0.0172,FALSE,-0.9945856
Y,E,500,-2.6494251,-1.7301483,0.8092591,-1.2410619,0.0147,FALSE,-0.8024169
Y,F,500,-2.4481299,-1.6635323,-1.074912,-1.2410619,0.0172,FALSE,-0.7290277
Y,G,500,-3.595928,-2.0187836,-1.9039649,-1.2410619,0.0172,FALSE,-1.1727861
Y,H,500,-2.2510903,-1.9739914,0.4039443,-1.2410619,0.0253952,FALSE,-1.109984
Y,I,500,-3.1878704,-1.861866,-0.8538312,-1.2410619,0.0172,FALSE,-0.9611466
Y,K,500,-2.9416781,-1.9552536,1.6935822,-1.2410619,0.0172,FALSE,-1.0842669
Y,L,500,-1.8162453,-1.8947754,-1.2222992,-1.2410619,0.0147,FALSE,-1.0035582
Y,M,500,-2.1355331,-1.8867645,-1.719731,-1.2410619,0.0172,FALSE,-0.9931352
Y,N,500,-2.7424848,-1.751545,-0.9459482,-1.2410619,0.0190503,FALSE,-0.8269802
Y,P,500,-2.3598479,-2.0283127,-1.9960819,-1.2410619,0.0172,FALSE,-1.1863836
Y,Q,500,-2.4359721,-1.9148483,-0.8538312,-1.2410619,0.0172,FALSE,-1.0299521
Y,R,500,-3.6289923,-1.9252243,2.9832201,-1.2410619,0.0172,FALSE,-1.0437498
Y,S,500,-2.368035,-2.0747185,-1.6460374,-1.2410619,0.0172,FALSE,-1.2537587
Y,T,500,-2.995081,-2.0818977,-1.7934246,-1.2410619,0.0172,FALSE,-1.2643504
Y,V,500,-3.5302217,-2.1088562,-1.2038758,-1.2410619,0.0172,FALSE,-1.3045165
Y,W,500,-1.7263284,-2.1578293,-1.5170736,-1.2410619,0.0172,FALSE,-1.3790321
D,A,501,-0.4822183,-1.808548,1.4172313,-0.9577494,0.0136947,FALSE,-0.8947453
D,C,501,-1.5602206,-1.8815498,1.0303399,-0.9577494,0.0158777,FALSE,-0.9863845
D,E,501,-0.9499024,-1.5776634,-1.9776585,-0.9577494,0.0137618,FALSE,-0.6413628
D,F,501,-1.6569746,-1.6344109,2.0804736,-0.9577494,0.0172,FALSE,-0.6984207
D,G,501,-2.1919409,-1.5458069,1.2514207,-0.9577494,0.0182906,FALSE,-0.6108263
D,H,501,-0.2179455,-1.8225975,2.0117645,-0.9577494,0.0172,FALSE,-0.9119619
D,I,501,-1.0460308,-1.7243996,2.3015544,-0.9577494,0.0147,FALSE,-0.7958992
D,K,501,-0.0907642,-1.6902275,2.1223049,-0.9577494,0.0176964,FALSE,-0.7578744
D,L,501,-0.628389,-1.7446594,1.9330864,-0.9577494,0.0137618,FALSE,-0.8190233
D,M,501,0.0822813,-1.8765335,1.4356547,-0.9577494,0.0124959,FALSE,-0.9799161
D,N,501,0.1491372,-0.8318443,-0.2224512,-0.9577494,0.0184608,FALSE,-0.1768043
D,P,501,-1.4136632,-1.7123909,0.8276825,-0.9577494,0.0147,FALSE,-0.7823963
D,Q,501,-1.0970203,-1.8028793,-0.3145682,-0.9577494,0.0172,FALSE,-0.887856
D,R,501,-0.9337899,-1.5912857,3.4119428,-0.9577494,0.0158777,FALSE,-0.6547482
D,S,501,0.4359305,-1.489109,0.4776379,-0.9577494,0.012044,FALSE,-0.5591172
D,T,501,-1.159135,-1.540844,0.6250251,-0.9577494,0.0219,FALSE,-0.6061654
D,V,501,-0.977059,-1.805233,1.9515098,-0.9577494,0.0171749,FALSE,-0.8907125
D,W,501,-0.6925749,-1.7564087,1.638312,-0.9577494,0.0147,FALSE,-0.8326305
D,Y,501,-0.6645508,-1.8048248,0.9934931,-0.9577494,0.0114009,FALSE,-0.8902167
Y,A,502,-0.5701131,-1.9199333,-1.7381544,-0.827045,0.0175032,FALSE,-1.0367009
Y,C,502,-1.5427656,-1.8369255,-2.1250457,-0.827045,0.0192778,FALSE,-0.9297272
Y,D,502,-1.9958309,-1.6758537,0.9934931,-0.827045,0.0158813,FALSE,-0.7422484
Y,E,502,-1.6212016,-1.7970238,0.8092591,-0.827045,0.0298901,FALSE,-0.8807744
Y,F,502,-1.4536876,-1.7241974,-1.074912,-0.827045,0.01764,FALSE,-0.7956706
Y,G,502,-0.7209002,-1.7212448,-1.9039649,-0.827045,0.0172,FALSE,-0.7923372
Y,H,502,-0.2903245,-1.9636612,0.4039443,-0.827045,0.0381908,FALSE,-1.095765
Y,I,502,-2.250427,-1.9197197,-0.8538312,-0.827045,0.0172,FALSE,-1.0364169
Y,K,502,-2.4873983,-1.8108406,1.6935822,-0.827045,0.0158813,FALSE,-0.8975409
Y,L,502,-1.0371754,-1.6615906,-1.2222992,-0.827045,0.0129115,FALSE,-0.726959
Y,M,502,-2.039728,-2.0441895,-1.719731,-0.827045,0.0172,FALSE,-1.2092201
Y,N,502,-1.4675889,-1.9569092,-0.9459482,-0.827045,0.0158813,FALSE,-1.0865257
Y,P,502,-1.242863,-2.0359726,-1.9960819,-0.827045,0.0158813,FALSE,-1.1973731
Y,Q,502,-1.3464639,-1.9888878,-0.8538312,-0.827045,0.0172,FALSE,-1.130664
Y,R,502,-1.8372266,-1.7817726,2.9832201,-0.827045,0.0172,FALSE,-0.8624956
Y,S,502,-1.4738043,-1.7489624,-1.6460374,-0.827045,0.025823,FALSE,-0.82399
Y,T,502,-1.3305616,-1.8346825,-1.7934246,-0.827045,0.0172,FALSE,-0.9269323
Y,V,502,-1.3820502,-1.7722778,-1.2038758,-0.827045,0.0121539,FALSE,-0.8512375
Y,W,502,-0.9116427,-1.8569756,-1.5170736,-0.827045,0.019431,FALSE,-0.9549364
P,A,503,-0.8886175,-2.020729,-1.5723438,-1.0272369,0.0172,FALSE,-1.1755554
P,C,503,0.1151013,-2.11594,-1.9592351,-1.0272369,0.0172,FALSE,-1.3151727
P,D,503,-1.0253914,-2.1654778,0.8276825,-1.0272369,0.0158953,FALSE,-1.3908454
P,E,503,-0.5480633,-2.165985,0.6434485,-1.0272369,0.0172,FALSE,-1.3916304
P,F,503,-0.5118838,-1.8911171,-0.9091014,-1.0272369,0.0147747,FALSE,-0.9987905
P,G,503,-0.9700154,-1.9202995,-1.7381544,-1.0272369,0.0109238,FALSE,-1.0371879
P,H,503,-0.6909258,-2.107067,0.2381338,-1.0272369,0.0172,FALSE,-1.3018317
P,I,503,-0.144872,-1.9698715,-0.6880207,-1.0272369,0.0284977,FALSE,-1.1043011
P,K,503,-0.5958383,-1.8807487,1.5277716,-1.0272369,0.0177296,FALSE,-0.9853498
P,L,503,-0.591488,-1.8281403,-1.0564886,-1.0272369,0.0184393,FALSE,-0.9188096
P,M,503,-0.1686519,-2.0647545,-1.5539204,-1.0272369,0.0158953,FALSE,-1.2391325
P,N,503,-1.0883624,-2.0942497,-1.1117588,-1.0272369,0.0172,FALSE,-1.2826772
P,Q,503,-1.8847319,-2.0615501,-1.0196418,-1.0272369,0.0147,FALSE,-1.2344472
P,R,503,-0.4971079,-1.7830505,2.8174095,-1.0272369,0.0171015,FALSE,-0.864018
P,S,503,-1.0581065,-1.5050697,-1.811848,-1.0272369,0.0243489,FALSE,-0.5733334
P,T,503,-0.8614535,-1.9498749,-1.9592351,-1.0272369,0.0172424,FALSE,-1.0769462
P,V,503,-0.750011,-1.7288094,-1.0380652,-1.0272369,0.0248512,FALSE,-0.8008958
P,W,503,-1.4456317,-2.144638,-1.351263,-1.0272369,0.0177296,FALSE,-1.358768
P,Y,503,-1.4220751,-2.0855255,-1.9960819,-1.0272369,0.02562,FALSE,-1.2697195
K,A,504,-0.9188106,-1.4153976,2.1173204,,0.0222398,FALSE,-0.496875
K,C,504,-2.0764132,-1.5832825,1.730429,,0.0172,FALSE,-0.6468604
K,D,504,-1.8332235,-1.148201,2.1223049,,0.0147,FALSE,-0.3156311
K,E,504,-1.5877502,-1.4372253,2.3065389,,0.0295783,FALSE,-0.5147263
K,F,504,-0.8562676,-1.5138245,2.7805627,,0.0158856,FALSE,-0.5812443
K,G,504,-0.8306489,-1.4395294,1.9515098,,0.0160356,FALSE,-0.5166389
K,H,504,-0.4800164,-1.3785858,-0.8722546,,0.0228956,FALSE,-0.4678583
K,I,504,-1.0910933,-1.5152893,3.0016435,,0.0194284,FALSE,-0.5825757
K,L,504,0.0435045,-1.5557785,2.6331756,,0.0131275,FALSE,-0.6202695
K,M,504,-0.809138,-1.075882,2.1357438,,0.0147578,FALSE,-0.2774421
K,N,504,-1.6920327,-1.4719582,0.4776379,,0.0137795,FALSE,-0.5441359
K,P,504,-2.9710309,-1.5960579,1.5277716,,0.0158856,FALSE,-0.6594839
K,Q,504,-1.0784186,-1.170063,0.385521,,0.01764,FALSE,-0.3280243
K,R,504,0.2970003,-0.6221962,-0.8722546,,0.0098354,FALSE,-0.1182836
K,S,504,-0.6312246,-1.2956161,1.1777271,,0.0129669,FALSE,-0.4073514
K,T,504,-1.2005801,-1.2698898,1.3251143,,0.0232228,FALSE,-0.3899277
K,V,504,-1.1168453,-1.4452438,2.6515989,,0.0125029,FALSE,-0.5214059
K,W,504,-1.495476,-1.6027908,2.3384012,,0.0202935,FALSE,-0.6662064
K,Y,504,-0.3772282,-1.3582077,1.6935822,,0.0207132,FALSE,-0.4523758
Y,A,505,-2.7572197,-2.0892143,-1.7381544,,0.0172,FALSE,-1.2751904
Y,C,505,-2.2700362,-1.8554535,-2.1250457,,0.0318624,FALSE,-0.9530085
Y,D,505,-2.5444431,-1.8836212,0.9934931,,0.0151544,FALSE,-0.9890628
Y,E,505,-2.5753465,-2.0353851,0.8092591,,0.0172,FALSE,-1.1965284
Y,F,505,-1.6110696,-1.7056007,-1.074912,,0.012912,FALSE,-0.7748285
Y,G,505,-3.265122,-1.948986,-1.9039649,,0.0172,FALSE,-1.075739
Y,H,505,-1.8907944,-1.8993683,0.4039443,,0.0203394,FALSE,-1.0095625
Y,I,505,-1.9300587,-1.9405708,-0.8538312,,0.0172,FALSE,-1.064348
Y,K,505,-2.2918783,-2.0612488,1.6935822,,0.0172,FALSE,-1.2340071
Y,L,505,-3.2419511,-1.8315544,-1.2222992,,0.0147507,FALSE,-0.9230431
Y,M,505,-2.0774464,-1.9009094,-1.719731,,0.0172,FALSE,-1.0115818
Y,N,505,-2.2023005,-1.8780861,-0.9459482,,0.0172,FALSE,-0.9819155
Y,P,505,-2.7281135,-2.0937996,-1.9960819,,0.0172,FALSE,-1.2820071
Y,Q,505,-1.4351708,-1.9769287,-0.8538312,,0.0172,FALSE,-1.1140453
Y,R,505,-2.1649825,-1.7535629,2.9832201,,0.0172,FALSE,-0.8293214
Y,S,505,-2.8930443,-1.8903236,-1.6460374,,0.024972,FALSE,-0.9977581
Y,T,505,-1.7244945,-1.6798134,-1.7934246,,0.0172,FALSE,-0.7465312
Y,V,505,-3.5532402,-2.0489883,-1.2038758,,0.0172,FALSE,-1.2161667
Y,W,505,-1.3230494,-1.8354645,-1.5170736,,0.0172,FALSE,-0.9279061
S,A,506,0.3024381,-1.8641243,-1.2222992,,0.0156387,FALSE,-0.9640225
S,C,506,-0.7176299,-1.9371758,-1.6091906,,0.0229657,FALSE,-1.0597716
S,D,506,-2.1442725,-1.9614906,0.4776379,,0.02352,FALSE,-1.0927901
S,E,506,-0.249227,-1.6438408,0.293404,,0.0250517,FALSE,-0.7082332
S,F,506,-0.4078183,-1.9033165,-0.5590569,,0.025494,FALSE,-1.0147406
S,G,506,-0.7431788,-1.496624,-1.3881098,,0.0146071,FALSE,-0.5657777
S,H,506,0.5520523,-2.0509834,-0.1119108,,0.0125063,FALSE,-1.2190608
S,I,506,-0.5991997,-1.8754692,-0.3379761,,0.0159175,FALSE,-0.9785469
S,K,506,-1.0099203,-1.9375839,1.1777271,,0.0172,FALSE,-1.0603212
S,L,506,0.794571,-1.7967796,-0.7064441,,0.0138659,FALSE,-0.8804798
S,M,506,-1.477662,-1.869648,-1.2038758,,0.014813,FALSE,-0.9710782
S,N,506,-0.6947919,-1.6698799,-1.4618034,,0.0159175,FALSE,-0.7358185
S,P,506,-1.7029026,-1.9070435,-1.811848,,0.0254531,FALSE,-1.0196426
S,Q,506,-0.6036168,-1.7070656,-1.3696864,,0.0249,FALSE,-0.776457
S,R,506,-0.7080861,-1.9245186,2.467365,,0.0115947,FALSE,-1.042808
S,T,506,-0.1290224,-1.6236076,-2.0145053,,0.0194713,FALSE,-0.6872951
S,V,506,-0.345677,-1.8525162,-0.6880207,,0.0138518,FALSE,-0.9492945
S,W,506,0.470748,-1.7564507,-1.0012184,,0.0179129,FALSE,-0.8326794
S,Y,506,-0.0808021,-1.6485443,-1.6460374,,0.0172,FALSE,-0.7131628
E,A,507,-0.0720905,-1.7533875,1.2329973,,0.0159169,FALSE,-0.8291178
E,C,507,-0.7476321,-1.7304955,0.8461059,,0.0200944,FALSE,-0.8028116
E,D,507,-0.3235098,-1.5884361,-1.9776585,,0.0651365,TRUE,-0.6519319
E,F,507,-0.5167806,-2.024498,1.8962396,,0.0147,FALSE,-1.1809304
E,G,507,-0.1014139,-1.837059,1.0671867,,0.0182537,FALSE,-0.9298937
E,H,507,-0.8179155,-1.8627281,1.8275305,,0.0159169,FALSE,-0.9622439
E,I,507,0.4118927,-1.8199997,2.1173204,,0.0191671,FALSE,-0.9087633
E,K,507,-0.4640003,-1.4070816,2.3065389,,0.0134628,FALSE,-0.490201
E,L,507,0.3324202,-2.0046692,1.7488524,,0.0161414,FALSE,-1.1527973
E,M,507,-1.3308261,-2.0300903,1.2514207,,0.0172,FALSE,-1.1889292
E,N,507,-1.2341151,-2.0393143,-0.3329916,,0.0195079,FALSE,-1.2021839
E,P,507,-0.6537069,-1.786869,0.6434485,,0.0246869,FALSE,-0.868577
E,Q,507,-1.1159822,-1.9336357,-0.2408746,,0.0166206,FALSE,-1.0550115
E,R,507,-0.2277961,-1.7075844,3.5961768,,0.0236984,FALSE,-0.7770343
E,S,507,-0.7024247,-1.709259,0.293404,,0.014812,FALSE,-0.7788997
E,T,507,-0.4312534,-1.79076,0.4407911,,0.0138505,FALSE,-0.8732381
E,V,507,-0.5053901,-1.9094048,1.7672758,,0.0155662,FALSE,-1.0227554
E,W,507,-0.5004641,-1.9239578,1.4540781,,0.0172,FALSE,-1.04206
E,Y,507,-0.861177,-1.8735046,0.8092591,,0.0138505,FALSE,-0.9760225
E,A,508,0.3867043,-1.6229706,1.2329973,,0.0229163,FALSE,-0.6866429
E,C,508,-1.6076938,-1.7711067,0.8461059,,0.0172,FALSE,-0.8498554
E,D,508,-0.4502916,-1.5335732,-1.9776585,,0.0220031,FALSE,-0.5993839
E,F,508,-0.6205188,-1.918354,1.8962396,,0.0129836,FALSE,-1.0346022
E,G,508,-1.9476508,-1.6945419,1.0671867,,0.0159186,FALSE,-0.7626072
E,H,508,-1.7139448,-1.7519951,1.8275305,,0.02064,FALSE,-0.827502
E,I,508,-0.3428406,-1.6792068,2.1173204,,0.0283608,FALSE,-0.745874
E,K,508,-1.6346168,-1.767807,2.3065389,,0.0129161,FALSE,-0.8459689
E,L,508,0.0115916,-1.7828484,1.7488524,,0.0190616,FALSE,-0.8637771
E,M,508,-1.3609607,-1.755909,1.2514207,,0.0147973,FALSE,-0.8320488
E,N,508,-1.9549241,-1.7356911,-0.3329916,,0.0172,FALSE,-0.808734
E,P,508,-1.5410218,-1.9006462,0.6434485,,0.0159084,FALSE,-1.0112368
E,Q,508,-0.4774639,-1.7254143,-0.2408746,,0.0249,FALSE,-0.7970471
E,R,508,-2.569942,-1.6528854,3.5961768,,0.0159084,FALSE,-0.7177334
E,S,508,-0.8045504,-1.8512077,0.293404,,0.0114581,FALSE,-0.9476428
E,T,508,-1.2068106,-1.6675186,0.4407911,,0.0192633,FALSE,-0.7332874
E,V,508,-0.5908378,-1.810257,1.7672758,,0.0170822,FALSE,-0.8968288
E,W,508,-1.1123582,-1.891552,1.4540781,,0.0159084,FALSE,-0.9993566
E,Y,508,-1.445422,-1.9334068,0.8092591,,0.0147,FALSE,-1.0547041
S,A,509,0.0833976,-1.0958061,-1.2222992,,0.0232855,FALSE,-0.2875433
S,C,509,-0.436191,-1.891346,-1.6091906,,0.0175829,FALSE,-0.9990884
S,D,509,-2.626624,-1.7094536,0.4776379,,0.0172,FALSE,-0.7791167
S,E,509,-2.9432229,-1.5579414,0.293404,,0.0172,FALSE,-0.6223317
S,F,509,-2.5343185,-1.7732811,-0.5590569,,0.0147,FALSE,-0.8524227
S,G,509,0.0253058,-1.9026985,-1.3881098,,0.0116711,FALSE,-1.0139291
S,H,509,-3.059728,-1.6892395,-0.1119108,,0.0172,FALSE,-0.7567933
S,I,509,0.2416354,-1.6374779,-0.3379761,,0.0134969,FALSE,-0.7016018
S,K,509,-1.4792237,-1.5441399,1.1777271,,0.0172,FALSE,-0.6092579
S,L,509,0.3548276,-1.836071,-0.7064441,,0.018174,FALSE,-0.9286618
S,M,509,-0.8341473,-1.5739899,-1.2038758,,0.0172,FALSE,-0.6377869
S,N,509,-2.4175366,-1.5062943,-1.4618034,,0.0172,FALSE,-0.5744352
S,P,509,-3.062348,-1.7533493,-1.811848,,0.0178252,FALSE,-0.8290734
S,Q,509,-1.8636592,-1.7567787,-1.3696864,,0.0172,FALSE,-0.8330613
S,R,509,-1.2552991,-1.4950333,2.467365,,0.0148544,FALSE,-0.564363
S,T,509,0.6899175,-1.5088806,-2.0145053,,0.0172645,FALSE,-0.5767671
S,V,509,-0.2378058,-1.7038231,-0.6880207,,0.0118665,FALSE,-0.7728553
S,W,509,-2.6251379,-1.6721573,-1.0012184,,0.0172,FALSE,-0.7382653
S,Y,509,-2.2429318,-1.8268318,-1.6460374,,0.0172,FALSE,-0.9171903
K,A,510,0.1615966,-1.5437241,2.1173204,,0.0210609,FALSE,-0.6088671
K,C,510,-1.5229234,-1.3997192,1.730429,,0.0172,FALSE,-0.4843504
K,D,510,-1.0879752,-1.4229698,2.1223049,,0.0159747,FALSE,-0.503013
K,E,510,-0.1905544,-1.425045,2.3065389,,0.0122862,FALSE,-0.5047052
K,F,510,-0.2158104,-1.442646,2.7805627,,0.0160971,FALSE,-0.5192347
K,G,510,-0.0984122,-1.5272255,1.9515098,,0.0211623,FALSE,-0.5935088
K,H,510,-0.2305164,-1.763813,-0.8722546,,0.0103346,FALSE,-0.8412797
K,I,510,-0.5278906,-1.5083771,3.0016435,,0.0219,FALSE,-0.5763126
K,L,510,-0.1853094,-1.7132416,2.6331756,,0.0148094,FALSE,-0.7833479
K,M,510,-0.2528033,-1.5419044,2.1357438,,0.0188463,FALSE,-0.6071591
K,N,510,-0.1917853,-1.1045685,0.4776379,,0.0156675,FALSE,-0.2920854
K,P,510,-2.3501447,-1.3864746,1.5277716,,0.0172,FALSE,-0.4739624
K,Q,510,-0.4584223,-1.5095444,0.385521,,0.0127909,FALSE,-0.5773668
K,R,510,-0.4824852,-0.8229332,-0.8722546,,0.0132501,FALSE,-0.1738518
K,S,510,0.0416708,-1.3704224,1.1777271,,0.0156675,FALSE,-0.4616068
K,T,510,-0.4913003,-1.450985,1.3251143,,0.0179977,FALSE,-0.5262289
K,V,510,-0.047194,-1.5871086,2.6515989,,0.0202783,FALSE,-0.6506229
K,W,510,-0.0645294,-1.6030464,2.3384012,,0.0204214,FALSE,-0.6664626
K,Y,510,-0.3968215,-1.632698,1.6935822,,0.0223645,FALSE,-0.6966484
L,A,511,-0.6121418,-1.8488541,-1.6460374,,0.0296208,FALSE,-0.9446763
L,C,511,-1.2076137,-1.8282547,-1.259146,,0.0147,FALSE,-0.9189513
L,D,511,-2.1468443,-1.887558,1.9330864,,0.0149265,FALSE,-0.9941648
L,E,511,-1.1493796,-1.7427864,1.7488524,,0.0149265,FALSE,-0.8168674
L,F,511,-1.3576932,-1.7966843,-2.0145053,,0.0195094,FALSE,-0.8803649
L,G,511,-0.7284102,-1.948803,-1.4802268,,0.0173972,FALSE,-1.0754905
L,H,511,-1.4691991,-1.9529572,1.3435377,,0.022204,FALSE,-1.081138
L,I,511,-1.4679077,-1.5916176,-1.7934246,,0.0172,FALSE,-0.6550768
L,K,511,-1.3997811,-1.9446831,2.6331756,,0.0172,FALSE,-1.069906
L,M,511,-0.2082313,-1.6500206,-1.6644608,,0.02352,FALSE,-0.7147149
L,N,511,-1.1084665,-1.8200607,-0.0063549,,0.0140012,FALSE,-0.9088383
L,P,511,-1.0603347,-1.8931923,-1.0564886,,0.0159828,FALSE,-1.0014934
L,Q,511,-1.6359809,-1.8196793,0.0857621,,0.0149265,FALSE,-0.9083693
L,R,511,-1.4003716,-1.7764626,3.9228134,,0.0159828,FALSE,-0.856188
L,S,511,-0.4469685,-1.7716026,-0.7064441,,0.0349959,FALSE,-0.8504405
L,T,511,-0.6977875,-1.6400528,-0.8538312,,0.0196293,FALSE,-0.7042801
L,V,511,-0.595683,-1.8001709,-2.1434691,,0.0160234,FALSE,-0.8845761
L,W,511,-1.9308882,-2.0555038,-1.8671182,,0.0147,FALSE,-1.225631
L,Y,511,-1.970232,-1.7806206,-1.2222992,,0.0172,FALSE,-0.8611247
N,A,512,-0.516416,-1.6419258,-0.5222101,,0.0292875,FALSE,-0.7062328
N,C,512,-0.879632,-1.6991692,-0.9091014,,0.008082,FALSE,-0.7677052
N,D,512,-0.778059,-1.6346245,-0.2224512,,0.0204117,FALSE,-0.6986419
N,E,512,-0.7034477,-1.6482735,-0.3329916,,0.0219,FALSE,-0.7128783
N,F,512,-0.8161283,-1.8474007,0.1410323,,0.0194749,FALSE,-0.9428472
N,G,512,-0.7066641,-1.7006226,-0.6880207,,0.0396051,FALSE,-0.7693111
N,H,512,-1.015332,-1.7931786,0.0723232,,0.0181118,FALSE,-0.8761432
N,I,512,0.9828905,-1.5708809,0.362113,,0.0186962,FALSE,-0.6347715
N,K,512,0.3582893,-1.1752396,0.4776379,,0.0164398,FALSE,-0.3310184
N,L,512,-0.5696268,-1.7199783,-0.0063549,,0.0148052,FALSE,-0.7909101
N,M,512,-0.317443,-1.8479729,-0.5037867,,0.0172,FALSE,-0.943567
N,P,512,-2.0165675,-1.7988205,-1.1117588,,0.0159433,FALSE,-0.8829436
N,Q,512,-0.042786,-1.9792328,-2.0697755,,0.0147,FALSE,-1.1172368
N,R,512,0.093861,-1.6072121,1.7672758,,0.0201242,FALSE,-0.670647
N,S,512,-0.1383718,-1.2908325,-1.4618034,,0.0192048,FALSE,-0.4040646
N,T,512,-0.5751299,-1.6983986,-1.3144162,,0.0167509,FALSE,-0.7668547
N,V,512,-0.0408536,-1.5874519,0.0120685,,0.0221088,FALSE,-0.6509612
N,W,512,-1.2822946,-1.6624565,-0.3011293,,0.0172,FALSE,-0.727881
N,Y,512,-0.722736,-1.6714783,-0.9459482,,0.0237414,FALSE,-0.7375352
R,A,513,-0.9498821,-1.874485,3.4069583,,0.0141198,FALSE,-0.9772818
R,C,513,-2.0628765,-1.838932,3.0200669,,0.0209151,FALSE,-0.9322317
R,D,513,-1.5827263,-2.0274277,3.4119428,,0.0172,FALSE,-1.1851173
R,E,513,-1.3887573,-1.7982483,3.5961768,,0.0172,FALSE,-0.8822524
R,F,513,-1.1318884,-1.9366608,4.0702006,,0.0284023,FALSE,-1.0590784
R,G,513,-2.033581,-1.9601936,3.2411477,,0.060985,TRUE,-1.0910147
R,H,513,-0.6929037,-1.9196625,0.4173832,,0.0192409,FALSE,-1.0363409
R,I,513,-0.5926845,-1.8876572,4.2912814,,0.0318846,FALSE,-0.9942936
R,K,513,-0.4251653,-1.7640343,-0.8722546,,0.0150875,FALSE,-0.841539
R,L,513,-1.0061256,-1.9640923,3.9228134,,0.0121189,FALSE,-1.0963564
R,M,513,-1.1989593,-2.4222527,3.4253817,,0.0172,FALSE,-1.8120258
R,N,513,-1.2485324,-2.0775108,1.7672758,,0.0150162,FALSE,-1.257873
R,P,513,-2.1356586,-1.8789482,2.8174095,,0.0172,FALSE,-0.9830267
R,Q,513,-0.7433447,-2.1271172,1.6751588,,0.0173987,FALSE,-1.3320715
R,S,513,-0.9254799,-1.7931633,2.467365,,0.0102278,FALSE,-0.8761248
R,T,513,-0.9824034,-1.7116699,2.6147522,,0.0210226,FALSE,-0.7815904
R,V,513,-1.4467461,-2.0213165,3.9412368,,0.0249,FALSE,-1.1763924
R,W,513,0.1452746,-2.1136742,3.6280391,,0.0254256,FALSE,-1.3117597
R,Y,513,-1.0973529,-2.0154915,2.9832201,,0.0406,FALSE,-1.1681076
E,A,514,-1.4670267,-1.8179626,1.2329973,,0.0161412,FALSE,-0.9062599
E,C,514,-2.5592841,-1.8566742,0.8461059,,0.0172,FALSE,-0.9545545
E,D,514,-1.1890769,-1.6118355,-1.9776585,,0.0249,FALSE,-0.6753128
E,F,514,-1.1961886,-1.7647133,1.8962396,,0.0162265,FALSE,-0.8423352
E,G,514,-0.9232346,-1.7277565,1.0671867,,0.0143976,FALSE,-0.7997009
E,H,514,-1.5480707,-2.0445328,1.8275305,,0.0172,FALSE,-1.2097164
E,I,514,0.4624047,-1.8925018,2.1173204,,0.0192193,FALSE,-1.0005935
E,K,514,-1.1884216,-1.5644302,2.3065389,,0.0164951,FALSE,-0.6285478
E,L,514,-1.2361019,-1.7448616,1.7488524,,0.0224225,FALSE,-0.8192562
E,M,514,-0.9866779,-1.668026,1.2514207,,0.0172,FALSE,-0.7338308
E,N,514,-0.5555068,-1.6475067,-0.3329916,,0.016016,FALSE,-0.7120733
E,P,514,-1.1186099,-1.848217,0.6434485,,0.0172,FALSE,-0.9438742
E,Q,514,-1.3867564,-1.6376839,-0.2408746,,0.0219,FALSE,-0.7018158
E,R,514,-0.1177122,-1.568367,3.5961768,,0.02058,FALSE,-0.6323409
E,S,514,-0.4820353,-1.8912163,0.293404,,0.0169942,FALSE,-0.9989196
E,T,514,-0.7679224,-1.703064,0.4407911,,0.02064,FALSE,-0.7720137
E,V,514,-2.1075236,-1.7065582,1.7672758,,0.0212626,FALSE,-0.7758927
E,W,514,-2.00596,-1.8849182,1.4540781,,0.0172,FALSE,-0.990742
E,Y,514,-1.3564318,-1.9479332,0.8092591,,0.0192193,FALSE,-1.0743102
K,A,515,-0.7421036,-1.0369911,2.1173204,,0.0150066,FALSE,-0.2586101
K,C,515,-2.3960017,-1.2350006,1.730429,,0.0172,FALSE,-0.3672773
K,D,515,-0.4769486,-1.0831375,2.1223049,,0.0130945,FALSE,-0.2810844
K,E,515,-0.6339746,-0.1755753,2.3065389,,0.0143165,FALSE,-0.0488194
K,F,515,-0.8121288,-1.0617828,2.7805627,,0.0219,FALSE,-0.2704812
K,G,515,0.1124792,-0.9120865,1.9515098,,0.0183047,FALSE,-0.2055215
K,H,515,-0.8602195,-1.0185738,-0.8722546,,0.0172,FALSE,-0.2500891
K,I,515,-0.4267657,-0.9513206,3.0016435,,0.0210859,FALSE,-0.2210412
K,L,515,-1.070777,-1.058136,2.6331756,,0.0156671,FALSE,-0.2687057
K,M,515,-0.3051311,-0.9960594,2.1357438,,0.0171629,FALSE,-0.240009
K,N,515,0.8214921,-1.1229897,0.4776379,,0.0111287,FALSE,-0.3018358
K,P,515,-0.1800091,-1.2329941,1.5277716,,0.017918,FALSE,-0.3660085
K,Q,515,-0.4798014,-1.0827141,0.385521,,0.0218241,FALSE,-0.2808707
K,R,515,-0.9485526,-0.7543068,-0.8722546,,0.0467968,FALSE,-0.1525869
K,S,515,-0.2203659,-0.9624634,1.1777271,,0.0304315,FALSE,-0.2256361
K,T,515,-0.1247627,-0.9296608,1.3251143,,0.0164954,FALSE,-0.2123481
K,V,515,-0.0146202,-1.083149,2.6515989,,0.0126017,FALSE,-0.2810902
K,W,515,-1.3333034,-1.1562004,2.3384012,,0.0141071,FALSE,-0.3201189
K,Y,515,-0.4346604,-1.074482,1.6935822,,0.0198795,FALSE,-0.276744
I,A,516,-3.5797515,-1.7229233,-1.2775694,,0.0172,FALSE,-0.7942311
I,C,516,-3.8444083,-1.5854225,-0.890678,,0.0172,FALSE,-0.6489629
I,D,516,-3.1340065,-1.7474632,2.3015544,,0.01764,FALSE,-0.8222573
I,E,516,-2.560051,-1.6651039,2.1173204,,0.0172,FALSE,-0.7307051
I,F,516,-3.7702183,-1.7798004,-1.9408117,,0.0172,FALSE,-0.8601495
I,G,516,-3.1042592,-1.3104935,-1.1117588,,0.0172,FALSE,-0.4177121
I,H,516,-3.1559271,-1.6314354,1.7120056,,0.0172,FALSE,-0.6953441
I,K,516,-0.6934185,-1.8063698,3.0016435,,0.0172,FALSE,-0.8920942
I,L,516,-1.566916,-1.4633484,-1.7934246,,0.0141091,FALSE,-0.53673
I,M,516,-2.0161063,-1.670845,-1.2959928,,0.0207904,FALSE,-0.7368547
I,N,516,-2.3954867,-1.6902542,0.362113,,0.0172,FALSE,-0.7579036
I,P,516,-3.5991134,-1.6824379,-0.6880207,,0.0172,FALSE,-0.749379
I,Q,516,-2.9078538,-1.5649567,0.45423,,0.0172,FALSE,-0.6290541
I,R,516,-2.8537647,-1.6915169,4.2912814,,0.0172,FALSE,-0.7592868
I,S,516,-3.6041677,-1.7982635,-0.3379761,,0.0172,FALSE,-0.8822707
I,T,516,-2.9608424,-1.9517136,-0.4853633,,0.0390211,FALSE,-1.0794456
I,V,516,-0.4351065,-1.2334366,-1.811848,,0.0189613,FALSE,-0.366288
I,W,516,-3.0420342,-1.951767,-1.4986502,,0.0172,FALSE,-1.0795183
I,Y,516,-3.5968736,-1.681076,-0.8538312,,0.0172,FALSE,-0.7479003
D,A,517,-0.4741644,-1.7632828,1.4172313,,0.0268508,FALSE,-0.8406584
D,C,517,-0.0874216,-1.7461205,1.0303399,,0.0172,FALSE,-0.8207075
D,E,517,-0.9771007,-1.2514801,-1.9776585,,0.0127807,FALSE,-0.3778371
D,F,517,-0.4306564,-2.027649,2.0804736,,0.0264737,FALSE,-1.1854339
D,G,517,-0.6095157,-1.7616158,1.2514207,,0.019928,FALSE,-0.8387071
D,H,517,-0.2185272,-1.6738434,2.0117645,,0.0211339,FALSE,-0.7400804
D,I,517,-0.6482643,-1.8242378,2.3015544,,0.0169563,FALSE,-0.9139851
D,K,517,0.0130445,-1.8958168,2.1223049,,0.0119746,FALSE,-1.0049178
D,L,517,-0.1253395,-1.6863365,1.9330864,,0.0189431,FALSE,-0.7536228
D,M,517,-0.599713,-1.6796684,1.4356547,,0.03096,FALSE,-0.7463741
D,N,517,-1.2801243,-1.4484749,-0.2224512,,0.0168085,FALSE,-0.5241161
D,P,517,-1.3917651,-1.8341789,0.8276825,,0.0142741,FALSE,-0.9263055
D,Q,517,0.0860881,-1.8177185,-0.3145682,,0.0125465,FALSE,-0.9059602
D,R,517,0.0359096,-1.8528328,3.4119428,,0.0117836,FALSE,-0.9496944
D,S,517,-0.0165386,-1.7937508,0.4776379,,0.0134879,FALSE,-0.8768314
D,T,517,-0.4957268,-1.5603676,0.6250251,,0.0231731,FALSE,-0.6246507
D,V,517,-0.6996085,-1.6976357,1.9515098,,0.0206576,FALSE,-0.7660132
D,W,517,-1.4566268,-1.980896,1.638312,,0.0181586,FALSE,-1.1195436
D,Y,517,-0.2922177,-1.8792648,0.9934931,,0.0142516,FALSE,-0.983435
G,A,518,0.4011166,-2.1515923,-1.9960819,,0.0321478,FALSE,-1.3694336
G,C,518,-3.4503312,-2.1355438,-1.9408117,,0.0172,FALSE,-1.3448798
G,D,518,-0.6256005,-2.014408,1.2514207,,0.0159513,FALSE,-1.16657
G,E,518,-0.521017,-2.0150642,1.0671867,,0.0196735,FALSE,-1.1675011
G,F,518,-0.4878852,-1.6964531,-1.3328396,,0.014122,FALSE,-0.7647101
G,H,518,-0.0849512,-1.8886871,0.6618719,,0.0172,FALSE,-0.9956309
G,I,518,0.6342942,-1.8667488,-1.1117588,,0.0161661,FALSE,-0.9673711
G,K,518,-0.9851168,-1.9053879,1.9515098,,0.0216777,FALSE,-1.0174634
G,L,518,-0.1949778,-2.070366,-1.4802268,,0.0140106,FALSE,-1.247359
G,M,518,0.5630083,-1.8813782,-1.9776585,,0.0202595,FALSE,-0.9861628
G,N,518,-0.2290629,-1.9474487,-0.6880207,,0.0468446,FALSE,-1.073653
G,P,518,0.1463522,-2.1788177,-1.7381544,,0.0240594,FALSE,-1.41156
G,Q,518,0.5505424,-1.9444504,-0.5959037,,0.0124821,FALSE,-1.0695911
G,R,518,0.0215521,-2.0612717,3.2411477,,0.0206796,FALSE,-1.2340405
G,S,518,0.2488376,-1.8749123,-1.3881098,,0.0178748,FALSE,-0.977831
G,T,518,0.4677715,-1.8357544,-1.535497,,0.0173986,FALSE,-0.9282673
G,V,518,0.0593571,-1.8913231,-1.4618034,,0.0186981,FALSE,-0.9990586
G,W,518,-0.0040949,-1.9542427,-1.7750012,,0.015476,FALSE,-1.0828889
G,Y,518,-0.5258455,-1.9426117,-1.9039649,,0.0319026,FALSE,-1.0671044
V,A,519,-1.2164733,-1.746048,-1.627614,,0.0196936,FALSE,-0.8206239
V,C,519,-2.9757088,-1.7666473,-1.2407226,,0.0172,FALSE,-0.8446056
V,D,519,-3.0383823,-1.9784966,1.9515098,,0.0172,FALSE,-1.1162165
V,E,519,-2.1980565,-1.9303474,1.7672758,,0.0200617,FALSE,-1.0506008
V,F,519,-1.6280018,-2.0947037,-2.0329287,,0.0172,FALSE,-1.2833533
V,G,519,-3.0125507,-1.8719711,-1.4618034,,0.0167836,FALSE,-0.9740548
V,H,519,-2.6924773,-1.7980995,1.3619611,,0.0172,FALSE,-0.8820727
V,I,519,-1.0256444,-1.2363396,-1.811848,,0.0208813,FALSE,-0.3681261
V,K,519,-2.7128985,-1.7896385,2.6515989,,0.0159763,FALSE,-0.871893
V,L,519,-0.5901078,-2.0088272,-2.1434691,,0.0140834,FALSE,-1.158667
V,M,519,-1.8574989,-1.8407516,-1.6460374,,0.0138387,FALSE,-0.9345064
V,N,519,-2.512523,-1.6795349,0.0120685,,0.0172,FALSE,-0.7462294
V,P,519,-2.1716849,-2.006279,-1.0380652,,0.0172,FALSE,-1.1550679
V,Q,519,-2.2720777,-2.0238724,0.1041855,,0.0172,FALSE,-1.1800373
V,R,519,-1.9384959,-1.7353821,3.9412368,,0.0159763,FALSE,-0.8083809
V,S,519,-3.3884438,-1.9342041,-0.6880207,,0.0159763,FALSE,-1.055775
V,T,519,-1.1393411,-2.004177,-0.8354078,,0.0157996,FALSE,-1.1521035
V,W,519,-2.9173784,-1.8189278,-1.8486948,,0.0172,FALSE,-0.9074455
V,Y,519,-2.1236309,-2.0188065,-1.2038758,,0.0172,FALSE,-1.1728187
K,A,520,-0.7842638,-1.4554176,2.1173204,,0.0154268,FALSE,-0.5299758
K,C,520,-2.2487602,-1.6353683,1.730429,,0.0172,FALSE,-0.6994126
K,D,520,-0.6907045,-1.6940308,2.1223049,,0.0239146,FALSE,-0.7620455
K,E,520,0.8566872,-0.918541,2.3065389,,0.0189017,FALSE,-0.2080054
K,F,520,-1.3197691,-1.6608696,2.7805627,,0.0160324,FALSE,-0.7261918
K,G,520,-1.4500455,-1.5874329,1.9515098,,0.0172,FALSE,-0.6509425
K,H,520,0.9850898,-1.7084961,-0.8722546,,0.0202925,FALSE,-0.7780495
K,I,520,-0.9246493,-1.5881157,3.0016435,,0.0120731,FALSE,-0.6516158
K,L,520,-1.0066667,-1.5070648,2.6331756,,0.0284348,FALSE,-0.5751292
K,M,520,-0.5080617,-1.6876984,2.1357438,,0.0172,FALSE,-0.7551091
K,N,520,-0.3950717,-1.5561867,0.4776379,,0.0232253,FALSE,-0.6206583
K,P,520,-0.8401151,-1.6726189,1.5277716,,0.0138665,FALSE,-0.7387619
K,Q,520,-0.9298365,-1.5083542,0.385521,,0.0219032,FALSE,-0.5762919
K,R,520,-0.0931591,-1.1497765,-0.8722546,,0.0247614,FALSE,-0.3165107
K,S,520,-0.0702536,-1.6243286,1.1777271,,0.0119917,FALSE,-0.6880337
K,T,520,-0.5333728,-1.4283371,1.3251143,,0.0152896,FALSE,-0.5073988
K,V,520,-0.5069673,-1.5454216,2.6515989,,0.015924,FALSE,-0.6104635
K,W,520,-1.0844827,-1.5008583,2.3384012,,0.0172,FALSE,-0.5695565
K,Y,520,-1.5371293,-1.7629662,1.6935822,,0.0172,FALSE,-0.8402876
L,A,521,-1.6770358,-1.7857208,-1.6460374,,0.0172,FALSE,-0.8672045
L,C,521,-2.7154209,-1.733223,-1.259146,,0.0172,FALSE,-0.8059171
L,D,521,-2.59947,-2.0395966,1.9330864,,0.0172,FALSE,-1.2025907
L,E,521,-2.1736908,-1.9914894,1.7488524,,0.0140021,FALSE,-1.1342969
L,F,521,-1.3905016,-1.8500671,-2.0145053,,0.0225073,FALSE,-0.9462045
L,G,521,-1.6008438,-1.8766975,-1.4802268,,0.0219,FALSE,-0.9801272
L,H,521,-1.225703,-1.966774,1.3435377,,0.0172,FALSE,-1.1000391
L,I,521,-0.1773317,-1.7925491,-1.7934246,,0.0166229,FALSE,-0.8753865
L,K,521,-2.4148684,-1.7711983,2.6331756,,0.0172,FALSE,-0.8499635
L,M,521,-0.3018427,-1.5569191,-1.6644608,,0.0176892,FALSE,-0.6213564
L,N,521,-2.2311416,-1.7654686,-0.0063549,,0.0159832,FALSE,-0.8432214
L,P,521,-2.3610191,-1.8443832,-1.0564886,,0.0159832,FALSE,-0.9390564
L,Q,521,0.064122,-1.726551,0.0857621,,0.0159832,FALSE,-0.7983343
L,R,521,-1.7731176,-1.7653809,3.9228134,,0.0159832,FALSE,-0.8431185
L,S,521,-0.3272973,-1.7608147,-0.7064441,,0.0299525,FALSE,-0.8377704
L,T,521,0.0347887,-1.7362938,-0.8538312,,0.0168025,FALSE,-0.8094228
L,V,521,0.3713338,-1.4514465,-2.1434691,,0.0241764,FALSE,-0.5266181
L,W,521,-1.1027216,-1.881607,-1.8671182,,0.0243016,FALSE,-0.9864584
L,Y,521,-2.1477383,-1.8436279,-1.2222992,,0.0172,FALSE,-0.938109
E,A,522,-0.6404936,-1.0927162,1.2329973,,0.0148722,FALSE,-0.2859563
E,C,522,-2.6544169,-1.386486,0.8461059,,0.0172,FALSE,-0.4739713
E,D,522,-1.6315704,-0.8987732,-1.9776585,,0.0174912,FALSE,-0.2004823
E,F,522,-1.8989117,-1.7021255,1.8962396,,0.0159516,FALSE,-0.7709741
E,G,522,-1.2741424,-1.413517,1.0671867,,0.0201606,FALSE,-0.4953596
E,H,522,-1.8130544,-1.3887215,1.8275305,,0.0249,FALSE,-0.4757124
E,I,522,-2.8969908,-1.6135445,2.1173204,,0.0159516,FALSE,-0.6770431
E,K,522,-1.1345715,-0.8841667,2.3065389,,0.0152617,FALSE,-0.1950822
E,L,522,-0.5252095,-1.5237732,1.7488524,,0.0172,FALSE,-0.5903312
E,M,522,-1.3089343,-1.381134,1.2514207,,0.02352,FALSE,-0.4698233
E,N,522,-1.0080214,-1.2644958,-0.3329916,,0.0243172,FALSE,-0.3863528
E,P,522,-3.3129256,-1.5486298,0.6434485,,0.0172,FALSE,-0.613489
E,Q,522,-1.5608458,-1.3365936,-0.2408746,,0.0210261,FALSE,-0.4364001
E,R,522,-1.3894152,-1.2219925,3.5961768,,0.0159516,FALSE,-0.3591155
E,S,522,-0.5400661,-1.5541916,0.293404,,0.0176401,FALSE,-0.6187597
E,T,522,-0.865639,-1.2450371,0.4407911,,0.0191419,FALSE,-0.3736791
E,V,522,-0.7476967,-1.1085701,1.7672758,,0.0159149,FALSE,-0.2941801
E,W,522,-0.5409787,-1.4604683,1.4540781,,0.0172,FALSE,-0.5342697
E,Y,522,-1.3360471,-1.3178978,0.8092591,,0.0172,FALSE,-0.4229471
S,A,523,-0.985121,-1.7388382,-1.2222992,,0.0305185,FALSE,-0.812335
S,C,523,-1.9039737,-1.767189,-1.6091906,,0.0172,FALSE,-0.8452422
S,D,523,-0.1775121,-1.5401039,0.4776379,,0.022649,FALSE,-0.6054726
S,E,523,-1.1609347,-1.598465,0.293404,,0.0141524,FALSE,-0.6618818
S,F,523,-0.7137584,-1.7255058,-0.5590569,,0.02064,FALSE,-0.7971507
S,G,523,-0.9638512,-1.6912994,-1.3881098,,0.0210676,FALSE,-0.7590484
S,H,523,-0.007979,-1.5931244,-0.1119108,,0.0163135,FALSE,-0.65657
S,I,523,0.0580253,-1.9383507,-0.3379761,,0.0147,FALSE,-1.0613541
S,K,523,-0.4015451,-1.7839317,1.1777271,,0.0249,FALSE,-0.8650687
S,L,523,-1.1004975,-1.6620979,-0.7064441,,0.0141256,FALSE,-0.7274991
S,M,523,-0.8255624,-1.7691689,-1.2038758,,0.0172,FALSE,-0.8475716
S,N,523,-1.4920245,-1.6880684,-1.4618034,,0.016048,FALSE,-0.7555132
S,P,523,-0.0916918,-1.6050758,-1.811848,,0.026408,FALSE,-0.6684988
S,Q,523,-0.8677254,-1.7471542,-1.3696864,,0.0170821,FALSE,-0.8219005
S,R,523,0.4031539,-1.7174911,2.467365,,0.0151887,FALSE,-0.7881126
S,T,523,-0.7204564,-1.7780533,-2.0145053,,0.0184077,FALSE,-0.8580745
S,V,523,-0.4696961,-1.7324333,-0.6880207,,0.0102265,FALSE,-0.8050172
S,W,523,-1.472371,-1.9397278,-1.0012184,,0.0172,FALSE,-1.0632106
S,Y,523,-0.7143987,-1.7675056,-1.6460374,,0.0240703,FALSE,-0.8456144
M,A,524,-0.7265901,-1.1947479,-2.1434691,,0.0159304,FALSE,-0.3425096
M,C,524,-0.8279743,-1.4616547,-1.7565778,,0.0172,FALSE,-0.5352821
M,D,524,-0.7309052,-1.3993416,1.4356547,,0.0138812,FALSE,-0.4840518
M,E,524,-0.8931291,-1.5087242,1.2514207,,0.0172,FALSE,-0.5766259
M,F,524,-1.5146079,-1.6354332,-1.5170736,,0.0172,FALSE,-0.6994799
M,G,524,-0.602495,-1.5695915,-1.9776585,,0.0232666,FALSE,-0.633524
M,H,524,-1.1509834,-1.3751907,0.8461059,,0.0172,FALSE,-0.4652503
M,I,524,-0.6655613,-0.7522392,-1.2959928,,0.0091305,FALSE,-0.1519851
M,K,524,-1.3897608,-1.2289963,2.1357438,,0.0305387,FALSE,-0.3634911
M,L,524,-0.222079,-1.0596008,-1.6644608,,0.0142168,FALSE,-0.2694177
M,N,524,-0.1067442,-1.6808891,-0.5037867,,0.0252025,FALSE,-0.7476976
M,P,524,-0.187301,-1.7965164,-1.5539204,,0.0223026,FALSE,-0.8801624
M,Q,524,0.1691684,-1.6409492,-0.4116697,,0.0249,FALSE,-0.7052142
M,R,524,-1.4357525,-1.4562149,3.4253817,,0.0219894,FALSE,-0.5306519
M,S,524,-0.7261611,-1.4044456,-1.2038758,,0.0146645,FALSE,-0.4881
M,T,524,-0.2949356,-1.0715866,-1.351263,,0.0157968,FALSE,-0.2753051
M,V,524,0.1119961,-1.0685501,-1.6460374,,0.0179698,FALSE,-0.2738031
M,W,524,-1.2347191,-1.5683098,-1.9592351,,0.0191165,FALSE,-0.6322856
M,Y,524,-1.0617399,-1.3971176,-1.719731,,0.0172,FALSE,-0.4822961
G,A,525,-1.3401844,-1.6861496,-1.9960819,,0.0294103,FALSE,-0.753419
G,C,525,-1.7157402,-1.7614517,-1.9408117,,0.0172,FALSE,-0.8385151
G,D,525,-0.2709704,-1.5696259,1.2514207,,0.0139464,FALSE,-0.6335573
G,E,525,-1.1970277,-1.4095726,1.0671867,,0.0138198,FALSE,-0.4921928
G,F,525,-0.8348576,-1.7913094,-1.3328396,,0.0172,FALSE,-0.8738975
G,H,525,-1.3566257,-1.7082443,0.6618719,,0.0172,FALSE,-0.777769
G,I,525,-1.6328475,-1.6872673,-1.1117588,,0.0139464,FALSE,-0.7546384
G,K,525,-2.0075541,-1.5837746,1.9515098,,0.0172,FALSE,-0.6473435
G,L,525,-1.8414555,-1.843708,-1.4802268,,0.019517,FALSE,-0.9382095
G,M,525,-1.8350904,-1.9295921,-1.9776585,,0.02408,FALSE,-1.0495891
G,N,525,-2.8433396,-1.7884674,-0.6880207,,0.0172,FALSE,-0.8704898
G,P,525,-0.1582549,-1.8184586,-1.7381544,,0.0172,FALSE,-0.906869
G,Q,525,-1.6645058,-1.7301903,-0.5959037,,0.0172,FALSE,-0.8024646
G,R,525,-1.6572629,-1.6367188,3.2411477,,0.0182187,FALSE,-0.7008135
G,S,525,-0.1407006,-1.7737541,-1.3881098,,0.0215216,FALSE,-0.8529818
G,T,525,-1.31344,-1.7184868,-1.535497,,0.0131192,FALSE,-0.7892317
G,V,525,-1.7594376,-1.7302017,-1.4618034,,0.015959,FALSE,-0.8024776
G,W,525,-1.8237821,-1.7603798,-1.7750012,,0.0172,FALSE,-0.8372621
G,Y,525,-1.2562924,-1.7907562,-1.9039649,,0.0255343,FALSE,-0.8732335
V,A,526,-0.3963833,-1.7411461,-1.627614,,0.0173213,FALSE,-0.8149824
V,C,526,-1.76676,-1.5694923,-1.2407226,,0.01395,FALSE,-0.6334281
V,D,526,-1.2230736,-1.5915146,1.9515098,,0.0191526,FALSE,-0.6549748
V,E,526,-1.1484787,-1.7450752,1.7672758,,0.0234303,FALSE,-0.8195023
V,F,526,-0.5614161,-1.6263618,-2.0329287,,0.0176152,FALSE,-0.6901197
V,G,526,-1.0603697,-1.6694107,-1.4618034,,0.0173451,FALSE,-0.7353151
V,H,526,-1.2877848,-1.7459831,1.3619611,,0.0159605,FALSE,-0.8205491
V,I,526,0.132964,-0.7185478,-1.811848,,0.0170776,FALSE,-0.1424848
V,K,526,-0.9554502,-1.7179832,2.6515989,,0.0172,FALSE,-0.7886656
V,L,526,0.1134006,-1.5831909,-2.1434691,,0.0656524,TRUE,-0.6467705
V,M,526,-0.3273381,-1.3306122,-1.6460374,,0.0076666,FALSE,-0.4320593
V,N,526,-0.9089912,-1.5856056,0.0120685,,0.0172,FALSE,-0.649143
V,P,526,-0.1267575,-1.7630501,-1.0380652,,0.0190962,FALSE,-0.8403858
V,Q,526,-0.8970709,-1.7003441,0.1041855,,0.0211382,FALSE,-0.7690032
V,R,526,-1.4140693,-1.8540993,3.9412368,,0.0172,FALSE,-0.9512951
V,S,526,-1.0863708,-1.6098671,-0.6880207,,0.0175988,FALSE,-0.6733236
V,T,526,-1.1375827,-1.2681541,-0.8354078,,0.0308993,FALSE,-0.3887744
V,W,526,-0.333362,-1.7159843,-1.8486948,,0.0128601,FALSE,-0.7864209
V,Y,526,-0.0306811,-1.7762566,-1.2038758,,0.0125132,FALSE,-0.8559439
Y,A,527,-1.7563612,-1.9809608,-1.7381544,,0.023912,FALSE,-1.1196335
Y,C,527,-1.8702429,-1.7694855,-2.1250457,,0.0238868,FALSE,-0.8479445
Y,D,527,-2.1139787,-1.7862434,0.9934931,,0.0192415,FALSE,-0.867829
Y,E,527,-0.8591682,-1.696373,0.8092591,,0.0197695,FALSE,-0.7646219
Y,F,527,-0.5824736,-1.7157745,-1.074912,,0.0176879,FALSE,-0.7861856
Y,G,527,-1.2287905,-1.853405,-1.9039649,,0.0211107,FALSE,-0.9504174
Y,H,527,-0.4978649,-1.6025276,0.4039443,,0.0207621,FALSE,-0.6659427
Y,I,527,-0.8745736,-1.5988235,-0.8538312,,0.0224485,FALSE,-0.6622394
Y,K,527,-2.6333684,-1.9499435,1.6935822,,0.0172,FALSE,-1.0770394
Y,L,527,-1.3898703,-1.8539848,-1.2222992,,0.0160346,FALSE,-0.9511503
Y,M,527,-1.153154,-1.7963066,-1.719731,,0.0150171,FALSE,-0.8799094
Y,N,527,-2.2727809,-1.9032784,-0.9459482,,0.0180206,FALSE,-1.0146906
Y,P,527,-1.6493524,-1.9396439,-1.9960819,,0.0150171,FALSE,-1.0630975
Y,Q,527,-1.7225558,-1.8401108,-0.8538312,,0.029051,FALSE,-0.9337049
Y,R,527,-1.7119037,-1.6196213,2.9832201,,0.0172,FALSE,-0.6832211
Y,S,527,-1.0968971,-1.6673126,-1.6460374,,0.0146997,FALSE,-0.7330668
Y,T,527,-0.3922687,-1.9655876,-1.7934246,,0.0199663,FALSE,-1.098409
Y,V,527,-0.7266094,-1.6678238,-1.2038758,,0.0180206,FALSE,-0.7336142
Y,W,527,-1.0516008,-1.680481,-1.5170736,,0.0172,FALSE,-0.7472549
Q,A,528,-0.5514233,-1.5359077,-0.4300931,,0.0175442,FALSE,-0.6015552
Q,C,528,-2.2411178,-1.5891609,-0.8169844,,0.0149694,FALSE,-0.6526475
Q,D,528,0.145637,-1.6291275,-0.3145682,,0.0210957,FALSE,-0.6929642
Q,E,528,-0.3982301,-1.5706863,-0.2408746,,0.01764,FALSE,-0.6345831
Q,F,528,-0.9611016,-1.5961876,0.2331493,,0.0192088,FALSE,-0.659613
Q,G,528,0.6310089,-1.7249947,-0.5959037,,0.0177358,FALSE,-0.7965723
Q,H,528,-0.2868951,-1.7762642,0.1644402,,0.0168205,FALSE,-0.8559529
Q,I,528,-1.662199,-1.7570267,0.45423,,0.0160073,FALSE,-0.8333502
Q,K,528,-1.2616156,-1.5531731,0.385521,,0.0094738,FALSE,-0.6177921
Q,L,528,-1.6617364,-1.7711487,0.0857621,,0.0149414,FALSE,-0.849905
Q,M,528,-1.0378228,-1.6369247,-0.4116697,,0.0149694,FALSE,-0.7010273
Q,N,528,-1.0901393,-1.6022224,-2.0697755,,0.0200911,FALSE,-0.665637
Q,P,528,-0.8135574,-1.6919708,-1.0196418,,0.0175401,FALSE,-0.7597844
Q,R,528,-0.6781437,-1.1671562,1.6751588,,0.0287333,FALSE,-0.3263531
Q,S,528,-0.554332,-1.6271248,-1.3696864,,0.0216415,FALSE,-0.6909036
Q,T,528,-1.1098998,-1.7426682,-1.2222992,,0.0161582,FALSE,-0.8167315
Q,V,528,-0.7548105,-1.6194191,0.1041855,,0.0160073,FALSE,-0.6830149
Q,W,528,-1.0132003,-1.500103,-0.2090123,,0.0149694,FALSE,-0.5688811
Q,Y,528,-1.9565146,-1.6462288,-0.8538312,,0.0249,FALSE,-0.710733
I,A,529,-1.8866124,-2.0186653,-1.2775694,,0.0147,FALSE,-1.1726178
I,C,529,-0.9753027,-1.906311,-0.890678,,0.0159578,FALSE,-1.0186781
I,D,529,-2.3196481,-1.8789406,2.3015544,,0.0159578,FALSE,-0.9830169
I,E,529,-2.3310646,-1.8251991,2.1173204,,0.0172,FALSE,-0.9151721
I,F,529,-0.4605031,-1.826725,-1.9408117,,0.0188386,FALSE,-0.9170582
I,G,529,-1.4380715,-2.1878242,-1.1117588,,0.0159578,FALSE,-1.4256244
I,H,529,-0.9052625,-1.9153061,1.7120056,,0.0172,FALSE,-1.0305587
I,K,529,-1.3942256,-1.8579941,3.0016435,,0.0172,FALSE,-0.9562278
I,L,529,-1.0921478,-1.829773,-1.7934246,,0.0172,FALSE,-0.9208327
I,M,529,-0.7596755,-1.663166,-1.2959928,,0.0159578,FALSE,-0.7286371
I,N,529,-1.8525361,-1.9226532,0.362113,,0.0172,FALSE,-1.0403211
I,P,529,-2.5318946,-1.9177208,-0.6880207,,0.0172,FALSE,-1.0337614
I,Q,529,-1.1501566,-1.7630005,0.45423,,0.0172,FALSE,-0.8403278
I,R,529,-2.4532362,-2.0168533,4.2912814,,0.0172,FALSE,-1.1700417
I,S,529,-1.5576871,-1.8415146,-0.3379761,,0.0238128,FALSE,-0.9354613
I,T,529,-1.1035343,-1.8145103,-0.4853633,,0.0194384,FALSE,-0.902027
I,V,529,-1.3613739,-1.5159073,-1.811848,,0.0287741,FALSE,-0.5831381
I,W,529,-0.5146347,-1.740757,-1.4986502,,0.0154169,FALSE,-0.8145357
I,Y,529,-1.1779578,-1.9566078,-0.8538312,,0.0139438,FALSE,-1.0861143
L,A,530,-2.1786493,-1.9002914,-1.6460374,,0.0172,FALSE,-1.0107718
L,C,530,-1.811195,-1.7896271,-1.259146,,0.02064,FALSE,-0.8718793
L,D,530,-3.4146574,-1.9309502,1.9330864,,0.0172,FALSE,-1.0514086
L,E,530,-2.668326,-1.8839645,1.7488524,,0.0172,FALSE,-0.9895071
L,F,530,-1.8886492,-1.7786407,-2.0145053,,0.0172417,FALSE,-0.8587718
L,G,530,-4.0938532,-1.98069,-1.4802268,,0.0172,FALSE,-1.1192577
L,H,530,-3.156231,-1.784584,1.3435377,,0.0172,FALSE,-0.865847
L,I,530,-2.6111556,-1.928009,-1.7934246,,0.0172,FALSE,-1.0474705
L,K,530,-2.6271265,-1.9694519,2.6331756,,0.0159117,FALSE,-1.1037232
L,M,530,-2.4275125,-1.8867416,-1.6644608,,0.0108745,FALSE,-0.9931055
L,N,530,-3.4728967,-1.8851585,-0.0063549,,0.0172,FALSE,-0.9910533
L,P,530,-3.5473207,-2.1078072,-1.0564886,,0.0323542,FALSE,-1.3029421
L,Q,530,-3.050204,-1.8411751,0.0857621,,0.0159117,FALSE,-0.9350363
L,R,530,-2.7690545,-1.9409294,3.9228134,,0.0159117,FALSE,-1.064832
L,S,530,-3.702897,-1.9895897,-0.7064441,,0.0172,FALSE,-1.1316435
L,T,530,-2.2873645,-1.937767,-0.8538312,,0.0172,FALSE,-1.0605678
L,V,530,-3.1857116,-1.7940102,-2.1434691,,0.0172,FALSE,-0.8771435
L,W,530,-2.5097973,-2.1170082,-1.8671182,,0.0172,FALSE,-1.3167832
L,Y,530,-2.836477,-1.9769135,-1.2222992,,0.0172,FALSE,-1.1140243
A,C,531,-2.0050343,-1.7645836,-1.7750012,,0.0172,FALSE,-0.8421831
A,D,531,-2.8394475,-1.6394577,1.4172313,,0.0172,FALSE,-0.7036605
A,E,531,-2.5626989,-1.8213463,1.2329973,,0.0172,FALSE,-0.9104205
A,F,531,-3.6168789,-2.0644646,-1.4986502,,0.0172,FALSE,-1.2387083
A,G,531,-2.1805939,-1.6914291,-1.9960819,,0.0158676,FALSE,-0.7591905
A,H,531,-2.7723534,-1.7665482,0.8276825,,0.0172,FALSE,-0.8444892
A,I,531,-2.0442402,-1.8315811,-1.2775694,,0.0159089,FALSE,-0.9230762
A,K,531,-2.6539655,-1.68219,2.1173204,,0.0172,FALSE,-0.7491097
A,L,531,-2.0014567,-1.77174,-1.6460374,,0.0254542,FALSE,-0.8506026
A,M,531,-2.9525848,-1.7958069,-2.1434691,,0.0172,FALSE,-0.8793071
A,N,531,-2.797976,-1.8534737,-0.5222101,,0.0172,FALSE,-0.9505042
A,P,531,-3.4068138,-1.9857025,-1.5723438,,0.0147981,FALSE,-1.1262246
A,Q,531,-3.030272,-1.752449,-0.4300931,,0.0172,FALSE,-0.8280285
A,R,531,-3.7298024,-1.8120499,3.4069583,,0.0172,FALSE,-0.8990177
A,S,531,-1.2029086,-1.2149124,-1.2222992,,0.0175927,FALSE,-0.3547369
A,T,531,-1.7838461,-1.5182915,-1.3696864,,0.0158595,FALSE,-0.5853115
A,V,531,-2.3052853,-1.6184425,-1.627614,,0.0196918,FALSE,-0.6820196
A,W,531,-3.2609691,-2.0524826,-1.9408117,,0.0172,FALSE,-1.2212378
A,Y,531,-3.5274216,-2.1464767,-1.7381544,,0.0172,FALSE,-1.3615842
I,A,532,-1.7080374,-1.7918663,-1.2775694,,0.0172,FALSE,-0.8745662
I,C,532,-2.1750003,-1.758213,-0.890678,,0.0172,FALSE,-0.8347329
I,D,532,-2.2416036,-1.7272491,2.3015544,,0.0172,FALSE,-0.7991255
I,E,532,-1.7239379,-1.9213295,2.1173204,,0.0172,FALSE,-1.0385583
I,F,532,-1.1651827,-1.6817474,-1.9408117,,0.0191147,FALSE,-0.7486291
I,G,532,-1.4433814,-2.0797195,-1.1117588,,0.0172,FALSE,-1.2611321
I,H,532,-1.0677569,-1.9972153,1.7120056,,0.0172,FALSE,-1.1423146
I,K,532,-1.7363093,-1.9207077,3.0016435,,0.0172,FALSE,-1.0377309
I,L,532,-1.7545141,-1.8704643,-1.7934246,,0.0172,FALSE,-0.9721235
I,M,532,-1.5148537,-1.962223,-1.2959928,,0.0172,FALSE,-1.0937934
I,N,532,-1.9340921,-1.8891716,0.362113,,0.0172,FALSE,-0.9962604
I,P,532,-2.1808613,-2.0378265,-0.6880207,,0.0172,FALSE,-1.2000408
I,Q,532,-1.9308284,-1.7769318,0.45423,,0.0172,FALSE,-0.8567441
I,R,532,-1.5158942,-1.9822769,4.2912814,,0.0172,FALSE,-1.1214608
I,S,532,-2.1955088,-1.8803673,-0.3379761,,0.0159289,FALSE,-0.9848574
I,T,532,-1.3938469,-1.9866028,-0.4853633,,0.024508,FALSE,-1.1274784
I,V,532,-1.7767082,-1.8613319,-1.811848,,0.0248308,FALSE,-0.9604672
I,W,532,-1.6587928,-1.9363098,-1.4986502,,0.0172,FALSE,-1.0586061
I,Y,532,-2.2014714,-1.6958809,-0.8538312,,0.0172,FALSE,-0.7640801
Y,A,533,-1.674288,-2.0336723,-1.7381544,,0.0207691,FALSE,-1.1940674
Y,C,533,-1.6451497,-2.0447655,-2.1250457,,0.0219155,FALSE,-1.2100528
Y,D,533,-2.0493554,-2.2776184,0.9934931,,0.0159158,FALSE,-1.5691842
Y,E,533,-1.6696052,-2.064701,0.8092591,,0.0172,FALSE,-1.2390542
Y,F,533,-1.8630784,-2.0258293,-1.074912,,0.0172,FALSE,-1.182832
Y,G,533,-2.159028,-2.0806274,-1.9039649,,0.0172,FALSE,-1.262473
Y,H,533,-1.2186644,-2.0858498,0.4039443,,0.0200785,FALSE,-1.2702
Y,I,533,-2.2175948,-2.1983757,-0.8538312,,0.0172,FALSE,-1.4421814
Y,K,533,-2.2269497,-1.8204117,1.6935822,,0.0172,FALSE,-0.9092701
Y,L,533,-1.6929104,-2.1560974,-1.2222992,,0.0249,FALSE,-1.3763636
Y,M,533,-1.9378298,-1.9021187,-1.719731,,0.0172,FALSE,-1.0131681
Y,N,533,-1.5133419,-1.651825,-0.9459482,,0.0210106,FALSE,-0.7166151
Y,P,533,-2.006646,-2.0047417,-1.9960819,,0.0172,FALSE,-1.1528995
Y,Q,533,-1.9847869,-2.1133385,-0.8538312,,0.0172,FALSE,-1.3112544
Y,R,533,-2.3580209,-1.9446526,2.9832201,,0.0172,FALSE,-1.0698647
Y,S,533,-1.9326409,-2.0278282,-1.6460374,,0.01481,FALSE,-1.1856903
Y,T,533,-2.1072818,-1.9191551,-1.7934246,,0.0172,FALSE,-1.0356664
Y,V,533,-1.0621808,-2.0365105,-1.2038758,,0.0172,FALSE,-1.1981468
Y,W,533,-1.805104,-2.115631,-1.5170736,,0.0172,FALSE,-1.314707
S,A,534,-1.7767922,-2.1842003,-1.2222992,,0.0249,FALSE,-1.4199578
S,C,534,-1.9051726,-1.9409943,-1.6091906,,0.0172,FALSE,-1.0649196
S,D,534,-1.9946215,-2.2313843,0.4776379,,0.0172,FALSE,-1.4945237
S,E,534,-1.146511,-1.9435806,0.293404,,0.0172,FALSE,-1.0684143
S,F,534,-2.2962853,-2.1280441,-0.5590569,,0.0172,FALSE,-1.3334775
S,G,534,-1.549154,-1.9445381,-1.3881098,,0.0172,FALSE,-1.0697098
S,H,534,-2.0151933,-2.0889778,-0.1119108,,0.0172,FALSE,-1.2748393
S,I,534,-1.2269872,-2.1946335,-0.3379761,,0.0172,FALSE,-1.4362995
S,K,534,-1.773403,-2.0858154,1.1777271,,0.0172,FALSE,-1.270149
S,L,534,-1.228474,-2.0225677,-0.7064441,,0.0158983,FALSE,-1.178176
S,M,534,-1.7045406,-1.9741707,-1.2038758,,0.0172,FALSE,-1.1102316
S,N,534,-1.9977441,-2.1399956,-1.4618034,,0.0172,FALSE,-1.35167
S,P,534,-2.0159499,-2.0166473,-1.811848,,0.0293659,FALSE,-1.169749
S,Q,534,-1.090027,-2.0360641,-1.3696864,,0.0172,FALSE,-1.1975047
S,R,534,-2.5785824,-1.9447174,2.467365,,0.0172,FALSE,-1.0699524
S,T,534,-1.7067942,-1.8386192,-2.0145053,,0.0194749,FALSE,-0.931841
S,V,534,-2.7256531,-2.1269417,-0.6880207,,0.0172,FALSE,-1.3318053
S,W,534,-1.7287144,-1.7818642,-1.0012184,,0.0172,FALSE,-0.8626047
S,Y,534,-2.2696752,-2.1107254,-1.6460374,,0.0172,FALSE,-1.3073243
T,A,535,-1.0576463,-1.7004395,-1.3696864,,0.0179236,FALSE,-0.7691087
T,C,535,-0.8118172,-1.9698982,-1.7565778,,0.0147001,FALSE,-1.1043379
T,D,535,-1.9495775,-1.849884,0.6250251,,0.0172,FALSE,-0.9459737
T,E,535,-1.2929648,-2.0247688,0.4407911,,0.0172,FALSE,-1.1813171
T,F,535,-1.2877088,-2.3038254,-0.7064441,,0.0172,FALSE,-1.6121738
T,G,535,-0.162477,-1.9391441,-1.535497,,0.0129982,FALSE,-1.0624235
T,H,535,-1.2368533,-1.8024902,0.0354764,,0.0172,FALSE,-0.8873843
T,I,535,-1.5773044,-2.103794,-0.4853633,,0.0262528,FALSE,-1.2969272
T,K,535,-0.5597925,-2.0897484,1.3251143,,0.0172,FALSE,-1.2759835
T,L,535,-1.6275986,-1.925087,-0.8538312,,0.0172,FALSE,-1.0435665
T,M,535,-1.4121884,-2.0531921,-1.351263,,0.0172,FALSE,-1.2222688
T,N,535,-1.6372954,-2.0236473,-1.3144162,,0.0109326,FALSE,-1.1797161
T,P,535,-1.206763,-1.9955864,-1.9592351,,0.0159139,FALSE,-1.1400307
T,Q,535,-2.0294567,-2.0044975,-1.2222992,,0.0172,FALSE,-1.1525552
T,R,535,-2.9654802,-1.8526497,2.6147522,,0.0172,FALSE,-0.9494631
T,S,535,-0.828086,-1.8221169,-2.0145053,,0.0166124,FALSE,-0.9113696
T,V,535,-0.7699696,-1.9751816,-0.8354078,,0.0172,FALSE,-1.1116287
T,W,535,-1.4960572,-2.1001282,-1.1486056,,0.0172,FALSE,-1.2914449
T,Y,535,-2.4356724,-2.0846176,-1.7934246,,0.0172,FALSE,-1.2683747
V,A,536,-1.2406222,-1.0622177,-1.627614,,0.0127347,FALSE,-0.2706936
V,C,536,-1.2135834,-1.6721992,-1.2407226,,0.0172,FALSE,-0.7383104
V,D,536,-2.3774475,-1.8177643,1.9515098,,0.02988,FALSE,-0.9060164
V,E,536,-3.8928396,-1.797432,1.7672758,,0.0172,FALSE,-0.8812669
V,F,536,-1.0927172,-1.9115105,-2.0329287,,0.02988,FALSE,-1.0255359
V,G,536,-2.8195191,-1.8060455,-1.4618034,,0.0177354,FALSE,-0.8916999
V,H,536,-2.115847,-1.8116875,1.3619611,,0.0172,FALSE,-0.898575
V,I,536,-1.139763,-1.2047844,-1.811848,,0.0202308,FALSE,-0.3485507
V,K,536,-4.0120818,-1.7499008,2.6515989,,0.0172,FALSE,-0.8250757
V,L,536,-1.554808,-1.5640411,-2.1434691,,0.0177234,FALSE,-0.6281738
V,M,536,-2.6127728,-1.95784,-1.6460374,,0.0172,FALSE,-1.0877969
V,N,536,-1.3298818,-1.7462692,0.0120685,,0.0172,FALSE,-0.8208791
V,P,536,-4.417809,-1.7391891,-1.0380652,,0.0172,FALSE,-0.8127372
V,Q,536,-3.9991464,-1.7592964,0.1041855,,0.0172,FALSE,-0.8359969
V,R,536,-3.9737285,-1.7597656,3.9412368,,0.0172,FALSE,-0.8365447
V,S,536,-3.6684772,-1.7530937,-0.6880207,,0.0172,FALSE,-0.8287767
V,T,536,-1.7324565,-1.6056519,-0.8354078,,0.0147795,FALSE,-0.6690776
V,W,536,-2.7371547,-1.7075996,-1.8486948,,0.0172,FALSE,-0.7770512
V,Y,536,-3.129891,-1.873333,-1.2038758,,0.0172,FALSE,-0.9758022
A,C,537,-1.6599887,-1.9942131,-1.7750012,,0.0249,FALSE,-1.138107
A,D,537,-2.8127292,-1.8238602,1.4172313,,0.008602,FALSE,-0.9135191
A,E,537,-3.538594,-1.7916031,1.2329973,,0.0172,FALSE,-0.8742501
A,F,537,-4.0347881,-2.0738487,-1.4986502,,0.0172,FALSE,-1.2524785
A,G,537,-3.2689293,-1.8963203,-1.9960819,,0.0172,FALSE,-1.0055755
A,H,537,-3.1867225,-1.822216,0.8276825,,0.0172,FALSE,-0.9114917
A,I,537,-2.1215817,-2.0684052,-1.2775694,,0.0172,FALSE,-1.2444814
A,K,537,-3.5474266,-1.9626923,2.1173204,,0.0172,FALSE,-1.0944366
A,L,537,-2.3234824,-1.777214,-1.6460374,,0.0147,FALSE,-0.8570788
A,M,537,-2.3150678,-1.8505592,-2.1434691,,0.0172,FALSE,-0.9468249
A,N,537,-3.5491339,-1.9692993,-0.5222101,,0.0172,FALSE,-1.1035131
A,P,537,-4.0573811,-2.010769,-1.5723438,,0.0172,FALSE,-1.1614135
A,Q,537,-3.4179637,-1.6385078,-0.4300931,,0.0172,FALSE,-0.7026722
A,R,537,-4.1049282,-1.7455101,3.4069583,,0.0172,FALSE,-0.8200036
A,S,537,-2.5641901,-1.7474022,-1.2222992,,0.0158975,FALSE,-0.8221869
A,T,537,-1.5682318,-1.8275604,-1.3696864,,0.0217573,FALSE,-0.9180917
A,V,537,-1.9908124,-1.6888771,-1.627614,,0.0157412,FALSE,-0.756397
A,W,537,-3.4817728,-1.9697075,-1.9408117,,0.0172,FALSE,-1.1040752
A,Y,537,-3.6543604,-1.984375,-1.7381544,,0.0172,FALSE,-1.1243772
S,A,538,-0.7095298,-2.0291748,-1.2222992,,0.0328434,FALSE,-1.1876178
S,C,538,-1.6508795,-1.9347725,-1.6091906,,0.0158771,FALSE,-1.0565388
S,D,538,-1.1733606,-2.033432,0.4776379,,0.0172,FALSE,-1.1937223
S,E,538,-3.5371587,-2.0119019,0.293404,,0.0172,FALSE,-1.1630175
S,F,538,-3.5307864,-2.0934448,-0.5590569,,0.0172,FALSE,-1.281479
S,G,538,-2.0063452,-2.1201057,-1.3881098,,0.0198626,FALSE,-1.3214587
S,H,538,-3.6132914,-1.8948708,-0.1119108,,0.0172,FALSE,-1.0036827
S,I,538,-2.6438164,-2.007187,-0.3379761,,0.0151714,FALSE,-1.1563497
S,K,538,-2.5129829,-1.9371338,1.1777271,,0.0172,FALSE,-1.0597151
S,L,538,-1.5245974,-1.960949,-0.7064441,,0.0172,FALSE,-1.0920485
S,M,538,-2.8231175,-1.8795319,-1.2038758,,0.0172,FALSE,-0.9837795
S,N,538,-1.4393784,-2.0316467,-1.4618034,,0.0207778,FALSE,-1.1911604
S,P,538,-3.1765397,-1.9158821,-1.811848,,0.0172,FALSE,-1.0313221
S,Q,538,-2.8271963,-1.884861,-1.3696864,,0.0172,FALSE,-0.9906679
S,R,538,-3.1931903,-1.907341,2.467365,,0.02352,FALSE,-1.0200345
S,T,538,-1.0329476,-1.7678261,-2.0145053,,0.0203204,FALSE,-0.8459913
S,V,538,-1.1509986,-1.837513,-0.6880207,,0.0124958,FALSE,-0.9304601
S,W,538,-3.2658856,-1.8687057,-1.0012184,,0.0172,FALSE,-0.9698724
S,Y,538,-3.327795,-1.9241219,-1.6460374,,0.0172,FALSE,-1.0422789
S,A,539,-1.2903589,-1.9797134,-1.2222992,,0.0172,FALSE,-1.1179031
S,C,539,-2.6263476,-1.8319778,-1.6091906,,0.0172,FALSE,-0.9235689
S,D,539,-3.0025112,-2.0502968,0.4776379,,0.0172,FALSE,-1.2180644
S,E,539,-3.5698354,-2.2146492,0.293404,,0.0172,FALSE,-1.4678841
S,F,539,-3.1970453,-1.983223,-0.5590569,,0.0172,FALSE,-1.1227754
S,G,539,-2.2271555,-2.011673,-1.3881098,,0.0172,FALSE,-1.1626934
S,H,539,-3.0671912,-1.9002075,-0.1119108,,0.0172,FALSE,-1.0106618
S,I,539,-3.3474594,-1.9328003,-0.3379761,,0.0172,FALSE,-1.05389
S,K,539,-2.8590894,-1.9599571,1.1777271,,0.0172,FALSE,-1.0906911
S,L,539,-1.8387026,-1.9692917,-0.7064441,,0.0207686,FALSE,-1.1035027
S,M,539,-2.6562834,-1.9441643,-1.2038758,,0.0172,FALSE,-1.0692039
S,N,539,-2.725655,-1.8893127,-1.4618034,,0.0172,FALSE,-0.9964438
S,P,539,-2.724807,-2.025257,-1.811848,,0.0292444,FALSE,-1.1820144
S,Q,539,-3.0038235,-1.8147545,-1.3696864,,0.0172,FALSE,-0.902326
S,R,539,-3.699333,-1.9559746,2.467365,,0.0172,FALSE,-1.0852503
S,T,539,-1.456699,-1.9768486,-2.0145053,,0.0192217,FALSE,-1.1139344
S,V,539,-2.4906941,-1.8268623,-0.6880207,,0.0158939,FALSE,-0.917228
S,W,539,-2.6611359,-2.0696754,-1.0012184,,0.0172,FALSE,-1.2463451
S,Y,539,-2.9745632,-1.944809,-1.6460374,,0.0172,FALSE,-1.0700764
L,A,540,-0.6998079,-2.256916,-1.6460374,,0.0235407,FALSE,-1.5355633
L,C,540,-1.550585,-2.1644402,-1.259146,,0.0158711,FALSE,-1.3892401
L,D,540,-3.574773,-1.9763031,1.9330864,,0.0172,FALSE,-1.1131796
L,E,540,-2.9737222,-1.9711571,1.7488524,,0.0172,FALSE,-1.1060727
L,F,540,-0.2199216,-2.1218643,-2.0145053,,0.0265351,FALSE,-1.3241167
L,G,540,-1.8262549,-1.9787865,-1.4802268,,0.0137383,FALSE,-1.1166182
L,H,540,-2.7052198,-2.056221,1.3435377,,0.0172,FALSE,-1.2266751
L,I,540,-0.2471919,-1.8750114,-1.7934246,,0.0170854,FALSE,-0.9779584
L,K,540,-3.5282385,-1.9857559,2.6331756,,0.0172,FALSE,-1.126299
L,M,540,-0.6603455,-2.0785599,-1.6644608,,0.0078497,FALSE,-1.2594205
L,N,540,-2.556914,-1.964035,-0.0063549,,0.0172,FALSE,-1.0962778
L,P,540,-2.622524,-1.7967987,-1.0564886,,0.019421,FALSE,-0.8805029
L,Q,540,-2.1929427,-1.7969627,0.0857621,,0.02408,FALSE,-0.8807007
L,R,540,-1.8145038,-1.9661789,3.9228134,,0.0176794,FALSE,-1.0992213
L,S,540,-0.6862144,-1.8314667,-0.7064441,,0.0072001,FALSE,-0.9229342
L,T,540,-0.7104138,-1.8744316,-0.8538312,,0.0206943,FALSE,-0.9772132
L,V,540,-0.1788644,-1.817749,-2.1434691,,0.0328817,FALSE,-0.9059976
L,W,540,-1.1319471,-1.9209366,-1.8671182,,0.0172,FALSE,-1.0380354
L,Y,540,-1.4796298,-2.0962563,-1.2222992,,0.0176794,FALSE,-1.2856668
V,A,541,-1.9367625,-2.0108833,-1.627614,,0.0249,FALSE,-1.1615753
V,C,541,-1.67327,-1.9726143,-1.2407226,,0.0172,FALSE,-1.1080827
V,D,541,-2.3813458,-1.7871399,1.9515098,,0.0172,FALSE,-0.868901
V,E,541,-2.6402117,-1.7832069,1.7672758,,0.02064,FALSE,-0.8642044
V,F,541,-0.8469666,-1.876606,-2.0329287,,0.0169452,FALSE,-0.9800094
V,G,541,-3.1675485,-1.9224052,-1.4618034,,0.0172,FALSE,-1.0399907
V,H,541,-2.6654361,-1.9967155,1.3619611,,0.0172,FALSE,-1.1416136
V,I,541,0.0153138,-1.3065147,-1.811848,,0.0101518,FALSE,-0.4149206
V,K,541,-3.1389023,-1.8588142,2.6515989,,0.0172,FALSE,-0.9572684
V,L,541,-0.9652303,-1.8333435,-2.1434691,,0.0170581,FALSE,-0.9252663
V,M,541,-1.3263542,-2.0058784,-1.6460374,,0.019234,FALSE,-1.1545026
V,N,541,-2.6432531,-2.092846,0.0120685,,0.0172,FALSE,-1.280588
V,P,541,-1.4500485,-2.079525,-1.0380652,,0.0159769,FALSE,-1.2608449
V,Q,541,-2.5790263,-1.9750404,0.1041855,,0.0158641,FALSE,-1.1114335
V,R,541,-3.5534514,-1.7756653,3.9412368,,0.0158641,FALSE,-0.8552434
V,S,541,-3.1580005,-1.9173851,-0.6880207,,0.0158641,FALSE,-1.0333158
V,T,541,-0.3179312,-1.8509674,-0.8354078,,0.0327918,FALSE,-0.9473397
V,W,541,-0.996409,-1.7449188,-1.8486948,,0.0189398,FALSE,-0.8193221
V,Y,541,-2.0722451,-1.7850113,-1.2038758,,0.0172,FALSE,-0.8663571
L,A,542,-0.7156624,-1.8305359,-1.6460374,,0.017515,FALSE,-0.9217789
L,C,542,-1.4711096,-1.807148,-1.259146,,0.0137424,FALSE,-0.8930408
L,D,542,-2.4025281,-1.8960724,1.9330864,,0.0172,FALSE,-1.0052516
L,E,542,-2.1950272,-1.8111839,1.7488524,,0.0172,FALSE,-0.89796
L,F,542,-1.3385245,-2.1334076,-2.0145053,,0.0227411,FALSE,-1.3416273
L,G,542,-1.2603344,-1.8451309,-1.4802268,,0.0190429,FALSE,-0.9399949
L,H,542,-2.3211126,-1.8048134,1.3435377,,0.0194098,FALSE,-0.8902029
L,I,542,-0.9290737,-1.7413559,-1.7934246,,0.0076574,FALSE,-0.8152234
L,K,542,-2.4685795,-1.9614754,2.6331756,,0.0158691,FALSE,-1.0927693
L,M,542,-0.1097056,-1.9009628,-1.6644608,,0.0238428,FALSE,-1.0116519
L,N,542,-3.2379302,-1.9537506,-0.0063549,,0.0172,FALSE,-1.0822184
L,P,542,-2.1913717,-1.7493134,-1.0564886,,0.0462769,FALSE,-0.8243959
L,Q,542,-1.9585506,-1.8827667,0.0857621,,0.0172,FALSE,-0.9879574
L,R,542,-3.4388065,-1.864975,3.9228134,,0.0151933,FALSE,-0.9651072
L,S,542,-1.3036777,-2.0841866,-0.7064441,,0.0181497,FALSE,-1.2677366
L,T,542,-0.6091722,-1.98666,-0.8538312,,0.0230315,FALSE,-1.1275581
L,V,542,-1.1706892,-1.8948975,-2.1434691,,0.0117621,FALSE,-1.0037175
L,W,542,-2.9193203,-1.7278938,-1.8671182,,0.0172,FALSE,-0.7998567
L,Y,542,-0.9622319,-2.043457,-1.2222992,,0.0147294,FALSE,-1.2081616
L,A,543,0.4551026,-1.7948837,-1.6460374,,0.0218684,FALSE,-0.878195
L,C,543,-1.5206628,-1.6745071,-1.259146,,0.0172,FALSE,-0.7407957
L,D,543,-2.6566761,-1.84655,1.9330864,,0.0172,FALSE,-0.9417775
L,E,543,-3.0538792,-1.7007408,1.7488524,,0.0172,FALSE,-0.7694418
L,F,543,-1.3861489,-1.9068451,-2.0145053,,0.0156103,FALSE,-1.0193813
L,G,543,-1.3270431,-1.7593422,-1.4802268,,0.012497,FALSE,-0.8360504
L,H,543,-2.6865118,-1.7927742,1.3435377,,0.0172,FALSE,-0.875657
L,I,543,-0.7063731,-1.4954414,-1.7934246,,0.0147,FALSE,-0.5647257
L,K,543,-0.5568033,-1.7909622,2.6331756,,0.0172,FALSE,-0.8734807
L,M,543,-1.1817016,-1.7416382,-1.6644608,,0.0137471,FALSE,-0.8155476
L,N,543,-1.938876,-1.6447754,-0.0063549,,0.0172,FALSE,-0.7092108
L,P,543,-3.3102754,-1.6272469,-1.0564886,,0.0172,FALSE,-0.6910291
L,Q,543,-2.9908883,-1.8683968,0.0857621,,0.0172,FALSE,-0.9694773
L,R,543,-3.5810986,-1.7369881,3.9228134,,0.0172,FALSE,-0.8102168
L,S,543,-0.0545579,-1.9042664,-0.7064441,,0.0207351,FALSE,-1.0159887
L,T,543,-1.2864835,-1.858326,-0.8538312,,0.0154619,FALSE,-0.9566489
L,V,543,-0.8415352,-1.4221001,-2.1434691,,0.0121245,FALSE,-0.502305
L,W,543,-1.620136,-1.8405533,-1.8671182,,0.0378716,FALSE,-0.9342583
L,Y,543,-1.2240415,-1.6392479,-1.2222992,,0.0114912,FALSE,-0.7034421
V,A,544,-1.9870798,-1.8318405,-1.627614,,0.0295315,FALSE,-0.9233984
V,C,544,-3.3920582,-1.9535027,-1.2407226,,0.0172,FALSE,-1.0818808
V,D,544,-2.9326753,-1.803421,1.9515098,,0.0158711,FALSE,-0.8885129
V,E,544,-3.2710658,-1.9443436,1.7672758,,0.0172,FALSE,-1.0694465
V,F,544,-2.5236968,-1.8508987,-2.0329287,,0.0147004,FALSE,-0.947253
V,G,544,-2.6136824,-1.818428,-1.4618034,,0.0201099,FALSE,-0.9068314
V,H,544,-3.4425749,-1.8147087,1.3619611,,0.0172,FALSE,-0.9022699
V,I,544,-2.562713,-1.2655907,-1.811848,,0.0137318,FALSE,-0.3870763
V,K,544,-3.2809565,-1.8000526,2.6515989,,0.0172,FALSE,-0.884433
V,L,544,-3.8419282,-2.042328,-2.1434691,,0.0147328,FALSE,-1.206531
V,M,544,-2.5052805,-1.857338,-1.6460374,,0.0172,FALSE,-0.9553958
V,N,544,-1.9945557,-2.0833206,0.0120685,,0.0147,FALSE,-1.2664549
V,P,544,-3.3661054,-1.9834175,-1.0380652,,0.0172,FALSE,-1.1230458
V,Q,544,-3.5212923,-1.8289146,0.1041855,,0.0172,FALSE,-0.9197687
V,R,544,-4.1036955,-1.8027344,3.9412368,,0.0172,FALSE,-0.8876803
V,S,544,-2.0001661,-1.9511337,-0.6880207,,0.0137468,FALSE,-1.078657
V,T,544,-1.6200713,-1.6601982,-0.8354078,,0.0172,FALSE,-0.7254779
V,W,544,-1.7794837,-2.070671,-1.8486948,,0.0172,FALSE,-1.247807
V,Y,544,-1.5900552,-2.178257,-1.2038758,,0.0172,FALSE,-1.4106865
S,A,545,-1.562351,-1.7522507,-1.2222992,,0.0185716,FALSE,-0.8277985
S,C,545,-2.9471943,-2.1067963,-1.6091906,,0.0172,FALSE,-1.3014257
S,D,545,-0.6056983,-1.9590797,0.4776379,,0.0172,FALSE,-1.0894911
S,E,545,-3.2791145,-1.9954681,0.293404,,0.0172,FALSE,-1.1398649
S,F,545,-1.3171332,-2.0979538,-0.5590569,,0.0135777,FALSE,-1.2881984
S,G,545,-3.8086544,-2.0850258,-1.3881098,,0.0172,FALSE,-1.2689792
S,H,545,-2.3326674,-1.9921265,-0.1119108,,0.0172,FALSE,-1.1351875
S,I,545,-3.7715729,-2.0474968,-0.3379761,,0.0172,FALSE,-1.2140055
S,K,545,-3.1023017,-1.9370422,1.1777271,,0.0172,FALSE,-1.0595918
S,L,545,-1.2268534,-1.8206558,-0.7064441,,0.012493,FALSE,-0.9095705
S,M,545,-2.6744548,-1.9292603,-1.2038758,,0.0172,FALSE,-1.0491449
S,N,545,-3.0304938,-2.080017,-1.4618034,,0.0172,FALSE,-1.2615714
S,P,545,-1.6631271,-1.9264412,-1.811848,,0.0183478,FALSE,-1.0453748
S,Q,545,-2.3123333,-1.9827538,-1.3696864,,0.0172,FALSE,-1.1221234
S,R,545,-2.4172486,-1.9480209,2.467365,,0.0172,FALSE,-1.0744292
S,T,545,-1.0546509,-1.8010559,-2.0145053,,0.0121414,FALSE,-0.885647
S,V,545,-3.1462336,-1.8552704,-0.6880207,,0.0147,FALSE,-0.9527767
S,W,545,-2.5760097,-1.9895973,-1.0012184,,0.0172,FALSE,-1.1316542
S,Y,545,-2.4614175,-1.8468208,-1.6460374,,0.0080028,FALSE,-0.9421179
L,A,546,-3.2292484,-1.9633675,-1.6460374,,0.0172,FALSE,-1.0953623
L,C,546,-3.5958918,-2.009472,-1.259146,,0.0158668,FALSE,-1.1595786
L,D,546,-2.7071023,-1.8520164,1.9330864,,0.0172,FALSE,-0.9486634
L,E,546,-3.90383,-2.0643234,1.7488524,,0.0172,FALSE,-1.2385017
L,F,546,-2.1740309,-2.1017494,-2.0145053,,0.0147,FALSE,-1.2938681
L,G,546,-3.5497865,-2.0184288,-1.4802268,,0.0172,FALSE,-1.1722814
L,H,546,-3.7745628,-1.887291,1.3435377,,0.0172,FALSE,-0.9938183
L,I,546,-3.5946908,-1.898613,-1.7934246,,0.0172,FALSE,-1.0085737
L,K,546,-4.1063579,-2.064766,2.6331756,,0.0172,FALSE,-1.2391494
L,M,546,-2.9929635,-2.0949821,-1.6644608,,0.0172,FALSE,-1.283768
L,N,546,-4.2616214,-2.009594,-0.0063549,,0.0172,FALSE,-1.1597511
L,P,546,-2.7497922,-1.8308067,-1.0564886,,0.0251143,FALSE,-0.9221149
L,Q,546,-3.2562713,-1.9119225,0.0857621,,0.0164347,FALSE,-1.0260804
L,R,546,-3.2697743,-1.8948402,3.9228134,,0.0179346,FALSE,-1.0036427
L,S,546,-3.7526979,-1.976963,-0.7064441,,0.02058,FALSE,-1.1140928
L,T,546,-3.1129365,-1.8443489,-0.8538312,,0.0172,FALSE,-0.9390134
L,V,546,-2.5676239,-2.0068588,-2.1434691,,0.0190401,FALSE,-1.1558863
L,W,546,-2.1883463,-2.048191,-1.8671182,,0.0172,FALSE,-1.2150112
L,Y,546,-1.8237214,-2.111576,-1.2222992,,0.0172,FALSE,-1.3086029
G,A,547,-1.6975226,-2.1855278,-1.9960819,,0.0176843,FALSE,-1.4220324
G,C,547,-3.6159125,-2.3201904,-1.9408117,,0.0172,FALSE,-1.6392558
G,D,547,-3.2608784,-1.9881058,1.2514207,,0.0158735,FALSE,-1.1295733
G,E,547,-2.1055955,-2.0391045,1.0671867,,0.0133064,FALSE,-1.2018815
G,F,547,-3.5093635,-2.1321259,-1.3328396,,0.0172,FALSE,-1.3396776
G,H,547,-3.4285357,-2.0561028,0.6618719,,0.0172,FALSE,-1.226503
G,I,547,-3.3504365,-2.1537094,-1.1117588,,0.0172,FALSE,-1.3726882
G,K,547,-3.1865251,-2.2333412,1.9515098,,0.0172,FALSE,-1.4976524
G,L,547,-3.5468024,-2.0452728,-1.4802268,,0.0172,FALSE,-1.2107865
G,M,547,-1.3983197,-2.1176376,-1.9776585,,0.0172,FALSE,-1.3177326
G,N,547,-3.2275653,-2.000965,-0.6880207,,0.0172,FALSE,-1.1475816
G,P,547,-3.7852413,-2.1223488,-1.7381544,,0.0172,FALSE,-1.3248495
G,Q,547,-3.1395763,-1.907608,-0.5959037,,0.0172,FALSE,-1.0203863
G,R,547,-2.7623413,-1.9230995,3.2411477,,0.0149811,FALSE,-1.0409158
G,S,547,-3.4470762,-1.9264908,-1.3881098,,0.0172,FALSE,-1.0454411
G,T,547,-1.6947821,-1.9004211,-1.535497,,0.0172,FALSE,-1.0109418
G,V,547,-2.7985236,-2.0484276,-1.4618034,,0.0172,FALSE,-1.215354
G,W,547,-2.8913881,-1.9083328,-1.7750012,,0.0172,FALSE,-1.0213416
G,Y,547,-3.3864108,-1.9054337,-1.9039649,,0.0172,FALSE,-1.0175236
A,C,548,-3.1910013,-2.094078,-1.7750012,,0.0172,FALSE,-1.2824216
A,D,548,-3.4783533,-1.9243927,1.4172313,,0.0172,FALSE,-1.0426401
A,E,548,-2.7588489,-1.9333191,1.2329973,,0.0168778,FALSE,-1.0545864
A,F,548,-3.946325,-1.8129196,-1.4986502,,0.0172,FALSE,-0.9000807
A,G,548,-3.138345,-1.7702065,-1.9960819,,0.0079537,FALSE,-0.848794
A,H,548,-3.3222805,-1.8180656,0.8276825,,0.0172,FALSE,-0.9063863
A,I,548,-4.0641942,-1.8518066,-1.2775694,,0.0172,FALSE,-0.9483986
A,K,548,-3.9481309,-1.7395592,2.1173204,,0.0172,FALSE,-0.8131615
A,L,548,-4.2049922,-1.9580574,-1.6460374,,0.0172,FALSE,-1.0880939
A,M,548,-3.3428607,-2.060917,-2.1434691,,0.0172,FALSE,-1.2335225
A,N,548,-3.802323,-1.7031174,-0.5222101,,0.0172,FALSE,-0.7720729
A,P,548,-4.4297332,-2.0056992,-1.5723438,,0.0158813,FALSE,-1.1542498
A,Q,548,-2.8973465,-1.7348251,-0.4300931,,0.0172,FALSE,-0.8077449
A,R,548,-4.1373532,-1.8692207,3.4069583,,0.0172,FALSE,-0.9705313
A,S,548,-2.8824374,-1.7849922,-1.2222992,,0.0239822,FALSE,-0.8663343
A,T,548,-2.2123425,-1.6862373,-1.3696864,,0.0206216,FALSE,-0.7535146
A,V,548,-3.270135,-1.9991951,-1.627614,,0.0121,FALSE,-1.1450939
A,W,548,-2.3583591,-1.732254,-1.9408117,,0.0172,FALSE,-0.8048129
A,Y,548,-2.9032684,-1.9000397,-1.7381544,,0.0172,FALSE,-1.010442
I,A,549,-1.116562,-1.3681068,-1.2775694,,0.0181815,FALSE,-0.4598455
I,C,549,-1.1784782,-1.6376915,-0.890678,,0.021256,FALSE,-0.7018237
I,D,549,-2.9461222,-1.650898,2.3015544,,0.0172,FALSE,-0.7156384
I,E,549,-3.2464822,-1.736515,2.1173204,,0.0172,FALSE,-0.8096757
I,F,549,-2.1904312,-1.6529503,-1.9408117,,0.0178586,FALSE,-0.7178018
I,G,549,-2.79068,-1.5708122,-1.1117588,,0.0172,FALSE,-0.634705
I,H,549,-1.1009415,-1.6842766,1.7120056,,0.0172,FALSE,-0.7513785
I,K,549,-3.3182709,-1.6624985,3.0016435,,0.0172,FALSE,-0.7279258
I,L,549,-0.772671,-1.1747131,-1.7934246,,0.0175994,FALSE,-0.3307129
I,M,549,-1.9746946,-1.5254021,-1.2959928,,0.0172,FALSE,-0.5918289
I,N,549,-2.4732235,-1.8267784,0.362113,,0.0158784,FALSE,-0.9171242
I,P,549,-3.7614837,-1.8923035,-0.6880207,,0.0172,FALSE,-1.0003352
I,Q,549,-3.1728249,-1.7504425,0.45423,,0.0172,FALSE,-0.8257028
I,R,549,-3.6504268,-1.6391411,4.2912814,,0.0172,FALSE,-0.703331
I,S,549,-2.2850907,-1.7439079,-0.3379761,,0.0147,FALSE,-0.8181578
I,T,549,-2.3417957,-1.4890938,-0.4853633,,0.0203706,FALSE,-0.5591037
I,V,549,-1.2714232,-1.1455841,-1.811848,,0.0309597,FALSE,-0.3141746
I,W,549,-2.1973621,-1.678833,-1.4986502,,0.0158784,FALSE,-0.7454693
I,Y,549,-2.6098838,-1.7237625,-0.8538312,,0.0210169,FALSE,-0.795179
S,A,550,-0.5346284,-2.20961,-1.2222992,,0.0147,FALSE,-1.4599036
S,C,550,-0.2950704,-1.9366608,-1.6091906,,0.0143014,FALSE,-1.0590784
S,D,550,-2.4537495,-1.9159355,0.4776379,,0.0172,FALSE,-1.0313929
S,E,550,-2.2588881,-2.0827484,0.293404,,0.0172,FALSE,-1.2656084
S,F,550,-1.0413873,-2.2236443,-0.5590569,,0.0147338,FALSE,-1.4821769
S,G,550,-0.1593343,-1.8738022,-1.3881098,,0.012841,FALSE,-0.9764047
S,H,550,-2.4689679,-2.0003128,-0.1119108,,0.0172,FALSE,-1.1466645
S,I,550,-1.6828273,-1.9350052,-0.3379761,,0.0211899,FALSE,-1.0568516
S,K,550,-2.4274381,-2.1740608,1.1777271,,0.0172,FALSE,-1.4041573
S,L,550,-0.1473579,-1.959549,-0.7064441,,0.0192961,FALSE,-1.0901329
S,M,550,-0.67084,-2.1381378,-1.2038758,,0.0172,FALSE,-1.3488344
S,N,550,-1.3353573,-1.907917,-1.4618034,,0.0175426,FALSE,-1.0207935
S,P,550,-2.4007842,-1.9474068,-1.811848,,0.0172,FALSE,-1.0735962
S,Q,550,-0.4657967,-2.0439377,-1.3696864,,0.0172,FALSE,-1.2088562
S,R,550,-2.4492581,-1.7964935,2.467365,,0.0143901,FALSE,-0.8801348
S,T,550,-0.4682404,-2.0564423,-2.0145053,,0.019046,FALSE,-1.2269973
S,V,550,-1.2483977,-1.7681236,-0.6880207,,0.018334,FALSE,-0.8463413
S,W,550,-1.7498708,-1.9933662,-1.0012184,,0.0172,FALSE,-1.1369216
S,Y,550,-2.742799,-1.8118515,-1.6460374,,0.0172,FALSE,-0.8987753
F,A,551,-0.888339,-1.9825592,-1.4986502,,0.0108697,FALSE,-1.121853
F,C,551,-1.9618289,-1.9336815,-1.1117588,,0.0172,FALSE,-1.055073
F,D,551,-2.5939346,-2.1334915,2.0804736,,0.0172,FALSE,-1.341755
F,E,551,-0.5981209,-2.0506134,1.8962396,,0.0206299,FALSE,-1.2185238
F,G,551,-1.0158017,-1.9289474,-1.3328396,,0.0137506,FALSE,-1.0487261
F,H,551,-1.727797,-1.889595,1.4909249,,0.0172,FALSE,-0.9968107
F,I,551,-0.5755923,-1.9952278,-1.9408117,,0.0200472,FALSE,-1.1395282
F,K,551,-2.6829591,-1.9091606,2.7805627,,0.0172,FALSE,-1.0224333
F,L,551,-0.7707948,-1.7101479,-2.0145053,,0.009693,FALSE,-0.7798911
F,M,551,-1.960474,-1.942688,-1.5170736,,0.0249,FALSE,-1.0672075
F,N,551,-1.4463219,-1.8069077,0.1410323,,0.0172,FALSE,-0.8927484
F,P,551,-2.1353732,-1.9068108,-0.9091014,,0.0172,FALSE,-1.0193362
F,Q,551,-1.2376786,-2.1807327,0.2331493,,0.0172,FALSE,-1.4145451
F,R,551,-3.7160979,-1.9130707,4.0702006,,0.0158728,FALSE,-1.0275988
F,S,551,-1.5389768,-2.1249352,-0.5590569,,0.0154757,FALSE,-1.3287644
F,T,551,-1.0977127,-1.9602737,-0.7064441,,0.0235771,FALSE,-1.0911243
F,V,551,-0.0967852,-1.817337,-2.0329287,,0.0108697,FALSE,-0.9054919
F,W,551,-1.7642,-1.8964157,-1.719731,,0.0172,FALSE,-1.0057002
F,Y,551,-0.4137904,-2.0174026,-1.074912,,0.0158728,FALSE,-1.1708223
W,A,552,-1.8230095,-2.1898422,-1.9408117,,0.0147,FALSE,-1.4287843
W,C,552,-2.0683078,-2.0202675,-1.5539204,,0.0189828,FALSE,-1.1748982
W,D,552,-2.0746202,-1.8996811,1.638312,,0.0172,FALSE,-1.0099722
W,E,552,-2.4915345,-2.097725,1.4540781,,0.0172,FALSE,-1.2878571
W,F,552,-0.6096051,-1.8434105,-1.719731,,0.0256328,FALSE,-0.9378364
W,G,552,-1.6989231,-1.9525375,-1.7750012,,0.0160332,FALSE,-1.0805667
W,H,552,-2.5757946,-2.1649666,1.0487633,,0.0172,FALSE,-1.3900544
W,I,552,-1.464885,-1.9633789,-1.4986502,,0.0172,FALSE,-1.0953779
W,K,552,-2.5364848,-2.0532913,2.3384012,,0.0172,FALSE,-1.222413
W,L,552,-2.3874934,-1.8504944,-1.8671182,,0.0137497,FALSE,-0.9467432
W,M,552,-1.0869495,-1.9019585,-1.9592351,,0.0172,FALSE,-1.0129578
W,N,552,-2.4783542,-1.8609657,-0.3011293,,0.0172,FALSE,-0.9600016
W,P,552,-3.3083534,-1.9992752,-1.351263,,0.0172,FALSE,-1.1452064
W,Q,552,-1.9497272,-2.0434456,-0.2090123,,0.0285702,FALSE,-1.2081451
W,R,552,-2.6305151,-1.9723549,3.6280391,,0.0364964,FALSE,-1.1077247
W,S,552,-2.8302505,-1.9188843,-1.0012184,,0.01764,FALSE,-1.0353066
W,T,552,-2.544781,-1.9880676,-1.1486056,,0.0172,FALSE,-1.12952
W,V,552,-1.8447173,-1.8719978,-1.8486948,,0.0172,FALSE,-0.974089
W,Y,552,-1.1139882,-2.0324745,-1.5170736,,0.0172,FALSE,-1.1923479
M,A,553,-0.6441135,-1.7209396,-2.1434691,,0.0194708,FALSE,-0.7919931
M,C,553,-3.189698,-1.7694588,-1.7565778,,0.0172,FALSE,-0.847913
M,D,553,-2.8596732,-1.8939476,1.4356547,,0.0172,FALSE,-1.0024782
M,E,553,-2.790962,-1.7548599,1.2514207,,0.0172,FALSE,-0.8308285
M,F,553,-2.4878956,-1.7233162,-1.5170736,,0.0172,FALSE,-0.7946748
M,G,553,-0.6353903,-1.8773079,-1.9776585,,0.0246246,FALSE,-0.980913
M,H,553,-1.8003039,-2.201458,0.8461059,,0.0172,FALSE,-1.4470342
M,I,553,-1.5734487,-1.8970451,-1.2959928,,0.0284407,FALSE,-1.0065228
M,K,553,-2.3998288,-1.8928642,2.1357438,,0.0172,FALSE,-1.0010657
M,L,553,-2.1305095,-1.754242,-1.6644608,,0.0294,FALSE,-0.8301103
M,N,553,-2.2157351,-1.9069748,-0.5037867,,0.0172,FALSE,-1.0195522
M,P,553,-3.2684481,-1.866333,-1.5539204,,0.0172,FALSE,-0.9668401
M,Q,553,-2.5987598,-1.6222267,-0.4116697,,0.0172,FALSE,-0.6858819
M,R,553,-0.9041242,-1.8947067,3.4253817,,0.0190435,FALSE,-1.0034685
M,S,553,-1.0795627,-1.9769249,-1.2038758,,0.0154445,FALSE,-1.11404
M,T,553,-1.6324782,-1.8779182,-1.351263,,0.0158696,FALSE,-0.9816991
M,V,553,-3.2204767,-1.7908516,-1.6460374,,0.0159536,FALSE,-0.873348
M,W,553,-2.3188041,-1.6395073,-1.9592351,,0.0147,FALSE,-0.7037121
M,Y,553,-3.5202745,-1.9234962,-1.719731,,0.0172,FALSE,-1.0414445
C,A,554,-0.9065686,-2.164631,-1.7750012,,0.0261454,FALSE,-1.3895352
C,D,554,-2.5386029,-2.218563,1.0303399,,0.0172,FALSE,-1.4740955
C,E,554,-2.7834403,-1.9462852,0.8461059,,0.0172,FALSE,-1.0720757
C,F,554,-1.4417424,-2.046856,-1.1117588,,0.0162202,FALSE,-1.2130775
C,G,554,-2.691745,-2.0032082,-1.9408117,,0.0149939,FALSE,-1.1507386
C,H,554,-2.6901065,-2.0239143,0.4407911,,0.0172,FALSE,-1.1800971
C,I,554,-0.2884314,-2.0673485,-0.890678,,0.0254388,FALSE,-1.2429319
C,K,554,-2.777098,-2.0657005,1.730429,,0.0172,FALSE,-1.2405174
C,L,554,-0.7443081,-2.0523949,-1.259146,,0.0160913,FALSE,-1.2211104
C,M,554,-1.2727814,-1.8954048,-1.7565778,,0.0219,FALSE,-1.0043797
C,N,554,-2.7101855,-1.9415894,-0.9091014,,0.0172,FALSE,-1.0657232
C,P,554,-3.0812254,-1.9636879,-1.9592351,,0.0172,FALSE,-1.0958017
C,Q,554,-1.8213045,-1.9351349,-0.8169844,,0.0147,FALSE,-1.0570259
C,R,554,-2.3487133,-2.0855942,3.0200669,,0.0223139,FALSE,-1.2698212
C,S,554,-1.7771276,-2.3872108,-1.6091906,,0.0174928,FALSE,-1.7519823
C,T,554,-1.770547,-1.8918076,-1.7565778,,0.02064,FALSE,-0.9996894
C,V,554,-0.6678589,-2.0351715,-1.2407226,,0.0147,FALSE,-1.1962213
C,W,554,-1.8706651,-1.8217583,-1.5539204,,0.014726,FALSE,-0.9109279
C,Y,554,-2.2937746,-2.2749252,-2.1250457,,0.013027,FALSE,-1.5647933
S,A,555,-0.3177022,-1.8461227,-1.2222992,,0.0328378,FALSE,-0.9412405
S,C,555,-2.4941844,-1.8110161,-1.6091906,,0.0172,FALSE,-0.8977551
S,D,555,-0.5560451,-2.0075111,0.4776379,,0.021009,FALSE,-1.1568074
S,E,555,-0.175132,-1.7545509,0.293404,,0.012879,FALSE,-0.8304693
S,F,555,-1.3658254,-2.018013,-0.5590569,,0.0140469,FALSE,-1.1716901
S,G,555,-1.4298038,-1.8065987,-1.3881098,,0.0247357,FALSE,-0.8923726
S,H,555,-1.2541019,-1.9882355,-0.1119108,,0.0172,FALSE,-1.1297541
S,I,555,-1.3177489,-1.7680435,-0.3379761,,0.015869,FALSE,-0.846247
S,K,555,-1.4822458,-1.7308044,1.1777271,,0.0222165,FALSE,-0.803163
S,L,555,-0.6211165,-1.9125328,-0.7064441,,0.0192714,FALSE,-1.0268873
S,M,555,-0.5432675,-1.7288322,-1.2038758,,0.0172289,FALSE,-0.8009217
S,N,555,-1.3717405,-1.8861198,-1.4618034,,0.015869,FALSE,-0.9922992
S,P,555,-2.9563684,-1.8999863,-1.811848,,0.0181462,FALSE,-1.010372
S,Q,555,0.1747816,-1.7955208,-1.3696864,,0.0212902,FALSE,-0.8789624
S,R,555,-1.4238294,-1.7848167,2.467365,,0.0346937,FALSE,-0.8661248
S,T,555,-0.9319625,-1.9058342,-2.0145053,,0.03066,FALSE,-1.0180506
S,V,555,-0.7548343,-2.0450745,-0.6880207,,0.0169651,FALSE,-1.2104997
S,W,555,-0.9079715,-2.0528908,-1.0012184,,0.0219313,FALSE,-1.2218309
S,Y,555,0.0496211,-1.7643166,-1.6460374,,0.0078795,FALSE,-0.84187
N,A,556,-1.9686882,-1.9098167,-0.5222101,,0.0172,FALSE,-1.023299
N,C,556,-2.3867284,-2.0766487,-0.9091014,,0.0172,FALSE,-1.256602
N,D,556,-1.5354841,-1.8618393,-0.2224512,,0.0321953,FALSE,-0.9611127
N,E,556,-2.4982098,-2.1819954,-0.3329916,,0.0147,FALSE,-1.416515
N,F,556,-2.3403949,-2.0106812,0.1410323,,0.0172,FALSE,-1.1612893
N,G,556,-2.9960457,-2.0305977,-0.6880207,,0.0176716,FALSE,-1.1896563
N,H,556,-1.2533214,-1.9281883,0.0723232,,0.0147,FALSE,-1.0477104
N,I,556,-0.5017771,-1.8871384,0.362113,,0.0180897,FALSE,-0.9936203
N,K,556,-1.1402026,-1.9004669,0.4776379,,0.0153898,FALSE,-1.0110018
N,L,556,-0.8825219,-1.8735657,-0.0063549,,0.0121131,FALSE,-0.976101
N,M,556,-0.8240669,-2.0199814,-0.5037867,,0.0158673,FALSE,-1.1744908
N,P,556,-3.7952666,-1.9764786,-1.1117588,,0.0172,FALSE,-1.1134224
N,Q,556,-2.2014084,-1.993969,-2.0697755,,0.0172,FALSE,-1.1377653
N,R,556,-1.4501856,-2.0119476,1.7672758,,0.0158673,FALSE,-1.1630823
N,S,556,-0.8644596,-1.9661942,-1.4618034,,0.0199229,FALSE,-1.0992423
N,T,556,-0.7669838,-1.9401016,-1.3144162,,0.0235621,FALSE,-1.0637149
N,V,556,-0.6232808,-1.999836,0.0120685,,0.015522,FALSE,-1.1459944
N,W,556,-1.8386394,-2.286583,-0.3011293,,0.0172,FALSE,-1.5838363
N,Y,556,-0.0495998,-1.9779778,-0.9459482,,0.0158673,FALSE,-1.1154978
G,A,557,-1.9310836,-1.8413963,-1.9960819,,0.0158735,FALSE,-0.9353132
G,C,557,-3.7503001,-1.9628067,-1.9408117,,0.0172,FALSE,-1.0945934
G,D,557,-2.4144647,-1.7814522,1.2514207,,0.0172,FALSE,-0.8621142
G,E,557,-2.280094,-1.9173965,1.0671867,,0.0185552,FALSE,-1.0333309
G,F,557,-2.7285284,-1.9923172,-1.3328396,,0.0172,FALSE,-1.1354542
G,H,557,-2.3206366,-1.9507141,0.6618719,,0.0172,FALSE,-1.0780865
G,I,557,-3.6236931,-1.8227501,-1.1117588,,0.0172,FALSE,-0.91215
G,K,557,-2.2179832,-1.8318443,1.9515098,,0.01764,FALSE,-0.9234031
G,L,557,-3.1464835,-1.9593735,-1.4802268,,0.0172,FALSE,-1.0898928
G,M,557,-3.0465983,-1.9073677,-1.9776585,,0.0172,FALSE,-1.0200697
G,N,557,-1.5466869,-1.8602829,-0.6880207,,0.0172,FALSE,-0.9591337
G,P,557,-3.879031,-1.9596939,-1.7381544,,0.0172,FALSE,-1.090331
G,Q,557,-1.1524445,-1.9190025,-0.5959037,,0.0158735,FALSE,-1.0354637
G,R,557,-2.0970107,-1.7610245,3.2411477,,0.0114379,FALSE,-0.8380156
G,S,557,-2.7530145,-2.101303,-1.3881098,,0.0219,FALSE,-1.2932007
G,T,557,-3.2950151,-2.0101776,-1.535497,,0.0172,FALSE,-1.1605767
G,V,557,-2.2969901,-1.9040298,-1.4618034,,0.0172,FALSE,-1.0156777
G,W,557,-2.6267862,-1.7689323,-1.7750012,,0.0172,FALSE,-0.847293
G,Y,557,-3.2923277,-1.9404716,-1.9039649,,0.0172,FALSE,-1.0642141
S,A,558,-1.3421828,-2.0741425,-1.2222992,,0.0147275,FALSE,-1.2529108
S,C,558,-2.9107129,-1.9224777,-1.6091906,,0.015868,FALSE,-1.0400873
S,D,558,-3.0395269,-1.9103203,0.4776379,,0.0172,FALSE,-1.0239638
S,E,558,-1.2589654,-1.9766464,0.293404,,0.0172,FALSE,-1.1136546
S,F,558,-0.7257336,-1.6920395,-0.5590569,,0.0169611,FALSE,-0.7598597
S,G,558,-3.1275151,-1.8802185,-1.3881098,,0.015868,FALSE,-0.9846654
S,H,558,-2.2779775,-1.881321,-0.1119108,,0.0147275,FALSE,-0.9860889
S,I,558,-1.6466622,-2.0951462,-0.3379761,,0.0172,FALSE,-1.2840125
S,K,558,-2.6240871,-1.8729668,1.1777271,,0.0172,FALSE,-0.9753322
S,L,558,-1.0015415,-1.920208,-0.7064441,,0.0261599,FALSE,-1.0370662
S,M,558,-1.5605371,-2.2189484,-1.2038758,,0.0219,FALSE,-1.4747078
S,N,558,-1.7051964,-1.5729408,-1.4618034,,0.015868,FALSE,-0.6367682
S,P,558,-2.9320412,-2.0643501,-1.811848,,0.0202636,FALSE,-1.2385407
S,Q,558,-0.0132446,-1.8045692,-1.3696864,,0.0375,FALSE,-0.8899063
S,R,558,-2.951672,-2.0026817,2.467365,,0.0172,FALSE,-1.1499972
S,T,558,-0.5203592,-1.6541672,-2.0145053,,0.0257529,FALSE,-0.7190867
S,V,558,-1.0924625,-1.8140526,-0.6880207,,0.0175835,FALSE,-0.9014667
S,W,558,-2.4820358,-2.0150757,-1.0012184,,0.0249,FALSE,-1.1675174
S,Y,558,-1.7323071,-2.1057587,-1.6460374,,0.010106,FALSE,-1.2998702
L,A,559,-3.0151212,-2.0171318,-1.6460374,,0.0172,FALSE,-1.1704375
L,C,559,-1.6294949,-1.9828072,-1.259146,,0.0172,FALSE,-1.1221976
L,D,559,-3.7624943,-1.8845482,1.9330864,,0.0172,FALSE,-0.9902628
L,E,559,-3.5563343,-1.9724197,1.7488524,,0.0172,FALSE,-1.1078141
L,F,559,-2.5112559,-1.9957314,-2.0145053,,0.0146659,FALSE,-1.1402339
L,G,559,-3.9981457,-1.6357269,-1.4802268,,0.0172,FALSE,-0.6997844
L,H,559,-3.1866316,-1.8671951,1.3435377,,0.0172,FALSE,-0.9679412
L,I,559,-2.2980891,-2.0201912,-1.7934246,,0.015867,FALSE,-1.1747895
L,K,559,-2.8941071,-1.8976212,2.6331756,,0.0172,FALSE,-1.0072761
L,M,559,-2.0906456,-1.7073402,-1.6644608,,0.0147257,FALSE,-0.7767625
L,N,559,-3.5879669,-1.8417778,-0.0063549,,0.0172,FALSE,-0.9357908
L,P,559,-3.8617957,-2.2301788,-1.0564886,,0.0172,FALSE,-1.4925978
L,Q,559,-1.3589967,-1.7926826,0.0857621,,0.0172,FALSE,-0.875547
L,R,559,-4.0681981,-1.9684143,3.9228134,,0.0172,FALSE,-1.1022949
L,S,559,-3.4226939,-1.9926224,-0.7064441,,0.0313511,FALSE,-1.135881
L,T,559,-2.9179987,-1.9073524,-0.8538312,,0.0172,FALSE,-1.0200495
L,V,559,-1.0866497,-2.019596,-2.1434691,,0.0137228,FALSE,-1.1739422
L,W,559,-2.3856108,-1.9962654,-1.8671182,,0.0172,FALSE,-1.1409824
L,Y,559,-3.2608642,-2.0066147,-1.2222992,,0.0172,FALSE,-1.1555417
Q,A,560,-2.0162507,-1.7129669,-0.4300931,,0.0158669,FALSE,-0.7830405
Q,C,560,-2.4350118,-1.8585968,-0.8169844,,0.0172,FALSE,-0.9569925
Q,D,560,-2.6940113,-2.0576782,-0.3145682,,0.0172,FALSE,-1.2287978
Q,E,560,-2.0048738,-2.0201492,-0.2408746,,0.0171587,FALSE,-1.1747297
Q,F,560,-3.1301899,-2.0056572,0.2331493,,0.0172,FALSE,-1.1541906
Q,G,560,-1.6663146,-1.9744949,-0.5959037,,0.0172,FALSE,-1.1106796
Q,H,560,-2.1801172,-2.0434418,0.1644402,,0.0142557,FALSE,-1.2081396
Q,I,560,-2.8633904,-2.119938,0.45423,,0.0172,FALSE,-1.3212053
Q,K,560,-1.7911283,-1.78088,0.385521,,0.0100337,FALSE,-0.8614333
Q,L,560,-2.2786493,-1.7148132,0.0857621,,0.02064,FALSE,-0.7851078
Q,M,560,-0.9997036,-2.0374298,-0.4116697,,0.0172,FALSE,-1.1994697
Q,N,560,-2.1948653,-1.8507271,-2.0697755,,0.01764,FALSE,-0.9470366
Q,P,560,-2.0856423,-1.9718933,-1.0196418,,0.01764,FALSE,-1.1070879
Q,R,560,-1.4937076,-1.9410019,1.6751588,,0.0172,FALSE,-1.0649299
Q,S,560,-1.3219427,-1.7998314,-1.3696864,,0.0228297,FALSE,-0.8841655
Q,T,560,-1.3411629,-1.9077911,-1.2222992,,0.0210174,FALSE,-1.0206276
Q,V,560,-0.8923744,-1.9515038,0.1041855,,0.0231626,FALSE,-1.0791603
Q,W,560,-2.7618782,-2.1256676,-0.2090123,,0.0172,FALSE,-1.329874
Q,Y,560,-2.9628888,-2.124569,-0.8538312,,0.0172,FALSE,-1.3282097
C,A,561,-1.2034942,-1.9314651,-1.7750012,,0.015866,FALSE,-1.0520988
C,D,561,-2.9989123,-2.0513382,1.0303399,,0.0172,FALSE,-1.2195758
C,E,561,-2.9352976,-1.9266701,0.8461059,,0.0172,FALSE,-1.0456806
C,F,561,-0.8490094,-2.0735855,-1.1117588,,0.0410913,FALSE,-1.2520912
C,G,561,-2.4442565,-1.8376656,-1.9408117,,0.0147,FALSE,-0.9306505
C,H,561,-2.6806548,-1.917736,0.4407911,,0.015866,FALSE,-1.0337816
C,I,561,-0.6580887,-1.9755516,-0.890678,,0.0130815,FALSE,-1.1121402
C,K,561,-2.7334905,-1.8272781,1.730429,,0.0172,FALSE,-0.9177424
C,L,561,-0.9003394,-1.8764648,-1.259146,,0.015866,FALSE,-0.9798277
C,M,561,-1.7774497,-1.9623909,-1.7565778,,0.0219,FALSE,-1.0940235
C,N,561,-2.5776971,-1.9353485,-0.9091014,,0.0172,FALSE,-1.0573131
C,P,561,-3.4104568,-1.9601402,-1.9592351,,0.0172,FALSE,-1.0909416
C,Q,561,-1.959826,-2.122696,-0.8169844,,0.0172,FALSE,-1.3253747
C,R,561,-2.7659921,-2.1267204,3.0200669,,0.0213297,FALSE,-1.3314698
C,S,561,-3.5223928,-2.1012802,-1.6091906,,0.0147241,FALSE,-1.2931666
C,T,561,-2.7549286,-2.0256271,-1.7565778,,0.0172,FALSE,-1.1825431
C,V,561,-0.8900512,-2.0719757,-1.2407226,,0.012223,FALSE,-1.2497239
C,W,561,-1.8726739,-1.9401398,-1.5539204,,0.0172,FALSE,-1.0637664
C,Y,561,-1.103043,-1.9325333,-2.1250457,,0.0179306,FALSE,-1.0535317
R,A,562,-1.1172074,-1.9109459,3.4069583,,0.0194094,FALSE,-1.0247899
R,C,562,-2.6291263,-1.86903,3.0200669,,0.0172,FALSE,-0.9702873
R,D,562,-1.4769197,-2.027359,3.4119428,,0.0124992,FALSE,-1.185019
R,E,562,-1.4443815,-1.8241158,3.5961768,,0.0141036,FALSE,-0.9138345
R,F,562,-2.3913075,-1.8426132,4.0702006,,0.0172,FALSE,-0.9368371
R,G,562,-2.0313648,-1.984169,3.2411477,,0.0188259,FALSE,-1.1240907
R,H,562,-1.282169,-1.7712326,0.4173832,,0.023167,FALSE,-0.8500039
R,I,562,-1.4818788,-1.8557816,4.2912814,,0.0210168,FALSE,-0.9534239
R,K,562,-1.2232005,-1.3962822,-0.8722546,,0.0168211,FALSE,-0.4816379
R,L,562,-1.3137073,-1.7882233,3.9228134,,0.0224282,FALSE,-0.8701975
R,M,562,-0.9734553,-2.0818977,3.4253817,,0.0172,FALSE,-1.2643504
R,N,562,-1.4090206,-1.9256325,1.7672758,,0.012943,FALSE,-1.0442947
R,P,562,-3.2297363,-2.0036087,2.8174095,,0.0158658,FALSE,-1.1513027
R,Q,562,-0.8030221,-1.8498077,1.6751588,,0.0158658,FALSE,-0.9458775
R,S,562,-1.1667565,-1.8015938,2.467365,,0.0158127,FALSE,-0.8862983
R,T,562,-0.6230633,-1.9386063,2.6147522,,0.0309057,FALSE,-1.0616986
R,V,562,-1.4829545,-1.9777412,3.9412368,,0.0157327,FALSE,-1.1151701
R,W,562,-2.5174155,-1.8063927,3.6280391,,0.0172,FALSE,-0.892122
R,Y,562,-2.4895699,-2.0360565,2.9832201,,0.0224998,FALSE,-1.1974938
I,A,563,-0.8025905,-1.9136086,-1.2775694,,0.0172,FALSE,-1.0283106
I,C,563,-2.797861,-1.9622116,-0.890678,,0.0172,FALSE,-1.0937778
I,D,563,-3.0066205,-1.7558289,2.3015544,,0.0172,FALSE,-0.8319556
I,E,563,-2.2948798,-1.5423851,2.1173204,,0.0172,FALSE,-0.60761
I,F,563,-2.4378909,-1.6898766,-1.9408117,,0.0172,FALSE,-0.7574903
I,G,563,-3.6982726,-1.6198425,-1.1117588,,0.0172,FALSE,-0.6834467
I,H,563,-3.1269828,-1.7502594,1.7120056,,0.0172,FALSE,-0.8254908
I,K,563,-2.8788469,-1.6724243,3.0016435,,0.01764,FALSE,-0.7385525
I,L,563,-1.5021423,-2.028202,-1.7934246,,0.0222135,FALSE,-1.1862252
I,M,563,-2.007145,-1.481926,-1.2959928,,0.0152582,FALSE,-0.5528057
I,N,563,-3.2035529,-1.9418869,0.362113,,0.0172,FALSE,-1.066125
I,P,563,-3.246065,-1.8532753,-0.6880207,,0.0172,FALSE,-0.9502535
I,Q,563,-3.064223,-1.9234085,0.45423,,0.0172,FALSE,-1.0413276
I,R,563,-4.0523993,-1.7996407,4.2912814,,0.0147254,FALSE,-0.8839349
I,S,563,-3.5108432,-1.8718452,-0.3379761,,0.0147254,FALSE,-0.9738933
I,T,563,-2.9037756,-1.8887825,-0.4853633,,0.0207722,FALSE,-0.9957548
I,V,563,-1.4295781,-1.2322235,-1.811848,,0.0289494,FALSE,-0.3655221
I,W,563,-2.8887791,-1.7468796,-1.4986502,,0.0172,FALSE,-0.8215835
I,Y,563,-3.2047361,-1.6747284,-0.8538312,,0.0172,FALSE,-0.7410343
C,A,564,-2.5765215,-2.0155602,-1.7750012,,0.0172,FALSE,-1.1682051
C,D,564,-2.6161491,-1.8237228,1.0303399,,0.0172,FALSE,-0.9133496
C,E,564,-2.6029625,-2.0301476,0.8461059,,0.0172,FALSE,-1.1890113
C,F,564,-1.8230451,-2.0673828,-1.1117588,,0.01919,FALSE,-1.2429822
C,G,564,-2.5071487,-2.0512695,-1.9408117,,0.0222134,FALSE,-1.2194761
C,H,564,-1.9396545,-1.9060287,0.4407911,,0.0172,FALSE,-1.0183065
C,I,564,-1.6966024,-1.8135223,-0.890678,,0.0172,FALSE,-0.9008178
C,K,564,-2.8164862,-2.1135979,1.730429,,0.0172,FALSE,-1.3116448
C,L,564,-2.1772661,-1.9095116,-1.259146,,0.0172,FALSE,-1.0228963
C,M,564,-2.2089597,-1.9638023,-1.7565778,,0.0172,FALSE,-1.0959586
C,N,564,-1.0081296,-1.9519081,-0.9091014,,0.0172,FALSE,-1.0797102
C,P,564,-3.0166552,-1.986866,-1.9592351,,0.0172,FALSE,-1.1278451
C,Q,564,-2.7429599,-1.9161758,-0.8169844,,0.0172,FALSE,-1.0317115
C,R,564,-3.0543643,-1.9833641,3.0200669,,0.0281517,FALSE,-1.1229716
C,S,564,-2.3719098,-2.1315994,-1.6091906,,0.0128731,FALSE,-1.3388771
C,T,564,-2.2966731,-2.0551834,-1.7565778,,0.0172,FALSE,-1.2251647
C,V,564,-2.7121607,-1.7441826,-1.2407226,,0.0172,FALSE,-0.8184741
C,W,564,-2.2247647,-1.9681625,-1.5539204,,0.0158667,FALSE,-1.1019485
C,Y,564,-2.2649882,-2.039627,-2.1250457,,0.0135541,FALSE,-1.2026345
I,A,565,-1.9750205,-1.9886208,-1.2775694,,0.0158645,FALSE,-1.1302915
I,C,565,-1.857298,-1.8757133,-0.890678,,0.0172,FALSE,-0.9788609
I,D,565,-2.6471491,-1.7232285,2.3015544,,0.0172,FALSE,-0.7945757
I,E,565,-2.9406579,-1.8606644,2.1173204,,0.0172,FALSE,-0.9596185
I,F,565,-1.8472779,-1.9746323,-1.9408117,,0.0172,FALSE,-1.1108694
I,G,565,-3.745073,-1.7403488,-1.1117588,,0.0172,FALSE,-0.8140672
I,H,565,-2.9592934,-1.56464,1.7120056,,0.0172,FALSE,-0.6287495
I,K,565,-3.2552097,-1.7055702,3.0016435,,0.0172,FALSE,-0.7747946
I,L,565,-0.0990933,-1.7688828,-1.7934246,,0.0156575,FALSE,-0.8472347
I,M,565,-1.619502,-1.7246628,-1.2959928,,0.02064,FALSE,-0.7961969
I,N,565,-2.4959412,-1.7709808,0.362113,,0.0147215,FALSE,-0.8497069
I,P,565,-3.6748985,-1.9054909,-0.6880207,,0.0172,FALSE,-1.0175989
I,Q,565,-2.7605106,-1.7242584,0.45423,,0.0172,FALSE,-0.7957396
I,R,565,-3.8281519,-1.8124886,4.2912814,,0.0172,FALSE,-0.8995538
I,S,565,-3.3006959,-1.8448677,-0.3379761,,0.0158645,FALSE,-0.9396644
I,T,565,-1.9356534,-1.7737808,-0.4853633,,0.0248508,FALSE,-0.8530134
I,V,565,-1.414367,-1.7155533,-1.811848,,0.0192129,FALSE,-0.7859375
I,W,565,-1.9952981,-1.7742271,-1.4986502,,0.0172,FALSE,-0.8535412
I,Y,565,-1.829796,-1.5867729,-0.8538312,,0.0172,FALSE,-0.6502922
