wt,mut,site,ves_prediction,mutation,norm_avgpref,avgpref
M,A,1,-0.677387,M1A,-0.836217019,0.0304426053475421
M,C,1,-0.6711828,M1C,-0.009861063,0.0695606656865013
M,D,1,-0.6720709,M1D,0.2254521564918366,0.0880154624795538
M,E,1,-0.6876013,M1E,-0.401325227,0.0470276170799301
M,F,1,-0.6673633,M1F,-0.52482203,0.0415641574280526
M,G,1,-0.6705618,M1G,-0.583365382,0.0392007088205873
M,H,1,-0.6811284,M1H,-0.812206093,0.0311824068399975
M,I,1,-0.6810601,M1I,-0.01114904,0.0694711308294552
M,K,1,-0.6741028,M1K,0.1384128117275116,0.0806785833406495
M,L,1,-0.588109,M1L,-0.53634993,0.0410877610566932
M,N,1,-0.6694453,M1N,-0.09622713,0.0638051034920055
M,P,1,-0.685255,M1P,-2.503251019,0.0057477455935465
M,Q,1,-0.6619234,M1Q,-0.598575639,0.0386089675146679
M,R,1,-0.6636279,M1R,-0.282268276,0.0529735112564553
M,S,1,-0.665248,M1S,-0.958642468,0.0269347594807436
M,T,1,-0.679118,M1T,-0.399700603,0.0471040813809766
M,V,1,-0.6740772,M1V,-0.46886744,0.0439561611058022
M,W,1,-0.6734322,M1W,-0.34582524,0.0497114368979653
M,Y,1,-0.6746018,M1Y,-0.114063626,0.0626771332729805
K,A,2,-0.6945031,K2A,-2.392252342,0.0113855928829906
K,C,2,-0.6605371,K2C,-1.614266235,0.0247873974094826
K,D,2,-0.6741516,K2D,-1.523819727,0.027133846526189
K,E,2,-0.6712548,K2E,-1.747358502,0.021698497760717
K,F,2,-0.6686926,K2F,-0.747421705,0.0589789215885314
K,G,2,-0.6742217,K2G,-2.608353131,0.0091728476068056
K,H,2,-0.6700612,K2H,-0.935383542,0.0488726652220861
K,I,2,-0.6666389,K2I,-0.14714144,0.1074967334916243
K,L,2,-0.6880382,K2L,-0.681764981,0.0629812368330509
K,M,2,-0.6812778,K2M,-1.680218061,0.0232053649968321
K,N,2,-0.6718016,K2N,-0.476501734,0.0773314037005103
K,P,2,-0.6655663,K2P,-2.267223439,0.0129019411947463
K,Q,2,-0.5906759,K2Q,-1.065485955,0.0429104680220607
K,R,2,-0.5218079,K2R,-0.766574525,0.0578600576481482
K,S,2,-0.6668559,K2S,-1.731882426,0.0220369174732755
K,T,2,-0.683225,K2T,-1.301849602,0.0338775345376021
K,V,2,-0.6821268,K2V,-0.699865739,0.06185148405761
K,W,2,-0.6657325,K2W,-0.516187258,0.0743225646134348
K,Y,2,-0.6896533,K2Y,-0.253426615,0.0966576423638626
T,A,3,-0.2940191,T3A,-0.93520608,0.0268600863173115
T,C,3,-0.2954816,T3C,-0.233703792,0.0541709008971312
T,D,3,-0.2957241,T3D,-0.792358083,0.030984573496799
T,E,3,-0.295026,T3E,-0.234902629,0.0541059977220066
T,F,3,-0.3001743,T3F,-0.293489387,0.0510271719491902
T,G,3,-0.2982751,T3G,-2.803498049,0.0041468433074268
T,H,3,-0.2981921,T3H,-0.28939697,0.0512364243369543
T,I,3,-0.3000315,T3I,-0.460068291,0.0431973579206111
T,K,3,-0.2955166,T3K,-0.19859756,0.0561064129612716
T,L,3,-0.2963448,T3L,-0.194125207,0.0563579026527124
T,M,3,-0.3015029,T3M,-1.123194022,0.0222569292130486
T,N,3,-0.3034289,T3N,0.3784430539393653,0.0999121011356999
T,P,3,-0.2975541,T3P,-0.15729645,0.0584721887977606
T,Q,3,-0.2962673,T3Q,-0.069686739,0.0638260210791254
T,R,3,-0.2923852,T3R,-0.154677602,0.058625519275084
T,S,3,-0.2900009,T3S,-0.350140186,0.0482167978328018
T,V,3,-0.2913069,T3V,-0.876968002,0.0284708143341605
T,W,3,-0.2957479,T3W,-0.153399106,0.0587005196940978
T,Y,3,-0.3027465,T3Y,-0.053108758,0.0648929471469128
I,A,4,-0.2965093,I4A,0.4257905986157966,0.1010149220837637
I,C,4,-0.2977445,I4C,0.3593426840501599,0.0945208389297862
I,D,4,-0.3018062,I4D,-1.206867993,0.0197392541510943
I,E,4,-0.2947139,I4E,-0.621052715,0.0354606897644542
I,F,4,-0.2890488,I4F,-0.530672493,0.0388149312533333
I,G,4,-0.2951911,I4G,-0.01594836,0.0649442516730533
I,H,4,-0.2987602,I4H,-0.613814402,0.0357182965993448
I,K,4,-0.8891366,I4K,-0.27423925,0.0501610234887808
I,L,4,-0.2977042,I4L,-0.639346217,0.0348178868891302
I,M,4,-0.2921756,I4M,-0.151274311,0.0567243324593955
I,N,4,-0.2952794,I4N,-0.541411703,0.0384003197546641
I,P,4,-0.2956143,I4P,-0.741170873,0.0314470933826172
I,Q,4,-0.2925273,I4Q,-0.707493866,0.032524172314491
I,R,4,-0.3021963,I4R,-1.228596057,0.0193149841481469
I,S,4,-0.2954736,I4S,-0.231044829,0.0523751755608391
I,T,4,-0.2953477,I4T,-0.557398788,0.0377912916740053
I,V,4,-0.2912929,I4V,0.4315761867522387,0.1016010467795276
I,W,4,-0.2973726,I4W,-1.09845109,0.0219996425443228
I,Y,4,-0.2965607,I4Y,0.0098504622886101,0.0666415370083374
I,A,5,-0.2920986,I5A,-0.925021095,0.0497411082089539
I,C,5,-0.3001479,I5C,-0.879963827,0.0520335652138438
I,D,5,-0.2933046,I5D,-1.69463386,0.0230396978379175
I,E,5,-0.2911432,I5E,-2.34299641,0.0120474831889895
I,F,5,-0.2907977,I5F,-0.439796703,0.0808064014105049
I,G,5,-0.3004216,I5G,-0.516593057,0.0748330643541433
I,H,5,-0.3030491,I5H,-2.750578182,0.0080146697829897
I,K,5,-2.9860192,I5K,-1.336009315,0.032978089826299
I,L,5,-0.2980011,I5L,-0.475921031,0.0779394197706352
I,M,5,-0.3031536,I5M,-0.925342094,0.0497251439502915
I,N,5,-0.294058,I5N,-1.382097489,0.0314926822107347
I,P,5,-0.2940895,I5P,-2.345496538,0.012017400536483
I,Q,5,-0.2963514,I5Q,-2.075769902,0.0157380677828197
I,R,5,-0.3006578,I5R,-2.174338607,0.0142607884716707
I,S,5,-0.2941778,I5S,-1.348357114,0.0325733866355921
I,T,5,-0.2962127,I5T,-0.8280467,0.054806353758842
I,V,5,-0.2977045,I5V,-1.40024684,0.0309262658894967
I,W,5,-0.2960397,I5W,0.2188627106415932,0.156134163675445
I,Y,5,-0.2969418,I5Y,-0.650580671,0.0654490640014862
A,C,6,-0.2955722,A6C,-0.628619948,0.0851017296869239
A,D,6,-0.2988152,A6D,-1.539680241,0.0342192001053266
A,E,6,-0.2970833,A6E,-0.927149689,0.0631376699105446
A,F,6,-0.2978106,A6F,-1.564509682,0.0333800175837795
A,G,6,-0.2978672,A6G,-0.785020719,0.072780391346709
A,H,6,-0.2964402,A6H,-1.583377395,0.032756117094738
A,I,6,-0.8210129,A6I,-1.518985609,0.0349347323596326
A,K,6,-0.2972378,A6K,-2.128618941,0.0189887739288581
A,L,6,-0.8232352,A6L,-1.483073116,0.0362121259686217
A,M,6,-0.5111319,A6M,-0.772307857,0.0737115448685489
A,N,6,-0.2942919,A6N,-1.460384914,0.0370431052753552
A,P,6,-0.2973468,A6P,-2.054148588,0.020456861439052
A,Q,6,-0.3010638,A6Q,-1.817364224,0.0259222796330973
A,R,6,-0.2890491,A6R,-1.817545621,0.0259175778275545
A,S,6,-0.2977875,A6S,-0.9823792,0.0597451525761876
A,T,6,-0.2935481,A6T,-0.601427877,0.0874475718145322
A,V,6,-0.2980943,A6V,-1.72189129,0.0285191498160313
A,W,6,-0.301055,A6W,-1.403870124,0.0391968758781587
A,Y,6,-0.2980912,A6Y,-1.639720354,0.0309615697130365
L,A,7,-0.2915207,L7A,-0.336522288,0.0384111160935698
L,C,7,-0.2951504,L7C,-0.558752928,0.0307569564587758
L,D,7,-0.2929108,L7D,0.1824723545055677,0.0645436440853513
L,E,7,-0.8182572,L7E,0.1505980402359688,0.0625188010417541
L,F,7,-0.3000246,L7F,0.8104161555269549,0.1209389074191369
L,G,7,-0.3009612,L7G,0.0647345872344291,0.0573747241675403
L,H,7,-0.298702,L7H,-0.427937567,0.0350554676142978
L,I,7,-0.3006174,L7I,0.2109086840483653,0.0664053736285181
L,K,7,-0.5401381,L7K,-1.193810676,0.0162982568200193
L,M,7,-0.2976007,L7M,0.0600073220270065,0.0571041386515711
L,N,7,-0.8155611,L7N,0.1792800710344559,0.0643379309672391
L,P,7,-0.2963246,L7P,-0.405946597,0.0358349105121787
L,Q,7,-0.8277313,L7Q,-1.243903728,0.015501938416971
L,R,7,-0.744082,L7R,-2.201565899,0.0059494683812773
L,S,7,-0.8175182,L7S,0.0650919866429338,0.0573952335283933
L,T,7,-0.2967419,L7T,-0.190377383,0.0444556400739243
L,V,7,-0.2996906,L7V,-0.444318275,0.0344859116506663
L,W,7,-0.2932989,L7W,0.4765107963526671,0.0866069554033031
L,Y,7,-0.2933944,L7Y,-0.0288989,0.0522463669323124
S,A,8,-0.5611763,S8A,-0.259774694,0.0758261942439901
S,C,8,-0.5260501,S8C,-0.014982444,0.0968570404465156
S,D,8,-0.527167,S8D,-1.843995787,0.0155525124725476
S,E,8,-0.5378052,S8E,-0.96820289,0.037338145497734
S,F,8,-0.5332246,S8F,-0.667362814,0.0504435866958501
S,G,8,-0.6038122,S8G,-0.213358368,0.0794287294582205
S,H,8,-0.5384034,S8H,-0.670263376,0.050297483927566
S,I,8,-0.5288572,S8I,-0.253189716,0.0763271556922301
S,K,8,-0.5363129,S8K,-1.958037166,0.013876277710794
S,L,8,-0.5331717,S8L,-1.178479933,0.0302573268550576
S,M,8,-0.5372046,S8M,-0.814456519,0.0435435627696744
S,N,8,-0.5305062,S8N,-0.923115568,0.0390601515540447
S,P,8,-0.5342945,S8P,-1.00574503,0.0359623774501988
S,Q,8,-0.5327414,S8Q,-0.440572028,0.0632848803144621
S,R,8,-0.5271399,S8R,-1.885802224,0.0149157206623904
S,T,8,-0.5320409,S8T,-0.847468414,0.0421295745705251
S,V,8,-0.524993,S8V,-0.796868675,0.0443161747460436
S,W,8,-0.5230429,S8W,-1.030798878,0.035072574276922
S,Y,8,-0.5332057,S8Y,-0.541814752,0.0571914094296908
Y,A,9,-0.5866974,Y9A,-0.027432489,0.0515904456041406
Y,C,9,-0.595964,Y9C,-0.389272076,0.0359272773293445
Y,D,9,-0.5911593,Y9D,0.5566585777348312,0.0925202597319613
Y,E,9,-0.6036692,Y9E,-0.07201599,0.0493408817867411
Y,F,9,-0.5686957,Y9F,-0.248843879,0.0413439068220358
Y,G,9,-0.5878548,Y9G,-0.197004425,0.0435436777438904
Y,H,9,-0.5779956,Y9H,-1.189721369,0.0161359094059718
Y,I,9,-0.5649804,Y9I,-0.310915342,0.0388556530348171
Y,K,9,-0.5905875,Y9K,0.2101617148701007,0.0654267199559738
Y,L,9,-0.6066454,Y9L,-0.100863585,0.0479378500361269
Y,M,9,-0.6000103,Y9M,0.0909434889619857,0.0580736766673395
Y,N,9,-0.5920413,Y9N,-0.482721327,0.0327219970002387
Y,P,9,-0.6032903,Y9P,0.0326726296221342,0.0547863799558025
Y,Q,9,-0.6034854,Y9Q,-0.566029995,0.0301064323380799
Y,R,9,-0.5932224,Y9R,0.1227767452836894,0.0599520906143704
Y,S,9,-0.5660931,Y9S,-0.329964638,0.038122485332789
Y,T,9,-0.5948931,Y9T,-0.115534771,0.0472396788156194
Y,V,9,-0.5826426,Y9V,0.385789313103805,0.0779882644729007
Y,W,9,-0.6025951,Y9W,0.2091586018436761,0.0653611224572319
I,A,10,-1.269928,I10A,-0.445297823,0.0309632525933637
I,C,10,-0.6766931,I10C,0.2079612791021228,0.0595050009522181
I,D,10,-0.6885207,I10D,-0.772965257,0.0223121983913659
I,E,10,-0.6997715,I10E,0.5623415941626346,0.0848123122463522
I,F,10,-0.6011665,I10F,0.0598041032349083,0.0513108974699489
I,G,10,-0.6930523,I10G,0.071744867625926,0.0519272615322502
I,H,10,-0.6975445,I10H,-0.144764285,0.0418183284811151
I,K,10,-0.6922442,I10K,-0.711586064,0.0237246065965084
I,L,10,-0.5982702,I10L,-0.307882726,0.0355242740990637
I,M,10,-0.5874044,I10M,0.4946334707757862,0.07925992109148
I,N,10,-0.7007495,I10N,0.8940592664466873,0.1181740372007772
I,P,10,-0.7156875,I10P,0.2227521142852704,0.0603916708916672
I,Q,10,-0.6849695,I10Q,0.1101996411639136,0.0539630041501346
I,R,10,-0.6921119,I10R,-1.016760275,0.0174849131008125
I,S,10,-0.7111262,I10S,-0.805197515,0.0216044922976879
I,T,10,-0.6871325,I10T,0.6311756568598867,0.0908559054002228
I,V,10,-0.5123413,I10V,-1.462921604,0.011191748321249
I,W,10,-0.7014644,I10W,0.3311050704660845,0.0673029567438167
I,Y,10,-0.7007979,I10Y,-0.49232085,0.029540968392679
L,A,11,-3.3220671,L11A,-0.583534735,0.0298956668062913
L,C,11,-0.5729958,L11C,-0.060641753,0.050431030228898
L,D,11,-0.570104,L11D,-0.156743891,0.0458100961748924
L,E,11,-1.5143855,L11E,-0.054668377,0.0507331753182534
L,F,11,-1.2069918,L11F,-0.010761626,0.0530103300632303
L,G,11,-0.5758547,L11G,-0.044856805,0.0512333975884147
L,H,11,-0.5685399,L11H,0.1733073290123976,0.063723651479319
L,I,11,-0.6080043,L11I,0.7551161616131341,0.1140189531523199
L,K,11,-1.5002997,L11K,0.349308480357986,0.0759865966713056
L,M,11,-0.6414324,L11M,-0.015246772,0.0527731033623097
L,N,11,-0.572122,L11N,-0.405100963,0.035735599401712
L,P,11,-0.5875088,L11P,0.1878404665388369,0.0646565185385772
L,Q,11,-1.4224324,L11Q,0.1413417724251409,0.0617189013502351
L,R,11,-1.4413867,L11R,-0.292937453,0.0399772648215977
L,S,11,-0.5731888,L11S,-0.770364914,0.0248009832371576
L,T,11,-0.5718056,L11T,-0.761824781,0.0250136940188145
L,V,11,-0.6277096,L11V,-0.361972406,0.0373105430598315
L,W,11,-1.4538772,L11W,-0.548757004,0.0309536612935293
L,Y,11,-1.4945866,L11Y,-0.327142942,0.0386329452247351
C,A,12,-0.6583298,C12A,-0.058043091,0.0378715497286058
C,D,12,-0.6380828,C12D,0.5663157844596225,0.0707080311992838
C,E,12,-0.6544898,C12E,0.4153986547062192,0.0608031750680684
C,F,12,-0.6441189,C12F,0.4485361241962411,0.0628517943263236
C,G,12,-0.6506956,C12G,-0.237620473,0.0316463472041311
C,H,12,-0.6507706,C12H,-0.322648531,0.0290667422891845
C,I,12,-0.648645,C12I,0.5294143337849668,0.0681463573286455
C,K,12,-0.6533686,C12K,0.6140288765166506,0.0741635107658554
C,L,12,-0.6394105,C12L,0.1547253222201372,0.0468508254562079
C,M,12,-0.6556725,C12M,0.1891776560755285,0.0484930732784258
C,N,12,-0.6378746,C12N,-0.060401961,0.0377823209418065
C,P,12,-0.6550088,C12P,0.3995757991705027,0.0598486664946243
C,Q,12,-0.6462951,C12Q,0.0496362369587926,0.0421771885307562
C,R,12,-0.639716,C12R,0.0480490409817049,0.0421102981490382
C,S,12,-0.632733,C12S,0.3058073987413752,0.0544918273808205
C,T,12,-0.6498509,C12T,0.5212590898983183,0.0675928670747203
C,V,12,-0.6497539,C12V,-0.419683909,0.026378762379627
C,W,12,-0.6528878,C12W,0.1678550992609633,0.0474700225444704
C,Y,12,-0.6459677,C12Y,0.2476255739197794,0.0514118606760357
L,A,13,-1.2375594,L13A,-0.150676364,0.029580312703661
L,C,13,-1.3950222,L13C,0.2395697557109457,0.0437003127170716
L,D,13,-4.5799784,L13D,1.1177324352540197,0.1051636881831764
L,E,13,-1.3062738,L13E,0.4099680596866393,0.051818830060941
L,F,13,-2.9724684,L13F,0.5324342574092102,0.0585698358732984
L,G,13,-1.2931591,L13G,-0.177759396,0.0287899390480393
L,H,13,-3.1041412,L13H,0.3363687720327042,0.0481419671923381
L,I,13,-0.5885948,L13I,0.2167844515704087,0.0427158458531557
L,K,13,-1.5080825,L13K,0.2436752064529739,0.0438800910223763
L,M,13,-0.5768034,L13M,0.4813640869423525,0.0556537598817323
L,N,13,-1.4433745,L13N,0.3749294713625737,0.0500346118375745
L,P,13,-1.4159965,L13P,-0.234973131,0.0271889932724004
L,Q,13,-1.2897115,L13Q,0.3248139188115932,0.0475888951985477
L,R,13,-1.3346425,L13R,0.7714054806753419,0.074380296697024
L,S,13,-1.3093319,L13S,0.3010368625391662,0.0464707172907287
L,T,13,-1.3898351,L13T,0.3939790847757187,0.050996888439796
L,V,13,-1.1902067,L13V,0.7025588261845446,0.0694317609467056
L,W,13,-3.1232985,L13W,0.1124049888801388,0.0384819946399543
L,Y,13,-2.8389676,L13Y,0.4328946831384224,0.0530205845415599
V,A,14,-2.4806203,V14A,-0.756144701,0.0519511851249157
V,C,14,-0.6227151,V14C,-0.513414334,0.0662234704385977
V,D,14,-0.6220814,V14D,-1.040566186,0.0390906372316065
V,E,14,-0.6231237,V14E,-1.600850614,0.0223225719527133
V,F,14,-0.6157272,V14F,-2.056183161,0.0141577978378623
V,G,14,-0.6102644,V14G,-0.120351367,0.0981108493066653
V,H,14,-0.6277441,V14H,-1.846911233,0.0174534548972446
V,I,14,-0.4856457,V14I,-0.481711466,0.0683565788411158
V,K,14,-0.6402478,V14K,-2.426322949,0.0097779069855696
V,L,14,-0.6300019,V14L,-0.918369945,0.044171476465941
V,M,14,-0.6195288,V14M,-1.221799293,0.032611005500885
V,N,14,-1.2916771,V14N,-0.21009248,0.0896897804563482
V,P,14,-0.6261821,V14P,-1.872497418,0.0170125518767667
V,Q,14,-0.6220702,V14Q,-1.776622334,0.0187243825637654
V,R,14,-0.6200539,V14R,-1.213718022,0.0328756117122167
V,S,14,-1.3501877,V14S,0.0027820293868754,0.1109668338594369
V,T,14,-0.5909092,V14T,-0.004137441,0.1102016524271438
V,W,14,-0.6230961,V14W,-1.795934349,0.0183662461150963
V,Y,14,-0.626156,V14Y,-1.400388463,0.0272774565408562
F,A,15,-1.0165489,F15A,0.0013219771370809,0.0463190451960487
F,C,15,-1.1777524,F15C,0.1492118418238228,0.0537016170759398
F,D,15,-1.0465651,F15D,-0.048853681,0.0440522993701477
F,E,15,-1.1678282,F15E,0.0334692353198105,0.0478322684949259
F,G,15,-1.114387,F15G,0.3151260964851148,0.0633932505349839
F,H,15,-0.6590743,F15H,0.2503031676634473,0.0594142714701812
F,I,15,-1.0345595,F15I,0.360094300104957,0.0663089982300915
F,K,15,-1.0969741,F15K,0.1451028356565613,0.0534814094860959
F,L,15,-0.6876273,F15L,-0.095133556,0.0420600207994774
F,M,15,-1.0745555,F15M,0.3359755591185731,0.0647288407393359
F,N,15,-1.190677,F15N,-0.252997469,0.0359178257631081
F,P,15,-1.1729772,F15P,-0.349429561,0.0326159551632899
F,Q,15,-1.1812236,F15Q,-0.328915519,0.0332919504397598
F,R,15,-1.1392399,F15R,0.0197077952452859,0.0471785359283659
F,S,15,-0.7913047,F15S,0.0679279204819862,0.0495092329833497
F,T,15,-1.0817952,F15T,-0.108629329,0.041496201306131
F,V,15,-0.9968159,F15V,0.0519387937818733,0.0487239184021748
F,W,15,-0.6697217,F15W,0.2037732537117138,0.0567130609457222
F,Y,15,-0.6511104,F15Y,0.3705127229041296,0.067003444750495
A,C,16,-0.6357221,A16C,-0.649745575,0.0811383457049928
A,D,16,-0.6250506,A16D,-1.35058733,0.0402582031919631
A,E,16,-0.6306494,A16E,-1.991730209,0.0212035938285345
A,F,16,-0.9499602,A16F,-1.295927511,0.0425199603650148
A,G,16,-0.6285352,A16G,-0.685414157,0.0782952614458451
A,H,16,-0.6477961,A16H,-2.492661663,0.0128486522958445
A,I,16,-0.9437715,A16I,-1.146366371,0.0493794721574946
A,K,16,-0.6513827,A16K,-2.194403222,0.0173136908757255
A,L,16,-0.9564343,A16L,-2.150525217,0.0180902948492317
A,M,16,-0.9512591,A16M,-0.821942308,0.0683033567853109
A,N,16,-0.6180214,A16N,-1.950631131,0.0220931981220387
A,P,16,-0.6384576,A16P,-1.278016688,0.0432883890952943
A,Q,16,-0.6150277,A16Q,-1.853370448,0.0243499673707824
A,R,16,-0.6170175,A16R,-3.272218924,0.0058925023066412
A,S,16,-0.596544,A16S,-0.161939834,0.1321531474494083
A,T,16,-0.5082051,A16T,-0.538653891,0.0906718882298177
A,V,16,-0.9091296,A16V,-1.219697684,0.0458879917743602
A,W,16,-0.9895142,A16W,-1.561234743,0.0326115434190248
A,Y,16,-0.9308513,A16Y,-2.138111838,0.0183162562217293
Q,A,17,-0.6320617,Q17A,-0.298932188,0.0516405787216943
Q,C,17,-0.6345479,Q17C,-1.491993343,0.0156621374660786
Q,D,17,-0.6415954,Q17D,-0.060155141,0.0655678091074035
Q,E,17,-0.6165407,Q17E,-0.418629665,0.0458149414719993
Q,F,17,-0.6279418,Q17F,-0.934823626,0.0273417862114045
Q,G,17,-0.6296227,Q17G,-0.960281076,0.0266545189642373
Q,H,17,-0.6384067,Q17H,-0.17126239,0.0586728790399003
Q,I,17,-0.6470636,Q17I,-0.080345886,0.0642572214233033
Q,K,17,-0.6200394,Q17K,-0.145489705,0.0602046916338307
Q,L,17,-0.6214146,Q17L,-0.417181345,0.0458813442497309
Q,M,17,-0.6428893,Q17M,-0.476467481,0.0432402788839218
Q,N,17,-0.6198079,Q17N,0.2984895823166069,0.0938529907806109
Q,P,17,-0.6418385,Q17P,-3.098179281,0.0031426226535272
Q,R,17,-0.6151403,Q17R,-0.204556332,0.0567515884205901
Q,S,17,-0.6207964,Q17S,-0.259931211,0.0536944023548697
Q,T,17,-0.6113152,Q17T,-0.107181042,0.0625557996113632
Q,V,17,-0.6132237,Q17V,-0.10031023,0.0629870887985177
Q,W,17,-0.6334567,Q17W,-0.626547274,0.0372142819770624
Q,Y,17,-0.641249,Q17Y,-0.231734785,0.0552299394964146
K,A,18,-0.5916487,K18A,-0.338513022,0.0612864294804028
K,C,18,-0.5959582,K18C,-0.62338946,0.0460939611932406
K,D,18,-0.6127499,K18D,-0.217797288,0.0691497326172135
K,E,18,-0.5362817,K18E,0.0766720292451532,0.0928275569884342
K,F,18,-0.6111417,K18F,-2.263689041,0.0089386222356071
K,G,18,-0.5816607,K18G,-0.349186507,0.0606357681737256
K,H,18,-0.6084839,K18H,0.080155127716381,0.0931514482902952
K,I,18,-0.6048124,K18I,-2.8467388,0.0049894756332853
K,L,18,-0.5570681,K18L,-2.751012018,0.0054907111644524
K,M,18,-0.6029144,K18M,-1.323770623,0.0228808556901928
K,N,18,-0.5635098,K18N,-0.041366266,0.0824923232322723
K,P,18,-0.594298,K18P,-0.733257806,0.0412979795098499
K,Q,18,-0.5554074,K18Q,-0.24805884,0.0670884994968329
K,R,18,-0.5191123,K18R,-0.407309912,0.0572118781770815
K,S,18,-0.5892924,K18S,-0.367372912,0.0595429882998352
K,T,18,-0.560815,K18T,-0.445114144,0.0550893988422551
K,V,18,-0.5784645,K18V,-3.227276381,0.0034102728782847
K,W,18,-0.6119237,K18W,-0.724856296,0.04164640660052
K,Y,18,-0.5973188,K18Y,-0.745403857,0.0407994059996232
L,A,19,-0.6112299,L19A,-0.262465414,0.0469501101867569
L,C,19,-0.6348309,L19C,-1.161532353,0.0191063034352207
L,D,19,-0.6398249,L19D,0.0973166382559322,0.0672803130723555
L,E,19,-0.642173,L19E,-0.070288966,0.0568981050387707
L,F,19,-0.6981534,L19F,-0.132042214,0.0534907519717663
L,G,19,-0.6309207,L19G,-0.47985351,0.0377768848722697
L,H,19,-0.6400024,L19H,-0.931857723,0.0240393732947178
L,I,19,-0.5193376,L19I,0.2779138462131327,0.0805972799516099
L,K,19,-0.6322793,L19K,-0.627337138,0.0325967872887295
L,M,19,-0.6116237,L19M,-0.035896109,0.0588890344283167
L,N,19,-0.6230584,L19N,-0.173518991,0.0513175086626311
L,P,19,-0.6317903,L19P,-0.21959661,0.0490065697058769
L,Q,19,-0.6441327,L19Q,-0.474153596,0.0379928247766004
L,R,19,-0.6291833,L19R,-0.545054726,0.0353923668191286
L,S,19,-0.6171261,L19S,-0.355997762,0.04275786619307
L,T,19,-0.6356849,L19T,-0.174251961,0.051279908246134
L,V,19,-0.5921341,L19V,-0.38754563,0.04143000214051
L,W,19,-0.634696,L19W,0.2852057505009564,0.0811871356477933
L,Y,19,-0.6449382,L19Y,0.1506999304695506,0.0709695540494965
P,A,20,-0.630419,P20A,-0.183252179,0.0395199770697707
P,C,20,-0.6428077,P20C,-0.226254813,0.0378565360262028
P,D,20,-0.6369463,P20D,-0.075635606,0.0440102645236981
P,E,20,-0.6363921,P20E,-0.432121636,0.0308130026293759
P,F,20,-0.6184263,P20F,-0.304902133,0.0349932892163689
P,G,20,-0.6167584,P20G,-0.19411156,0.0390931362662792
P,H,20,-0.633262,P20H,0.5789870169316198,0.0846940730640858
P,I,20,-1.0686624,P20I,-0.159001274,0.0404900880138289
P,K,20,-0.634204,P20K,0.2155844215636708,0.0588883322301745
P,L,20,-0.5775976,P20L,0.3321655649124206,0.066169798213667
P,M,20,-0.6533118,P20M,0.3850967181448719,0.0697665940218366
P,N,20,-0.6275801,P20N,0.2179487524246561,0.0590277284795526
P,Q,20,-0.6378322,P20Q,0.3315181215047968,0.066126970873191
P,R,20,-0.6308066,P20R,-0.703788226,0.0234828430747541
P,S,20,-0.5883965,P20S,-0.362760695,0.033026085761444
P,T,20,-0.6199976,P20T,0.2261333374938439,0.0595128284897666
P,V,20,-0.9837771,P20V,0.2849005829933819,0.0631150435536
P,W,20,-0.6343458,P20W,0.2130420625439075,0.058738807075998
P,Y,20,-0.64355,P20Y,-0.094068181,0.0432064725762664
G,A,21,-0.9971428,G21A,-0.076047567,0.0454552406962241
G,C,21,-0.6193541,G21C,-0.99003861,0.0182239515653644
G,D,21,-0.5860455,G21D,0.0008135832653639,0.0490867571783244
G,E,21,-0.4894892,G21E,-0.353519497,0.034441289497185
G,F,21,-2.2848722,G21F,-0.045353845,0.0468720640767731
G,H,21,-0.6100953,G21H,0.0113007597280834,0.0496042475312042
G,I,21,-0.5909363,G21I,0.4016532956490688,0.0732903586022055
G,K,21,-0.6021359,G21K,-0.986423715,0.0182899484773684
G,L,21,-2.3038942,G21L,0.3464670915879808,0.069355319923517
G,M,21,-2.3277658,G21M,0.933304516264276,0.1247211373240642
G,N,21,-0.59711,G21N,0.0510575974870888,0.0516160830733295
G,P,21,-0.6101949,G21P,-0.448019006,0.0313356548615523
G,Q,21,-0.61459,G21Q,-0.485455599,0.0301842413210077
G,R,21,-0.5864037,G21R,-0.261642114,0.0377555894211762
G,S,21,-0.5467717,G21S,-0.144685897,0.0424399347089531
G,T,21,-0.5962449,G21T,-0.243003354,0.0384659061312341
G,V,21,-0.5771541,G21V,0.3677018431628989,0.0708438110631709
G,W,21,-2.454033,G21W,0.1254693284463037,0.0556034392436124
G,Y,21,-2.4077293,G21Y,0.256186220011581,0.0633681880564393
N,A,22,-0.5685423,N22A,-0.278306104,0.0375845362861152
N,C,22,-0.6199972,N22C,-1.092129392,0.0166559760562628
N,D,22,-0.5648087,N22D,0.0198049247197054,0.050638076519697
N,E,22,-0.574161,N22E,0.4884300988186134,0.0809093216420825
N,F,22,-0.6192137,N22F,-0.235913417,0.0392121008448289
N,G,22,-0.6102772,N22G,0.205499412603868,0.0609709983997353
N,H,22,-0.6146055,N22H,0.2260667374364589,0.0622379936231896
N,I,22,-2.3540924,N22I,0.0195304188605351,0.0506241779759533
N,K,22,-0.6201074,N22K,-0.358562218,0.0346860143059205
N,L,22,-0.6216207,N22L,0.0003212009357107,0.0496610074103382
N,M,22,-0.6273384,N22M,0.6508834246550124,0.0951811945503458
N,P,22,-0.6239392,N22P,-0.339812826,0.0353424912169765
N,Q,22,-0.6227858,N22Q,-0.464134356,0.031210806296255
N,R,22,-0.6069746,N22R,-0.702308732,0.0245961500208794
N,S,22,-0.5447155,N22S,0.310124559323278,0.0676957552172701
N,T,22,-0.5840449,N22T,-0.136737404,0.0433003808969703
N,V,22,-2.3648095,N22V,-0.272436963,0.0378057738590821
N,W,22,-0.6274206,N22W,0.4266914982400145,0.0760651669868239
N,Y,22,-0.6265403,N22Y,0.1200423452098569,0.0559770190847047
D,A,23,-1.5778906,D23A,-0.967561823,0.0246314211516153
D,C,23,-1.7684926,D23C,-0.995292763,0.023957752336101
D,E,23,-1.6285039,D23E,-0.08014738,0.059825835113655
D,F,23,-2.4429852,D23F,-0.282913459,0.0488459503746547
D,G,23,-1.6062893,D23G,-0.60287074,0.0354709523596539
D,H,23,-0.8964642,D23H,-0.065809158,0.0606898104654855
D,I,23,-3.0712739,D23I,-0.182253766,0.0540187489120613
D,K,23,-1.7470667,D23K,-1.044322261,0.0228114463020318
D,L,23,-0.9116858,D23L,-0.446355631,0.0414807418573149
D,M,23,-1.6279324,D23M,0.0890157048755257,0.0708525320434149
D,N,23,-0.9039761,D23N,0.3544147503452688,0.0923882477728985
D,P,23,-1.7732268,D23P,-0.603364734,0.035453434242612
D,Q,23,-1.6647829,D23Q,-0.299932495,0.0480216733084292
D,R,23,-0.9046342,D23R,-1.231587388,0.0189157937814195
D,S,23,-1.6357384,D23S,-0.065302269,0.0607205812953406
D,T,23,-1.6885064,D23T,-0.33263705,0.0464765495750177
D,V,23,-3.0079141,D23V,-0.497528533,0.0394114488258602
D,W,23,-0.9106347,D23W,-1.072061619,0.0221873669292988
D,Y,23,-2.5751302,D23Y,0.6883948230081502,0.1290216068566634
N,A,24,-0.9554523,N24A,0.1143351825850196,0.0375746759715215
N,C,24,-0.2961557,N24C,-0.829125738,0.0146269976281724
N,D,24,-0.2946567,N24D,0.8666742374321244,0.0797318801463384
N,E,24,-0.2933675,N24E,0.517974409415058,0.056259202477719
N,F,24,-0.2906,N24F,0.3869694463441906,0.0493513262239106
N,G,24,-0.2998477,N24G,0.2896652200212775,0.0447754676495134
N,H,24,-0.2967169,N24H,0.6239578030326118,0.0625491744634536
N,I,24,-0.2986633,N24I,1.0710361947352176,0.0978104564642312
N,K,24,-0.2973583,N24K,0.5560353815633512,0.0584417543490474
N,L,24,-0.2973888,N24L,0.5447407810776985,0.0577853916239834
N,M,24,-0.2991683,N24M,0.7564712701691527,0.0714120430848104
N,P,24,-0.2934675,N24P,0.600033926620037,0.0610705136790883
N,Q,24,-0.303858,N24Q,0.5169606203173767,0.0562021964024162
N,R,24,-0.2976772,N24R,0.2391762736643148,0.0425709218447385
N,S,24,-0.2967688,N24S,-0.349294508,0.0236343335091366
N,T,24,-1.3958604,N24T,-0.564229163,0.0190633130972233
N,V,24,-0.2908178,N24V,0.2583104780039118,0.0433933256839013
N,W,24,-0.299936,N24W,0.0063496411618975,0.0337285527187368
N,Y,24,-0.2965567,N24Y,0.5223057015187895,0.056503406037187
S,A,25,-0.2983629,S25A,0.1556266412951443,0.0529705329166152
S,C,25,-0.3023734,S25C,-0.833142693,0.0197068466859543
S,D,25,-1.4961135,S25D,0.256428999682698,0.058588483661447
S,E,25,-0.2887269,S25E,0.6897986119272668,0.0903695907221383
S,F,25,-0.297357,S25F,0.2979468651454247,0.061072154458729
S,G,25,-0.2953353,S25G,-0.002584908,0.0452193094079617
S,H,25,-0.2946472,S25H,-0.234116064,0.0358732890597349
S,I,25,-0.2992486,S25I,0.0504066336699811,0.0476801776036697
S,K,25,-0.3001136,S25K,0.4281654454470001,0.0695659083943753
S,L,25,-0.2974784,S25L,-0.018723256,0.0444954013539909
S,M,25,-0.2965436,S25M,0.3659135556285386,0.0653673387592629
S,N,25,-0.2937325,S25N,0.082414514787994,0.0492310063509419
S,P,25,-0.2954427,S25P,0.4244941547570899,0.0693109799304222
S,Q,25,-0.2968425,S25Q,-0.163991305,0.0384791970609671
S,R,25,-0.2935946,S25R,0.3521500991840725,0.0644738211521376
S,T,25,-0.2990668,S25T,-0.18424957,0.0377075179190926
S,V,25,-0.2943578,S25V,-0.227340578,0.0361171733738677
S,W,25,-0.299521,S25W,-0.29593935,0.0337226486172343
S,Y,25,-0.2933445,S25Y,-0.267015688,0.0347122741956345
T,A,26,-1.3359203,T26A,-0.227751619,0.0481797821779589
T,C,26,-0.295405,T26C,-0.287807647,0.0453714673650521
T,D,26,-0.3008943,T26D,-0.497415108,0.0367918341701889
T,E,26,-0.2981808,T26E,-0.098165074,0.0548458238896164
T,F,26,-0.2941663,T26F,-0.03503264,0.0584200113512239
T,G,26,-0.2935142,T26G,-0.270040201,0.0461848067278814
T,H,26,-0.2952641,T26H,-0.258834699,0.0467052411923801
T,I,26,-0.2942631,T26I,0.0904925521501578,0.0662333229396737
T,K,26,-0.2980768,T26K,-0.073945366,0.056190390745219
T,L,26,-0.2957736,T26L,0.193606130722709,0.0734274098660414
T,M,26,-0.2955313,T26M,0.3479257082194711,0.0856797830724216
T,N,26,-0.2992101,T26N,-0.965503272,0.0230389807616437
T,P,26,-0.290573,T26P,-0.916523505,0.0241955174059817
T,Q,26,-0.2947505,T26Q,-0.177382603,0.0506687070463345
T,R,26,-0.3030407,T26R,-0.732512607,0.0290837137199601
T,S,26,-0.299887,T26S,-1.021619031,0.0217817358293072
T,V,26,-0.2984232,T26V,-0.203210469,0.0493767976923243
T,W,26,-0.2956408,T26W,0.0836081016847276,0.0657789088303732
T,Y,26,-0.296479,T26Y,-0.050160808,0.0575428749124701
A,C,27,-0.2942078,A27C,-2.155646198,0.0204130179579779
A,D,27,-1.1466548,A27D,-2.07589668,0.0221076209384249
A,E,27,-1.5461718,A27E,-1.297301941,0.0481594495744783
A,F,27,-0.3009076,A27F,-1.642718594,0.0340932914282023
A,G,27,-0.2929883,A27G,-1.162555381,0.055106295091791
A,H,27,-0.293301,A27H,-2.007584411,0.023670621658898
A,I,27,-0.2950362,A27I,-1.794104563,0.0293037242840151
A,K,27,-0.293643,A27K,-1.690726199,0.032495220400323
A,L,27,-0.2968628,A27L,-1.962936286,0.024751419240751
A,M,27,-0.2993191,A27M,-1.274252295,0.049282400161717
A,N,27,-1.5606614,A27N,-1.670739105,0.0331512397476422
A,P,27,-0.2913665,A27P,-0.67075821,0.090112708122153
A,Q,27,-0.301657,A27Q,-1.760342834,0.0303099595572416
A,R,27,-0.2968376,A27R,-2.112977341,0.0213028679687721
A,S,27,-0.2965595,A27S,-0.890245538,0.0723542247365825
A,T,27,-0.2996729,A27T,-0.835789367,0.0764036158349738
A,V,27,-0.2951146,A27V,-0.834965486,0.076466589225929
A,W,27,-0.2960096,A27W,-1.309065033,0.0475962643072375
A,Y,27,-0.2970744,A27Y,-1.569471188,0.0366842702731586
T,A,28,-0.5701785,T28A,-0.579191472,0.0506188245450651
T,C,28,-0.5748655,T28C,-0.846488482,0.0387459588928098
T,D,28,-0.5827047,T28D,-0.865288574,0.0380243356241939
T,E,28,-0.588632,T28E,-0.912398326,0.0362745575688894
T,F,28,-0.5676112,T28F,0.1458451866401469,0.1045181033594686
T,G,28,-0.5773534,T28G,-1.077032445,0.0307682228963192
T,H,28,-0.5606538,T28H,-0.526204688,0.05337328435576
T,I,28,-0.570812,T28I,-0.38898468,0.0612234545370859
T,K,28,-0.5598857,T28K,-0.611444572,0.0490122578503415
T,L,28,-0.5610283,T28L,-0.340068931,0.0642927014497915
T,M,28,-0.5822955,T28M,-0.108788726,0.0810224562203865
T,N,28,-0.5731728,T28N,-1.372932282,0.0228873071540756
T,P,28,-0.5659215,T28P,-1.720153636,0.016173287290365
T,Q,28,-0.5726102,T28Q,-0.739781086,0.0431090902572477
T,R,28,-0.5745444,T28R,-1.381844667,0.0226842328667818
T,S,28,-0.6324787,T28S,-1.699854573,0.0165049448582887
T,V,28,-0.5728865,T28V,-0.285580218,0.0678931291214117
T,W,28,-0.5656907,T28W,-0.602282132,0.0494633934212967
T,Y,28,-0.5766817,T28Y,-0.35916913,0.0630763511028766
L,A,29,-0.6295379,L29A,-2.520675804,0.0217997982457317
L,C,29,-0.6281573,L29C,-1.79988881,0.0448215004506324
L,D,29,-0.6280529,L29D,-2.123844304,0.0324186011009244
L,E,29,-0.6358055,L29E,-1.983119208,0.0373173177563544
L,F,29,-0.6263046,L29F,-1.454047894,0.063340752798734
L,G,29,-0.6390996,L29G,-3.206679689,0.0109780341196264
L,H,29,-0.6393427,L29H,-2.550547405,0.0211582330681035
L,I,29,-0.6081191,L29I,-0.982346548,0.1015174120826972
L,K,29,-0.6336425,L29K,-2.110416903,0.0328568343438215
L,M,29,-0.6334074,L29M,-1.332752741,0.0715090558494263
L,N,29,-0.6260737,L29N,-2.356473056,0.0256900442344338
L,P,29,-0.6238966,L29P,-2.826623097,0.0160539232440721
L,Q,29,-0.6247591,L29Q,-2.21517605,0.0295889384534105
L,R,29,-0.625099,L29R,-3.059681785,0.01271642425892
L,S,29,-0.6456556,L29S,-2.062301683,0.03447639907888
L,T,29,-0.6189331,L29T,-1.624849157,0.0533955620128733
L,V,29,-0.6025321,L29V,-1.718800867,0.0486074059806277
L,W,29,-0.6233439,L29W,-2.044559757,0.035093535368166
L,Y,29,-0.6320869,L29Y,-2.032029065,0.0355360484909077
C,A,30,-0.6612217,C30A,-2.39877086,0.0307818582628779
C,D,30,-0.6542663,C30D,-1.675050959,0.0634749644005632
C,E,30,-0.6564384,C30E,-2.088449681,0.0419822438895767
C,F,30,-0.6540433,C30F,-2.145448866,0.0396562103672381
C,G,30,-0.6379517,C30G,-2.670640977,0.023454333605982
C,H,30,-0.6665476,C30H,-2.005900266,0.045594915048197
C,I,30,-0.6443795,C30I,-2.186047928,0.0380784495079095
C,K,30,-0.6635564,C30K,-2.380012978,0.0313647103420377
C,L,30,-0.6718595,C30L,-2.581071825,0.0256520750849053
C,M,30,-0.65076,C30M,-2.127986142,0.0403547978401533
C,N,30,-0.6426574,C30N,-2.42544675,0.0299715800286701
C,P,30,-0.6633029,C30P,-2.866352588,0.0192853082830988
C,Q,30,-0.6530083,C30Q,-2.329131709,0.0330018846846584
C,R,30,-0.6516679,C30R,-2.44059011,0.0295211287204298
C,S,30,-0.6575839,C30S,-2.375919724,0.0314933572360247
C,T,30,-0.6577983,C30T,-2.396644221,0.030847389827071
C,V,30,-0.657794,C30V,-2.796632619,0.0206778603802081
C,W,30,-0.6585474,C30W,-2.618951152,0.0246985645593049
C,Y,30,-0.6431637,C30Y,-1.711365965,0.0612112230303432
L,A,31,-0.6316525,L31A,-1.784970492,0.0400793900382728
L,C,31,-0.6212861,L31C,-1.469598895,0.0549395726848255
L,D,31,-0.6289081,L31D,-2.419713463,0.0212449462939295
L,E,31,-0.6294195,L31E,-2.070529194,0.0301234354167181
L,F,31,-0.6176339,L31F,-1.912675985,0.0352743725664173
L,G,31,-0.6144204,L31G,-3.004990552,0.0118324006072472
L,H,31,-0.6388029,L31H,-2.275725096,0.0245351669887975
L,I,31,-0.58445,L31I,-1.14612494,0.0759221070992171
L,K,31,-0.6325972,L31K,-2.426372479,0.0211039457813649
L,M,31,-0.6064379,L31M,-1.470979305,0.0548637858274177
L,N,31,-0.6167993,L31N,-2.279338361,0.0244466748751584
L,P,31,-0.634227,L31P,-1.904194532,0.0355748229402761
L,Q,31,-0.6240533,L31Q,-2.31647314,0.023555501799307
L,R,31,-0.6209294,L31R,-1.773208834,0.0405535733699074
L,S,31,-0.6219898,L31S,-2.370154963,0.022324340129139
L,T,31,-0.6342824,L31T,-1.501786009,0.0531993821786951
L,V,31,-0.6099442,L31V,-0.572331891,0.1347607541601873
L,W,31,-0.6196586,L31W,-1.862038741,0.0371065672502592
L,Y,31,-0.6235794,L31Y,-2.49470994,0.019709929269737
G,A,32,-0.6636604,G32A,-2.986529019,0.0149273882407503
G,C,32,-0.6598788,G32C,-2.525501209,0.0236704094134377
G,D,32,-0.652368,G32D,-2.569313701,0.0226557392624412
G,E,32,-0.6558499,G32E,-2.13175067,0.035092112715531
G,F,32,-0.6485028,G32F,-0.671039719,0.1512127167500873
G,H,32,-0.6437594,G32H,-2.193570361,0.032988423165313
G,I,32,-0.6566809,G32I,-2.513342613,0.0239599652085247
G,K,32,-0.6567885,G32K,-2.741366955,0.0190746431927632
G,L,32,-0.6603223,G32L,-2.866358715,0.0168334510792892
G,M,32,-0.664762,G32M,-2.107504614,0.0359533569780036
G,N,32,-0.6493576,G32N,-1.910557172,0.0437796873570676
G,P,32,-0.6679714,G32P,-2.467594097,0.0250815585106093
G,Q,32,-0.6644597,G32Q,-2.010268187,0.0396249476824595
G,R,32,-0.6537985,G32R,-1.626932827,0.058136538247212
G,S,32,-0.6454829,G32S,-2.33306755,0.028693179662835
G,T,32,-0.6595126,G32T,-2.623785602,0.0214546473858053
G,V,32,-0.6531745,G32V,-2.165039042,0.0339431821693365
G,W,32,-0.66109,G32W,-1.817211673,0.0480631355248646
G,Y,32,-0.653149,G32Y,-2.320984951,0.0290419708897095
H,A,33,-0.6615249,H33A,-3.045412791,0.0117326210142023
H,C,33,-0.6675752,H33C,-2.508605187,0.0200690944344455
H,D,33,-0.6574522,H33D,-2.486314449,0.0205214727707755
H,E,33,-0.6580188,H33E,-1.796259003,0.0409162575484585
H,F,33,-0.6581682,H33F,-0.929917226,0.0973068509775312
H,G,33,-0.6582739,H33G,-2.886290835,0.0137562761141064
H,I,33,-0.6668251,H33I,-2.715450293,0.0163190937966353
H,K,33,-0.6625012,H33K,-1.222658307,0.0726118609294966
H,L,33,-0.6576102,H33L,-2.432273744,0.0216609807639943
H,M,33,-0.6659585,H33M,-1.43210853,0.0588903962897849
H,N,33,-0.6376704,H33N,-1.680117212,0.0459553051350896
H,P,33,-0.6692946,H33P,-2.548727651,0.0192798123583175
H,Q,33,-0.6603435,H33Q,-1.787987598,0.0412560960805383
H,R,33,-0.6654079,H33R,-0.651155978,0.1285902086030367
H,S,33,-0.6595312,H33S,-3.066915302,0.0114830329922302
H,T,33,-0.6605728,H33T,-2.454401252,0.0211869410290594
H,V,33,-0.6497341,H33V,-2.027796386,0.0324593985289295
H,W,33,-0.6697959,H33W,-1.764088598,0.0422539521718712
H,Y,33,-0.6604498,H33Y,-1.892940067,0.0371456395496803
H,A,34,-0.6535877,H34A,-2.128512609,0.0187067102638581
H,C,34,-0.663969,H34C,-1.796605565,0.0260701111822286
H,D,34,-0.6588864,H34D,-2.416538144,0.0140252122391978
H,E,34,-0.6588933,H34E,-1.036261672,0.0557642838188732
H,F,34,-0.6618005,H34F,-1.318903413,0.0420345454134706
H,G,34,-0.6736356,H34G,-2.151677743,0.0182783472889573
H,I,34,-0.6396895,H34I,-0.714189518,0.0769538424020491
H,K,34,-0.6614559,H34K,-1.439366341,0.0372640416595203
H,L,34,-0.6469271,H34L,-1.111222913,0.0517369555666511
H,M,34,-0.6613475,H34M,-1.001163673,0.0577562515063683
H,N,34,-0.644812,H34N,-1.050764324,0.054961389808969
H,P,34,-0.6571797,H34P,-1.771862458,0.0267232135303624
H,Q,34,-0.6667886,H34Q,-0.980912501,0.0589378070711848
H,R,34,-0.6539018,H34R,-1.701409903,0.028673839428391
H,S,34,-0.64981,H34S,-1.970587793,0.0219070212774912
H,T,34,-0.6680138,H34T,-1.102072783,0.0522125280331391
H,V,34,-0.656702,H34V,-1.015610646,0.0569278467195786
H,W,34,-0.6605261,H34W,-0.938102537,0.0615157193528977
H,Y,34,-0.6647285,H34Y,-0.646177099,0.0823697468793095
A,C,35,-0.6307614,A35C,-1.598088892,0.0389429388262984
A,D,35,-0.619751,A35D,-2.618577946,0.0140357543861237
A,E,35,-0.6110291,A35E,-1.744078801,0.0336531788196217
A,F,35,-0.6321684,A35F,-1.4786457,0.0438836006362381
A,G,35,-0.616635,A35G,-2.504112292,0.0157379294750478
A,H,35,-0.6272831,A35H,-2.212934681,0.0210573877652842
A,I,35,-0.6213996,A35I,-1.787850174,0.0322119059002117
A,K,35,-0.6160347,A35K,-1.835372262,0.0307169318718464
A,L,35,-0.6192751,A35L,-2.576555158,0.0146381447533541
A,M,35,-0.6182119,A35M,-1.55542097,0.0406405119601374
A,N,35,-0.6180135,A35N,-0.558581801,0.1101237490703839
A,P,35,-0.6226787,A35P,-2.17671044,0.0218341600552843
A,Q,35,-0.6136398,A35Q,-1.91690342,0.028311917909217
A,R,35,-0.6096172,A35R,-2.223549725,0.020835044727134
A,S,35,-0.6014986,A35S,-0.541203056,0.1120542883539832
A,T,35,-0.5727327,A35T,-0.696532674,0.0959333652061773
A,V,35,-0.5862169,A35V,-2.313666037,0.0190395816065557
A,W,35,-0.6246727,A35W,-1.688895785,0.0355624587102215
A,Y,35,-0.6287401,A35Y,-0.900025358,0.0782697450535298
V,A,36,-0.6242195,V36A,-1.426976658,0.0540383107812463
V,C,36,-0.6448752,V36C,-2.3536774,0.0213914696737332
V,D,36,-0.6378143,V36D,-2.532756372,0.0178841199440132
V,E,36,-0.6411316,V36E,-1.974285459,0.0312614064946161
V,F,36,-0.6371542,V36F,-0.871189349,0.0942056954538547
V,G,36,-0.6313431,V36G,-2.441982095,0.0195835022701045
V,H,36,-0.6386994,V36H,-2.0084693,0.0302108298991127
V,I,36,-0.6193644,V36I,-1.294626921,0.0616851372013695
V,K,36,-0.6348266,V36K,-1.497930583,0.0503369457275716
V,L,36,-0.6362352,V36L,-0.993430998,0.0833658688169134
V,M,36,-0.6459892,V36M,-1.705162054,0.0409154522663229
V,N,36,-0.6316269,V36N,-1.639281622,0.0437017543270956
V,P,36,-0.6291864,V36P,-1.907911744,0.0334067525866855
V,Q,36,-0.6354448,V36Q,-2.221921546,0.0244040265381198
V,R,36,-0.6399335,V36R,-2.246284195,0.0238166634822661
V,S,36,-0.6230313,V36S,-2.378820668,0.0208603233200322
V,T,36,-0.6132351,V36T,-1.438304095,0.0534296488891318
V,W,36,-0.6451353,V36W,-1.869977002,0.0346983732772263
V,Y,36,-0.6375998,V36Y,-1.842205321,0.0356755112888289
P,A,37,-0.6607286,P37A,-0.193808678,0.0602432664048172
P,C,37,-0.6565525,P37C,-0.81385929,0.0324058852867737
P,D,37,-0.6537739,P37D,-1.055555153,0.0254481768397727
P,E,37,-0.6585204,P37E,-1.653963967,0.0139884916599317
P,F,37,-0.6621183,P37F,-0.346675471,0.0517034228152401
P,G,37,-0.6426465,P37G,-0.78522263,0.0333472970074478
P,H,37,-0.6689634,P37H,0.1063832837601319,0.0813355190863181
P,I,37,-0.6536614,P37I,-0.691793526,0.0366130908627949
P,K,37,-0.648817,P37K,-0.225644859,0.0583555586909991
P,L,37,-0.6643168,P37L,-0.217875455,0.0588107125279607
P,M,37,-0.6696154,P37M,-0.062275104,0.0687120373419545
P,N,37,-0.6584082,P37N,-0.708782719,0.0359963178829548
P,Q,37,-0.6566301,P37Q,-0.144506961,0.0632877970211548
P,R,37,-0.647642,P37R,-0.366972398,0.0506645803310405
P,S,37,-0.5912821,P37S,-0.053877024,0.069291516482261
P,T,37,-0.6599739,P37T,0.0264625400071634,0.075088097407347
P,V,37,-0.6554284,P37V,-0.560802403,0.0417373748416752
P,W,37,-0.6655665,P37W,-0.447605724,0.0467396906781402
P,Y,37,-0.661319,P37Y,-1.152192111,0.0231040310264069
N,A,38,-0.653845,N38A,-0.573000117,0.0604180625227992
N,C,38,-0.6544653,N38C,-1.808282247,0.0175667089638982
N,D,38,-0.6461186,N38D,-0.801620197,0.04807046650115
N,E,38,-0.6607959,N38E,-0.306254672,0.0788883524025547
N,F,38,-0.6558727,N38F,-1.802608415,0.0176666628710485
N,G,38,-0.6349368,N38G,-1.372050531,0.0271733711435259
N,H,38,-0.6470577,N38H,0.0867271791288324,0.1168645398073583
N,I,38,-0.654233,N38I,-3.108974123,0.0047841682120032
N,K,38,-0.6528577,N38K,-0.519545536,0.0637355631675924
N,L,38,-0.650632,N38L,-0.474382107,0.0666800717327611
N,M,38,-0.6505251,N38M,-1.666164528,0.020249363662222
N,P,38,-0.6492963,N38P,-3.244341321,0.0041784680205278
N,Q,38,-0.6579136,N38Q,-0.235617034,0.0846623708785823
N,R,38,-0.6373753,N38R,-0.431042384,0.0696335062795085
N,S,38,-0.642862,N38S,-1.016515894,0.0387748654492836
N,T,38,-0.6382939,N38T,-0.583930684,0.0597612549307654
N,V,38,-0.6469103,N38V,-2.073360736,0.0134762235300797
N,W,38,-0.6501912,N38W,-1.030453564,0.0382381827744805
N,Y,38,-0.6486704,N38Y,-0.546806799,0.0620215205660402
G,A,39,-0.6607592,G39A,-1.878318559,0.0463089936974284
G,C,39,-0.6488079,G39C,-2.488374097,0.025160629987783
G,D,39,-0.6514025,G39D,-2.322768322,0.0296922570505763
G,E,39,-0.6629766,G39E,-2.06525029,0.0384133254142347
G,F,39,-0.652006,G39F,-2.894123003,0.0167689903091787
G,H,39,-0.6546658,G39H,-1.835954291,0.0483129899270219
G,I,39,-0.6540248,G39I,-2.66094507,0.0211726324046907
G,K,39,-0.6394435,G39K,-2.178440899,0.0343023469314315
G,L,39,-0.6585061,G39L,-2.422014938,0.026886912820013
G,M,39,-0.6692085,G39M,-1.910066023,0.044861892715642
G,N,39,-0.6294946,G39N,-1.26190707,0.0857767318093927
G,P,39,-0.6654337,G39P,-1.687902907,0.0560224150739475
G,Q,39,-0.6562142,G39Q,-2.119689067,0.0363780519234481
G,R,39,-0.6548773,G39R,-2.686677058,0.0206347680488722
G,S,39,-0.653335,G39S,-2.611987518,0.0222349860854171
G,T,39,-0.6538099,G39T,-2.640834357,0.0216027397158796
G,V,39,-0.6587196,G39V,-1.633042977,0.0591816672868083
G,W,39,-0.6546441,G39W,-2.191146171,0.0338692830604817
G,Y,39,-0.6624211,G39Y,-2.331233068,0.029441980327505
T,A,40,-0.6047362,T40A,-0.726560411,0.0444841366044785
T,C,40,-0.6381867,T40C,-1.202919671,0.0276264389501279
T,D,40,-0.6348186,T40D,-2.059662208,0.0117285990221893
T,E,40,-0.6362287,T40E,-0.599285119,0.0505219534476887
T,F,40,-0.6310628,T40F,0.1698624600325966,0.1090226489125515
T,G,40,-0.6172953,T40G,-1.799024996,0.0152208717477292
T,H,40,-0.6330821,T40H,-0.171759341,0.0774733348098526
T,I,40,-0.5886145,T40I,-0.205157661,0.0749285869534549
T,K,40,-0.6230536,T40K,-0.407761019,0.061186837797034
T,L,40,-0.6267598,T40L,-1.402437445,0.0226295232753554
T,M,40,-0.6403236,T40M,-0.965702489,0.0350224927958989
T,N,40,-0.616434,T40N,-2.232121922,0.0098706957773777
T,P,40,-0.6297087,T40P,-0.961399981,0.0351735020052971
T,Q,40,-0.6311725,T40Q,-0.275582503,0.0698332763241474
T,R,40,-0.6189747,T40R,-1.798355177,0.015231070409197
T,S,40,-0.6143835,T40S,-1.035608547,0.0326578229656785
T,V,40,-0.6156096,T40V,-0.054230784,0.0871353260376592
T,W,40,-0.6310728,T40W,-1.00732137,0.033594810740283
T,Y,40,-0.6486064,T40Y,0.0286706931206119,0.0946668482865538
I,A,41,-0.5790748,I41A,-0.895169621,0.0352693020500684
I,C,41,-0.5895428,I41C,-0.992574195,0.0319959186504641
I,D,41,-0.5938284,I41D,-1.982824517,0.0118859556022239
I,E,41,-0.5942748,I41E,-1.257566271,0.0245476513656999
I,F,41,-0.5774969,I41F,-0.084663239,0.0793223155199995
I,G,41,-0.5841333,I41G,-1.678573132,0.0161127213755785
I,H,41,-0.5874522,I41H,-0.923850236,0.0342721246872756
I,K,41,-0.5738814,I41K,-0.728034913,0.0416852649465331
I,L,41,-0.4868343,I41L,-0.038560535,0.0830648979433987
I,M,41,-0.5181694,I41M,-0.092910217,0.0786708360541143
I,N,41,-0.5747158,I41N,-0.912552747,0.0346615091300058
I,P,41,-0.5767211,I41P,-1.450626933,0.0202378665939353
I,Q,41,-0.5838,I41Q,-0.893915564,0.0353135595319916
I,R,41,-0.5696359,I41R,-0.47851293,0.0534993627955047
I,S,41,-0.5900806,I41S,-0.901407801,0.0350499705607235
I,T,41,-0.5632585,I41T,-2.009317268,0.0115751982670451
I,V,41,-0.4651617,I41V,-0.054236946,0.0817728917252357
I,W,41,-0.5924944,I41W,0.2590527052517681,0.1118585890814561
I,Y,41,-0.5817422,I41Y,0.0730564848422159,0.0928735822124819
V,A,42,-0.6417663,V42A,-1.73676484,0.0511431044090465
V,C,42,-0.6420417,V42C,-2.559924641,0.0224539741671478
V,D,42,-0.6369685,V42D,-2.579147855,0.0220264587006692
V,E,42,-0.6417591,V42E,-2.034832432,0.0379610263994555
V,F,42,-0.6530259,V42F,-2.257844486,0.0303728127861434
V,G,42,-0.6385713,V42G,-2.179078165,0.0328619100800373
V,H,42,-0.6346685,V42H,-3.080012614,0.0133481706426476
V,I,42,-0.6457619,V42I,-0.509643551,0.1744693531806889
V,K,42,-0.6602525,V42K,-2.540688023,0.0228900941716074
V,L,42,-0.642168,V42L,-1.31415297,0.0780414120088867
V,M,42,-0.6575857,V42M,-1.807804686,0.0476359539614637
V,N,42,-0.6373733,V42N,-2.475474982,0.0244325758109295
V,P,42,-0.6472181,V42P,-2.46509001,0.024687629597046
V,Q,42,-0.6494223,V42Q,-2.835725028,0.0170417649442709
V,R,42,-0.6440961,V42R,-2.372444523,0.0270841264296671
V,S,42,-0.6398692,V42S,-2.925468165,0.0155790007422002
V,T,42,-0.6516146,V42T,-2.69641607,0.0195891555947246
V,W,42,-0.649969,V42W,-2.511710976,0.0235630853387845
V,Y,42,-0.6400002,V42Y,-2.47764345,0.0243796519280872
K,A,43,-0.6197822,K43A,-0.406543994,0.0847875343820908
K,C,43,-0.6170267,K43C,-2.2177824,0.0138586490989336
K,D,43,-0.6086397,K43D,-1.921647903,0.0186350497690843
K,E,43,-0.613149,K43E,-1.836282392,0.0202957145705826
K,F,43,-0.6056735,K43F,-1.877536591,0.0194754663754503
K,G,43,-0.5993303,K43G,-1.220555134,0.0375674221547631
K,H,43,-0.6094464,K43H,-0.774969616,0.0586579347945159
K,I,43,-0.6231852,K43I,-1.886346164,0.0193046492606286
K,L,43,-0.6201804,K43L,-2.01041624,0.0170521418367331
K,M,43,-0.6119143,K43M,-0.653496796,0.0662341172655091
K,N,43,-0.587963,K43N,-0.800702636,0.0571677445084509
K,P,43,-0.6231107,K43P,-2.588400625,0.009566725400243
K,Q,43,-0.6162741,K43Q,-0.03825666,0.1225398032794159
K,R,43,-0.5617479,K43R,-0.051096074,0.1209765211872193
K,S,43,-0.6005926,K43S,-0.668459926,0.0652504252729404
K,T,43,-0.6134153,K43T,-0.618646913,0.0685830613153068
K,V,43,-0.6123587,K43V,-1.545912761,0.0271337818475868
K,W,43,-0.6025618,K43W,-1.63406579,0.0248442528122926
K,Y,43,-0.606983,K43Y,-1.814126148,0.020750410166601
T,A,44,-0.6471755,T44A,-0.988931322,0.0858516876746281
T,C,44,-0.6527235,T44C,-2.303693467,0.0230544494006045
T,D,44,-0.6443831,T44D,-2.035249283,0.0301535623361737
T,E,44,-0.6541392,T44E,-2.133097212,0.0273428510463834
T,F,44,-0.6451095,T44F,-2.516660601,0.0186322052121465
T,G,44,-0.6451251,T44G,-1.143810486,0.0735335719202878
T,H,44,-0.6462867,T44H,-2.826742027,0.0136646188343922
T,I,44,-0.6344938,T44I,-2.029814594,0.0303178837472144
T,K,44,-0.6517328,T44K,-1.814537008,0.0376004271314019
T,L,44,-0.6513625,T44L,-1.581715076,0.0474576340245331
T,M,44,-0.6520014,T44M,-1.439406013,0.0547154702238145
T,N,44,-0.6313939,T44N,-2.365658622,0.0216692369215333
T,P,44,-0.6495956,T44P,-1.93476283,0.0333410561404973
T,Q,44,-0.6443894,T44Q,-1.894588179,0.0347077920747976
T,R,44,-0.6434499,T44R,-2.315793212,0.0227771771764331
T,S,44,-0.6461763,T44S,-0.607568124,0.1257108565540846
T,V,44,-0.6441679,T44V,-1.617707318,0.0457799008018597
T,W,44,-0.6578659,T44W,-2.380268449,0.0213549543519606
T,Y,44,-0.6505442,T44Y,-2.371900143,0.0215344090546051
I,A,45,-0.640307,I45A,-1.558569364,0.0362929473820573
I,C,45,-0.6481694,I45C,-1.895447144,0.0259130200148728
I,D,45,-0.6203579,I45D,-1.878682231,0.026351111740806
I,E,45,-0.6367406,I45E,-2.143530022,0.0202198047876913
I,F,45,-0.6375673,I45F,-1.253047269,0.0492616359838358
I,G,45,-0.6325723,I45G,-2.292833147,0.0174154780535573
I,H,45,-0.6278682,I45H,-1.729870847,0.0305792569294535
I,K,45,-0.627878,I45K,-1.940874579,0.0247621949333122
I,L,45,-0.5948488,I45L,-1.193152508,0.0523023015391143
I,M,45,-0.6307147,I45M,-1.019736218,0.0622063258561058
I,N,45,-0.6146731,I45N,-1.560875602,0.0362093436283028
I,P,45,-0.6329209,I45P,-0.886084838,0.0711014760308124
I,Q,45,-0.6371642,I45Q,-2.126798568,0.0205609577230836
I,R,45,-0.6261033,I45R,-2.591185664,0.0129229737386002
I,S,45,-0.642045,I45S,-1.439377735,0.0408871198722581
I,T,45,-0.6117514,I45T,-1.576767588,0.0356384534059884
I,V,45,-0.5500455,I45V,-0.224358113,0.1378043450086225
I,W,45,-0.6383612,I45W,-0.693284581,0.0862205353165971
I,Y,45,-0.6371867,I45Y,-1.439406537,0.0408859422455827
T,A,46,-0.5698981,T46A,-0.311527715,0.0595414618107565
T,C,46,-0.6346274,T46C,-1.592073719,0.0165457035916692
T,D,46,-0.6213536,T46D,-0.938975001,0.031792343002649
T,E,46,-0.6391146,T46E,-0.208715538,0.0659888045690401
T,F,46,-0.6350586,T46F,-1.075743166,0.0277284028907356
T,G,46,-0.6430911,T46G,-0.785838966,0.03705345330381
T,H,46,-0.6390587,T46H,-0.775785193,0.037427859344275
T,I,46,-0.6192949,T46I,-0.790346595,0.0368868059161773
T,K,46,-0.6213112,T46K,-0.53338783,0.0476943408541041
T,L,46,-0.6468831,T46L,-0.256887664,0.062885333635838
T,M,46,-0.6222204,T46M,-0.275135503,0.0617482185095105
T,N,46,-0.6224095,T46N,-0.038028928,0.0782705749798536
T,P,46,-0.6389829,T46P,-2.399482452,0.0073795818936975
T,Q,46,-0.6295703,T46Q,-0.386992942,0.0552135098484093
T,R,46,-0.6410418,T46R,-0.081611348,0.0749326198770207
T,S,46,-0.611113,T46S,-0.154029694,0.0696979532468402
T,V,46,-0.6157532,T46V,-0.100259091,0.073548243329226
T,W,46,-0.6341732,T46W,-0.967559379,0.0308964437319273
T,Y,46,-0.6468209,T46Y,-0.626269794,0.0434639024704268
N,A,47,-0.5878936,N47A,-0.018075733,0.0701882744765192
N,C,47,-0.5951069,N47C,-0.531333432,0.0420106632210227
N,D,47,-0.4983504,N47D,-0.212468631,0.0577884159207189
N,E,47,-0.5860124,N47E,-0.100515146,0.0646340810727919
N,F,47,-0.5781856,N47F,-0.238881796,0.0562820225557099
N,G,47,-0.5795557,N47G,-0.428916256,0.0465413270791552
N,H,47,-0.5865252,N47H,-0.417641493,0.0470690389489399
N,I,47,-0.5923098,N47I,-0.723121648,0.0346790308461009
N,K,47,-0.5819741,N47K,-0.440747078,0.0459939491311139
N,L,47,-0.6100215,N47L,-0.618279828,0.038512276269543
N,M,47,-0.6019929,N47M,-0.519361488,0.0425166353489019
N,P,47,-0.5971125,N47P,-1.667047489,0.0134935111275856
N,Q,47,-0.5897186,N47Q,-0.122169052,0.0632495449484954
N,R,47,-0.5891571,N47R,-0.493095511,0.0436481719730697
N,S,47,-0.4889355,N47S,-0.710082206,0.0351341872642884
N,T,47,-0.5769232,N47T,-0.456608239,0.045270186582361
N,V,47,-0.5611034,N47V,-0.200745809,0.0584698456940303
N,W,47,-0.595562,N47W,-0.308358858,0.0525044587505329
N,Y,47,-0.5923709,N47Y,-0.012993952,0.0705458638080906
D,A,48,-0.6220418,D48A,-0.164310764,0.0692047637620527
D,C,48,-0.6292945,D48C,-1.727509836,0.0144959613600489
D,E,48,-0.5795931,D48E,0.149717470584187,0.094736369325595
D,F,48,-0.6318531,D48F,-1.497252885,0.0182493082710255
D,G,48,-0.6185973,D48G,-0.56564729,0.0463273779725927
D,H,48,-0.6258171,D48H,-0.928646851,0.0322247067220043
D,I,48,-0.6345372,D48I,-0.901277403,0.0331188598428302
D,K,48,-0.6127012,D48K,-1.471961601,0.0187167430612219
D,L,48,-0.6283169,D48L,-0.65464503,0.0423824916076162
D,M,48,-0.6314341,D48M,-0.760707396,0.0381174793048007
D,N,48,-0.5604811,D48N,0.3249416674342642,0.112879647874209
D,P,48,-0.6372964,D48P,0.0205099055442818,0.0832535187017014
D,Q,48,-0.6205236,D48Q,-0.341942828,0.057941715995328
D,R,48,-0.6245142,D48R,-1.000527982,0.0299896491374794
D,S,48,-0.6159512,D48S,-0.28054598,0.0616106328380484
D,T,48,-0.6221719,D48T,-0.358630515,0.0569828256858712
D,V,48,-0.618894,D48V,-1.380181537,0.0205158669665403
D,W,48,-0.642982,D48W,-0.873221744,0.0340611885888515
D,Y,48,-0.6248971,D48Y,-0.419318336,0.0536275048347879
Q,A,49,-0.5899007,Q49A,-0.028390434,0.0834526629674109
Q,C,49,-0.6076317,Q49C,-2.284172879,0.0087451222785596
Q,D,49,-0.5655638,Q49D,-0.853325218,0.0365742566570995
Q,E,49,-0.5919746,Q49E,-0.23992458,0.0675417135760489
Q,F,49,-0.5914502,Q49F,-0.432229083,0.0557256671548801
Q,G,49,-0.5895786,Q49G,-0.191127716,0.0709192749097742
Q,H,49,-0.5905449,Q49H,-0.384152869,0.0584701912959305
Q,I,49,-0.5855225,Q49I,-0.8234593,0.0376830559128231
Q,K,49,-0.565712,Q49K,-0.502645335,0.0519366437744429
Q,L,49,-0.5877971,Q49L,-0.322341318,0.0621983601481507
Q,M,49,-0.5894581,Q49M,-0.874634477,0.0358031313649253
Q,N,49,-0.5892397,Q49N,-0.788793079,0.03901229210869
Q,P,49,-0.5938488,Q49P,-2.046349312,0.0110930623558239
Q,R,49,-0.4908579,Q49R,-0.00406205,0.0855078297035053
Q,S,49,-0.5955535,Q49S,-1.609909036,0.0171630787948326
Q,T,49,-0.5863293,Q49T,-1.351517267,0.0222235468682342
Q,V,49,-0.5905704,Q49V,-0.447665625,0.0548720607192477
Q,W,49,-0.6003705,Q49W,-1.060747814,0.0297230239710129
Q,Y,49,-0.6044893,Q49Y,-0.004163536,0.0854991522339196
I,A,50,-0.6107279,I50A,-1.657961254,0.0232035497860486
I,C,50,-0.6108789,I50C,-1.592043037,0.0247846254443257
I,D,50,-0.6289015,I50D,-2.342234224,0.0117051847140868
I,E,50,-0.6166702,I50E,-0.459329354,0.0769331971582653
I,F,50,-0.6153616,I50F,-1.314722029,0.0327055446721643
I,G,50,-0.6147718,I50G,-2.211116782,0.013345102035838
I,H,50,-0.6235071,I50H,-1.220973366,0.0359199666852512
I,K,50,-0.6076661,I50K,-2.339871934,0.0117328684655363
I,L,50,-0.6152487,I50L,-0.002694522,0.1214584653325867
I,M,50,-0.6053553,I50M,-0.341987659,0.0865116584963299
I,N,50,-0.6148471,I50N,-0.147235479,0.1051125190118581
I,P,50,-0.6257806,I50P,-2.666234714,0.0084657707619534
I,Q,50,-0.60986,I50Q,-0.143156511,0.1055421452918101
I,R,50,-0.61597,I50R,-2.224886055,0.0131626088196748
I,S,50,-0.6124235,I50S,-2.08043799,0.0152081020094426
I,T,50,-0.6020411,I50T,-0.597472847,0.0670067903868223
I,V,50,-0.5120466,I50V,-0.254370901,0.094433506570424
I,W,50,-0.622679,I50W,-2.251656273,0.012814917300361
I,Y,50,-0.6170294,I50Y,-1.902643254,0.0181672978292773
E,A,51,-0.6311424,E51A,-0.725500904,0.0916707230600402
E,C,51,-0.6377473,E51C,-1.842998902,0.0299852273004633
E,D,51,-0.6287033,E51D,-1.368193268,0.0482073065327356
E,F,51,-0.6363871,E51F,-1.93206077,0.0274301545161957
E,G,51,-0.615695,E51G,-1.60543177,0.0380260723804746
E,H,51,-0.6271121,E51H,-2.08369739,0.0235707434361982
E,I,51,-0.6346408,E51I,-1.731529553,0.0335210708354881
E,K,51,-0.6099023,E51K,-1.901541897,0.0282801974375454
E,L,51,-0.630652,E51L,-1.490353649,0.0426637745853861
E,M,51,-0.6307865,E51M,-1.966861064,0.0264919955220685
E,N,51,-0.612873,E51N,-1.404675993,0.0464802673726078
E,P,51,-0.6326806,E51P,-1.873082782,0.0290965889023601
E,Q,51,-0.6267908,E51Q,-0.813713076,0.0839306512400956
E,R,51,-0.631069,E51R,-2.130519355,0.0224925529199022
E,S,51,-0.6231706,E51S,-0.872819752,0.0791135525713632
E,T,51,-0.6195284,E51T,-1.231717842,0.0552565038310318
E,V,51,-0.6319337,E51V,-1.960535988,0.0266600905057939
E,W,51,-0.6553648,E51W,-1.863819405,0.0293673739226672
E,Y,51,-0.6506083,E51Y,-1.364515733,0.0483849170334873
V,A,52,-0.6454167,V52A,-1.204895782,0.0880628564664223
V,C,52,-0.6317375,V52C,-0.952142634,0.1133866898328376
V,D,52,-0.6556857,V52D,-2.515673987,0.0237426337736846
V,E,52,-0.6390428,V52E,-1.61956317,0.0581707930656781
V,F,52,-0.6505763,V52F,-2.128607302,0.034964705747952
V,G,52,-0.6335158,V52G,-2.89320355,0.0162768291064703
V,H,52,-0.6467595,V52H,-2.51313989,0.0238028762185958
V,I,52,-0.64896,V52I,-1.721297334,0.0525439104359166
V,K,52,-0.6329291,V52K,-2.236670548,0.0313832988056685
V,L,52,-0.6442993,V52L,-2.438237803,0.0256542317898134
V,M,52,-0.6489105,V52M,-2.270853884,0.0303286411924098
V,N,52,-0.6345906,V52N,-1.658580485,0.0559448324104453
V,P,52,-0.6452261,V52P,-2.941301813,0.0155124709188035
V,Q,52,-0.6346115,V52Q,-2.717561909,0.0194021582224103
V,R,52,-0.6500542,V52R,-2.888172137,0.0163589309742886
V,S,52,-0.6321762,V52S,-2.847451147,0.0170388324215623
V,T,52,-0.6298475,V52T,-2.099649879,0.0359919958511209
V,W,52,-0.6308168,V52W,-2.48817044,0.0244047035699303
V,Y,52,-0.6580616,V52Y,-2.538161795,0.0232146723378541
T,A,53,-0.6419113,T53A,-0.877375202,0.0675861382473712
T,C,53,-0.6449294,T53C,-0.847958921,0.0696038019544243
T,D,53,-0.6558579,T53D,-1.636674192,0.0316299275935433
T,E,53,-0.6354875,T53E,-1.407610327,0.0397721801847876
T,F,53,-0.6400872,T53F,-2.417260288,0.0144908480143954
T,G,53,-0.6342857,T53G,-2.301922062,0.0162623981323222
T,H,53,-0.6366208,T53H,-2.957966524,0.0084385504572542
T,I,53,-0.6535825,T53I,-0.571857061,0.0917365687689167
T,K,53,-0.6372086,T53K,-2.601992143,0.0120466339776696
T,L,53,-0.6472455,T53L,-1.724016129,0.0289845167618314
T,M,53,-0.6492814,T53M,-0.577899811,0.0911838990171102
T,N,53,-0.6203986,T53N,-0.730680092,0.0782648068312722
T,P,53,-0.6345106,T53P,-2.763026958,0.0102548454809634
T,Q,53,-0.6455415,T53Q,-2.369166774,0.0152047947942535
T,R,53,-0.6477537,T53R,-3.01180207,0.0079962680247258
T,S,53,-0.6336573,T53S,-2.492525881,0.0134402190229783
T,V,53,-0.621212,T53V,-0.132598911,0.1423344080014656
T,W,53,-0.6407724,T53W,-2.000528865,0.0219825495555963
T,Y,53,-0.6424406,T53Y,-0.75649369,0.0762703629826424
N,A,54,-0.6575892,N54A,0.2007211455186475,0.0991583007997875
N,C,54,-0.650999,N54C,-0.702897416,0.040169132848079
N,D,54,-0.6563947,N54D,-0.588679371,0.0450294595931349
N,E,54,-0.6612043,N54E,0.2458550881427785,0.1037362394130239
N,F,54,-0.66023,N54F,-0.216472556,0.0653347345361674
N,G,54,-0.6396113,N54G,-0.813458406,0.0359646978513928
N,H,54,-0.662781,N54H,-1.162108808,0.0253781184380921
N,I,54,-0.6542631,N54I,-1.630723523,0.0158833656208653
N,K,54,-0.6571296,N54K,-0.814670818,0.0359211202400789
N,L,54,-0.6538517,N54L,-1.437758873,0.0192639819844051
N,M,54,-0.65417,N54M,-0.716082469,0.0396429769241318
N,P,54,-0.6579335,N54P,-3.015050069,0.0039786554819111
N,Q,54,-0.6461874,N54Q,-0.265996309,0.0621779264740358
N,R,54,-0.6499956,N54R,-0.475549183,0.0504229861491088
N,S,54,-0.6172572,N54S,0.437740666868692,0.1256797636917003
N,T,54,-0.6444822,N54T,-0.344928745,0.0574587676878856
N,V,54,-0.6512681,N54V,-1.865396723,0.0125610280247603
N,W,54,-0.6414995,N54W,-1.354937879,0.0209273762320604
N,Y,54,-0.6605109,N54Y,-0.298557526,0.0601859438773477
A,C,55,-0.6501846,A55C,-1.812705511,0.0251413068156296
A,D,55,-0.6383116,A55D,-0.880055784,0.0638899550758422
A,E,55,-0.6424037,A55E,-1.958704719,0.0217260698029246
A,F,55,-0.6494451,A55F,-1.22238769,0.0453690512276118
A,G,55,-0.6280148,A55G,-1.484415128,0.0349110248457935
A,H,55,-0.6340683,A55H,-1.619107228,0.0305117097375
A,I,55,-0.6478149,A55I,-2.890345038,0.0085580459370025
A,K,55,-0.6480935,A55K,-2.466567683,0.0130743153348836
A,L,55,-0.6376435,A55L,-0.644161931,0.0808872360788471
A,M,55,-0.6430187,A55M,-2.089309015,0.0190660363793912
A,N,55,-0.6149486,A55N,0.0191065515085018,0.1570123680574011
A,P,55,-0.6376357,A55P,-1.110563937,0.0507369254551588
A,Q,55,-0.6478607,A55Q,-1.2631777,0.0435556818473162
A,R,55,-0.6431535,A55R,-2.886894688,0.00858762522242
A,S,55,-0.6471948,A55S,-0.491098986,0.0942658517012252
A,T,55,-0.6143693,A55T,-0.714779721,0.0753721797805407
A,V,55,-0.6216544,A55V,-1.646402354,0.0296901517939734
A,W,55,-0.643647,A55W,-1.986130435,0.0211383131720531
A,Y,55,-0.6465592,A55Y,-1.925247044,0.0224652709316449
T,A,56,-0.6040296,T56A,-0.839192741,0.0432456949784085
T,C,56,-0.6580224,T56C,-1.406241129,0.0245288291694294
T,D,56,-0.6601964,T56D,-1.802201432,0.0165087183375797
T,E,56,-0.6424532,T56E,-0.077827445,0.0925975894575455
T,F,56,-0.6403229,T56F,-0.528209225,0.0590202891205149
T,G,56,-0.6449012,T56G,-2.428739949,0.0088228908780718
T,H,56,-0.6464134,T56H,-1.676350213,0.0187227603747638
T,I,56,-0.6379672,T56I,-0.509918529,0.0601097445575384
T,K,56,-0.6428285,T56K,-0.903971976,0.0405330803879292
T,L,56,-0.6415096,T56L,-0.111855633,0.089499668197929
T,M,56,-0.6445901,T56M,-0.264591108,0.0768226427723409
T,N,56,-0.6375064,T56N,-1.12612849,0.0324584842421241
T,P,56,-0.6487244,T56P,-2.340772807,0.0096341763983422
T,Q,56,-0.6457411,T56Q,-0.396655756,0.0673184778659173
T,R,56,-0.6445906,T56R,-1.137628779,0.0320873403985685
T,S,56,-0.6413949,T56S,-1.417102227,0.0242638605716036
T,V,56,-0.6238461,T56V,0.2335482188772366,0.1264236795958793
T,W,56,-0.6517357,T56W,-1.606733538,0.020072618584881
T,Y,56,-0.6513381,T56Y,-0.558883411,0.0572373740361527
E,A,57,-0.6338384,E57A,-2.328670172,0.029277634762462
E,C,57,-0.6517448,E57C,-2.095051083,0.0369824348665101
E,D,57,-0.6363256,E57D,-2.184561763,0.0338159424205692
E,F,57,-0.6354124,E57F,-2.189177599,0.0336602132130366
E,G,57,-0.6185265,E57G,-2.310477599,0.0298151449936598
E,H,57,-0.6600797,E57H,-2.598474845,0.0223543096247336
E,I,57,-0.6270944,E57I,-3.065514897,0.0140129066528651
E,K,57,-0.6136363,E57K,-1.203965766,0.0901548315237346
E,L,57,-0.6363126,E57L,-2.472610561,0.0253526551495458
E,M,57,-0.6287967,E57M,-1.693181241,0.0552745727612913
E,N,57,-0.6445113,E57N,-2.528193717,0.0239819217282991
E,P,57,-0.635814,E57P,-3.027452247,0.014556556137004
E,Q,57,-0.6371004,E57Q,-2.355111587,0.0285136375207864
E,R,57,-0.6164727,E57R,-1.622879716,0.0593003100550731
E,S,57,-0.6405853,E57S,-2.29703904,0.0302185220431233
E,T,57,-0.6459594,E57T,-2.654990046,0.0211259871235731
E,V,57,-0.6372236,E57V,-2.722324153,0.0197503213089525
E,W,57,-0.6388217,E57W,-0.977735751,0.1130419038536766
E,Y,57,-0.637108,E57Y,-2.798801528,0.0182961809204564
L,A,58,-0.630267,L58A,-1.4547103,0.0583076952956883
L,C,58,-0.6553605,L58C,-2.604411948,0.0184678625383278
L,D,58,-0.6450634,L58D,-1.734963757,0.0440568377178456
L,E,58,-0.6355546,L58E,-1.885802715,0.0378882702520019
L,F,58,-0.6347719,L58F,-1.603251999,0.0502591365943953
L,G,58,-0.6488315,L58G,-2.242392601,0.0265240421467018
L,H,58,-0.6419655,L58H,-2.31830922,0.0245849612334572
L,I,58,-0.6415369,L58I,-2.083241345,0.0310998465233148
L,K,58,-0.6521052,L58K,-2.180475666,0.0282182386791538
L,M,58,-0.63912,L58M,-1.549720314,0.0530229080885811
L,N,58,-0.6614223,L58N,-2.629574833,0.0180089555132351
L,P,58,-0.6474165,L58P,-1.673548516,0.0468474145604001
L,Q,58,-0.6458074,L58Q,-1.455973817,0.0582340690181664
L,R,58,-0.6529115,L58R,-2.163950589,0.0286884216093986
L,S,58,-0.6297073,L58S,-2.436259788,0.0218496369377246
L,T,58,-0.6402867,L58T,-1.535561956,0.0537789651466498
L,V,58,-0.6267421,L58V,-1.005905946,0.0913354045767769
L,W,58,-0.6412427,L58W,-2.305189498,0.0249096343639694
L,Y,58,-0.6522667,L58Y,-1.989047264,0.0341716719037343
V,A,59,-0.6285855,V59A,-2.420373179,0.0315682649736354
V,C,59,-0.6510483,V59C,-2.871512677,0.0201058871401144
V,D,59,-0.6304468,V59D,-2.025279567,0.046863825110162
V,E,59,-0.6432983,V59E,-2.305324261,0.0354173316530279
V,F,59,-0.6312588,V59F,-2.368164868,0.0332601728417647
V,G,59,-0.6422604,V59G,-2.168403662,0.0406143694127694
V,H,59,-0.6477553,V59H,-2.546510996,0.0278272145623932
V,I,59,-0.592903,V59I,-1.698259481,0.0649921311480909
V,K,59,-0.6406552,V59K,-1.784069657,0.0596477253010599
V,L,59,-0.6200317,V59L,-2.23953706,0.0378256904897897
V,M,59,-0.6549095,V59M,-2.581691158,0.0268652682334738
V,N,59,-0.6844963,V59N,-2.491740579,0.0293938338532844
V,P,59,-0.6526489,V59P,-3.204841275,0.0144065630466239
V,Q,59,-0.6358556,V59Q,-2.484900285,0.0295955856313892
V,R,59,-0.6387719,V59R,-2.482041639,0.0296803100006832
V,S,59,-0.6134356,V59S,-2.398158027,0.0322774066623344
V,T,59,-0.6191421,V59T,-2.403854296,0.0320940684804399
V,W,59,-0.6452908,V59W,-2.750098544,0.0227014058410403
V,Y,59,-0.6298519,V59Y,-2.48077027,0.0297180686212613
Q,A,60,-0.6150903,Q60A,-0.411723183,0.0540232661122244
Q,C,60,-0.6183044,Q60C,-1.378561005,0.0205441593486745
Q,D,60,-0.6117899,Q60D,-0.734062372,0.0391372832264341
Q,E,60,-0.6074828,Q60E,0.0637503306089404,0.0869113289035719
Q,F,60,-0.6132514,Q60F,-0.208751926,0.0661805159371135
Q,G,60,-0.6088963,Q60G,-0.332416494,0.0584821459719693
Q,H,60,-0.6009266,Q60H,-0.153541137,0.0699371439857005
Q,I,60,-0.6076912,Q60I,0.038864419373584,0.0847751516420653
Q,K,60,-0.5952451,Q60K,-0.396128873,0.0548723248517517
Q,L,60,-0.6170932,Q60L,-1.025418126,0.029245324287632
Q,M,60,-0.6161414,Q60M,-0.316511921,0.0594197157194416
Q,N,60,-0.6568308,Q60N,-2.054053093,0.0104550396595783
Q,P,60,-0.620138,Q60P,-2.036283654,0.0106424804472311
Q,R,60,-0.6005995,Q60R,-1.633160802,0.015926378265414
Q,S,60,-0.5828236,Q60S,-1.153098087,0.0257398326240814
Q,T,60,-0.6087725,Q60T,-0.374862397,0.0560517628443011
Q,V,60,-0.6185885,Q60V,0.1843615946858299,0.0980521684401056
Q,W,60,-0.6194614,Q60W,-0.786194514,0.0371492429371766
Q,Y,60,-0.6165709,Q60Y,-0.689736072,0.0409111179817123
S,A,61,-0.5965103,S61A,-0.529352526,0.0548181763125009
S,C,61,-0.6072452,S61C,-1.105025127,0.0308257099703473
S,D,61,-0.5906409,S61D,-0.016409064,0.0915573323412818
S,E,61,-0.6145116,S61E,-2.025034725,0.0122845084492823
S,F,61,-0.6069691,S61F,-1.397117121,0.0230175502034247
S,G,61,-0.5770716,S61G,-0.760219481,0.0435171372983001
S,H,61,-0.6057375,S61H,-0.252309617,0.0723174009677939
S,I,61,-0.6138646,S61I,0.0916057316086935,0.1020007499672439
S,K,61,-0.5988632,S61K,-0.914935088,0.0372793359275461
S,L,61,-0.6011942,S61L,-0.960672531,0.0356126787983176
S,M,61,-0.6096662,S61M,-1.364175061,0.0237884234000628
S,N,61,-0.4644969,S61N,-0.571542282,0.0525535189899293
S,P,61,-0.6139603,S61P,-1.111168261,0.0306369239029141
S,Q,61,-0.5990843,S61Q,-0.942076368,0.0362811342706006
S,R,61,-0.5881369,S61R,-0.312168091,0.0681156022088224
S,T,61,-0.5665999,S61T,-0.025793514,0.0907021360692043
S,V,61,-0.5782861,S61V,-0.572333046,0.0525119780165593
S,W,61,-0.6061883,S61W,-1.66472999,0.0176131181698743
S,Y,61,-0.6070743,S61Y,-1.083561663,0.0314944881555861
S,A,62,-0.6348403,S62A,0.0321631322600795,0.0616156274635086
S,C,62,-0.6348258,S62C,-1.146998564,0.0189490437672376
S,D,62,-0.6363229,S62D,-0.195672792,0.0490617429377795
S,E,62,-0.6397751,S62E,-0.068479979,0.0557162810243818
S,F,62,-0.6102918,S62F,-0.266557432,0.0457044153793419
S,G,62,-0.6230941,S62G,0.0451195958748491,0.0624191423435905
S,H,62,-0.6405455,S62H,-0.17379747,0.0501468094132268
S,I,62,-0.6414081,S62I,-0.231425423,0.0473386424294949
S,K,62,-0.6410857,S62K,-0.169821864,0.0503465702265057
S,L,62,-0.6328143,S62L,-0.414485131,0.0394197585357284
S,M,62,-0.6497239,S62M,-0.122047429,0.0528102311125795
S,N,62,-0.6421076,S62N,-0.064255887,0.0559521295101108
S,P,62,-0.6403733,S62P,-1.273685694,0.0166942820424504
S,Q,62,-0.6386961,S62Q,-0.03456764,0.0576381541897915
S,R,62,-0.6329131,S62R,-0.252391748,0.0463564572413719
S,T,62,-0.5863194,S62T,0.154464799218382,0.0696315115194882
S,V,62,-0.6117847,S62V,-0.103847938,0.0537801498329595
S,W,62,-0.6449143,S62W,-0.554102494,0.0342830058636119
S,Y,62,-0.6442318,S62Y,0.1944290757620588,0.0724706388725899
S,A,63,-0.6251299,S63A,-0.150213837,0.0869783240108628
S,C,63,-0.627976,S63C,-1.291098952,0.027792705057499
S,D,63,-0.6249035,S63D,-1.101006467,0.0336114279093229
S,E,63,-0.6230108,S63E,-1.549090529,0.021472690009733
S,F,63,-0.6129876,S63F,-0.762310545,0.0471607572542547
S,G,63,-0.5941794,S63G,-0.30900711,0.0742075312959148
S,H,63,-0.6266669,S63H,-1.129518703,0.0326666238837472
S,I,63,-0.6602235,S63I,-0.447704681,0.0645970054335512
S,K,63,-0.6053488,S63K,-1.436030367,0.0240429570475127
S,L,63,-0.6257289,S63L,-0.641967434,0.0531918541782892
S,M,63,-0.6390489,S63M,-0.520063413,0.060087949311108
S,N,63,-0.6047699,S63N,-1.00113593,0.0371415649145699
S,P,63,-0.6262248,S63P,-1.730622711,0.0179080372554073
S,Q,63,-0.6357274,S63Q,-1.339999881,0.0264663107409058
S,R,63,-0.6119694,S63R,-1.839865094,0.0160547888042926
S,T,63,-0.5753274,S63T,-0.160090022,0.0861235378116412
S,V,63,-0.6062693,S63V,-0.541730608,0.058800015129794
S,W,63,-0.6309656,S63W,-0.939656675,0.0394966540996633
S,Y,63,-0.6276564,S63Y,-0.103659711,0.0911232575786838
T,A,64,-0.4470628,T64A,-0.857134458,0.0251563255670454
T,C,64,-0.5869592,T64C,-1.251339999,0.0169607804248976
T,D,64,-0.5794796,T64D,-0.059879228,0.0558329851505401
T,E,64,-0.5625927,T64E,-0.410239299,0.0393306723018796
T,F,64,-0.5636652,T64F,0.0557386168543474,0.0626762564545083
T,G,64,-0.5737164,T64G,-0.120314309,0.0525586523903064
T,H,64,-0.5734232,T64H,-0.094546611,0.0539305677553829
T,I,64,-0.450382,T64I,0.0409323541696777,0.0617550915227683
T,K,64,-0.5349533,T64K,0.2044031986408856,0.072722243078733
T,L,64,-0.57164,T64L,0.1904787218924477,0.0717166412443719
T,M,64,-0.5417249,T64M,-1.065590432,0.0204228283461754
T,N,64,-0.5781463,T64N,0.2058168041584611,0.0728251163509174
T,P,64,-0.5777113,T64P,-0.197992902,0.0486305106899026
T,Q,64,-0.5726059,T64Q,-0.13857194,0.051607762635062
T,R,64,-0.5647332,T64R,-0.299882251,0.0439196468016887
T,S,64,-0.5510815,T64S,0.1023666308886186,0.0656679322210897
T,V,64,-0.5191189,T64V,-0.32655095,0.042763847010134
T,W,64,-0.5674086,T64W,-0.594385005,0.0327158255583949
T,Y,64,-0.5716764,T64Y,-0.179706485,0.0495279693338336
G,A,65,-0.6406152,G65A,-0.727298565,0.0616345600403669
G,C,65,-0.665781,G65C,-1.125891871,0.0413730360959514
G,D,65,-0.6346587,G65D,-1.179384898,0.0392180196792359
G,E,65,-0.6307403,G65E,-0.946647002,0.0494951297243377
G,F,65,-0.6512961,G65F,-0.858424905,0.0540600999364787
G,H,65,-0.6513436,G65H,-1.055549195,0.0443881285695353
G,I,65,-0.6919982,G65I,-1.655999282,0.0243497549901396
G,K,65,-0.6659025,G65K,-1.028196797,0.0456190076227616
G,L,65,-0.644657,G65L,-1.19839506,0.038479520300131
G,M,65,-0.6384778,G65M,-1.218576644,0.0377107262545723
G,N,65,-0.6407845,G65N,-0.914383765,0.0511180425754418
G,P,65,-0.6537049,G65P,-0.70931559,0.0627529588931298
G,Q,65,-0.6540814,G65Q,-0.936440866,0.0500028704724191
G,R,65,-0.6418746,G65R,-0.417816654,0.0839905847726173
G,S,65,-0.6222036,G65S,-0.978435901,0.047946479081357
G,T,65,-0.621192,G65T,-1.037990385,0.0451744143735657
G,V,65,-0.6177612,G65V,-2.009061373,0.0171065173393123
G,W,65,-0.6674893,G65W,-1.646483763,0.0245825615064081
G,Y,65,-0.6427707,G65Y,-0.869850708,0.0534459351349849
E,A,66,-0.5346938,E66A,0.2348517246278461,0.0677657236346357
E,C,66,-0.5475209,E66C,-0.626399323,0.0286400264736357
E,D,66,-0.486995,E66D,-1.034088005,0.0190509393274505
E,F,66,-0.5402621,E66F,-0.229642349,0.0425875669682588
E,G,66,-0.4528472,E66G,-2.1502541,0.0062398068996435
E,H,66,-0.5487768,E66H,0.1216223027666072,0.0605111155613641
E,I,66,-0.5479513,E66I,0.4228440458037426,0.081781320555669
E,K,66,-0.4590772,E66K,0.517752343084934,0.0899233077387038
E,L,66,-0.5471881,E66L,0.1096671757184637,0.0597920044646097
E,M,66,-0.538631,E66M,0.1361740758730025,0.061398097660286
E,N,66,-0.521847,E66N,-0.724601756,0.025961191740279
E,P,66,-0.5491923,E66P,-0.569598807,0.0303138832950894
E,Q,66,-0.5522628,E66Q,0.2664052452937011,0.0699380633612814
E,R,66,-0.5026018,E66R,-0.043709798,0.0512899561471252
E,S,66,-0.5430024,E66S,-0.228157392,0.0426508546621433
E,T,66,-0.5198507,E66T,0.2503803400051985,0.068826244547796
E,V,66,-0.5318305,E66V,0.3167330987384176,0.0735479740685434
E,W,66,-0.5603883,E66W,-0.569207565,0.0303257456686693
E,Y,66,-0.5538183,E66Y,-0.401174317,0.0358746293731174
I,A,67,-0.5649837,I67A,-2.7106444,0.0170456837812898
I,C,67,-0.5927882,I67C,-2.223846992,0.0277349861765968
I,D,67,-0.5923775,I67D,-2.042717307,0.033242341166452
I,E,67,-0.5999792,I67E,-0.913802674,0.1027952592712464
I,F,67,-0.5980551,I67F,-1.931652339,0.0371472371850619
I,G,67,-0.5809155,I67G,-1.655253275,0.0489739501928063
I,H,67,-0.5992268,I67H,-2.110683678,0.0310580491820869
I,K,67,-0.600284,I67K,-1.956809956,0.0362243583612345
I,L,67,-0.5494514,I67L,-0.871476742,0.1072395559204352
I,M,67,-0.5388783,I67M,-1.974732261,0.0355809173716002
I,N,67,-0.5895614,I67N,-2.055758835,0.0328116248129676
I,P,67,-0.5994882,I67P,-2.871299835,0.0145158547593782
I,Q,67,-0.6033474,I67Q,-2.474466819,0.0215866426074472
I,R,67,-0.591631,I67R,-2.887290612,0.0142855808308724
I,S,67,-0.5908159,I67S,-2.49682602,0.0211093382487254
I,T,67,-0.5492668,I67T,-2.089137547,0.0317344913878511
I,V,67,-0.4723058,I67V,-1.744720628,0.0447826664866903
I,W,67,-0.6046122,I67W,-1.55226526,0.054286553515763
I,Y,67,-0.5945673,I67Y,-2.096701706,0.031495352146525
C,A,68,-0.6591727,C68A,-2.968254925,0.019723304953151
C,D,68,-0.6352937,C68D,-2.17325132,0.0436762646690318
C,E,68,-0.6584201,C68E,-2.28790395,0.0389450685444143
C,F,68,-0.6619634,C68F,-2.549187188,0.0299901453655069
C,G,68,-1.0757222,C68G,-2.668102911,0.0266277278814002
C,H,68,-0.6563656,C68H,-2.392986243,0.0350603138955177
C,I,68,-0.6625698,C68I,-2.913927584,0.020824460811912
C,K,68,-0.6769951,C68K,-2.697335767,0.0258605905026245
C,L,68,-0.6654818,C68L,-2.273033306,0.0395285344557636
C,M,68,-0.6662088,C68M,-2.831712114,0.0226089038672486
C,N,68,-0.6731162,C68N,-2.77405901,0.0239506852113094
C,P,68,-0.6543989,C68P,-2.757986196,0.0243387505837943
C,Q,68,-0.6574513,C68Q,-2.710573036,0.0255205225220492
C,R,68,-0.6548844,C68R,-1.926179117,0.0559174818315185
C,S,68,-0.6630699,C68S,-2.407992921,0.0345381030347948
C,T,68,-0.6339011,C68T,-2.707216352,0.0256063308137144
C,V,68,-0.645437,C68V,-2.638012154,0.0274411535860703
C,W,68,-0.664267,C68W,-1.990370573,0.0524408358407736
C,Y,68,-0.6645598,C68Y,-2.174405963,0.043625863252613
D,A,69,-0.5102058,D69A,-0.711371329,0.0736759080571149
D,C,69,-0.537201,D69C,-2.113248721,0.018134170770346
D,E,69,-0.5138325,D69E,-0.481905206,0.0926790087534556
D,F,69,-0.5329164,D69F,-1.892837271,0.0226058699449726
D,G,69,-0.4974598,D69G,-0.465597286,0.0942028019556586
D,H,69,-0.5381794,D69H,-0.853579115,0.0639095017447944
D,I,69,-0.5268554,D69I,-2.238296685,0.0160025807932037
D,K,69,-0.5164473,D69K,-1.541111595,0.0321346668838149
D,L,69,-0.5431387,D69L,-1.864699432,0.0232509840647447
D,M,69,-0.5324825,D69M,-1.861636691,0.0233223050030592
D,N,69,-0.3760264,D69N,-0.951603143,0.0579420864698009
D,P,69,-0.5298229,D69P,-2.363787717,0.0141152940385227
D,Q,69,-0.5205309,D69Q,-1.078343394,0.0510448025723642
D,R,69,-0.5263374,D69R,-1.679129633,0.0279919600461111
D,S,69,-0.5225026,D69S,-0.593800669,0.0828677968257987
D,T,69,-0.5011822,D69T,-1.40467297,0.0368322594550642
D,V,69,-0.5356625,D69V,-1.652539047,0.0287462672291413
D,W,69,-0.5398685,D69W,-1.502256521,0.0334078365116934
D,Y,69,-0.5408183,D69Y,-0.966731894,0.0570720924920617
S,A,70,-0.610567,S70A,-0.292271947,0.0638380639497444
S,C,70,-0.6234427,S70C,-2.38528022,0.0078722210505176
S,D,70,-0.6048115,S70D,-1.394195239,0.0212090084815323
S,E,70,-0.6303457,S70E,0.2833625773311792,0.1135205887664289
S,F,70,-0.6176245,S70F,-1.42893363,0.0204848914558674
S,G,70,-0.6163566,S70G,0.0052608607294715,0.0859600346139022
S,H,70,-0.6237073,S70H,-0.432741064,0.0554721162916613
S,I,70,-0.580256,S70I,-2.626453825,0.0061852429672823
S,K,70,-2.9529,S70K,-0.512724953,0.0512080416026426
S,L,70,-0.5764832,S70L,-1.370662339,0.0217140372850894
S,M,70,-0.6020796,S70M,-0.319555004,0.0621199109613122
S,N,70,-0.58268,S70N,-0.694933165,0.0426782034076778
S,P,70,-0.6223131,S70P,-2.254385471,0.0089731352812401
S,Q,70,-0.6231863,S70Q,0.4228945300844615,0.1305186571903065
S,R,70,-2.8716408,S70R,-0.247345944,0.0667714528451726
S,T,70,-0.6164292,S70T,-0.486453998,0.0525711527323457
S,V,70,-0.6050957,S70V,-0.89893084,0.0348025480222464
S,W,70,-0.6192244,S70W,-1.593506443,0.0173764303776166
S,Y,70,-0.6175618,S70Y,-0.512583913,0.0512152644665143
P,A,71,-2.9783127,P71A,-1.637763896,0.0494305026548913
P,C,71,-2.9311135,P71C,-2.158140874,0.0293763691318562
P,D,71,-2.9104385,P71D,-2.102615953,0.0310536240938468
P,E,71,-2.9737782,P71E,-1.806154364,0.0417699504077078
P,F,71,-5.3795581,P71F,-1.43533722,0.0605212418958537
P,G,71,-2.858651,P71G,-1.868177196,0.0392579646136537
P,H,71,-2.9929151,P71H,-1.941932003,0.0364667000411396
P,I,71,-5.2924105,P71I,-1.965892484,0.0356033249013697
P,K,71,-2.9317614,P71K,-1.431269121,0.0607679498029444
P,L,71,-5.428995,P71L,-2.037794822,0.0331332288048775
P,M,71,-5.3725612,P71M,-2.52770672,0.0203000750196442
P,N,71,-2.8810831,P71N,-2.577564986,0.0193127652637
P,Q,71,-2.9547996,P71Q,-1.713950132,0.0458044589801916
P,R,71,-2.8780547,P71R,-2.158979018,0.0293517577974255
P,S,71,-2.893405,P71S,-2.149462882,0.0296324064492676
P,T,71,-2.9534145,P71T,-1.655147438,0.0485786508062588
P,V,71,-5.3291305,P71V,-1.481780131,0.0577747304146195
P,W,71,-2.9476203,P71W,-1.837406847,0.040484723302713
P,Y,71,-2.9341547,P71Y,-1.92401164,0.037126087309953
H,A,72,-0.6422207,H72A,-1.388257454,0.0352319649717236
H,C,72,-0.6343217,H72C,-2.317803597,0.0139072068943792
H,D,72,-0.6360734,H72D,-2.299854057,0.014159088869731
H,E,72,-0.6279963,H72E,-2.159611381,0.0162907833475286
H,F,72,-0.6415027,H72F,-0.135205511,0.1233475414744619
H,G,72,-2.9240958,H72G,-1.52887909,0.0306101632877978
H,I,72,-0.6373069,H72I,-0.823599849,0.0619675892251334
H,K,72,-0.6319878,H72K,-2.074729864,0.017733953439909
H,L,72,-0.5535715,H72L,-0.798372642,0.0635507439952376
H,M,72,-0.641297,H72M,-1.014660628,0.0511903317074677
H,N,72,-0.6398537,H72N,-0.980503466,0.0529690536190698
H,P,72,-0.6322577,H72P,-2.770076525,0.0088474904074646
H,Q,72,-0.6384455,H72Q,-1.205264035,0.042306774720859
H,R,72,-0.6372225,H72R,-2.047039787,0.0182318701323738
H,S,72,-0.6163434,H72S,-2.694986163,0.0095374322459351
H,T,72,-0.6309462,H72T,-2.048300955,0.018208891160154
H,V,72,-0.6343813,H72V,-1.66083386,0.0268261530271184
H,W,72,-0.6384987,H72W,-0.268320181,0.1079740834486151
H,Y,72,-0.5873327,H72Y,0.0327379012229973,0.1459040678964097
Q,A,73,-2.8465624,Q73A,-0.049473805,0.0610221958074215
Q,C,73,-3.1266905,Q73C,-2.09781666,0.0078687065834977
Q,D,73,-0.8696368,Q73D,-0.573879053,0.036119478919216
Q,E,73,-0.5803684,Q73E,-0.191364827,0.0529499229119233
Q,F,73,-3.1221587,Q73F,-1.042275551,0.0226109802343818
Q,G,73,-3.3546168,Q73G,-0.936736809,0.0251277905196776
Q,H,73,-0.8673879,Q73H,-0.273853186,0.0487574614283298
Q,I,73,-2.9920719,Q73I,0.1335881076200129,0.0732808707900609
Q,K,73,-0.5238447,Q73K,0.2990485273799548,0.0864667583821679
Q,L,73,-3.1614066,Q73L,0.3074021499449717,0.0871920945037389
Q,M,73,-3.0842135,Q73M,-0.696332377,0.0319566067030434
Q,N,73,-0.8681928,Q73N,0.5584848213894733,0.1120781464728154
Q,P,73,-4.5972143,Q73P,-2.157028449,0.0074163115296344
Q,R,73,-0.8692359,Q73R,-0.123839832,0.0566488464088462
Q,S,73,-2.4457478,Q73S,-0.139085132,0.0557917674125997
Q,T,73,-3.1320778,Q73T,-0.072737979,0.0596189505358272
Q,V,73,-3.080047,Q73V,0.2248044789794905,0.0802796357444092
Q,W,73,-0.8612136,Q73W,-1.521189613,0.01400649716293
Q,Y,73,-3.134613,Q73Y,-1.345910057,0.0166898537642722
I,A,74,-3.1270631,I74A,-2.402865295,0.0226998667537989
I,C,74,-0.5829777,I74C,-2.38779326,0.0230445914286775
I,D,74,-3.1078868,I74D,-2.491130358,0.0207821397429529
I,E,74,-3.2626486,I74E,-2.482074763,0.0209711891533933
I,F,74,-0.5643439,I74F,-1.578788647,0.0517505960476239
I,G,74,-3.2376481,I74G,-1.935925609,0.036208681308257
I,H,74,-3.194311,I74H,-2.37597885,0.0233184644426097
I,K,74,-2.6514551,I74K,-1.948348703,0.0357616399053328
I,L,74,-0.571728,I74L,-1.501507515,0.0559085375087393
I,M,74,-0.5494094,I74M,-2.088993141,0.0310696459374139
I,N,74,-3.2492816,I74N,-2.355104492,0.023810338526768
I,P,74,-2.5059635,I74P,-2.890536448,0.0139389576088484
I,Q,74,-3.2704772,I74Q,-2.073892832,0.031542367485574
I,R,74,-0.5772304,I74R,-2.440549511,0.0218603571736336
I,S,74,-3.2779221,I74S,-2.403287437,0.0226902862150139
I,T,74,-0.5544802,I74T,-2.547702434,0.0196390876297814
I,V,74,-0.4478942,I74V,-0.241953798,0.1970132413650608
I,W,74,-0.5792014,I74W,-1.204333092,0.0752556938015293
I,Y,74,-0.5733931,I74Y,-2.443700367,0.0217915867147149
L,A,75,-0.3768061,L75A,-2.214169936,0.0250550120960774
L,C,75,-0.2962916,L75C,-1.79292017,0.0381804572569239
L,D,75,-0.3639024,L75D,-1.966312015,0.0321024355220367
L,E,75,-0.2906744,L75E,-2.344256426,0.0219987876733797
L,F,75,-0.2966815,L75F,-2.243515191,0.0243304493257158
L,G,75,-0.3451592,L75G,-2.670180865,0.0158800361419103
L,H,75,-0.2957194,L75H,-2.690474587,0.0155610188673874
L,I,75,-0.2967666,L75I,-0.634128225,0.121646089083506
L,K,75,-0.2929407,L75K,-2.516911087,0.0185103974704229
L,M,75,-0.2950132,L75M,-1.349060863,0.0595123108318387
L,N,75,-0.3778474,L75N,-2.620142833,0.0166948584540603
L,P,75,-0.2936953,L75P,-2.134364558,0.0271364895629827
L,Q,75,-0.2980921,L75Q,-2.22839576,0.0247011070216415
L,R,75,-0.2988822,L75R,-2.703270205,0.0153631743596509
L,S,75,-0.3988537,L75S,-2.289935409,0.0232268372186584
L,T,75,-0.2990394,L75T,-2.332786182,0.0222525719551431
L,V,75,-0.29744,L75V,-0.086528875,0.2103379039109407
L,W,75,-0.2898147,L75W,-2.04036672,0.0298109916098606
L,Y,75,-0.2957283,L75Y,-2.090608833,0.0283502271049622
D,A,76,-0.2973298,D76A,-2.149229328,0.0401094336053252
D,C,76,-0.3001566,D76C,-2.149329248,0.0401054260658197
D,E,76,-0.3008912,D76E,-2.074510139,0.0432211848708269
D,F,76,-0.292492,D76F,-3.033487559,0.0165660094644713
D,G,76,-0.2943915,D76G,-2.744793578,0.022110378330891
D,H,76,-0.2936029,D76H,-2.278676507,0.0352393848750776
D,I,76,-0.2969633,D76I,-2.28309318,0.0350840871828445
D,K,76,-0.7609474,D76K,-2.562359385,0.0265354446776516
D,L,76,-1.1985359,D76L,-2.746520898,0.0220722195786045
D,M,76,-1.1199876,D76M,-2.440941538,0.0299610817294322
D,N,76,-0.2915909,D76N,-2.171661116,0.0392197232864831
D,P,76,-0.2989698,D76P,-2.2611078,0.0358639659388706
D,Q,76,-0.745251,D76Q,-2.323174216,0.0337056885703505
D,R,76,-0.839077,D76R,-2.533266581,0.0273187748423563
D,S,76,-0.2969465,D76S,-2.279081262,0.0352251244340305
D,T,76,-0.2963725,D76T,-2.746531774,0.0220719795228172
D,V,76,-0.2955851,D76V,-1.963719726,0.0482850120481754
D,W,76,-0.2987879,D76W,-2.178007287,0.0389716162282854
D,Y,76,-0.2933128,D76Y,-1.677828198,0.0642648472388771
G,A,77,-0.2969972,G77A,-2.516088368,0.0215371483308815
G,C,77,-0.2980995,G77C,-2.570794539,0.0203905809525358
G,D,77,-0.29816,G77D,-2.154107056,0.0309310559784351
G,E,77,-0.2937704,G77E,-1.710588858,0.0481961450862421
G,F,77,-0.2978062,G77F,-2.36912402,0.0249467532994525
G,H,77,-0.2978654,G77H,-2.416181679,0.0238000101414943
G,I,77,-0.764924,G77I,-1.812122075,0.0435428626719952
G,K,77,-0.2957551,G77K,-2.217534636,0.0290300971861833
G,L,77,-1.0816688,G77L,-2.506214627,0.0217508539616467
G,M,77,-1.0637423,G77M,-2.098565356,0.0326976249665094
G,N,77,-0.3000551,G77N,-2.567672799,0.0204543345372071
G,P,77,-0.2991953,G77P,-2.916295644,0.0144337868781321
G,Q,77,-0.293185,G77Q,-2.202332952,0.0294747750615215
G,R,77,-0.2926135,G77R,-2.262672615,0.0277488703471404
G,S,77,-0.2941509,G77S,-2.351176371,0.0253985310978333
G,T,77,-0.2971302,G77T,-1.909598263,0.0394987722644664
G,V,77,-0.9324197,G77V,-0.203943388,0.2174403743584805
G,W,77,-0.2942741,G77W,-1.771206593,0.0453613895576766
G,Y,77,-0.2988982,G77Y,-2.768401239,0.0167343964641406
K,A,78,-0.3654792,K78A,-0.216052701,0.0669393286284772
K,C,78,-0.4094137,K78C,-1.524062523,0.0180975476668829
K,D,78,-0.3595619,K78D,-0.182111848,0.0692503032671301
K,E,78,-0.2070525,K78E,-0.742937898,0.0395237345086161
K,F,78,-0.405707,K78F,-1.317006624,0.0222609148467156
K,G,78,-0.347251,K78G,0.5597576927168773,0.1454157877054306
K,H,78,-0.40478,K78H,-0.913093323,0.0333396004681312
K,I,78,-2.2433029,K78I,-1.035698882,0.0294926268591799
K,L,78,-0.4149355,K78L,-0.443733398,0.053309040447333
K,M,78,-0.3988601,K78M,0.2925714248713995,0.1113202131592915
K,N,78,-0.384144,K78N,-0.22283681,0.0664867418002442
K,P,78,-0.4030728,K78P,-2.393813939,0.0075838748212382
K,Q,78,-0.4085401,K78Q,-0.370866593,0.0573385257365778
K,R,78,-0.3890917,K78R,-0.546131494,0.0481204775194274
K,S,78,-0.3972722,K78S,-1.517584743,0.0182151601859708
K,T,78,-0.4091736,K78T,-1.173549561,0.0256948238771133
K,V,78,-0.3828656,K78V,-0.704686487,0.041064860733363
K,W,78,-0.4102842,K78W,-0.749897314,0.0392496272457909
K,Y,78,-0.4084621,K78Y,-1.232913507,0.0242138696816658
N,A,79,-0.6644389,N79A,-1.227589636,0.0582168708485936
N,C,79,-0.6693435,N79C,-2.577167957,0.0150985147535486
N,D,79,-0.6670997,N79D,-1.473442996,0.0455277386960079
N,E,79,-0.6153026,N79E,-1.139589181,0.0635721612782727
N,F,79,-0.6667138,N79F,-2.215385664,0.021679754916911
N,G,79,-0.6606583,N79G,-1.069173311,0.0682100244355781
N,H,79,-0.65795,N79H,-1.164933156,0.0619812351444246
N,I,79,-0.6549741,N79I,-2.538066495,0.0157005833197768
N,K,79,-0.5860584,N79K,-1.343518189,0.0518443839594949
N,L,79,-0.6591463,N79L,-1.783152276,0.033401887887787
N,M,79,-0.6648615,N79M,-1.366013382,0.0506911540161452
N,P,79,-0.6711037,N79P,-2.377282626,0.0184392552452517
N,Q,79,-0.6156002,N79Q,-1.119463984,0.0648645246493084
N,R,79,-0.6341348,N79R,-1.964308999,0.0278673468588148
N,S,79,-0.6021475,N79S,-1.662934346,0.0376687329712373
N,T,79,-0.6677013,N79T,-1.140407667,0.0635201496446638
N,V,79,-0.6475051,N79V,-2.391662858,0.0181759917678122
N,W,79,-0.6539482,N79W,-1.62139961,0.039266240626709
N,Y,79,-0.6525159,N79Y,-1.472303459,0.045579648833869
C,A,80,-0.6755104,C80A,-2.996250353,0.0143725382681608
C,D,80,-2.0126549,C80D,-0.277659936,0.2178725781332513
C,E,80,-1.2701467,C80E,-1.555700933,0.0606954824710283
C,F,80,-0.6697451,C80F,-1.575862746,0.059484005152568
C,G,80,-0.6631718,C80G,-2.344681878,0.0275744089117476
C,H,80,-2.0552638,C80H,-3.18197535,0.0119364194226419
C,I,80,-4.5414205,C80I,-2.819517569,0.0171509268834912
C,K,80,-0.6588729,C80K,-2.535775485,0.0227779837698055
C,L,80,-0.6715979,C80L,-2.816873022,0.017196343361048
C,M,80,-0.6636397,C80M,-2.26034926,0.0300007018533435
C,N,80,-1.9846085,C80N,-2.458106497,0.0246176451143458
C,P,80,-3.1987549,C80P,-2.456914862,0.0246469978581091
C,Q,80,-0.6676289,C80Q,-2.676160753,0.01979459878542
C,R,80,-1.259139,C80R,-3.037469237,0.0137921612820537
C,S,80,-0.6756167,C80S,-2.783023015,0.0177884041470246
C,T,80,-0.6763264,C80T,-1.591164037,0.0585807510501552
C,V,80,-0.6687058,C80V,-2.83808751,0.016835373969221
C,W,80,-0.6751948,C80W,-2.372500607,0.0268178950293043
C,Y,80,-0.6572596,C80Y,-2.244995883,0.0304648682181914
T,A,81,-0.643851,T81A,-1.807695374,0.0405315682201105
T,C,81,-0.6298064,T81C,-2.038240381,0.0321861443688542
T,D,81,-0.6303043,T81D,-2.303189576,0.0246946537271965
T,E,81,-0.6231966,T81E,-2.385482584,0.0227438261132467
T,F,81,-0.627985,T81F,-1.944973477,0.0353324919815871
T,G,81,-0.629404,T81G,-1.896743663,0.0370783343834098
T,H,81,-0.6431116,T81H,-1.888410898,0.0373885903664473
T,I,81,-0.6386748,T81I,-1.810670814,0.0404111481654779
T,K,81,-0.6370635,T81K,-1.526704228,0.0536817095166403
T,L,81,-0.6433874,T81L,-1.479603604,0.0562706436203201
T,M,81,-0.6359457,T81M,-1.126102415,0.0801319149562543
T,N,81,-0.6257077,T81N,-2.087048434,0.0306529220104375
T,P,81,-0.6377231,T81P,-2.592090753,0.0184984225260154
T,Q,81,-0.637921,T81Q,-1.975715223,0.0342628349612329
T,R,81,-0.6234945,T81R,-2.103510589,0.0301524395009827
T,S,81,-0.6223871,T81S,-0.930878951,0.0974069632839151
T,V,81,-0.620357,T81V,-2.047733436,0.0318820451595833
T,W,81,-0.6421493,T81W,-2.07566153,0.0310039588159911
T,Y,81,-0.6358075,T81Y,-2.586967339,0.0185934408431741
L,A,82,-0.6228977,L82A,-3.115192076,0.0160725514856614
L,C,82,-0.638973,L82C,-2.796872063,0.0220968070896181
L,D,82,-0.6229912,L82D,-2.5898343,0.0271797162793172
L,E,82,-0.6343902,L82E,-2.534790194,0.028717741321727
L,F,82,-0.6230115,L82F,-1.80009117,0.0598723203955314
L,G,82,-0.6283464,L82G,-3.134751269,0.0157612395800679
L,H,82,-0.6370344,L82H,-2.848045395,0.0209944846507824
L,I,82,-0.61425,L82I,-1.565312666,0.0757162529874222
L,K,82,-0.6443336,L82K,-2.652594723,0.0255263314065953
L,M,82,-0.6200431,L82M,-2.041621823,0.0470251988243626
L,N,82,-0.6332092,L82N,-2.897873063,0.0199740129151291
L,P,82,-0.6369031,L82P,-1.968697188,0.0505826308324237
L,Q,82,-0.6351578,L82Q,-2.295418478,0.0364844771242534
L,R,82,-0.6380712,L82R,-2.305420733,0.0361213689816535
L,S,82,-0.6448915,L82S,-2.467688946,0.0307108608897216
L,T,82,-0.633083,L82T,-2.819866593,0.0215944984913131
L,V,82,-0.6254413,L82V,-2.175337055,0.0411394839370392
L,W,82,-0.6398573,L82W,-2.387708376,0.0332680328513345
L,Y,82,-0.6429123,L82Y,-2.527685996,0.0289224843166872
I,A,83,-0.6301119,I83A,-3.092784539,0.0117333192014481
I,C,83,-0.6368913,I83C,-2.028343594,0.0340174658103125
I,D,83,-0.6251622,I83D,-2.649188976,0.0182840383575154
I,E,83,-0.6129063,I83E,-2.217763812,0.0281473669462846
I,F,83,-0.6307252,I83F,-2.273279666,0.0266273248816138
I,G,83,-0.6332127,I83G,-2.69330624,0.0174949307888341
I,H,83,-0.6342806,I83H,-2.373208644,0.0240951101644325
I,K,83,-0.6210974,I83K,-0.875094406,0.1077833811363374
I,L,83,-0.6208848,I83L,-1.296999519,0.0706839350620754
I,M,83,-0.5887829,I83M,-0.491480948,0.1581805291506173
I,N,83,-0.6219815,I83N,-2.539460264,0.0204045359537253
I,P,83,-0.6229555,I83P,-2.706995778,0.0172570649751422
I,Q,83,-0.6405309,I83Q,-2.758959717,0.0163832202273392
I,R,83,-0.6268592,I83R,-2.388197557,0.0237366437261925
I,S,83,-0.6360262,I83S,-2.50337936,0.0211541932624173
I,T,83,-0.6152386,I83T,-2.302715321,0.0258549552070015
I,V,83,-0.531126,I83V,-1.162530041,0.0808574572051498
I,W,83,-0.6305598,I83W,-2.848867128,0.0149745214203001
I,Y,83,-0.6314315,I83Y,-2.387774329,0.0237466918670973
D,A,84,-0.6266607,D84A,-2.71097821,0.0235882711604327
D,C,84,-0.6446143,D84C,-1.886936498,0.0537740793023106
D,E,84,-0.6286576,D84E,-2.437458708,0.0310087433118006
D,F,84,-0.6467822,D84F,-2.624394475,0.0257216583409733
D,G,84,-0.6370178,D84G,-2.416780262,0.0316566317188563
D,H,84,-0.6554629,D84H,-2.72516186,0.0232560647519804
D,I,84,-0.6233144,D84I,-2.621949888,0.0257846141164442
D,K,84,-0.642485,D84K,-2.593549003,0.0265274184858654
D,L,84,-0.644533,D84L,-3.009756899,0.017495973471696
D,M,84,-0.6394932,D84M,-2.139392022,0.0417765833703611
D,N,84,-0.611458,D84N,-2.445621997,0.0307566402912771
D,P,84,-0.6496535,D84P,-2.760244024,0.0224543367228479
D,Q,84,-0.6457886,D84Q,-2.794947434,0.0216884604513448
D,R,84,-0.6344521,D84R,-2.235071714,0.0379646802313065
D,S,84,-0.6300326,D84S,-2.060212578,0.0452189134534623
D,T,84,-0.641333,D84T,-2.984951967,0.0179353874366889
D,V,84,-0.6499565,D84V,-1.46563541,0.0819486396797502
D,W,84,-0.6481649,D84W,-2.33876645,0.0342251753808965
D,Y,84,-0.6442778,D84Y,-1.91366146,0.0523560022621478
A,C,85,-0.6576387,A85C,-1.357762395,0.0707255438589395
A,D,85,-0.6365174,A85D,-1.955136587,0.038917051592905
A,E,85,-0.6472962,A85E,-2.407446183,0.0247573584555461
A,F,85,-0.6540853,A85F,-2.353457218,0.0261307228319205
A,G,85,-0.6482039,A85G,-2.330365252,0.0267411537301852
A,H,85,-0.6440386,A85H,-2.349783678,0.0262268916567052
A,I,85,-0.6448739,A85I,-1.11147268,0.0904770794092548
A,K,85,-0.6544443,A85K,-2.092589261,0.033919151204305
A,L,85,-0.6528543,A85L,-2.730276247,0.0179267236078762
A,M,85,-0.6605781,A85M,-2.307269444,0.0273659498214648
A,N,85,-0.6521685,A85N,-2.759601584,0.0174086495612984
A,P,85,-0.66513,A85P,-2.772186746,0.0171909316521937
A,Q,85,-0.6580896,A85Q,-2.290695952,0.0278232786277256
A,R,85,-0.6456364,A85R,-1.896290749,0.0412758817187176
A,S,85,-0.634398,A85S,-1.288035882,0.0758329829000697
A,T,85,-0.6256657,A85T,-1.331299257,0.0726221482947648
A,V,85,-0.6314936,A85V,-2.244315397,0.0291441323997093
A,W,85,-0.6650998,A85W,-2.257042682,0.0287755570452646
A,Y,85,-0.6609203,A85Y,-2.157282044,0.0317942986098015
L,A,86,-0.6271599,L86A,-2.378294398,0.028152751920569
L,C,86,-0.6394671,L86C,-2.898467769,0.0167344839252948
L,D,86,-0.6472466,L86D,-3.129673572,0.0132800849061391
L,E,86,-0.6464481,L86E,-2.84571595,0.0176409577874148
L,F,86,-0.6318865,L86F,-2.535728014,0.0240518383542156
L,G,86,-0.6350228,L86G,-2.410285657,0.027266363564201
L,H,86,-0.6418129,L86H,-2.705042329,0.0203056067188709
L,I,86,-0.6180164,L86I,-0.55204657,0.17484384043116
L,K,86,-0.6424679,L86K,-2.605659343,0.0224273248210575
L,M,86,-0.6295017,L86M,-1.388124434,0.0757785518934394
L,N,86,-0.6332584,L86N,-2.865309679,0.0172986697530794
L,P,86,-0.6436017,L86P,-2.130907977,0.0360544973239104
L,Q,86,-0.6403521,L86Q,-1.766718218,0.0518949483806639
L,R,86,-0.6345278,L86R,-2.598254316,0.0225940162455132
L,S,86,-0.6455849,L86S,-2.940104456,0.0160520213629052
L,T,86,-0.6385209,L86T,-2.514373099,0.0245709869983569
L,V,86,-0.6072095,L86V,-1.602607026,0.0611501718843465
L,W,86,-0.6426152,L86W,-2.591620869,0.022744390727021
L,Y,86,-0.6532267,L86Y,-2.559406091,0.0234890262911566
L,A,87,-0.643359,L87A,-2.448129384,0.0243108212978722
L,C,87,-0.6483747,L87C,-2.597221766,0.0209435165055634
L,D,87,-0.6339739,L87D,-2.35845169,0.0265917043586354
L,E,87,-0.65317,L87E,-2.233014861,0.0301455155498959
L,F,87,-0.6297993,L87F,-1.880825083,0.0428723052110454
L,G,87,-0.6325783,L87G,-2.162128603,0.0323599793973239
L,H,87,-0.64104,L87H,-1.184139825,0.0860485288413432
L,I,87,-0.630976,L87I,-1.370305247,0.0714320023069333
L,K,87,-0.6536831,L87K,-1.479507297,0.0640423071596338
L,M,87,-0.6363126,L87M,-2.224894173,0.0303913146425438
L,N,87,-0.6462401,L87N,-2.003580153,0.0379197069996603
L,P,87,-0.6373002,L87P,-2.69930355,0.0189110666653249
L,Q,87,-0.6456581,L87Q,-2.10709845,0.0341906640106918
L,R,87,-0.6327931,L87R,-2.998166003,0.0140256058894007
L,S,87,-0.6368411,L87S,-2.38783064,0.0258218321261068
L,T,87,-0.6366094,L87T,-2.131234446,0.0333753172338116
L,V,87,-0.6168818,L87V,-1.686743112,0.0520553753853087
L,W,87,-0.6284127,L87W,-1.816824972,0.0457058444414962
L,Y,87,-0.6490687,L87Y,-2.319036145,0.0276607616276854
G,A,88,-0.6491712,G88A,-2.972326368,0.0181724194409541
G,C,88,-0.6531275,G88C,-2.615386183,0.0259674902263394
G,D,88,-0.6529263,G88D,-2.253194573,0.0373016330370239
G,E,88,-0.6558961,G88E,-2.084572356,0.0441529333511798
G,F,88,-0.6555022,G88F,-2.401470253,0.0321612201638296
G,H,88,-0.6418237,G88H,-2.128529234,0.0422541459333622
G,I,88,-0.651208,G88I,-2.479467947,0.0297480524280954
G,K,88,-0.6502744,G88K,-2.231074884,0.0381359269419415
G,L,88,-0.6490308,G88L,-2.538505372,0.0280426402984804
G,M,88,-0.6595353,G88M,-1.843913696,0.0561663640591597
G,N,88,-0.6501281,G88N,-2.454956059,0.030486243855877
G,P,88,-0.6531834,G88P,-3.223086324,0.0141419409399241
G,Q,88,-0.6530138,G88Q,-2.392018796,0.0324666316709394
G,R,88,-0.6396522,G88R,-1.946692929,0.0506803784059538
G,S,88,-0.6536817,G88S,-3.255396622,0.0136923132128866
G,T,88,-0.6521856,G88T,-2.720155239,0.0233845671537552
G,V,88,-0.6405877,G88V,-1.482676119,0.0806045987736204
G,W,88,-0.6556994,G88W,-2.402157362,0.0321391294695151
G,Y,88,-0.6531959,G88Y,-3.146940432,0.0152608520585248
D,A,89,-0.631874,D89A,-0.821927443,0.1363241332570982
D,C,89,-0.6376536,D89C,-2.763544167,0.0195586612902559
D,E,89,-0.6246409,D89E,-2.392861061,0.0283351047316489
D,F,89,-0.6262619,D89F,-2.820802385,0.0184702249519111
D,G,89,-0.6202889,D89G,-2.049537123,0.0399418851440073
D,H,89,-0.6352255,D89H,-3.031635541,0.014959202912023
D,I,89,-0.6254815,D89I,-2.826690962,0.0183617811447222
D,K,89,-0.6331548,D89K,-1.831938532,0.0496512798027019
D,L,89,-0.6288029,D89L,-2.924970593,0.016643033255185
D,M,89,-0.6328645,D89M,-2.359600962,0.029293381299322
D,N,89,-0.5852543,D89N,-2.385248521,0.0285516300247794
D,P,89,-0.6294984,D89P,-2.758293176,0.0196616338255259
D,Q,89,-0.6329831,D89Q,-2.432937401,0.0272219907861465
D,R,89,-0.6210782,D89R,-2.653445924,0.0218350508991713
D,S,89,-0.6282285,D89S,-1.620323922,0.0613526775855333
D,T,89,-0.6311613,D89T,-2.033825686,0.040574385436979
D,V,89,-0.6231576,D89V,-1.604322271,0.0623423187336793
D,W,89,-0.6264774,D89W,-2.294323941,0.0312693579516286
D,Y,89,-0.6406813,D89Y,-2.49706258,0.0255311666682226
P,A,90,-0.6446403,P90A,-2.46283349,0.0283230983993736
P,C,90,-0.643793,P90C,-2.718474559,0.0219339682781471
P,D,90,-0.6637529,P90D,-1.859920937,0.0517585886465403
P,E,90,-0.654522,P90E,-2.329052192,0.032377346998967
P,F,90,-0.6595312,P90F,-1.840384434,0.0527797127910302
P,G,90,-0.6561618,P90G,-2.737865633,0.0215127421025298
P,H,90,-0.6514171,P90H,-1.827916571,0.053441882493813
P,I,90,-0.6551617,P90I,-1.84058045,0.0527693681459493
P,K,90,-0.6614798,P90K,-2.225406202,0.0359132041856153
P,L,90,-0.6498868,P90L,-2.786211077,0.0204974389187676
P,M,90,-0.663544,P90M,-2.916600423,0.0179916998801706
P,N,90,-0.6342679,P90N,-2.537696667,0.0262801648121056
P,Q,90,-0.6545163,P90Q,-2.597937369,0.0247437699836186
P,R,90,-0.659769,P90R,-3.187742432,0.0137188164187173
P,S,90,-0.6438779,P90S,-2.509067718,0.0270434119649752
P,T,90,-0.6439546,P90T,-2.508248274,0.0270655816017942
P,V,90,-0.6377639,P90V,-2.304616438,0.0331782577058009
P,W,90,-0.6608113,P90W,-2.166398385,0.03809613621251
P,Y,90,-0.6609235,P90Y,-1.327840326,0.0881174931660677
Q,A,91,-0.6221045,Q91A,-0.482739468,0.0613124212592033
Q,C,91,-0.6226866,Q91C,-2.294104552,0.0100203350636315
Q,D,91,-0.6221136,Q91D,-0.917249317,0.0397048170286853
Q,E,91,-0.6003243,Q91E,-0.794873263,0.044873552883017
Q,F,91,-0.6204128,Q91F,-1.54901816,0.0211090836129135
Q,G,91,-0.6055688,Q91G,0.1791540504895112,0.1188516469371482
Q,H,91,-0.5965327,Q91H,0.338844883282652,0.1394305874183989
Q,I,91,-0.5937741,Q91I,-0.9560799,0.0381926054753965
Q,K,91,-0.6011467,Q91K,-1.306271329,0.0269087196433471
Q,L,91,-0.6168639,Q91L,-0.547454198,0.0574702666946371
Q,M,91,-0.6158237,Q91M,-0.323295578,0.0719107931940625
Q,N,91,-0.6046845,Q91N,-0.064861858,0.0931173121532517
Q,P,91,-0.6235993,Q91P,-1.998006091,0.0134733714406915
Q,R,91,-0.5840838,Q91R,-2.118381108,0.0119453268027725
Q,S,91,-0.6155928,Q91S,-0.527992126,0.0585997123719777
Q,T,91,-0.6198742,Q91T,-1.288664952,0.0273866801132359
Q,V,91,-0.6135206,Q91V,-1.258479518,0.0282259625508765
Q,W,91,-0.6295703,Q91W,-1.729117962,0.0176300274905072
Q,Y,91,-0.6147473,Q91Y,-1.57929606,0.0204795235621974
C,A,92,-0.6579645,C92A,-2.282385805,0.0347019876699124
C,D,92,-0.6430473,C92D,-2.859339449,0.0194888615141257
C,E,92,-0.6651406,C92E,-2.419815965,0.0302460853030228
C,F,92,-0.6619881,C92F,-1.394669544,0.0843110888636988
C,G,92,-0.6533455,C92G,-1.957279824,0.048033708657793
C,H,92,-0.648137,C92H,-2.965149902,0.0175320842421225
C,I,92,-0.6634117,C92I,-2.549363684,0.0265709629140072
C,K,92,-0.6486815,C92K,-2.375393613,0.0316199778453145
C,L,92,-0.6520449,C92L,-2.044564623,0.0440188613709673
C,M,92,-0.6533644,C92M,-2.096719194,0.0417819164986088
C,N,92,-0.6614439,C92N,-2.092796443,0.0419461384826441
C,P,92,-0.6616265,C92P,-2.929138604,0.0181749433445554
C,Q,92,-0.6619291,C92Q,-2.319975715,0.0334217553426009
C,R,92,-0.6479706,C92R,-2.585353964,0.0256316702471954
C,S,92,-0.6554341,C92S,-1.913914957,0.0501625084454424
C,T,92,-0.6566631,C92T,-2.980977981,0.0172567694649961
C,V,92,-0.655352,C92V,-2.341961228,0.0326949792510825
C,W,92,-0.6585453,C92W,-2.121023944,0.0407786585792808
C,Y,92,-0.6527702,C92Y,-2.758977932,0.0215463119851254
D,A,93,-0.6309534,D93A,-2.5691251,0.0240977610605096
D,C,93,-0.6240782,D93C,-3.150758284,0.0134702752323483
D,E,93,-0.6187894,D93E,-0.977261322,0.1183898559158337
D,F,93,-0.6158463,D93F,-2.387617294,0.0288937933364729
D,G,93,-0.6116533,D93G,-1.655180149,0.0601032630295731
D,H,93,-0.6327207,D93H,-2.460140821,0.0268724945430525
D,I,93,-0.6205686,D93I,-2.916639525,0.0170236633296611
D,K,93,-0.6225346,D93K,-2.907039754,0.0171878736230025
D,L,93,-0.6311763,D93L,-2.296084526,0.0316633419736121
D,M,93,-0.6127473,D93M,-1.973230212,0.0437291098043464
D,N,93,-0.5559075,D93N,-2.238696108,0.033533604093466
D,P,93,-0.6228455,D93P,-2.305224403,0.031375261340578
D,Q,93,-0.622758,D93Q,-2.308322819,0.0312781981632821
D,R,93,-0.610198,D93R,-2.768628788,0.0197393707083304
D,S,93,-0.655323,D93S,-2.308619106,0.0312689321988482
D,T,93,-0.6074533,D93T,-2.389717446,0.0288331756354487
D,V,93,-0.6011819,D93V,-2.344006491,0.0301817557342857
D,W,93,-0.6216753,D93W,-1.869955129,0.0484866796682398
D,Y,93,-0.6181086,D93Y,-1.853529059,0.0492897026288076
D,A,94,-0.3323051,D94A,-1.612384981,0.0249077146875405
D,C,94,-0.3323046,D94C,-1.327708711,0.0331106158427685
D,E,94,-0.3198944,D94E,0.6036111870218372,0.2284172745777806
D,F,94,-0.3274366,D94F,-2.313585794,0.0123539563134981
D,G,94,-0.1394194,D94G,-0.92744397,0.0494083180910281
D,H,94,-0.3280131,D94H,-1.233692691,0.0363745734322335
D,I,94,-0.3112488,D94I,-2.168732749,0.0142795652986288
D,K,94,-0.3280794,D94K,-1.552398795,0.0264475570076802
D,L,94,-0.3210588,D94L,-1.80326856,0.0205794688094895
D,M,94,-0.3295831,D94M,-1.687596629,0.023103079085366
D,N,94,-0.3235322,D94N,-1.070476761,0.0428234551718633
D,P,94,-0.3347602,D94P,-1.988983293,0.0170914627935807
D,Q,94,-0.3346451,D94Q,-1.266385746,0.0352046062965687
D,R,94,-0.3267444,D94R,-1.966322458,0.0174831915243223
D,S,94,-0.3138196,D94S,-1.130477951,0.0403295627086599
D,T,94,-0.3302705,D94T,-1.508701954,0.027628853646299
D,V,94,-0.3283932,D94V,0.2181989160221646,0.1553626119025283
D,W,94,-0.3322652,D94W,-1.635823911,0.02433069306104
D,Y,94,-0.3315186,D94Y,-1.002029194,0.0458572611067482
F,A,95,-0.6387266,F95A,-2.243038095,0.0194843561266441
F,C,95,-0.6322847,F95C,-2.162646749,0.0211154136730854
F,D,95,-0.6343987,F95D,-1.861984065,0.0285217252545095
F,E,95,-0.6436633,F95E,-2.785799752,0.0113231563923005
F,G,95,-0.6196035,F95G,-3.150251107,0.0078648079982559
F,H,95,-0.635587,F95H,-1.594477168,0.0372694168216313
F,I,95,-0.6391362,F95I,-0.604654419,0.1002829793419283
F,K,95,-0.6425438,F95K,-1.315174457,0.0492779067682333
F,L,95,-0.554741,F95L,0.3581352178140378,0.2626403699677913
F,M,95,-0.6411208,F95M,-0.999823024,0.0675472484375427
F,N,95,-0.6153929,F95N,-2.305232441,0.018309453575698
F,P,95,-0.6401269,F95P,-2.703379678,0.0122959508719449
F,Q,95,-0.6205634,F95Q,-2.054551789,0.0235258140323648
F,R,95,-0.6244049,F95R,-2.415560804,0.0163968474621534
F,S,95,-0.6250716,F95S,-2.300289506,0.018400180109166
F,T,95,-0.6300879,F95T,-1.693266118,0.0337636266394922
F,V,95,-0.606656,F95V,-1.229088815,0.0537079750159795
F,W,95,-0.6390024,F95W,-2.69147877,0.012443158179058
F,Y,95,-0.6240615,F95Y,-2.110324662,0.0222496302509701
Q,A,96,-0.6122725,Q96A,-0.417836195,0.0993633540984516
Q,C,96,-1.1324538,Q96C,-2.197816705,0.0167567702162179
Q,D,96,-0.5940708,Q96D,-1.176266353,0.0465419056041695
Q,E,96,-0.6058524,Q96E,-0.543259328,0.0876507553037495
Q,F,96,-0.6098982,Q96F,-2.511287055,0.012247622039876
Q,G,96,-0.5902369,Q96G,-1.467637527,0.0347778905673181
Q,H,96,-0.5954223,Q96H,-1.030638709,0.0538380666465923
Q,I,96,-1.1387506,Q96I,-1.182345652,0.0462598217110841
Q,K,96,-0.5587093,Q96K,-0.988695456,0.0561442367776722
Q,L,96,-1.0247217,Q96L,-1.607055371,0.0302520505547287
Q,M,96,-1.1408093,Q96M,-0.475685889,0.093778317712897
Q,N,96,-0.5744719,Q96N,-1.047075528,0.0529603729431083
Q,P,96,-0.6070708,Q96P,-2.518413026,0.0121606559971915
Q,R,96,-0.5571587,Q96R,-1.52082132,0.0329765943491033
Q,S,96,-0.5938698,Q96S,-0.990299957,0.0560542255080412
Q,T,96,-0.5852495,Q96T,-1.236054026,0.04384082303882
Q,V,96,-1.0850437,Q96V,-1.556918075,0.0318074736075987
Q,W,96,-1.1520812,Q96W,-2.423653022,0.0133693650614665
Q,Y,96,-1.1311481,Q96Y,-1.673073632,0.0283193604570446
N,A,97,-0.6291201,N97A,-2.09857789,0.0256743436359141
N,C,97,-0.6384047,N97C,-2.10740316,0.025448757433411
N,D,97,-0.5876201,N97D,-0.260497641,0.1613494915838204
N,E,97,-0.6341464,N97E,-1.304477581,0.0568032029077005
N,F,97,-0.6223697,N97F,-1.99844476,0.0283783167323202
N,G,97,-0.6111917,N97G,-0.395564931,0.140964131141411
N,H,97,-0.62763,N97H,-1.553012155,0.044303252319959
N,I,97,-0.633322,N97I,-2.620478912,0.0152349312904111
N,K,97,-0.555596,N97K,-2.071094897,0.0263897372821619
N,L,97,-0.6376825,N97L,-1.893711126,0.0315117038580321
N,M,97,-0.6335138,N97M,-2.001557306,0.0282901252236636
N,P,97,-1.7251192,N97P,-2.764197711,0.0131954490550751
N,Q,97,-0.6319345,N97Q,-1.288712206,0.0577058232873559
N,R,97,-0.626456,N97R,-2.266098463,0.0217143112297404
N,S,97,-0.5931511,N97S,-1.670488959,0.03939272905148
N,T,97,-0.5863339,N97T,-2.360628766,0.0197556830425147
N,V,97,-0.6113051,N97V,-2.464696564,0.0178031132758719
N,W,97,-0.6340685,N97W,-2.659661624,0.0146495287009064
N,Y,97,-0.6395716,N97Y,-2.24975139,0.0220721940220932
K,A,98,-2.0398142,K98A,0.5033804272728939,0.1854873975115863
K,C,98,-2.1406672,K98C,-2.007012193,0.0150683077251083
K,D,98,-2.0237424,K98D,-2.022127108,0.0148422640060083
K,E,98,-2.1138544,K98E,-0.764753095,0.0521880364308594
K,F,98,-2.1552683,K98F,-1.994696254,0.0152550357148044
K,G,98,-2.1013679,K98G,-1.397423708,0.0277207851931351
K,H,98,-0.5804143,K98H,-1.838739153,0.0178297222555915
K,I,98,-2.1057977,K98I,-1.36762332,0.0285593077357329
K,L,98,-2.1978268,K98L,-0.901580992,0.0455142451168248
K,M,98,-2.1492105,K98M,-1.085251835,0.0378773939763353
K,N,98,-0.5331448,K98N,-1.383432636,0.0281113546913395
K,P,98,-2.1347384,K98P,-2.625310007,0.0081197172281007
K,Q,98,-0.5772021,K98Q,-0.370865422,0.0773809802407416
K,R,98,-0.464712,K98R,-1.193124624,0.0340041185087549
K,S,98,-1.9436828,K98S,0.2049535639652451,0.1376287798811032
K,T,98,-2.1171494,K98T,-0.88768811,0.0461509821240573
K,V,98,-2.132437,K98V,-0.345725473,0.0793509936472026
K,W,98,-2.1716248,K98W,-1.769819543,0.0191018750788214
K,Y,98,-2.1573994,K98Y,-1.84691281,0.0176845821171498
K,A,99,-0.5935487,K99A,-0.820682054,0.0432680244237025
K,C,99,-0.5813886,K99C,-1.075603098,0.0335317511493588
K,D,99,-0.5936491,K99D,-0.962775744,0.0375367394365151
K,E,99,-0.5035655,K99E,0.3238861598347449,0.1359085547321823
K,F,99,-0.5937626,K99F,-1.900201392,0.0147006852720595
K,G,99,-0.5732079,K99G,-1.60616261,0.0197259112840831
K,H,99,-0.5782557,K99H,-0.559000829,0.0562100279735727
K,I,99,-0.5956025,K99I,-1.686155843,0.0182094335991339
K,L,99,-0.587788,K99L,-2.608082215,0.0072428341434044
K,M,99,-0.5900613,K99M,-1.574383292,0.0203628548047093
K,N,99,-0.5588935,K99N,-0.654562114,0.0510871946456565
K,P,99,-0.5867432,K99P,-2.085335942,0.0122161570126919
K,Q,99,-0.5730348,K99Q,-0.033484479,0.0950698226819688
K,R,99,-2.0623335,K99R,-0.003962648,0.0979182974580063
K,S,99,-0.5675945,K99S,-0.109552241,0.0881062812259539
K,T,99,-0.5657385,K99T,0.0113381248663717,0.0994280439276352
K,V,99,-0.5686052,K99V,-1.324718569,0.0261376611431211
K,W,99,-0.5954413,K99W,-1.379345732,0.0247481328566004
K,Y,99,-0.5907754,K99Y,-1.578238188,0.0202845091868636
W,A,100,-12.8846135,W100A,-2.928676327,0.0179619496833488
W,C,100,-12.8812575,W100C,-1.921093835,0.0491972860268977
W,D,100,-12.815145,W100D,-2.789199874,0.0206503473531871
W,E,100,-12.6643653,W100E,-2.262005222,0.0349852656066825
W,F,100,-12.8820451,W100F,-0.716936528,0.1640212363569326
W,G,100,-12.840646,W100G,-2.75552654,0.0213575538976268
W,H,100,-12.8910194,W100H,-3.106849406,0.0150305143778259
W,I,100,-12.9241758,W100I,-2.427953423,0.0296356710069015
W,K,100,-12.252015,W100K,-2.237139496,0.0358661058766569
W,L,100,-12.9052358,W100L,-2.966116903,0.0173018774217803
W,M,100,-12.8311299,W100M,-2.145192062,0.0393202707878047
W,N,100,-12.8166069,W100N,-2.657872033,0.0235484509410196
W,P,100,-12.919968,W100P,-3.085280039,0.0153582349277352
W,Q,100,-12.8643336,W100Q,-2.29639553,0.033802564487801
W,R,100,-12.6606689,W100R,-2.593397051,0.02511675237724
W,S,100,-12.8361267,W100S,-2.46698453,0.0285012406293847
W,T,100,-12.7169956,W100T,-2.170988714,0.0383189105821088
W,V,100,-12.7986044,W100V,-2.482759558,0.0280551603226982
W,Y,100,-12.8964229,W100Y,-2.557657717,0.0260306423784714
D,A,101,-0.6427453,D101A,-2.72938114,0.0200424870140458
D,C,101,-0.6344184,D101C,-2.094430878,0.0378187445605566
D,E,101,-0.6334121,D101E,-1.436721457,0.0730040132748093
D,F,101,-0.6348293,D101F,-2.570406778,0.0234959674099694
D,G,101,-0.6246652,D101G,-1.737194996,0.0540570964383098
D,H,101,-0.6532621,D101H,-2.592132532,0.0229910047940771
D,I,101,-0.6372803,D101I,-1.046423055,0.107857710414872
D,K,101,-0.6419523,D101K,-2.248490033,0.032419032369055
D,L,101,-0.6301281,D101L,-2.35724587,0.0290782303569127
D,M,101,-0.6377903,D101M,-2.471939821,0.0259272827885444
D,N,101,-0.583543,D101N,-2.148784367,0.0358180287912744
D,P,101,-0.6527143,D101P,-2.756811281,0.0195001901394582
D,Q,101,-0.6393905,D101Q,-2.384756944,0.0282891605776727
D,R,101,-0.6265372,D101R,-2.520272299,0.0247039538596231
D,S,101,-0.635517,D101S,-2.240671881,0.0326734827333328
D,T,101,-0.6351766,D101T,-2.236516932,0.0328095218526216
D,V,101,-0.6404005,D101V,-3.054923348,0.0144733926052212
D,W,101,-11.9542749,D101W,-2.335221663,0.0297257600132446
D,Y,101,-0.6473447,D101Y,-1.85196537,0.0481957302289157
L,A,102,-0.638677,L102A,-2.432076575,0.0255545612238818
L,C,102,-0.6325253,L102C,-2.476329928,0.0244483432121066
L,D,102,-0.6370052,L102D,-2.068156121,0.0367719892906795
L,E,102,-0.6346317,L102E,-2.332975897,0.0282167715479153
L,F,102,-0.6316558,L102F,-2.403233035,0.0263023785075043
L,G,102,-0.6455625,L102G,-3.467418856,0.0090745412734061
L,H,102,-0.6450942,L102H,-2.181022926,0.0328473002756274
L,I,102,-0.6159632,L102I,-1.046038657,0.1021920650357203
L,K,102,-0.6334433,L102K,-2.529559256,0.0231810028518533
L,M,102,-0.6388168,L102M,-2.084077846,0.0361911518672322
L,N,102,-0.6388659,L102N,-2.526497739,0.0232520806743426
L,P,102,-0.6335027,L102P,-1.906847162,0.043208852574819
L,Q,102,-0.6315401,L102Q,-2.476917006,0.0244339943229726
L,R,102,-0.6417798,L102R,-1.856754049,0.0454284480974777
L,S,102,-0.6378396,L102S,-2.814165332,0.0174393105144818
L,T,102,-0.6436285,L102T,-2.724835941,0.0190688539888437
L,V,102,-0.6267129,L102V,-0.978437094,0.1093392684051271
L,W,102,-0.6388583,L102W,-1.923056256,0.0425141217254878
L,Y,102,-0.6340507,L102Y,-1.99254394,0.0396602170596442
F,A,103,-0.6542398,F103A,-2.445389354,0.0279601750299707
F,C,103,-0.6573514,F103C,-2.034877597,0.0421524604022031
F,D,103,-0.6556219,F103D,-2.53382513,0.0255936780133695
F,E,103,-0.6659767,F103E,-3.068377005,0.0149961457473637
F,G,103,-0.6512023,F103G,-2.78766415,0.0198560001355368
F,H,103,-0.6564573,F103H,-2.759151926,0.0204302873414877
F,I,103,-0.6575445,F103I,-1.936819893,0.0464952790452924
F,K,103,-0.6580201,F103K,-2.496018393,0.0265798157066523
F,L,103,-0.653276,F103L,-2.508683133,0.0262453117998282
F,M,103,-0.6651794,F103M,-2.131368096,0.0382752139906792
F,N,103,-0.663754,F103N,-2.76376992,0.0203361578786417
F,P,103,-0.6626983,F103P,-2.361461017,0.0304081158999341
F,Q,103,-0.6628858,F103Q,-2.906448628,0.017632110391772
F,R,103,-0.6525375,F103R,-2.488029133,0.0267930193919691
F,S,103,-0.6597564,F103S,-2.304346254,0.0321954237977871
F,T,103,-0.6591553,F103T,-3.013280458,0.015845567373899
F,V,103,-0.6463702,F103V,-2.866049326,0.0183590202104399
F,W,103,-0.6548677,F103W,-1.982957547,0.0443988299528412
F,Y,103,-0.6644551,F103Y,-0.567091613,0.1829255467654973
V,A,104,-0.6183938,V104A,-1.497152422,0.0656644434073637
V,C,104,-0.6337041,V104C,-1.889188936,0.0443681112070587
V,D,104,-0.6393486,V104D,-2.10419494,0.0357845035555649
V,E,104,-0.6156609,V104E,-2.324299253,0.0287147393005985
V,F,104,-0.6231067,V104F,-2.002910401,0.0395988272667714
V,G,104,-0.6243071,V104G,-2.755221929,0.0186619686754629
V,H,104,-0.6266992,V104H,-2.7833193,0.0181449140863663
V,I,104,-0.5414315,V104I,-1.273285134,0.0821399830221809
V,K,104,-0.6298622,V104K,-2.694633279,0.0198276290996503
V,L,104,-0.6243638,V104L,-0.858274896,0.1243916655321594
V,M,104,-0.6288118,V104M,-2.012087003,0.0392371067322439
V,N,104,-0.6294724,V104N,-2.412987759,0.0262777353877497
V,P,104,-8.9285984,V104P,-2.748118591,0.0187950029605464
V,Q,104,-0.6211148,V104Q,-2.813334407,0.0176083845344254
V,R,104,-0.630692,V104R,-2.296417738,0.0295266155898119
V,S,104,-0.6174545,V104S,-3.073256095,0.0135780338050466
V,T,104,-0.6206353,V104T,-2.428659812,0.0258691194507549
V,W,104,-0.6349504,V104W,-2.141677052,0.0344680502366502
V,Y,104,-0.6346694,V104Y,-2.508152334,0.0238923280439803
E,A,105,-0.6219374,E105A,-3.487685605,0.0118920386875687
E,C,105,-12.9263719,E105C,-2.201659104,0.0430299449653089
E,D,105,-0.6177701,E105D,-2.709028039,0.0259073620885365
E,F,105,-12.8911031,E105F,-2.639708706,0.0277669520223195
E,G,105,-0.6210145,E105G,-2.160356871,0.0448443905826633
E,H,105,-0.6336849,E105H,-2.672755682,0.0268643344337801
E,I,105,-12.5630808,E105I,-1.931956023,0.0563509671201008
E,K,105,-0.6307036,E105K,-2.134020561,0.0460411161210206
E,L,105,-12.9733949,E105L,-2.895238375,0.0215056730641557
E,M,105,-12.9390766,E105M,-2.105773966,0.0473601627175728
E,N,105,-0.6280108,E105N,-2.238061052,0.0414917374972339
E,P,105,-0.6429048,E105P,-3.269855989,0.0147862683859309
E,Q,105,-0.6431195,E105Q,-2.600053362,0.0288901843484264
E,R,105,-0.6330042,E105R,-2.853085321,0.0224315811178975
E,S,105,-0.625164,E105S,-2.601069688,0.0288608374195572
E,T,105,-3.5964257,E105T,-2.483106407,0.0324742961445234
E,V,105,-12.0083066,E105V,-2.767379471,0.0244388901850324
E,W,105,-0.6425848,E105W,-2.502499817,0.031850576203902
E,Y,105,-0.6246575,E105Y,-2.4306886,0.0342219315309344
R,A,106,-0.632304,R106A,-2.564214753,0.0317196549804631
R,C,106,-0.6281819,R106C,-2.868059564,0.0234083219239786
R,D,106,-0.6436831,R106D,-2.658006128,0.0288798786814422
R,E,106,-0.6365165,R106E,-2.320271954,0.0404828888382455
R,F,106,-0.6355523,R106F,-2.978528532,0.0209601408454569
R,G,106,-0.6351701,R106G,-2.108228352,0.0500450217810415
R,H,106,-0.6296811,R106H,-2.863588209,0.0235132232352612
R,I,106,-0.6405342,R106I,-2.880757623,0.0231129607669195
R,K,106,-0.6330638,R106K,-2.429051489,0.0363102410326065
R,L,106,-0.6255854,R106L,-2.123743762,0.0492745452078104
R,M,106,-0.6337831,R106M,-2.100430077,0.0504368123493651
R,N,106,-0.6247882,R106N,-2.710515659,0.0274025359996097
R,P,106,-2.8119034,R106P,-2.652509322,0.0290390629379983
R,Q,106,-0.6390682,R106Q,-3.021285588,0.0200828356359682
R,S,106,-0.6154147,R106S,-3.171086873,0.0172888906580764
R,T,106,-0.629939,R106T,-2.922325929,0.0221718886044288
R,V,106,-0.6316716,R106V,-3.26485565,0.0157414176026126
R,W,106,-0.6373298,R106W,-2.619397958,0.0300166820922017
R,Y,106,-0.6339025,R106Y,-2.148697629,0.048060169179516
S,A,107,-0.6458451,S107A,-1.657175308,0.029959641564437
S,C,107,-0.6354557,S107C,-2.275374334,0.0161456696804059
S,D,107,-0.6456783,S107D,-1.286204622,0.0434157372220591
S,E,107,-0.6315479,S107E,-0.73230976,0.0755441266002737
S,F,107,-0.6268747,S107F,-1.892226362,0.0236840079955843
S,G,107,-0.6245197,S107G,-1.075218943,0.0536138648028237
S,H,107,-0.6459392,S107H,-1.539481882,0.0337015778820594
S,I,107,-0.6529283,S107I,-2.282415397,0.0160323862264305
S,K,107,-0.63927,S107K,-1.450066651,0.0368538434703307
S,L,107,-0.6380828,S107L,-2.535909614,0.0124424799256852
S,M,107,-0.6556613,S107M,-1.55039027,0.0333359457314456
S,N,107,-1.5621691,S107N,-1.894705665,0.0236253608681153
S,P,107,-0.6412664,S107P,-0.282361051,0.1184707033521515
S,Q,107,-0.6368335,S107Q,-1.163894794,0.0490643076563008
S,R,107,-0.6343248,S107R,-1.489008612,0.0354462669381176
S,T,107,-0.6222737,S107T,-0.056812317,0.1484449900609332
S,V,107,-0.6437914,S107V,-2.248266558,0.0165893292986208
S,W,107,-0.6568443,S107W,-1.814666953,0.0255940394906853
S,Y,107,-0.6476798,S107Y,-1.126907138,0.0509130614932793
K,A,108,-1.850646,K108A,0.2210710891738969,0.0388880135419219
K,C,108,-0.5944623,K108C,-1.305916388,0.0084460397581482
K,D,108,-0.5595467,K108D,-0.589529489,0.0172892542804212
K,E,108,-0.5777647,K108E,-0.114149101,0.0278119497443396
K,F,108,-0.5935774,K108F,0.6047811585805332,0.0570767138115332
K,G,108,-0.5745687,K108G,0.7929974096528856,0.0688969906815387
K,H,108,-0.6024267,K108H,1.0430018824100813,0.088465885694235
K,I,108,-0.5689888,K108I,-0.25649872,0.024121802539812
K,L,108,-0.59809,K108L,-0.84511523,0.0133898808192497
K,M,108,-0.5898219,K108M,-0.109471081,0.0279423594524998
K,N,108,-0.5405544,K108N,0.6617436755370689,0.0604223304457591
K,P,108,-12.8904661,K108P,-1.541815445,0.0066711902490266
K,Q,108,-0.5816376,K108Q,0.3086566011687019,0.0424476521033767
K,R,108,-0.4372276,K108R,0.007986373647228,0.0314249225971408
K,S,108,-2.2708186,K108S,0.6729734142543173,0.0611046816839497
K,T,108,-0.5628339,K108T,1.2865312352514875,0.1128598047581936
K,V,108,-0.5681104,K108V,-0.63603301,0.0165036508436371
K,W,108,-7.9628014,K108W,0.9457476340585638,0.0802673345406827
K,Y,108,-0.5919022,K108Y,1.7796297107046637,0.1847945915984462
A,C,109,-0.6538389,A109C,-1.984585835,0.025370996193013
A,D,109,-2.6453296,A109D,-1.425167506,0.0443904846735151
A,E,109,-2.7040293,A109E,-1.820673526,0.0298898515055832
A,F,109,-0.6506335,A109F,-2.058038721,0.0235742195718337
A,G,109,-0.6314511,A109G,-1.570985398,0.038367364287154
A,H,109,-2.5502245,A109H,-1.362940341,0.0472405349878705
A,I,109,-0.6210349,A109I,-2.287148956,0.0187471807122144
A,K,109,-2.6681201,A109K,-2.326658651,0.0180209264448807
A,L,109,-0.6425528,A109L,-1.964916725,0.0258749613499282
A,M,109,-0.6437851,A109M,-1.921976311,0.0270102436168883
A,N,109,-0.6547113,A109N,-2.31528227,0.0182271100790843
A,P,109,-0.6477224,A109P,-2.040787196,0.0239844392611937
A,Q,109,-2.7164341,A109Q,-2.606854339,0.0136172557811522
A,R,109,-0.6357565,A109R,-1.403461066,0.0453645780815396
A,S,109,-0.6132135,A109S,-0.593548052,0.1019665398434333
A,T,109,-0.5493403,A109T,0.0381938601180946,0.1917872485008911
A,V,109,-0.592157,A109V,-0.848763191,0.0789985542166878
A,W,109,-0.645234,A109W,-1.966286018,0.0258395551686066
A,Y,109,-0.6438582,A109Y,-2.377496407,0.0171276801698583
Y,A,110,-0.558474,Y110A,-0.047377674,0.0420431750439335
Y,C,110,-0.5737417,Y110C,-1.062152253,0.0152399774535699
Y,D,110,-0.56321,Y110D,-0.800406904,0.01979971553385
Y,E,110,-0.5598536,Y110E,0.7632258024810192,0.0945662527729056
Y,F,110,-0.537466,Y110F,-0.26983562,0.0336576059934095
Y,G,110,-0.5534965,Y110G,-0.35002666,0.0310639504499385
Y,H,110,-0.5023468,Y110H,0.4719291489002279,0.0706687867728598
Y,I,110,-0.5689013,Y110I,-0.475102499,0.0274117599356014
Y,K,110,-0.5624087,Y110K,0.9170751930773008,0.110294061146027
Y,L,110,-0.5781841,Y110L,-0.849930122,0.0188430534074768
Y,M,110,-0.5723125,Y110M,-0.308005075,0.0323971221283229
Y,N,110,-1.222479,Y110N,0.1083017484708959,0.0491254153232921
Y,P,110,-0.5809874,Y110P,-1.722833229,0.0078714357597427
Y,Q,110,-0.569653,Y110Q,0.5513391042539983,0.0765094263277949
Y,R,110,-0.5592832,Y110R,0.4050394387446974,0.0660963989869109
Y,S,110,-0.5266337,Y110S,0.5601353991319771,0.0771853945399733
Y,T,110,-0.5732546,Y110T,0.6666860427462602,0.0858636785914641
Y,V,110,-0.5441176,Y110V,0.4813211379467335,0.0713356339469123
Y,W,110,-0.5745648,Y110W,-0.530129121,0.0259441324245132
S,A,111,-1.1125757,S111A,-1.988448512,0.0329488677107213
S,C,111,-0.6632948,S111C,-2.171294268,0.027442998716647
S,D,111,-0.6589898,S111D,-2.705707113,0.0160819572699794
S,E,111,-0.6656636,S111E,-1.898240171,0.0360593165411742
S,F,111,-0.6659215,S111F,-2.531181281,0.0191484909065522
S,G,111,-1.1083852,S111G,-0.990046573,0.0894213106188877
S,H,111,-0.6664204,S111H,-0.911701249,0.0967087960046266
S,I,111,-0.6717511,S111I,-2.185883297,0.0270455382127855
S,K,111,-0.6536418,S111K,-1.953707425,0.034113663516204
S,L,111,-0.6758366,S111L,-2.405202367,0.0217193351588157
S,M,111,-0.6583339,S111M,-1.912042526,0.0355650319069525
S,N,111,-0.6323903,S111N,-2.072685632,0.0302870354997924
S,P,111,-0.6604046,S111P,-0.961635392,0.0919983103872078
S,Q,111,-0.6677903,S111Q,-1.159814664,0.0754591096466666
S,R,111,-0.6569883,S111R,-2.317704423,0.0237053525268274
S,T,111,-0.6436536,S111T,-2.273011066,0.024788857126523
S,V,111,-0.6462227,S111V,-2.013220861,0.0321426735185928
S,W,111,-1.1241627,S111W,-2.47074747,0.0203413904821457
S,Y,111,-0.6618486,S111Y,-2.290584974,0.0243570254482268
N,A,112,-0.6292157,N112A,0.3653058754694513,0.0977741386510571
N,C,112,-0.6295534,N112C,-1.330344672,0.0179395739604519
N,D,112,-0.5488163,N112D,-0.797878431,0.0305533879911321
N,E,112,-0.6178928,N112E,-1.228371103,0.0198654636905552
N,F,112,-0.620265,N112F,-1.414422361,0.0164929228520118
N,G,112,-0.597801,N112G,-0.172837634,0.0570835810727585
N,H,112,-0.6229617,N112H,-1.056353377,0.0235941909956699
N,I,112,-0.6236796,N112I,-1.011141904,0.0246854013181377
N,K,112,-0.596314,N112K,-1.779805034,0.0114449482371838
N,L,112,-0.6144411,N112L,-1.219181788,0.0200488551238754
N,M,112,-0.6244817,N112M,-0.7094877,0.033376976575344
N,P,112,-0.6123474,N112P,-2.385577623,0.0062449623450796
N,Q,112,-0.6091573,N112Q,-0.66024508,0.0350616861915409
N,R,112,-0.6153472,N112R,-1.000632063,0.0249462091846238
N,S,112,-0.5863584,N112S,1.19443043502187,0.2240310656763682
N,T,112,-0.6108263,N112T,1.195899852579609,0.224360502853556
N,V,112,-0.5947235,N112V,-1.241100582,0.0196141892515089
N,W,112,-0.6308304,N112W,-1.583729467,0.0139241417903995
N,Y,112,-0.6295223,N112Y,-0.780014898,0.0311040836683301
C,A,113,-0.6477195,C113A,-2.423678732,0.0345528296247414
C,D,113,-0.6376933,C113D,-3.335260308,0.0138863652261114
C,E,113,-0.6381914,C113E,-2.819454218,0.0232595039436816
C,F,113,-0.6345231,C113F,-1.651677218,0.0747755617367403
C,G,113,-0.6410537,C113G,-2.517869392,0.0314468480751244
C,H,113,-0.6362446,C113H,-1.964495256,0.0546895707959578
C,I,113,-0.651936,C113I,-3.073439993,0.0180424609437486
C,K,113,-0.622632,C113K,-2.719524432,0.0257039235363998
C,L,113,-0.6479955,C113L,-2.495491551,0.0321584937300523
C,M,113,-0.6452806,C113M,-2.359090575,0.0368581817156557
C,N,113,-0.6249015,C113N,-2.516628645,0.0314858898850111
C,P,113,-0.6515266,C113P,-2.916314001,0.0211122616726999
C,Q,113,-0.634836,C113Q,-2.680152056,0.0267361354558487
C,R,113,-0.6411944,C113R,-2.384725102,0.0359253469052908
C,S,113,-0.6513545,C113S,-2.572499677,0.029774980336646
C,T,113,-0.6311738,C113T,-2.534675413,0.0309227677193315
C,V,113,-0.62455,C113V,-2.875644909,0.0219885772928403
C,W,113,-0.6412171,C113W,-2.581922285,0.0294957399457827
C,Y,113,-0.6486784,C113Y,-2.350502197,0.0371760970350638
Y,A,114,-0.651032,Y114A,-2.193058605,0.0328388443447587
Y,C,114,-0.6346135,Y114C,-1.644071395,0.0568604165548882
Y,D,114,-0.6413107,Y114D,-2.290928853,0.0297771646968671
Y,E,114,-0.6385538,Y114E,-1.946449664,0.0420231686684472
Y,F,114,-0.6427692,Y114F,-1.243200208,0.0848997099682464
Y,G,114,-0.6371071,Y114G,-2.455627598,0.0252554761368956
Y,H,114,-0.624633,Y114H,-1.809994012,0.0481671273577532
Y,I,114,-0.625204,Y114I,-2.183859458,0.0331423275536332
Y,K,114,-0.6519005,Y114K,-2.553191634,0.0229078336318517
Y,L,114,-0.6419149,Y114L,-1.86635846,0.045527308077147
Y,M,114,-0.631945,Y114M,-1.950084689,0.0418706906437107
Y,N,114,-0.6263845,Y114N,-1.770734758,0.0500957435463363
Y,P,114,-0.6450002,Y114P,-3.25503436,0.0113547454958423
Y,Q,114,-0.6525763,Y114Q,-1.964746901,0.0412612523313468
Y,R,114,-0.6437531,Y114R,-2.665184242,0.0204807674553953
Y,S,114,-0.6352966,Y114S,-2.446352909,0.0254908025197325
Y,T,114,-0.6241908,Y114T,-2.813957234,0.0176496014396513
Y,V,114,-0.6496426,Y114V,-1.682775807,0.054701712307548
Y,W,114,-0.641507,Y114W,-2.622480384,0.0213743189204501
P,A,115,-0.6634813,P115A,-1.639833408,0.0679912245018681
P,C,115,-0.6547533,P115C,-2.656686853,0.0245945516558745
P,D,115,-0.6516051,P115D,-1.968330745,0.0489540082860526
P,E,115,-0.6484234,P115E,-1.991437274,0.0478358193650967
P,F,115,-0.6650427,P115F,-2.330121527,0.034092941880764
P,G,115,-0.6650748,P115G,-2.696705182,0.0236297519800972
P,H,115,-0.6564557,P115H,-2.20728445,0.0385488971346934
P,I,115,-0.6522644,P115I,-2.45109799,0.030208214178246
P,K,115,-0.6311311,P115K,-2.543084145,0.0275534482810679
P,L,115,-0.6486811,P115L,-2.247507801,0.0370291014502522
P,M,115,-0.6553696,P115M,-2.352400019,0.0333418005600799
P,N,115,-0.6520736,P115N,-2.54296854,0.0275566337875468
P,Q,115,-0.6567182,P115Q,-2.635235513,0.0251278373578809
P,R,115,-0.6544272,P115R,-2.441721601,0.0304927902848723
P,S,115,-0.6530156,P115S,-2.275906509,0.0359923139463769
P,T,115,-0.667417,P115T,-2.55392042,0.0272564833511304
P,V,115,-0.6462132,P115V,-2.48008895,0.0293450215998344
P,W,115,-0.6544585,P115W,-2.495465843,0.028897237766395
P,Y,115,-0.6509012,P115Y,-2.421876091,0.0311039800728016
Y,A,116,-0.6437928,Y116A,-3.065482491,0.016798127457405
Y,C,116,-0.6427692,Y116C,-2.271762029,0.0371509078033775
Y,D,116,-0.6358303,Y116D,-2.55370475,0.0280235547894633
Y,E,116,-0.6314987,Y116E,-2.425522992,0.0318560462757941
Y,F,116,-0.6282178,Y116F,-2.414402493,0.0322122785772008
Y,G,116,-0.6319355,Y116G,-2.140854137,0.0423469386959691
Y,H,116,-0.626417,Y116H,-1.822801163,0.0582037142038377
Y,I,116,-0.6453416,Y116I,-2.105966246,0.0438504083780066
Y,K,116,-0.611958,Y116K,-2.700829744,0.024189540958717
Y,L,116,-0.6345003,Y116L,-2.435389185,0.0315432936529502
Y,M,116,-0.6362258,Y116M,-2.208580474,0.0395738987741942
Y,N,116,-0.6555499,Y116N,-2.009675251,0.0482827834656963
Y,P,116,-0.6443108,Y116P,-2.369021944,0.0337077663014086
Y,Q,116,-0.6304139,Y116Q,-3.218352759,0.0144168412251041
Y,R,116,-0.6295959,Y116R,-2.231493359,0.0386774556333886
Y,S,116,-0.6337501,Y116S,-3.478126553,0.0111186408291615
Y,T,116,-0.6323397,Y116T,-2.377149666,0.0334349092132344
Y,V,116,-0.6319448,Y116V,-2.341790332,0.0346382958048717
Y,W,116,-0.6476757,Y116W,-2.204346673,0.0397418019921562
D,A,117,-0.6503903,D117A,-2.727100375,0.0107891619248148
D,C,117,-0.651152,D117C,-2.58554856,0.012429765523899
D,E,117,-0.6336341,D117E,0.1693162326226442,0.1953825805081105
D,F,117,-0.6362352,D117F,-1.313507617,0.0443510136309519
D,G,117,-0.6301301,D117G,-1.968103494,0.0230470891661951
D,H,117,-0.6530922,D117H,-1.219871027,0.0487045363145346
D,I,117,-0.6493315,D117I,-1.461285296,0.0382581974334577
D,K,117,-0.6260905,D117K,-2.307722882,0.0164104760546276
D,L,117,-0.6496762,D117L,-2.135042942,0.0195036173082101
D,M,117,-0.6394076,D117M,-1.480839036,0.0375173729397181
D,N,117,-0.5903923,D117N,-1.876827832,0.0252497228130963
D,P,117,-0.6471637,D117P,-2.415651642,0.0147315445948077
D,Q,117,-0.6479046,D117Q,-1.745713031,0.0287871765221943
D,R,117,-0.6369416,D117R,-2.562965814,0.0127136574541569
D,S,117,-0.641466,D117S,-1.509850458,0.0364445771945653
D,T,117,-0.63768,D117T,-1.318035236,0.0441506629896473
D,V,117,-0.6375864,D117V,-0.049485813,0.1569861413697573
D,W,117,-0.6408428,D117W,-1.993920235,0.0224597030095762
D,Y,117,-0.6435884,D117Y,-1.25267305,0.0471328468693021
V,A,118,-0.639867,V118A,-2.428789476,0.0282382293356252
V,C,118,-0.6478876,V118C,-2.384362781,0.0295210456361207
V,D,118,-0.6489511,V118D,-2.683666717,0.0218849539346215
V,E,118,-0.6406325,V118E,-2.052482378,0.0411401248435444
V,F,118,-0.6440178,V118F,-2.228538749,0.0344989021479978
V,G,118,-0.6348845,V118G,-1.861008179,0.0498220750696989
V,H,118,-0.6402058,V118H,-2.227071881,0.0345495446186314
V,I,118,-0.6271338,V118I,-1.041914684,0.1130185277487964
V,K,118,-0.6469839,V118K,-2.778048452,0.0199138921443658
V,L,118,-0.641882,V118L,-1.69858898,0.0586083624036832
V,M,118,-0.6364612,V118M,-1.717413213,0.0575154238774951
V,N,118,-0.6307657,V118N,-3.019928567,0.0156353962438632
V,P,118,-0.639585,V118P,-2.666801425,0.0222571802843576
V,Q,118,-0.633494,V118Q,-2.594291926,0.023930988199224
V,R,118,-0.6306534,V118R,-2.247863431,0.0338386220344369
V,S,118,-0.6391658,V118S,-2.562325174,0.0247083430343661
V,T,118,-0.623581,V118T,-2.490235808,0.0265553266704984
V,W,118,-0.6370628,V118W,-2.286764873,0.0325475259996552
V,Y,118,-0.6408351,V118Y,-3.331584104,0.011448761551631
P,A,119,-0.6626062,P119A,-0.096006245,0.0442801060670022
P,C,119,-0.6587504,P119C,-1.61844765,0.0096609625764757
P,D,119,-0.6427342,P119D,0.9869591249647414,0.1307779730274232
P,E,119,-0.6631121,P119E,0.8468003545416067,0.1136748569141793
P,F,119,-0.6601163,P119F,-0.168987479,0.0411635951509029
P,G,119,-0.6486316,P119G,-1.785566942,0.0081741260753272
P,H,119,-0.6588171,P119H,0.4316210535769014,0.0750506256693661
P,I,119,-0.6610548,P119I,-0.452197751,0.0310110595742334
P,K,119,-0.664294,P119K,-0.657758015,0.0252489245673397
P,L,119,-0.6484985,P119L,-0.949509527,0.018859785755272
P,M,119,-0.6674881,P119M,0.1123762732300073,0.0545391102891217
P,N,119,-0.6670275,P119N,0.2305542343773003,0.0613807363606217
P,Q,119,-0.6550303,P119Q,0.5300311447999397,0.0828120016586959
P,R,119,-0.6514217,P119R,-0.999111212,0.0179471298528135
P,S,119,-0.6360781,P119S,0.0836313689608516,0.0529937061530242
P,T,119,-0.6487798,P119T,0.0758849782530672,0.0525847820105766
P,V,119,-0.6537394,P119V,-0.385972817,0.0331342952355512
P,W,119,-0.6654633,P119W,0.0786346165947873,0.0527295701371497
P,Y,119,-0.6610437,P119Y,-0.074679044,0.0452346193983866
D,A,120,-0.6030221,D120A,-1.901732519,0.0292384726917171
D,C,120,-0.6139028,D120C,-2.611381003,0.0143799742542266
D,E,120,-0.5697306,D120E,-1.656508664,0.0373640618578786
D,F,120,-0.5982875,D120F,-1.912269391,0.0289320079710718
D,G,120,-0.5759113,D120G,-1.095286238,0.0654922535988682
D,H,120,-0.6023877,D120H,0.0476270337087321,0.2053765751059484
D,I,120,-0.6155637,D120I,-2.58175451,0.0148123764208599
D,K,120,-0.58385,D120K,-1.465419042,0.0452317374890675
D,L,120,-0.6082291,D120L,-1.927457842,0.0284958957506058
D,M,120,-0.5956012,D120M,-1.238089499,0.0567768450764023
D,N,120,-0.5368717,D120N,-2.205196788,0.0215854830895312
D,P,120,-0.5985752,D120P,-2.309672546,0.0194441295262913
D,Q,120,-0.6108472,D120Q,-0.954897739,0.0753632976999254
D,R,120,-0.5854186,D120R,-2.215904057,0.0213555943493162
D,S,120,-0.5943698,D120S,-1.870618023,0.0301625143221626
D,T,120,-0.5908585,D120T,-2.31202292,0.0193984821958783
D,V,120,-0.5978127,D120V,-2.59048826,0.0146835720282673
D,W,120,-0.6092679,D120W,-2.065336381,0.0248257513769989
D,Y,120,-0.6119789,D120Y,-1.340373664,0.051256600579704
Y,A,121,-0.6305022,Y121A,-1.761374314,0.0365990008891558
Y,C,121,-0.6418818,Y121C,-0.974417031,0.0803971215248874
Y,D,121,-0.6324052,Y121D,-1.840598146,0.0338113683542726
Y,E,121,-0.6392361,Y121E,-1.561123673,0.0447133284261775
Y,F,121,-0.6416067,Y121F,-1.584398208,0.0436846635561692
Y,G,121,-0.6341734,Y121G,-1.478884857,0.0485459351464159
Y,H,121,-0.6213211,Y121H,-1.408220557,0.0521005122041954
Y,I,121,-0.6170037,Y121I,-1.481367795,0.0484255480686076
Y,K,121,-0.6455604,Y121K,-1.600574866,0.0429836766440373
Y,L,121,-0.6458978,Y121L,-0.954591784,0.0820069191474745
Y,M,121,-0.6259646,Y121M,-1.284929803,0.058936792545268
Y,N,121,-0.619452,Y121N,-2.226644415,0.022982905011167
Y,P,121,-0.6478516,Y121P,-2.811258702,0.0128088462568601
Y,Q,121,-0.6354162,Y121Q,-1.443120767,0.0503135569719037
Y,R,121,-0.638319,Y121R,-1.794124626,0.0354197870778267
Y,S,121,-0.6273626,Y121S,-1.907798565,0.0316138921209937
Y,T,121,-0.6249004,Y121T,-2.61313575,0.0156154239152951
Y,V,121,-0.6225809,Y121V,-2.707800052,0.0142050107623477
Y,W,121,-0.6342208,Y121W,-1.901498079,0.0318137038393707
A,C,122,-0.6168094,A122C,-1.983474313,0.0119941353212252
A,D,122,-0.6032856,A122D,-0.438901915,0.0562041648257553
A,E,122,-0.5978057,A122E,0.623596050360492,0.1626318313909454
A,F,122,-0.600727,A122F,-1.430255864,0.0208558943409244
A,G,122,-0.608807,A122G,-1.185112061,0.0266497699429519
A,H,122,-0.6177493,A122H,-0.268481334,0.0666470957026159
A,I,122,-0.6047004,A122I,-1.095366673,0.0291520704479508
A,K,122,-0.6068839,A122K,-1.040724158,0.0307893383245039
A,L,122,-0.6168801,A122L,-0.87893027,0.0361964992365333
A,M,122,-0.6147212,A122M,-0.347572176,0.0615789822617042
A,N,122,-0.6020095,A122N,-0.591794366,0.0482356502968128
A,P,122,-0.6039558,A122P,-1.115448438,0.0285724842564701
A,Q,122,-0.606714,A122Q,-0.035603167,0.0841238122182051
A,R,122,-0.5991074,A122R,-1.422459169,0.0210191370259237
A,S,122,-0.5706972,A122S,-0.335179694,0.0623468469033137
A,T,122,-0.52974,A122T,-0.611942465,0.0472735185460561
A,V,122,-0.5599921,A122V,-0.866766658,0.0366394681028319
A,W,122,-0.6291702,A122W,-0.50235863,0.0527484366459694
A,Y,122,-0.6186541,A122Y,-1.094819638,0.0291680220412441
S,A,123,-0.6515602,S123A,-0.860592343,0.0598438760153647
S,C,123,-0.6489468,S123C,-1.413171848,0.034437961093555
S,D,123,-0.6428798,S123D,-0.656909449,0.0733631693157183
S,E,123,-0.6496149,S123E,-1.602856294,0.0284877727473559
S,F,123,-0.6303775,S123F,-1.071423346,0.0484682072464264
S,G,123,-0.6388321,S123G,-0.604713074,0.0772941606211301
S,H,123,-0.6535307,S123H,-2.08514812,0.0175874033325058
S,I,123,-0.6378717,S123I,-1.971568222,0.0197028419093612
S,K,123,-0.6437702,S123K,-2.132725937,0.0167702264885525
S,L,123,-0.6461462,S123L,-2.883863911,0.0079126792345221
S,M,123,-0.6490571,S123M,-1.160972856,0.0443165648800074
S,N,123,-0.6377995,S123N,-0.353587581,0.0993594351279381
S,P,123,-0.6369678,S123P,-1.416116353,0.0343367074381587
S,Q,123,-0.6500031,S123Q,-1.370793942,0.0359287350360656
S,R,123,-0.6436028,S123R,-1.868785685,0.0218356830976651
S,T,123,-0.6352865,S123T,-0.509144652,0.085045537194986
S,V,123,-0.6335015,S123V,-1.284224619,0.0391776621078658
S,W,123,-0.6425019,S123W,-0.832895535,0.0615245275167477
S,Y,123,-0.6510968,S123Y,-0.980110317,0.0531023460668994
L,A,124,-0.6307459,L124A,-2.470795157,0.0325943041214259
L,C,124,-0.628834,L124C,-2.939869991,0.0203903660121504
L,D,124,-0.6327223,L124D,-3.023318518,0.0187578806605855
L,E,124,-0.6386001,L124E,-2.310808164,0.0382492744533541
L,F,124,-0.6142539,L124F,-2.180415585,0.0435764646239451
L,G,124,-0.6122627,L124G,-2.494394247,0.0318341131474521
L,H,124,-0.6299499,L124H,-2.071669976,0.0485824733200171
L,I,124,-0.6226078,L124I,-2.038492516,0.050221353365869
L,K,124,-0.641346,L124K,-2.739139332,0.0249230551212087
L,M,124,-0.6256878,L124M,-2.734393023,0.0250416288654722
L,N,124,-0.6346828,L124N,-1.899690801,0.0576991269343413
L,P,124,-0.6325514,L124P,-2.402876894,0.0348849615836097
L,Q,124,-0.6431937,L124Q,-3.191360192,0.0158563839796766
L,R,124,-0.6150432,L124R,-3.029669985,0.0186391180827725
L,S,124,-0.6216159,L124S,-2.651593159,0.0272033326696585
L,T,124,-0.6256737,L124T,-3.198377811,0.0157454993821724
L,V,124,-0.6156802,L124V,-1.935294985,0.0556809374412257
L,W,124,-0.6295081,L124W,-2.616115287,0.0281857737851825
L,Y,124,-0.633927,L124Y,-2.686014677,0.0262828847976917
R,A,125,-0.6470706,R125A,-2.69933129,0.0216919876170094
R,C,125,-0.6500013,R125C,-2.691813504,0.0218556779534486
R,D,125,-0.6572184,R125D,-2.548818906,0.0252154123071296
R,E,125,-0.6593772,R125E,-1.532236782,0.0696886723184945
R,F,125,-0.6473209,R125F,-2.58046968,0.0244298225088475
R,G,125,-0.6386086,R125G,-2.630944878,0.0232273253104158
R,H,125,-0.6535998,R125H,-2.693603543,0.0218165904020244
R,I,125,-0.6364832,R125I,-2.091963344,0.0398176831789317
R,K,125,-0.6247043,R125K,-1.219164153,0.0953076853728047
R,L,125,-0.6510244,R125L,-2.224767825,0.034865806689412
R,M,125,-0.6489454,R125M,-1.917521824,0.0474061835551853
R,N,125,-0.6439587,R125N,-2.463453257,0.0274624904123869
R,P,125,-0.6551663,R125P,-2.862917773,0.0184185147108811
R,Q,125,-0.648898,R125Q,-2.078671894,0.040350450844639
R,S,125,-0.6508059,R125S,-2.326919642,0.0314800732133672
R,T,125,-0.6472577,R125T,-2.383783908,0.0297399263559805
R,V,125,-0.6324702,R125V,-1.909832495,0.0477721104374705
R,W,125,-0.6554645,R125W,-2.593440205,0.0241150008682987
R,Y,125,-0.6634624,R125Y,-2.28635642,0.0327832588469375
S,A,126,-0.6296172,S126A,-0.69029652,0.1156657290631911
S,C,126,-0.6456862,S126C,-2.60854136,0.0169871817097195
S,D,126,-0.6405626,S126D,-1.864149351,0.0357607656620169
S,E,126,-0.6504203,S126E,-2.203520119,0.0254694700074221
S,F,126,-0.6464976,S126F,-1.735699673,0.0406622877742686
S,G,126,-0.631031,S126G,-1.547631857,0.0490759417767283
S,H,126,-0.6375677,S126H,-2.18124524,0.0260431653713865
S,I,126,-0.6326469,S126I,-2.951077631,0.0120603417892665
S,K,126,-0.6327891,S126K,-1.268372849,0.0648857472658121
S,L,126,-0.6446136,S126L,-1.745109128,0.0402814721555567
S,M,126,-0.6259171,S126M,-1.638285784,0.0448227124300897
S,N,126,-0.6421971,S126N,-1.470008774,0.0530371191224316
S,P,126,-0.6338962,S126P,-2.418638309,0.0205397533383036
S,Q,126,-0.6364834,S126Q,-1.579996964,0.0475130218217506
S,R,126,-0.6334132,S126R,-1.346057255,0.0600359512464334
S,T,126,-0.6423726,S126T,-2.019178516,0.0306251678256135
S,V,126,-0.6341614,S126V,-2.916259406,0.0124876578509905
S,W,126,-0.6422219,S126W,-1.647112545,0.0444288139559318
S,Y,126,-0.6350472,S126Y,-2.075612144,0.0289447402053624
L,A,127,-0.6249506,L127A,-2.21941275,0.0316508596292245
L,C,127,-0.6285762,L127C,-2.369548508,0.0272384478687943
L,D,127,-0.6245672,L127D,-2.206861646,0.0320506164191546
L,E,127,-0.6360589,L127E,-2.29400177,0.0293759485721854
L,F,127,-0.6186935,L127F,-1.945504344,0.0416238695631675
L,G,127,-0.6274153,L127G,-2.406584707,0.0262480916356065
L,H,127,-0.6346265,L127H,-2.34466083,0.0279248559408361
L,I,127,-0.5692623,L127I,-1.073580159,0.0995438365145606
L,K,127,-0.6362627,L127K,-2.334416834,0.0282123883919008
L,M,127,-0.611593,L127M,-2.294046267,0.0293746414733038
L,N,127,-0.6270477,L127N,-1.962794668,0.0409103653288766
L,P,127,-0.6356002,L127P,-2.144556101,0.0341110705236626
L,Q,127,-0.6202759,L127Q,-2.605763326,0.0215077768372566
L,R,127,-0.616654,L127R,-2.965530025,0.0150089649058615
L,S,127,-0.6176083,L127S,-2.522724406,0.0233700091704276
L,T,127,-0.6239778,L127T,-2.02109769,0.0385933671154445
L,V,127,-0.6155567,L127V,-1.432589574,0.0695182047377747
L,W,127,-0.6279389,L127W,-1.492457632,0.0654784178406819
L,Y,127,-0.6273874,L127Y,-2.377995462,0.0270093348702186
V,A,128,-0.6000641,V128A,-2.113000228,0.0407146061637597
V,C,128,-0.6126299,V128C,-2.347069901,0.0322177377827178
V,D,128,-0.6102829,V128D,-1.984730234,0.0462868047200345
V,E,128,-0.6169884,V128E,-2.780142098,0.0208936398349972
V,F,128,-0.6314553,V128F,-2.565978094,0.0258835826872091
V,G,128,-0.6268836,V128G,-2.646526499,0.0238804577684223
V,H,128,-0.624504,V128H,-2.213839837,0.0368091798595434
V,I,128,-0.4845106,V128I,-1.662777474,0.0638674437745294
V,K,128,-0.6078458,V128K,-2.265177007,0.0349671861209828
V,L,128,-0.6160128,V128L,-1.516558333,0.0739233618986255
V,M,128,-0.6096232,V128M,-2.106438949,0.0409826244140855
V,N,128,-0.6117923,V128N,-2.576691886,0.0256077514949829
V,P,128,-0.6089193,V128P,-2.798459107,0.0205144144121373
V,Q,128,-0.6162205,V128Q,-2.189018769,0.0377342564641148
V,R,128,-0.6283677,V128R,-2.536844979,0.0266487440194904
V,S,128,-0.6152856,V128S,-2.915166938,0.0182546508709667
V,T,128,-0.6096055,V128T,-2.443546825,0.0292546989518444
V,W,128,-0.6147552,V128W,-2.358830199,0.0318410666882715
V,Y,128,-0.6163043,V128Y,-2.326577659,0.032884762761701
A,C,129,-0.6513796,A129C,-2.192714079,0.0348171318541377
A,D,129,-0.6403025,A129D,-2.361246574,0.0294171257215805
A,E,129,-0.6382017,A129E,-2.494274955,0.0257529345472395
A,F,129,-0.6501324,A129F,-2.07612644,0.039122479712782
A,G,129,-0.6350563,A129G,-1.203752849,0.0936037990809222
A,H,129,-0.6404389,A129H,-2.4147813,0.0278836994103822
A,I,129,-0.6397614,A129I,-2.033792214,0.0408142574278242
A,K,129,-0.6400458,A129K,-2.47651687,0.0262143422423984
A,L,129,-0.6381346,A129L,-2.384305816,0.0287465500691692
A,M,129,-0.6294513,A129M,-2.389704957,0.0285917615918443
A,N,129,-0.637548,A129N,-1.917844378,0.0458318530322161
A,P,129,-0.6410373,A129P,-2.520735403,0.0250804366097512
A,Q,129,-0.6305035,A129Q,-2.227139646,0.0336389285175917
A,R,129,-0.6322149,A129R,-2.608061281,0.0229831700217261
A,S,129,-0.6196373,A129S,-1.498364237,0.0697180705665365
A,T,129,-0.587074,A129T,-2.653109159,0.0219708002938808
A,V,129,-0.6129085,A129V,-2.251280773,0.0328365705270472
A,W,129,-0.6449769,A129W,-2.473943185,0.0262818966194788
A,Y,129,-0.6549552,A129Y,-2.194640421,0.0347501266802647
S,A,130,-0.6159851,S130A,-0.688855773,0.0428880489875858
S,C,130,-0.638806,S130C,-0.669702222,0.0437174249908968
S,D,130,-0.6358502,S130D,-0.712537781,0.0418843058567114
S,E,130,-0.6341469,S130E,0.0308935710020481,0.0880885600311746
S,F,130,-0.6271608,S130F,-0.51625757,0.050967666849246
S,G,130,-0.6184381,S130G,-0.684513028,0.043074705881077
S,H,130,-0.6318386,S130H,-0.668972036,0.0437493585190657
S,I,130,-0.6298411,S130I,-1.313081204,0.022974101862579
S,K,130,-0.6377076,S130K,-0.080383967,0.0788119883086186
S,L,130,-0.628487,S130L,-0.848980224,0.0365422350936777
S,M,130,-0.6337887,S130M,-0.509522703,0.0513120859052398
S,N,130,-0.6069728,S130N,-0.853905179,0.0363627086196844
S,P,130,-0.6280396,S130P,-1.853848191,0.0133778489642158
S,Q,130,-0.6290588,S130Q,0.2889802666586503,0.1140263308284306
S,R,130,-0.6236238,S130R,-0.824910941,0.0374324511754958
S,T,130,-0.596076,S130T,-0.321013465,0.0619566897426795
S,V,130,-0.6360882,S130V,-0.643339611,0.0448852566379486
S,W,130,-0.6359506,S130W,-0.919181663,0.0340648907936119
S,Y,130,-0.6302441,S130Y,-1.098438349,0.028474544549659
S,A,131,-0.6350271,S131A,-1.065056722,0.0589867411344522
S,C,131,-0.6453244,S131C,-2.275225023,0.0175867185999027
S,D,131,-0.644335,S131D,-1.981712371,0.0235860819125111
S,E,131,-0.6496842,S131E,-2.037512363,0.0223060238898507
S,F,131,-0.6373403,S131F,-1.152387334,0.0540539198659896
S,G,131,-0.6376217,S131G,-1.249462228,0.0490532847515487
S,H,131,-0.6546562,S131H,-1.774215569,0.0290248880421822
S,I,131,-0.6420324,S131I,-0.883219133,0.070749842372673
S,K,131,-0.6425893,S131K,-1.973853544,0.0237721711824712
S,L,131,-0.6537198,S131L,-0.676336778,0.0870108384360418
S,M,131,-0.651909,S131M,-0.946104216,0.0664377365481566
S,N,131,-0.6310577,S131N,-1.770638179,0.029128907346387
S,P,131,-0.6362061,S131P,-1.629245621,0.033552912285668
S,Q,131,-0.6446563,S131Q,-1.30818732,0.0462555773296429
S,R,131,-0.6513395,S131R,-2.157857511,0.0197768402129275
S,T,131,-0.6476334,S131T,-1.190260955,0.0520449847445393
S,V,131,-0.6565223,S131V,-1.101693283,0.0568647774813585
S,W,131,-0.6583179,S131W,-1.698230384,0.0313163047471965
S,Y,131,-0.648369,S131Y,-1.092835935,0.0573706859012978
G,A,132,-0.6443133,G132A,-2.037905899,0.0469163472102315
G,C,132,-0.647632,G132C,-1.947279562,0.0513668244520619
G,D,132,-0.645251,G132D,-2.786108709,0.022201572570591
G,E,132,-0.6507968,G132E,-2.540387688,0.0283856643622174
G,F,132,-0.6422642,G132F,-1.966127007,0.050407757213482
G,H,132,-0.6517136,G132H,-3.343599075,0.0127136016973237
G,I,132,-0.6563958,G132I,-2.64444457,0.0255804227168783
G,K,132,-0.6417433,G132K,-2.478540601,0.0301966608318446
G,L,132,-0.650941,G132L,-2.642266816,0.025636191314104
G,M,132,-0.6597238,G132M,-2.345728983,0.0344856401237726
G,N,132,-0.6477204,G132N,-2.603398045,0.0266522576373598
G,P,132,-0.6571994,G132P,-3.725979831,0.0086736639089513
G,Q,132,-0.6628953,G132Q,-2.369800183,0.0336654403298313
G,R,132,-0.6516857,G132R,-1.928738592,0.0523280993473866
G,S,132,-0.6417185,G132S,-2.580745914,0.027262878127825
G,T,132,-0.6614724,G132T,-2.584495118,0.0271608553752999
G,V,132,-0.6473134,G132V,-1.904536731,0.0536099863972922
G,W,132,-0.6598767,G132W,-2.265887079,0.037351943140666
G,Y,132,-0.658438,G132Y,-2.072002402,0.0453436279837429
T,A,133,-0.6362833,T133A,-1.064372439,0.0604135672281595
T,C,133,-0.6330016,T133C,-1.458613058,0.0407303291641299
T,D,133,-0.6327098,T133D,-1.635435976,0.034129087876749
T,E,133,-0.6230441,T133E,-1.171474856,0.0542775809121082
T,F,133,-0.6366098,T133F,-1.901728261,0.0261502215762048
T,G,133,-0.6292859,T133G,-1.550188468,0.0371661191130712
T,H,133,-0.6396751,T133H,-1.382947289,0.043931815765752
T,I,133,-0.6306287,T133I,-1.56869131,0.0364847630447179
T,K,133,-0.6237188,T133K,-1.211379701,0.0521542885975933
T,L,133,-0.6209811,T133L,-1.80171197,0.0289009362596713
T,M,133,-0.6355881,T133M,-1.541195006,0.0375018788354364
T,N,133,-0.6275531,T133N,-1.815446583,0.0285067064392342
T,P,133,-0.6331235,T133P,-2.219999436,0.0190218124645657
T,Q,133,-0.6334386,T133Q,-1.921079519,0.0256490465038427
T,R,133,-11.6689932,T133R,-1.498950658,0.0391200605463238
T,S,133,-0.6084897,T133S,-0.187848895,0.1451455950998275
T,V,133,-0.6131464,T133V,-1.502083741,0.0389976859386015
T,W,133,-0.6342382,T133W,-1.784715645,0.0293963442542367
T,Y,133,-0.6345403,T133Y,-1.311572443,0.0471820560398328
L,A,134,-0.6303855,L134A,-2.257425173,0.0287914195787759
L,C,134,-0.6406015,L134C,-2.154134702,0.0319243140910413
L,D,134,-0.6430812,L134D,-2.001139508,0.0372020235266064
L,E,134,-0.6345542,L134E,-2.306989917,0.0273991680597651
L,F,134,-11.754281,L134F,-1.375623997,0.0695383773079544
L,G,134,-0.6264573,L134G,-1.111424923,0.0905659123114279
L,H,134,-0.6452358,L134H,-2.329934301,0.0267776680241198
L,I,134,-0.6258435,L134I,-1.40689747,0.0673973239719262
L,K,134,-0.6374113,L134K,-2.294899327,0.0277324510268495
L,M,134,-0.6235444,L134M,-1.668340137,0.0518918944685428
L,N,134,-0.6350154,L134N,-1.751558997,0.047748312487976
L,P,134,-0.6387241,L134P,-2.383811431,0.0253731393235374
L,Q,134,-0.6472711,L134Q,-2.117352095,0.033120437374846
L,R,134,-0.6213129,L134R,-2.406639227,0.0248004872931555
L,S,134,-0.6398728,L134S,-2.667319194,0.0191094545381938
L,T,134,-0.6418066,L134T,-2.72949261,0.0179575343132101
L,V,134,-0.6177675,L134V,-1.969822414,0.0383855181942801
L,W,134,-0.6456312,L134W,-2.024714357,0.0363352483798896
L,Y,134,-0.6348709,L134Y,-2.493025369,0.0227479975860181
E,A,135,-0.6277377,E135A,-2.084100671,0.0425286939697222
E,C,135,-0.6357851,E135C,-2.334497548,0.0331082354663199
E,D,135,-0.6284258,E135D,-2.029198946,0.0449288774509079
E,F,135,-0.6105654,E135F,-1.945293102,0.0488613453236969
E,G,135,-0.6027487,E135G,-2.211371363,0.0374463138576845
E,H,135,-0.6255052,E135H,-3.046355713,0.0162472486078747
E,I,135,-0.6116848,E135I,-2.247507592,0.0361173022762374
E,K,135,-0.6004621,E135K,-2.065318559,0.0433350214343047
E,L,135,-0.615892,E135L,-2.201988286,0.037799329196028
E,M,135,-0.6179099,E135M,-2.834561031,0.0200798811895843
E,N,135,-0.605658,E135N,-2.441806723,0.0297394024382452
E,P,135,-0.6299955,E135P,-2.547538073,0.0267555374558597
E,Q,135,-0.6356706,E135Q,-1.952457681,0.0485125253560741
E,R,135,-0.614734,E135R,-2.594625384,0.0255248919432862
E,S,135,-0.6306625,E135S,-2.846764082,0.0198363342842912
E,T,135,-0.615871,E135T,-2.332846415,0.0331629467131968
E,V,135,-0.6009681,E135V,-1.943346386,0.0489565571936304
E,W,135,-0.6298464,E135W,-2.264330218,0.0355147963228982
E,Y,135,-0.6262203,E135Y,-2.442248562,0.0297262652898082
F,A,136,-3.4312473,F136A,-2.978425151,0.0174097055295885
F,C,136,-3.4582845,F136C,-2.413740201,0.0306218264622416
F,D,136,-3.3836722,F136D,-2.292371931,0.0345732874678433
F,E,136,-3.3908913,F136E,-2.191386995,0.0382470452508047
F,G,136,-3.3914206,F136G,-2.926485345,0.0183378581661532
F,H,136,-3.4235761,F136H,-1.915264182,0.0504099807054692
F,I,136,-3.3633658,F136I,-2.581674575,0.0258879757590562
F,K,136,-3.367742,F136K,-2.817121455,0.0204571329643833
F,L,136,-3.4173565,F136L,-2.453371312,0.0294319822336659
F,M,136,-3.4227299,F136M,-2.042222543,0.0443996149483222
F,N,136,-3.3508314,F136N,-2.893943197,0.0189444278082698
F,P,136,-2.842457,F136P,-2.444537499,0.0296931307037708
F,Q,136,-3.3772084,F136Q,-2.164500697,0.0392893155908234
F,R,136,-3.3660528,F136R,-2.748073482,0.0219195652218647
F,S,136,-3.4017384,F136S,-1.376330557,0.0864116835803368
F,T,136,-3.3874814,F136T,-2.125036579,0.0408708355519679
F,V,136,-3.4081833,F136V,-2.826947537,0.0202571037545827
F,W,136,-0.6477888,F136W,-2.162837382,0.0393547204835271
F,Y,136,-0.6414979,F136Y,-1.898486082,0.051262899758992
N,A,137,-0.5809289,N137A,0.0114410143830627,0.0356707108692464
N,C,137,-0.6023961,N137C,-2.39774045,0.003206389781641
N,D,137,-0.5209409,N137D,-0.191025598,0.0291327582192113
N,E,137,-0.5788631,N137E,1.111403771270758,0.1071567667588792
N,F,137,-2.506537,N137F,1.0132870300363668,0.0971422230120701
N,G,137,-0.5597062,N137G,-1.11597588,0.0115526222809625
N,H,137,-0.5772646,N137H,0.604179316516368,0.0645260072506943
N,I,137,-0.5749461,N137I,0.5502297055760548,0.0611370910114146
N,K,137,-0.4599469,N137K,0.2495362288048404,0.0452600706887641
N,L,137,-0.5960039,N137L,-0.779009038,0.0161816767724517
N,M,137,-0.5680233,N137M,0.247315032697672,0.0451596507412133
N,P,137,-0.5787294,N137P,-2.241986017,0.0037467938758904
N,Q,137,-0.5687337,N137Q,0.7488019020501739,0.0745664714734427
N,R,137,-0.5484857,N137R,-1.134202479,0.0113439644181033
N,S,137,-0.5530931,N137S,0.0377587813602096,0.0366219468894409
N,T,137,-0.5209052,N137T,1.149787854172737,0.1113498401955391
N,V,137,-0.5614382,N137V,0.7607214604165868,0.0754605891594954
N,W,137,-0.5914016,N137W,0.0955407305141413,0.0388003655108166
N,Y,137,-3.3585717,N137Y,1.0089221590886277,0.0967191337381652
N,A,138,-0.5803034,N138A,0.0063852853188945,0.065912740463396
N,C,138,-0.5982661,N138C,-2.264636409,0.0068026261806181
N,D,138,-0.4545049,N138D,-0.334313264,0.0468819688593344
N,E,138,-0.5422022,N138E,0.7823575796409323,0.1432088607389721
N,F,138,-2.2225134,N138F,-0.530747215,0.0385208304346214
N,G,138,-0.5649216,N138G,-1.063689019,0.0226069449643077
N,H,138,-0.6010761,N138H,0.4843757420123697,0.1063060573660528
N,I,138,-0.5768155,N138I,-0.776591489,0.030124982117308
N,K,138,-0.5304291,N138K,-1.154897689,0.0206362336488139
N,L,138,-0.5990269,N138L,-0.927866658,0.0258957684626144
N,M,138,-0.5714604,N138M,-0.772213062,0.0302571713863924
N,P,138,-4.1386223,N138P,-0.417334527,0.0431469555653262
N,Q,138,-0.5744636,N138Q,0.1010657643344852,0.0724583740394288
N,R,138,-0.5647298,N138R,-1.715813935,0.0117768040093032
N,S,138,-0.5563495,N138S,0.2248941905016486,0.0820099587477613
N,T,138,-0.542562,N138T,0.1398905257993994,0.0753268776870778
N,V,138,-0.5687955,N138V,-0.437034094,0.0423052964058025
N,W,138,-0.6001617,N138W,-1.542855738,0.0140004597395402
N,Y,138,-2.247588,N138Y,-0.150756832,0.056327879600188
E,A,139,-0.5992623,E139A,-2.734569444,0.026545929738915
E,C,139,-0.6233069,E139C,-3.089830309,0.0186084430448128
E,D,139,-0.5808343,E139D,-2.584275285,0.0308510455843548
E,F,139,-2.6911791,E139F,-2.784169127,0.0252613795421286
E,G,139,-0.5939099,E139G,-2.600618882,0.0303509263870395
E,H,139,-0.6158922,E139H,-2.433565351,0.0358692585920806
E,I,139,-3.579632,E139I,-2.767250997,0.0256923906729397
E,K,139,-3.3838287,E139K,-2.264978694,0.0424559608079773
E,L,139,-3.6267482,E139L,-2.428768197,0.0360417423846292
E,M,139,-3.635448,E139M,-2.062396089,0.0519899260556964
E,N,139,-0.6040939,E139N,-3.034751273,0.0196621303776261
E,P,139,-0.6297282,E139P,-2.193313576,0.0456102492858763
E,Q,139,-0.6314978,E139Q,-2.838950594,0.0239147455958786
E,R,139,-3.4900397,E139R,-2.611112149,0.0300341110083528
E,S,139,-0.6072623,E139S,-3.237524674,0.016053404648207
E,T,139,-0.6095504,E139T,-2.846795354,0.0237278740310078
E,V,139,-3.6547934,E139V,-2.448348962,0.0353428817265932
E,W,139,-0.6193636,E139W,-2.097948413,0.0501740338827659
E,Y,139,-0.6295921,E139Y,-2.881281319,0.0229235437982537
S,A,140,-0.5937309,S140A,0.1236729452047704,0.0681066116128688
S,C,140,-0.5980136,S140C,-1.449533225,0.0141238882269491
S,D,140,-3.0350515,S140D,0.0045934044425295,0.060460770663603
S,E,140,-2.5054972,S140E,0.4076362133481921,0.090471745696266
S,F,140,-2.6633355,S140F,0.2691283567280487,0.0787698040955969
S,G,140,-0.5951745,S140G,-0.698848524,0.0299207625271327
S,H,140,-0.6127147,S140H,0.1456841654895506,0.0696223418032669
S,I,140,-2.1237754,S140I,-0.377674033,0.0412531396025811
S,K,140,-0.5974622,S140K,-0.744745384,0.0285785307598577
S,L,140,-2.1708845,S140L,-0.631461413,0.0320065244623417
S,M,140,-2.2128951,S140M,-0.569167408,0.0340637508883993
S,N,140,-0.5497547,S140N,0.7676547069280599,0.1296782168188442
S,P,140,-0.6210292,S140P,-0.217647306,0.0484123034126636
S,Q,140,-3.2295479,S140Q,-0.666641813,0.0309000981509727
S,R,140,-0.600895,S140R,-0.856886451,0.0255468661764523
S,T,140,-0.5953664,S140T,-1.636379211,0.0117167733182405
S,V,140,-2.1851491,S140V,-0.175311538,0.0505058797799868
S,W,140,-0.6010666,S140W,-0.415167084,0.0397350695309732
S,Y,140,-0.623701,S140Y,-0.073063789,0.0559432357613795
F,A,141,-0.6258322,F141A,-3.303620003,0.0144705346241263
F,C,141,-0.2973543,F141C,-1.979719997,0.0543810093761275
F,D,141,-0.3022508,F141D,-2.939323426,0.0208303545409183
F,E,141,-0.3008421,F141E,-2.45029851,0.0339685935162138
F,G,141,-0.2995764,F141G,-3.104578299,0.0176574239695677
F,H,141,-0.2957112,F141H,-2.380973424,0.0364070152370824
F,I,141,-0.2954322,F141I,-2.118372898,0.0473403062247128
F,K,141,-0.2939902,F141K,-2.753155202,0.0250927655867417
F,L,141,-0.3057219,F141L,-2.020393496,0.0522135214822785
F,M,141,-0.291623,F141M,-2.400062852,0.0357186174470767
F,N,141,-0.2949995,F141N,-3.087120317,0.0179683936786368
F,P,141,-0.2995723,F141P,-3.298749903,0.0145411795206979
F,Q,141,-0.2974434,F141Q,-2.605742327,0.0290783092704324
F,R,141,-0.2977993,F141R,-2.627230137,0.0284601451470447
F,S,141,-0.5893453,F141S,-2.404347917,0.0355658882386294
F,T,141,-0.5957386,F141T,-2.547178482,0.0308321006143025
F,V,141,-0.2996029,F141V,-2.456476534,0.0337593815651067
F,W,141,-0.2976842,F141W,-2.060898216,0.0501408861370493
F,Y,141,-0.2997864,F141Y,-2.65011962,0.0278161058963167
N,A,142,-0.619879,N142A,-2.271497149,0.0255594430653877
N,C,142,-0.6346413,N142C,-2.890284517,0.0137662388804623
N,D,142,-0.5516386,N142D,-1.003045007,0.0908726670157772
N,E,142,-0.6239024,N142E,-1.241181218,0.0716163229126333
N,F,142,-0.6361784,N142F,-2.39727631,0.022538560142462
N,G,142,-0.6160994,N142G,-1.761518024,0.0425630335892696
N,H,142,-0.620127,N142H,-2.244574838,0.0262569091643388
N,I,142,-0.6337965,N142I,-1.455396883,0.0578068524783115
N,K,142,-0.6035679,N142K,-2.414063162,0.0221633664549413
N,L,142,-0.6287825,N142L,-2.144280637,0.0290269119463265
N,M,142,-0.6261595,N142M,-1.603551112,0.0498467384702196
N,P,142,-3.0428776,N142P,-2.859937653,0.0141904048549853
N,Q,142,-0.6257431,N142Q,-1.330124032,0.0655216220031815
N,R,142,-0.6331512,N142R,-2.294926042,0.0249675738649788
N,S,142,-0.5913303,N142S,-1.671313014,0.046580926312555
N,T,142,-0.6012889,N142T,-2.029851871,0.0325459260630206
N,V,142,-0.6084596,N142V,-2.184038189,0.0278955124584092
N,W,142,-0.6364981,N142W,-1.521566451,0.054105602764269
N,Y,142,-0.6383742,N142Y,-1.974315716,0.0344045345102658
W,A,143,-0.6593409,W143A,-2.65792503,0.0217303196562992
W,C,143,-0.6531622,W143C,-1.409742,0.0757086077402776
W,D,143,-0.6476343,W143D,-2.826118824,0.0183662478964191
W,E,143,-0.6611033,W143E,-2.904396623,0.0169834065628855
W,F,143,-0.6460883,W143F,-1.519817006,0.0678172672480008
W,G,143,-0.6409312,W143G,-2.742275097,0.0199725413482981
W,H,143,-3.5648296,W143H,-2.123374866,0.0370867164822867
W,I,143,-0.6597373,W143I,-1.706110315,0.0562903716923798
W,K,143,-0.6437766,W143K,-2.123226613,0.0370922150926104
W,L,143,-0.6553797,W143L,-2.170098951,0.035393732682244
W,M,143,-0.6554478,W143M,-1.721387211,0.0554369646878223
W,N,143,-0.643967,W143N,-2.579033987,0.0235140845119205
W,P,143,-3.6230683,W143P,-2.726638835,0.0202872917274338
W,Q,143,-0.6631132,W143Q,-2.306146377,0.0308916924149836
W,R,143,-0.6268194,W143R,-2.650356326,0.0218954140751571
W,S,143,-0.6438734,W143S,-3.034744568,0.0149078624611333
W,T,143,-0.6508127,W143T,-1.915456324,0.0456579366850581
W,V,143,-0.6370231,W143V,-2.140127055,0.0364706076332552
W,Y,143,-0.6642935,W143Y,-1.738844155,0.0544776026348145
T,A,144,-0.4384799,T144A,-1.255730375,0.0500573099023256
T,C,144,-0.5965122,T144C,-2.245919414,0.0185966074713493
T,D,144,-0.5935736,T144D,-1.392762696,0.0436470718015325
T,E,144,-0.5951116,T144E,-0.764057241,0.0818461903917165
T,F,144,-0.5934768,T144F,-1.48782353,0.0396890503409074
T,G,144,-0.5888649,T144G,-1.889991018,0.0265467605458827
T,H,144,-0.6016342,T144H,-0.983423461,0.0657247461821457
T,I,144,-0.5889043,T144I,-1.510093824,0.0388149328433027
T,K,144,-0.5891721,T144K,-1.690410712,0.0324106833303359
T,L,144,-0.6225272,T144L,-1.505341506,0.0389998328193995
T,M,144,-0.5936791,T144M,-1.127186268,0.0569237514317517
T,N,144,-0.5663785,T144N,-1.337965274,0.0461055637362012
T,P,144,-0.6007553,T144P,-1.238891352,0.0509073632115296
T,Q,144,-0.59752,T144Q,-1.319776972,0.0469518184714544
T,R,144,-0.5790587,T144R,-1.67681811,0.0328542366711561
T,S,144,-0.5791487,T144S,-1.507004485,0.0389350307845932
T,V,144,-0.5635325,T144V,-1.428982708,0.0420944614761593
T,W,144,-0.5905585,T144W,-1.662909213,0.033314395738243
T,Y,144,-0.5831054,T144Y,-1.48355266,0.0398589196363138
G,A,145,-0.6734396,G145A,-2.142489418,0.0262954651810684
G,C,145,-0.647409,G145C,-2.345430202,0.0214656853214062
G,D,145,-0.6640868,G145D,-1.34814493,0.0581916104904291
G,E,145,-0.6274583,G145E,-1.176066696,0.0691182949050652
G,F,145,-0.6490371,G145F,-0.867683877,0.0940853465916445
G,H,145,-0.6600956,G145H,-2.264434654,0.0232766616443902
G,I,145,-0.6521574,G145I,-2.838168443,0.0131144816764144
G,K,145,-0.6582202,G145K,-2.274508001,0.0230433646666641
G,L,145,-0.6516315,G145L,-2.869272221,0.0127128499481176
G,M,145,-0.6635424,G145M,-2.15862956,0.0258744591646523
G,N,145,-0.6373155,G145N,-0.970601034,0.084883959749234
G,P,145,-0.6505085,G145P,-2.29269124,0.0226281479114736
G,Q,145,-0.6501153,G145Q,-1.687759634,0.0414350201601043
G,R,145,-0.6533095,G145R,-1.713373059,0.040387203486332
G,S,145,-0.6380024,G145S,-1.809107951,0.0367000483485876
G,T,145,-0.6487666,G145T,-1.377115777,0.0565299362089246
G,V,145,-0.656272,G145V,-1.091837562,0.0751922826737191
G,W,145,-0.6499517,G145W,-2.231467266,0.0240568219816818
G,Y,145,-0.6582989,G145Y,-2.117733861,0.0269545486605148
V,A,146,-0.6670019,V146A,-1.887293729,0.0421831297727193
V,C,146,-0.6523952,V146C,-2.292760104,0.0281220475475664
V,D,146,-0.6374584,V146D,-2.149517902,0.0324531051617595
V,E,146,-0.6454372,V146E,-2.574781988,0.021211253767708
V,F,146,-0.6419043,V146F,-2.262035943,0.0289994844247624
V,G,146,-0.6444172,V146G,-2.157719348,0.0321880311662933
V,H,146,-0.6450971,V146H,-1.444909569,0.0656543997825289
V,I,146,-0.5888922,V146I,-1.695553412,0.0510987855898206
V,K,146,-0.6858944,V146K,-2.334891643,0.0269618344009764
V,L,146,-0.6435103,V146L,-2.107927322,0.0338313105499331
V,M,146,-0.645114,V146M,-1.954171985,0.0394542629173078
V,N,146,-0.6330125,V146N,-1.830919136,0.0446294957003033
V,P,146,-0.6375539,V146P,-3.000367474,0.0138591566401699
V,Q,146,-0.6306734,V146Q,-1.824651022,0.0449101170757475
V,R,146,-0.6441988,V146R,-2.040224249,0.0362011111515499
V,S,146,-0.6220347,V146S,-1.706313134,0.0505519240680423
V,T,146,-0.5890052,V146T,-2.191912717,0.0311060178449882
V,W,146,-0.6427516,V146W,-2.052576587,0.0357566931350631
V,Y,146,-0.6452329,V146Y,-1.49644251,0.0623567339606761
T,A,147,-0.539239,T147A,-1.006970091,0.0469174218696918
T,C,147,-0.6211983,T147C,-1.922152395,0.0187877761058848
T,D,147,-0.6176981,T147D,-1.460059679,0.0298235802754061
T,E,147,-0.6048812,T147E,-1.296234302,0.0351324355188635
T,F,147,-0.6142242,T147F,-1.990399168,0.0175483449655041
T,G,147,-0.6004769,T147G,-1.303021503,0.0348947919326661
T,H,147,-0.6147266,T147H,-1.120372213,0.0418874779796827
T,I,147,-0.6054129,T147I,-0.716287486,0.0627445507346972
T,K,147,-0.5364807,T147K,-1.574073349,0.026609961933974
T,L,147,-0.629925,T147L,-0.753070863,0.0604785254210984
T,M,147,-0.6226316,T147M,-0.96751513,0.0488055503862621
T,N,147,-0.5952626,T147N,-0.788733657,0.0583596980933562
T,P,147,-0.6233986,T147P,-1.72459624,0.0228914322386439
T,Q,147,-0.6326984,T147Q,0.3036216195935928,0.1739870621506281
T,R,147,-0.5976861,T147R,-1.787644537,0.0214927222164907
T,S,147,-0.6081827,T147S,-0.579131387,0.0719684517577957
T,V,147,-0.5777632,T147V,-0.895547338,0.052447457043479
T,W,147,-0.6237835,T147W,-1.519193145,0.0281111382864583
T,Y,147,-0.6163041,T147Y,-1.927648791,0.0186847942748318
Q,A,148,-0.6236216,Q148A,-2.164091681,0.0175560214859018
Q,C,148,-0.6153623,Q148C,-0.70115559,0.0758178326468898
Q,D,148,-0.5907622,Q148D,-1.855639259,0.0238993095241291
Q,E,148,-0.5887594,Q148E,0.7126787702261874,0.3117395253169276
Q,F,148,-0.6113875,Q148F,-2.10191118,0.0186823182926279
Q,G,148,-0.5966098,Q148G,-2.156205123,0.0176950255516827
Q,H,148,-0.6065546,Q148H,-1.771815604,0.0259889970270761
Q,I,148,-0.605955,Q148I,-1.39033944,0.0380594550471187
Q,K,148,-0.6139723,Q148K,-1.026464498,0.054763535709394
Q,L,148,-0.5855119,Q148L,-2.47873132,0.0128168043021511
Q,M,148,-0.6126509,Q148M,-1.900426634,0.022852537793767
Q,N,148,-0.5858202,Q148N,-1.931496141,0.0221534369953104
Q,P,148,-0.6186269,Q148P,-1.351438363,0.039569183881211
Q,R,148,-0.5761449,Q148R,-2.571538559,0.0116808392844786
Q,S,148,-0.6206504,Q148S,-1.906778299,0.0227078460747592
Q,T,148,-0.5855281,Q148T,-1.852336405,0.0239783760070809
Q,V,148,-0.6006201,Q148V,-0.879244357,0.06344952647582
Q,W,148,-0.6121976,Q148W,-1.847164459,0.0241027121735642
Q,Y,148,-0.60288,Q148Y,-2.052337788,0.0196318048840388
N,A,149,-0.631553,N149A,-2.513735576,0.0213637784592291
N,C,149,-0.6237133,N149C,-2.648234461,0.0186752280075401
N,D,149,-0.5140936,N149D,-0.136006872,0.2303099524087148
N,E,149,-0.5700057,N149E,-1.575148765,0.0546136574693797
N,F,149,-0.6257541,N149F,-2.13145453,0.0313112697114928
N,G,149,-0.6036522,N149G,-1.874081151,0.0405020074101727
N,H,149,-0.6171521,N149H,-2.086199454,0.0327608163470978
N,I,149,-0.6274144,N149I,-2.981250415,0.0133856304085901
N,K,149,-0.5972277,N149K,-2.378855819,0.0244486917729139
N,L,149,-0.6124323,N149L,-2.55518603,0.0204963417417303
N,M,149,-0.6275507,N149M,-1.857272685,0.0411885377784739
N,P,149,-0.6232654,N149P,-2.892292778,0.0146309547786419
N,Q,149,-0.6251839,N149Q,-2.163080452,0.0303365165806013
N,R,149,-0.6135225,N149R,-2.960690706,0.0136636838353092
N,S,149,-0.6140498,N149S,-1.890377802,0.0398473093533032
N,T,149,-0.5741359,N149T,-2.34899771,0.0251896911550075
N,V,149,-0.6115728,N149V,-2.823111571,0.0156789763253711
N,W,149,-0.6108674,N149W,-1.966422346,0.0369294863331663
N,Y,149,-0.6320891,N149Y,-2.147797378,0.0308037129678544
G,A,150,-0.6552478,G150A,-1.881042087,0.0380510827117817
G,C,150,-0.667715,G150C,-2.620767965,0.0181596731214481
G,D,150,-0.6583578,G150D,-2.406237421,0.0225049216086842
G,E,150,-0.6652506,G150E,-1.706054912,0.0453276288992956
G,F,150,-0.6637967,G150F,-2.174806443,0.0283652582062821
G,H,150,-0.6528258,G150H,-0.5085743,0.1501143778662698
G,I,150,-0.6686097,G150I,-2.089747821,0.0308835520012737
G,K,150,-0.6770622,G150K,-2.334020179,0.0241902896104528
G,L,150,-0.6383742,G150L,-1.68770327,0.0461671451915899
G,M,150,-0.6590128,G150M,-1.854636534,0.0390692260399759
G,N,150,-0.636514,G150N,-2.429936879,0.02197783741435
G,P,150,-0.6604448,G150P,-2.911922007,0.0135725469453044
G,Q,150,-0.652479,G150Q,-1.677483439,0.0466413849320029
G,R,150,-0.6513648,G150R,-2.179470206,0.0282332773167309
G,S,150,-0.6526795,G150S,-2.367194126,0.0234009667520327
G,T,150,-0.6294779,G150T,-1.082079045,0.0845964857041882
G,V,150,-0.6514478,G150V,-1.860700009,0.0388330474360604
G,W,150,-0.6567944,G150W,-2.239584903,0.0265860491375548
G,Y,150,-0.6658951,G150Y,-2.35461291,0.0236972393114323
T,A,151,-0.4794084,T151A,0.248173439082235,0.0938113627282622
T,C,151,-0.6135602,T151C,-1.45796657,0.0170328783584165
T,D,151,-0.5889026,T151D,-2.095753795,0.0090011986138575
T,E,151,-0.6021024,T151E,0.4035639868376761,0.1095823750067774
T,F,151,-0.6155434,T151F,-1.147949717,0.0232234491232826
T,G,151,-0.6100566,T151G,-1.3676562,0.0186427236597938
T,H,151,-0.6136391,T151H,-0.716020369,0.0357693723369651
T,I,151,-0.6063234,T151I,-1.148546993,0.0232095824539305
T,K,151,-0.5428011,T151K,-1.033127894,0.02604913014207
T,L,151,-0.5823467,T151L,-1.630375847,0.0143354588741728
T,M,151,-0.6011287,T151M,-0.818523693,0.0322845455906286
T,N,151,-0.562307,T151N,-0.019958011,0.0717476071051245
T,P,151,-0.6040861,T151P,-2.390145015,0.006705755234738
T,Q,151,-0.6031911,T151Q,-0.367252082,0.0506966774381355
T,R,151,-0.5813029,T151R,-1.984066015,0.0100648146635788
T,S,151,-0.5846817,T151S,-0.476305132,0.0454588400581491
T,V,151,-0.5712731,T151V,1.449889199214224,0.3119995736122339
T,W,151,-0.6203399,T151W,-1.977474195,0.0101313793285957
T,Y,151,-0.6160697,T151Y,-1.456413981,0.0170593439612421
S,A,152,-0.6466721,S152A,-1.822631479,0.0338614200856341
S,C,152,-0.6608817,S152C,-1.609754051,0.0418944684444626
S,D,152,-0.6553399,S152D,-1.673415681,0.0393105194887329
S,E,152,-0.6542275,S152E,-1.868760095,0.0323349175538507
S,F,152,-0.6572738,S152F,-1.953398139,0.0297107702347207
S,G,152,-0.6432277,S152G,-1.483283353,0.0475425227328643
S,H,152,-0.6461118,S152H,-2.092400944,0.0258550711856331
S,I,152,-0.6588274,S152I,-1.720671708,0.0374960695273023
S,K,152,-0.6607543,S152K,-1.807804197,0.0343672336859995
S,L,152,-0.6647401,S152L,-2.471487547,0.017697439664099
S,M,152,-0.6658314,S152M,-2.137531931,0.0247141450574922
S,N,152,-0.6369351,S152N,-1.074835672,0.0715268052730072
S,P,152,-0.6483558,S152P,-2.617845452,0.0152879048520455
S,Q,152,-0.6587323,S152Q,-1.217270892,0.0620311722327019
S,R,152,-0.6394701,S152R,-2.296965036,0.0210719459351051
S,T,152,-0.6279901,S152T,-0.135333465,0.1830161810387111
S,V,152,-0.6458935,S152V,-2.47046784,0.0177154950781428
S,W,152,-0.6507136,S152W,-1.846363736,0.0330672726526634
S,Y,152,-0.6504403,S152Y,-2.255683637,0.0219600303203366
S,A,153,-0.661107,S153A,-0.584422105,0.0953505299364115
S,C,153,-0.6659848,S153C,-2.330399049,0.0166362233933965
S,D,153,-0.6561156,S153D,-1.645610324,0.0329955093615269
S,E,153,-0.6732757,S153E,-1.25756066,0.048638783849811
S,F,153,-0.6544222,S153F,-0.868980507,0.0717366269192215
S,G,153,-0.6507854,S153G,-0.807991536,0.0762479426011988
S,H,153,-0.6707545,S153H,-1.096758855,0.0571239272238248
S,I,153,-0.6572658,S153I,-1.857297766,0.0267005445135484
S,K,153,-0.6470124,S153K,-1.629340855,0.0335367196109305
S,L,153,-0.6610688,S153L,-1.938160043,0.0246264643285344
S,M,153,-0.6578458,S153M,-1.46999058,0.0393301447147964
S,N,153,-0.6363527,S153N,-1.372617138,0.0433525155695272
S,P,153,-0.6580596,S153P,-1.821431421,0.0276755767277301
S,Q,153,-0.6565095,S153Q,-1.778450144,0.0288910428190922
S,R,153,-0.6425174,S153R,-1.817215744,0.0277924943349735
S,T,153,-0.614772,S153T,-1.133133943,0.055083376555028
S,V,153,-0.6554898,S153V,-1.301672278,0.0465398812665334
S,W,153,-0.6647025,S153W,-1.74426169,0.0298958619599495
S,Y,153,-0.6621915,S153Y,-1.296283214,0.0467913647500599
A,C,154,-0.6114378,A154C,-1.436993518,0.0197846539544916
A,D,154,-0.585664,A154D,-0.93189458,0.0327861353576796
A,E,154,-0.5914931,A154E,-1.894777365,0.0125174346492968
A,F,154,-0.5994471,A154F,-0.772965905,0.0384336909266321
A,G,154,-0.5818013,A154G,-0.934465469,0.032701954057075
A,H,154,-0.5890704,A154H,-0.272781057,0.0633781645119365
A,I,154,-0.5926965,A154I,-2.036179565,0.0108668853457348
A,K,154,-0.6117475,A154K,-1.866433964,0.0128772973761474
A,L,154,-0.5940595,A154L,0.2904436255947997,0.1113127875037149
A,M,154,-0.6116146,A154M,-0.701543911,0.0412791056192046
A,N,154,-0.6024015,A154N,-1.113471255,0.027342136875642
A,P,154,-0.5979931,A154P,-1.979936487,0.0114955873244794
A,Q,154,-0.5990376,A154Q,-0.381014426,0.0568767136190551
A,R,154,-0.5861751,A154R,-2.241344244,0.0088512193972979
A,S,154,-0.4802004,A154S,-0.678908111,0.0422241469778859
A,T,154,-0.5037513,A154T,0.5589153714263655,0.1455931242198147
A,V,154,-0.5797441,A154V,-1.940569114,0.0119571647298339
A,W,154,-0.6008472,A154W,0.006269348590838,0.0837779492456505
A,Y,154,-0.6037211,A154Y,0.606505834815046,0.1526894892937142
C,A,155,-0.6140253,C155A,-2.607160702,0.0236815755358994
C,D,155,-0.6426091,C155D,-2.707547217,0.0214196940763275
C,E,155,-0.6603991,C155E,-2.299318452,0.0322184640177588
C,F,155,-0.664602,C155F,-1.367906116,0.0817734180918532
C,G,155,-0.6518302,C155G,-2.390444141,0.0294123303483852
C,H,155,-0.6624356,C155H,-2.042781872,0.0416406292315057
C,I,155,-0.6492666,C155I,-2.035977734,0.0419249239711109
C,K,155,-0.6746025,C155K,-2.228037036,0.0345988741369171
C,L,155,-0.67305,C155L,-2.813218627,0.0192717312732487
C,M,155,-0.6609456,C155M,-2.626038961,0.0232387019357571
C,N,155,-0.6658041,C155N,-2.111759818,0.038865166706511
C,P,155,-0.6630305,C155P,-2.582610726,0.0242701531326099
C,Q,155,-0.662314,C155Q,-2.613744621,0.0235261700545079
C,R,155,-0.6523642,C155R,-2.566903244,0.0246543860394854
C,S,155,-0.6882534,C155S,-2.390888938,0.0293992507379522
C,T,155,-0.659186,C155T,-2.345255849,0.0307719109992347
C,V,155,-0.6716477,C155V,-2.098162403,0.0393972418338343
C,W,155,-0.6629796,C155W,-1.914775517,0.0473270843000072
C,Y,155,-0.6524867,C155Y,-1.502520267,0.0714743082588347
I,A,156,-0.5104471,I156A,-1.679761594,0.0277335120386874
I,C,156,-0.5505202,I156C,-1.25107284,0.0425776889558384
I,D,156,-0.533314,I156D,-1.50461325,0.0330423444662336
I,E,156,-0.52778,I156E,-1.449470118,0.034915576693907
I,F,156,-0.5381925,I156F,-1.813606253,0.02425922099889
I,G,156,-0.5264905,I156G,-1.707609137,0.0269718559497075
I,H,156,-0.5372676,I156H,-1.499030934,0.0332273131501267
I,K,156,-0.4116594,I156K,-1.925965091,0.0216810347896098
I,L,156,-0.5134374,I156L,-1.095341763,0.0497525388293362
I,M,156,-0.4430941,I156M,-0.69366687,0.0743464892505289
I,N,156,-0.5102666,I156N,-0.761879869,0.0694441924965319
I,P,156,-0.5338484,I156P,-0.653856552,0.0773659511750576
I,Q,156,-0.5198536,I156Q,-0.24236139,0.116750827175279
I,R,156,-0.4898983,I156R,-1.776655445,0.025172386379101
I,S,156,-0.5060726,I156S,-1.570686786,0.0309296833117228
I,T,156,-0.4778916,I156T,-0.992210264,0.0551575156165758
I,V,156,-0.4588402,I156V,-1.474520191,0.0340518026509384
I,W,156,-0.5414555,I156W,-1.298397711,0.0406096409490021
I,Y,156,-0.5320692,I156Y,-1.498644906,0.0332401422876872
R,A,157,-0.6544185,R157A,-1.672306867,0.0330044336449076
R,C,157,-0.658331,R157C,-1.65640146,0.0335335797231288
R,D,157,-0.6381847,R157D,-0.895320091,0.0717816480566162
R,E,157,-0.6234447,R157E,-1.906372315,0.0261167371061123
R,F,157,-0.6426128,R157F,-1.415088725,0.0426855355158501
R,G,157,-0.6323747,R157G,-2.196300098,0.0195436116951208
R,H,157,-0.6415405,R157H,-0.958565297,0.0673823847375028
R,I,157,-0.6245663,R157I,-2.046415068,0.0227038284996328
R,K,157,-0.5998323,R157K,-1.287920911,0.0484740187301059
R,L,157,-0.6730586,R157L,-1.832052902,0.0281316652225082
R,M,157,-0.6149305,R157M,-1.19751293,0.0530606689795827
R,N,157,-0.6112795,R157N,-1.128922309,0.0568278538433853
R,P,157,-0.6486087,R157P,-2.213344697,0.0192133213354061
R,Q,157,-0.6566562,R157Q,-1.192330752,0.0533363525504277
R,S,157,-0.6145228,R157S,-0.749268695,0.0830697203751821
R,T,157,-0.6194226,R157T,-1.584247125,0.0360426036148087
R,V,157,-0.6447491,R157V,-1.539162041,0.0377047759312655
R,W,157,-0.6550778,R157W,-1.26568923,0.0495637462035035
R,Y,157,-0.656558,R157Y,-1.429056384,0.0420934629041153
R,A,158,-0.5856706,R158A,0.514487345029738,0.0741319887096148
R,C,158,-0.620557,R158C,-1.370213246,0.0112587521118684
R,D,158,-0.5726537,R158D,1.1558649602601672,0.140783720378583
R,E,158,-0.5511657,R158E,0.7934585117193773,0.0979853850260595
R,F,158,-0.6057178,R158F,-0.77491861,0.0204184892450278
R,G,158,-0.5216466,R158G,0.4752556252455471,0.0712799734332277
R,H,158,-0.6026315,R158H,0.2666252537363864,0.0578576108276141
R,I,158,-0.5867566,R158I,-1.013696756,0.0160813875072038
R,K,158,-0.4318853,R158K,0.0728437825194432,0.0476652918191979
R,L,158,-0.5835524,R158L,-1.260017826,0.0125703554980917
R,M,158,-0.5887306,R158M,-0.173304321,0.0372650293659974
R,N,158,-0.5535575,R158N,1.2111530755080624,0.1487865805410905
R,P,158,-0.5953156,R158P,-1.950163125,0.0063040684700319
R,Q,158,-0.5972777,R158Q,0.9471611220955468,0.1142650740315902
R,S,158,-0.5573819,R158S,-0.457320126,0.0280514252933922
R,T,158,-0.5685403,R158T,-0.351111916,0.0311946838034251
R,V,158,-0.5630006,R158V,-1.837671831,0.0070546479083719
R,W,158,-0.6029301,R158W,-0.734086944,0.0212694657585333
R,Y,158,-0.6074481,R158Y,-1.352544018,0.0114594536454845
S,A,159,-0.580264,S159A,0.1252948193221312,0.0602925815459188
S,C,159,-0.6215644,S159C,-1.819221878,0.0086252278424298
S,D,159,-0.6161239,S159D,0.3989347292522902,0.0792691496894479
S,E,159,-0.6138014,S159E,0.1990493042460368,0.0649075251628176
S,F,159,-0.6000877,S159F,-0.80716653,0.0237301754920666
S,G,159,-0.5845618,S159G,1.8117330900906976,0.325592785492825
S,H,159,-0.6035597,S159H,-0.417451837,0.035039019889954
S,I,159,-0.5980474,S159I,-1.641918733,0.0102984635338478
S,K,159,-0.590747,S159K,-0.428696254,0.0346472332762797
S,L,159,-0.6105572,S159L,-1.266916134,0.0149842195297031
S,M,159,-0.5995512,S159M,-0.158023913,0.0454171725472668
S,N,159,-0.557536,S159N,0.0691925608428891,0.057003165554831
S,P,159,-0.6196711,S159P,-1.451130151,0.0124632394003625
S,Q,159,-0.6087125,S159Q,0.2381126214804085,0.067493202577052
S,R,159,-0.5846007,S159R,-1.527219146,0.0115501035873522
S,T,159,-0.576863,S159T,-0.397307141,0.0357520280475552
S,V,159,-0.5866607,S159V,-1.52134382,0.0116181640054064
S,W,159,-0.6285412,S159W,-0.329077254,0.0382765295041272
S,Y,159,-0.6047112,S159Y,-1.686677256,0.0098476824744793
K,A,160,-0.3589199,K160A,-0.886619724,0.035610552736355
K,C,160,-0.4018862,K160C,-1.445350612,0.020366897696475
K,D,160,-0.311139,K160D,-1.310203785,0.0233140879432063
K,E,160,-0.3480098,K160E,0.7136068166718779,0.1764202237958294
K,F,160,-0.399247,K160F,-1.16667537,0.0269123767359709
K,G,160,-0.3670396,K160G,-0.885987092,0.0356330882613982
K,H,160,-0.3878424,K160H,-0.306048674,0.0636381537968974
K,I,160,-0.3552615,K160I,-0.94955139,0.0334385803948489
K,L,160,-0.3931184,K160L,-1.673802327,0.0162072566080501
K,M,160,-0.3853137,K160M,-1.194983557,0.0261612179881048
K,N,160,-0.196494,K160N,-1.155814288,0.0272062674922611
K,P,160,-0.3898501,K160P,-2.417891275,0.0077011483256417
K,Q,160,-0.3736031,K160Q,0.7926910615258467,0.1909388144503387
K,R,160,-0.3455778,K160R,-0.789524559,0.0392415922163789
K,S,160,-0.3840001,K160S,-0.414898612,0.0570748313241012
K,T,160,-0.3518549,K160T,-0.51217177,0.0517844577553372
K,V,160,-0.3610907,K160V,-0.960712296,0.0330674503603018
K,W,160,-0.3905289,K160W,-1.848994601,0.0136026780356837
K,Y,160,-0.3883849,K160Y,-0.896608226,0.0352566271144653
N,A,161,-0.5204514,N161A,0.1800969198817097,0.0927479216495406
N,C,161,-0.5366549,N161C,-1.811719623,0.0126551983553358
N,D,161,-0.4790631,N161D,-1.237306081,0.0224767615515831
N,E,161,-0.5112748,N161E,-0.830918486,0.0337462634617942
N,F,161,-0.5120142,N161F,-1.241652751,0.0223792744611813
N,G,161,-0.5099232,N161G,-0.728937555,0.0373693428715701
N,H,161,-0.5276369,N161H,-0.643698829,0.0406943558606392
N,I,161,-0.5107886,N161I,-1.200095798,0.0233288841162139
N,K,161,-0.4208428,N161K,-1.290092433,0.0213210656007995
N,L,161,-0.5149666,N161L,-1.429241516,0.0185514216624168
N,M,161,-0.5115155,N161M,-1.816309978,0.0125972395841142
N,P,161,-0.5328292,N161P,1.3649841208555449,0.3033152121729888
N,Q,161,-0.5209245,N161Q,0.2787642506241607,0.1023657960663655
N,R,161,-0.4812029,N161R,-2.159991685,0.0089333876314195
N,S,161,-0.3908815,N161S,-0.403489692,0.0517434883985631
N,T,161,-0.477257,N161T,-0.564728797,0.0440382888646724
N,V,161,-0.4904892,N161V,-1.338057403,0.020322539404231
N,W,161,-0.5212628,N161W,-0.894169101,0.0316778932558901
N,Y,161,-0.529434,N161Y,-1.246385977,0.0222735985329312
S,A,162,-0.6051349,S162A,-2.134943603,0.0358441371147868
S,C,162,-0.6211335,S162C,-1.264733613,0.0855747416758672
S,D,162,-0.6197391,S162D,-1.779204983,0.051157991563182
S,E,162,-0.6031887,S162E,-2.277225186,0.0310903781809612
S,F,162,-0.6096816,S162F,-1.567825978,0.063199586558405
S,G,162,-0.5856314,S162G,-1.664830442,0.0573569074068166
S,H,162,-0.6095553,S162H,-2.718864222,0.0199905402365824
S,I,162,-0.6054596,S162I,-1.834801591,0.0483913993208877
S,K,162,-0.6126095,S162K,-2.474284944,0.0255295999337493
S,L,162,-0.6232081,S162L,-2.866800496,0.0172415612298889
S,M,162,-0.6156734,S162M,-1.998713815,0.0410754178652205
S,N,162,-0.5580156,S162N,-1.802421688,0.0499839526964294
S,P,162,-0.6083898,S162P,-3.468895306,0.0094425637909067
S,Q,162,-0.5993382,S162Q,-2.246094304,0.0320734722975961
S,R,162,-0.5968807,S162R,-2.562028345,0.0233850077760054
S,T,162,-0.5949296,S162T,-3.021999873,0.014762989595891
S,V,162,-0.590747,S162V,-2.019585084,0.0402270060948471
S,W,162,-0.6178304,S162W,-2.367799153,0.028398161025964
S,Y,162,-0.6104466,S162Y,-2.616011853,0.0221560720357389
F,A,163,-0.6681654,F163A,-2.778485788,0.0224039709638547
F,C,163,-0.6534755,F163C,-2.107408689,0.0438298694706136
F,D,163,-0.6434408,F163D,-2.543481008,0.0283391174385896
F,E,163,-0.6528082,F163E,-2.38127599,0.0333296757293283
F,G,163,-0.6507795,F163G,-2.533108383,0.0286345984028558
F,H,163,-0.6490809,F163H,-2.920440799,0.0194390346413865
F,I,163,-0.6312087,F163I,-1.919844511,0.0528723095558357
F,K,163,-0.6608281,F163K,-3.10186586,0.0162137229007438
F,L,163,-0.6709511,F163L,-2.319471952,0.0354545721475692
F,M,163,-0.6541303,F163M,-2.050469398,0.0463979296766617
F,N,163,-0.6245031,F163N,-2.537999627,0.0284948815094885
F,P,163,-0.6511079,F163P,-2.526929272,0.0288120826129695
F,Q,163,-0.6611221,F163Q,-2.591415845,0.027012730030684
F,R,163,-0.6343384,F163R,-3.025087313,0.01750762620329
F,S,163,-0.6523111,F163S,-1.938482894,0.0518959818503201
F,T,163,-0.644964,F163T,-3.020480557,0.0175884656730628
F,V,163,-0.6301601,F163V,-2.617255449,0.0263236723549077
F,W,163,-0.6599842,F163W,-1.858080283,0.0562408854776388
F,Y,163,-0.6494482,F163Y,-1.816562055,0.0586250586709289
F,A,164,-0.634063,F164A,-2.64197291,0.0271172933321007
F,C,164,-0.6720395,F164C,-2.741112377,0.0245578645137998
F,D,164,-0.6537674,F164D,-2.126857661,0.0453897837879821
F,E,164,-0.6628397,F164E,-2.596387263,0.0283820618036151
F,G,164,-0.657772,F164G,-2.662918024,0.0265552251846066
F,H,164,-0.6606387,F164H,-2.944318051,0.0200419260913225
F,I,164,-0.6666165,F164I,-3.056345956,0.0179178678601475
F,K,164,-0.6626262,F164K,-2.375192461,0.0354085101242915
F,L,164,-0.6701998,F164L,-2.929098365,0.020349291123468
F,M,164,-0.656162,F164M,-2.380875562,0.0352078506524887
F,N,164,-0.6393411,F164N,-3.051856063,0.0179984981029476
F,P,164,-0.6525195,F164P,-1.852692379,0.0597071863598278
F,Q,164,-0.6565603,F164Q,-2.744926083,0.0244643863720066
F,R,164,-0.6516779,F164R,-2.223595419,0.0412045740861713
F,S,164,-0.6410706,F164S,-2.542685061,0.0299479099890971
F,T,164,-0.657926,F164T,-3.179859093,0.0158359901817918
F,V,164,-0.6438447,F164V,-2.272767874,0.0392274518763327
F,W,164,-0.6638908,F164W,-2.457402974,0.0326140003053834
F,Y,164,-0.6585206,F164Y,-1.594171473,0.0773215988004843
S,A,165,-0.6460917,S165A,-1.461777302,0.0665541367315634
S,C,165,-0.6444214,S165C,-2.357925771,0.0271633059092585
S,D,165,-0.6503849,S165D,-1.723423097,0.0512322831100874
S,E,165,-0.6578394,S165E,-0.984961811,0.1072144731976805
S,F,165,-0.6493022,S165F,-2.232155694,0.0308037715821696
S,G,165,-0.6522526,S165G,-2.428855145,0.025303370669117
S,H,165,-0.6482012,S165H,-2.334967275,0.0277941487028551
S,I,165,-0.660627,S165I,-3.427580665,0.0093204547156421
S,K,165,-0.6459713,S165K,-2.304145663,0.0286641479863388
S,L,165,-0.6538526,S165L,-1.864180049,0.0445055046219045
S,M,165,-0.661448,S165M,-2.02281709,0.0379768134761474
S,N,165,-0.6299272,S165N,-1.982776778,0.0395282704575218
S,P,165,-0.6634142,S165P,-2.464610544,0.0244146216464234
S,Q,165,-0.6429362,S165Q,-2.007671251,0.0385563822758016
S,R,165,-0.6478888,S165R,-2.457206005,0.0245960717068501
S,T,165,-0.6417566,S165T,-1.917932683,0.0421763751672987
S,V,165,-0.6568278,S165V,-2.87660845,0.0161704270964977
S,W,165,-0.656685,S165W,-1.883667272,0.0436466116182609
S,Y,165,-0.666121,S165Y,-2.353287624,0.0272895859957677
R,A,166,-0.6419928,R166A,-2.042658888,0.0324327880901755
R,C,166,-0.6462231,R166C,-1.508467603,0.0553325477165311
R,D,166,-0.6527189,R166D,-2.276729064,0.0256642669008131
R,E,166,-0.6289192,R166E,-2.212094768,0.0273778406810127
R,F,166,-0.6364438,R166F,-2.453140365,0.0215136637204973
R,G,166,-0.6271839,R166G,-2.091187286,0.0308964557251112
R,H,166,-0.6367379,R166H,-1.548912005,0.0531393066098249
R,I,166,-0.6384444,R166I,-1.614181262,0.0497817087329125
R,K,166,-0.5398556,R166K,-1.452835631,0.0584980419684967
R,L,166,-0.6424462,R166L,-2.691323403,0.0169540220146403
R,M,166,-0.6542537,R166M,-1.870023759,0.0385441781022041
R,N,166,-0.624712,R166N,-1.254852475,0.0713057143668492
R,P,166,-0.6473413,R166P,-1.974848095,0.0347083642405053
R,Q,166,-0.645956,R166Q,-2.12161697,0.0299704465567191
R,S,166,-0.6371755,R166S,-2.384293748,0.0230469837425359
R,T,166,-0.6468571,R166T,-1.376147129,0.06316067001443
R,V,166,-0.6435369,R166V,-2.389638293,0.0229241366138022
R,W,166,-0.6490539,R166W,-1.460739815,0.0580374852014382
R,Y,166,-0.6381232,R166Y,-1.921252564,0.0366193302009912
L,A,167,-0.6396643,L167A,-2.121737932,0.0383108815933738
L,C,167,-0.6374165,L167C,-2.796768634,0.0195056275806075
L,D,167,-0.6477546,L167D,-2.071146143,0.0402989644621833
L,E,167,-0.6406903,L167E,-2.531424118,0.0254330027738981
L,F,167,-0.6351448,L167F,-1.861578978,0.0496944364583833
L,G,167,-0.6370742,L167G,-2.393143233,0.0292046688433012
L,H,167,-0.6393849,L167H,-2.427361972,0.0282222264090912
L,I,167,-0.625652,L167I,-1.772619824,0.0543178094464537
L,K,167,-0.6349929,L167K,-1.39478562,0.0792562613880176
L,M,167,-0.6298166,L167M,-2.106028865,0.0389174619205851
L,N,167,-0.6327352,L167N,-3.186949878,0.0132040226352234
L,P,167,-0.6430487,L167P,-3.353248099,0.0111810811932908
L,Q,167,-0.633295,L167Q,-2.430653629,0.02812948121682
L,R,167,-0.6361368,L167R,-2.473390447,0.0269526425502083
L,S,167,-0.6298255,L167S,-1.315180674,0.0858233722576554
L,T,167,-0.6283196,L167T,-2.497705754,0.0263051839858584
L,V,167,-0.6226159,L167V,-2.804631428,0.019352860130228
L,W,167,-0.6443038,L167W,-1.905006207,0.0475825333365054
L,Y,167,-0.6350002,L167Y,-2.845439569,0.0185790027249401
N,A,168,-0.6493851,N168A,-2.800510996,0.0225110824355733
N,C,168,-0.6487219,N168C,-2.45613036,0.0317657449284029
N,D,168,-0.6443113,N168D,-1.903905111,0.0551807349761428
N,E,168,-0.6433987,N168E,-1.865614786,0.0573345965312438
N,F,168,-0.6429134,N168F,-2.938645157,0.0196067425418033
N,G,168,-0.6356031,N168G,-3.058930993,0.0173846496491864
N,H,168,-0.6526936,N168H,-2.460952028,0.0316129496779007
N,I,168,-0.6468476,N168I,-3.004651016,0.0183543686635179
N,K,168,-0.6576556,N168K,-2.108418924,0.0449746966438971
N,L,168,-0.6518502,N168L,-3.269305588,0.0140864435229598
N,M,168,-0.6486795,N168M,-2.060793144,0.0471684777225521
N,P,168,-0.6410801,N168P,-2.884473203,0.0206981742364766
N,Q,168,-0.6414408,N168Q,-2.963842576,0.0191188752763456
N,R,168,-0.6452246,N168R,-2.233508079,0.0396864908915285
N,S,168,-0.6353073,N168S,-2.594061022,0.0276730162943519
N,T,168,-0.6309256,N168T,-2.103780872,0.0451837761334668
N,V,168,-0.6156476,N168V,-2.211377463,0.0405745681968729
N,W,168,-0.6450602,N168W,-2.315517943,0.0365616897760664
N,Y,168,-0.6596646,N168Y,-2.221977294,0.0401467559286184
W,A,169,-0.6457045,W169A,-2.964165371,0.0184447000742502
W,C,169,-0.6677215,W169C,-1.973284401,0.0496827793427901
W,D,169,-0.6505267,W169D,-2.821642771,0.0212700449287874
W,E,169,-0.6600552,W169E,-2.320185941,0.0351195079222759
W,F,169,-0.6530115,W169F,-2.187906522,0.0400863633882885
W,G,169,-0.6554873,W169G,-2.154419506,0.041451465477289
W,H,169,-0.6579963,W169H,-2.246112084,0.0378197190576084
W,I,169,-0.6614632,W169I,-1.938541974,0.0514392147760789
W,K,169,-0.6655141,W169K,-2.337198892,0.0345270750887586
W,L,169,-0.6622122,W169L,-2.043538914,0.0463121271905675
W,M,169,-0.6542688,W169M,-2.213190615,0.0390855218006868
W,N,169,-0.6392394,W169N,-2.687251573,0.0243295338846891
W,P,169,-0.6561176,W169P,-2.380857664,0.033052097109945
W,Q,169,-0.6502414,W169Q,-2.105766517,0.0435180692031956
W,R,169,-0.6409195,W169R,-2.37659449,0.0331933047688965
W,S,169,-0.6480264,W169S,-2.552526663,0.0278383888179843
W,T,169,-0.658688,W169T,-2.784837496,0.0220674800426578
W,V,169,-0.6277129,W169V,-2.945966562,0.0187834448414383
W,Y,169,-0.655461,W169Y,-2.678314587,0.0245479411788171
L,A,170,-0.6315516,L170A,-2.059032553,0.0352424764078336
L,C,170,-0.6367285,L170C,-2.882507223,0.0154680566947325
L,D,170,-0.6315149,L170D,-2.126645771,0.0329383895634052
L,E,170,-0.6431488,L170E,-1.835388576,0.0440751488658337
L,F,170,-0.6216898,L170F,-1.756384896,0.0476984929255041
L,G,170,-0.6224175,L170G,-2.513191899,0.0223783184198786
L,H,170,-0.6355615,L170H,-2.152020719,0.0321130945888908
L,I,170,-0.6292419,L170I,-1.035325243,0.0980972725877677
L,K,170,-0.64243,L170K,-2.707924878,0.0184185717025757
L,M,170,-0.6241544,L170M,-1.918123353,0.0405753731022054
L,N,170,-0.6183364,L170N,-1.943234299,0.0395691730355772
L,P,170,-0.6392549,L170P,-2.327451637,0.0269459471006079
L,Q,170,-0.620439,L170Q,-2.067727473,0.0349373741493824
L,R,170,-0.6324665,L170R,-2.637689865,0.0197587125804202
L,S,170,-0.6286374,L170S,-1.317351854,0.0739902197632166
L,T,170,-0.6276145,L170T,-2.794740963,0.0168869874687451
L,V,170,-0.6060853,L170V,-1.885257232,0.0419310850065053
L,W,170,-0.6340382,L170W,-1.528413414,0.0599116709923567
L,Y,170,-0.6429752,L170Y,-2.493667223,0.0228195413944195
T,A,171,-0.6105778,T171A,-2.402070354,0.0260599279560878
T,C,171,-0.6094436,T171C,-1.789896908,0.0480658732440347
T,D,171,-0.6091797,T171D,-1.767004625,0.0491789022906032
T,E,171,-0.590843,T171E,-1.973386567,0.0400081317903648
T,F,171,-0.6046443,T171F,-1.871321676,0.044307220007204
T,G,171,-0.5948952,T171G,-1.659015216,0.0547870661103983
T,H,171,-0.5963886,T171H,-1.797910436,0.0476822351185243
T,I,171,-0.5794618,T171I,-1.786416775,0.048233440308844
T,K,171,-0.5990498,T171K,-3.134125699,0.0125327228093557
T,L,171,-0.5988363,T171L,-2.841690841,0.0167899099559116
T,M,171,-0.6085348,T171M,-2.591822286,0.0215558403765112
T,N,171,-0.5889013,T171N,-2.923177053,0.0154760218129673
T,P,171,-0.6312199,T171P,-2.653000759,0.0202766158395527
T,Q,171,-0.6086026,T171Q,-1.569311251,0.0599288561078059
T,R,171,-0.5903181,T171R,-2.459740201,0.0245995693698483
T,S,171,-0.5983547,T171S,-0.884417315,0.1188725779153679
T,V,171,-0.5735338,T171V,-2.474652953,0.0242354437504619
T,W,171,-0.6161974,T171W,-2.533052659,0.0228606353011472
T,Y,171,-0.601504,T171Y,-2.847636768,0.0166903745258524
H,A,172,-0.6662217,H172A,-0.335692185,0.1050993520606437
H,C,172,-0.6508491,H172C,-1.466678342,0.033917115036886
H,D,172,-0.6465929,H172D,-1.809729511,0.0240676464142529
H,E,172,-0.6190557,H172E,-1.394809006,0.0364444474184148
H,F,172,-0.6444786,H172F,-1.615415482,0.0292296196973202
H,G,172,-0.638021,H172G,-0.583778399,0.0820082515761943
H,I,172,-0.647634,H172I,-1.960398396,0.0207013623734904
H,K,172,-0.6409822,H172K,-0.95471307,0.056592991120846
H,L,172,-0.6432052,H172L,-1.806795996,0.0241383529119519
H,M,172,-0.6354001,H172M,-0.819730308,0.0647716449971645
H,N,172,-0.6053503,H172N,-0.749161214,0.0695076650567425
H,P,172,-0.6526093,H172P,-0.928453154,0.058098803325911
H,Q,172,-0.6106358,H172Q,-1.023580813,0.0528267341099252
H,R,172,-0.6480964,H172R,-1.834031643,0.0234898009211121
H,S,172,-0.6410346,H172S,-0.623612815,0.0788057095341664
H,T,172,-0.6470844,H172T,-1.590046811,0.0299806222462937
H,V,172,-0.6246807,H172V,-1.814310609,0.0239576422914863
H,W,172,-0.6510561,H172W,-2.26361189,0.0152867409543905
H,Y,172,-0.6340471,H172Y,-1.810415893,0.0240511324812169
L,A,173,-0.5780157,L173A,0.1761588508395473,0.0657040173022479
L,C,173,-0.5731148,L173C,-1.609165618,0.0110213560049277
L,D,173,-0.5571134,L173D,0.5562691898016796,0.0960885783180477
L,E,173,-0.5672222,L173E,1.3346801704567888,0.2092817633039732
L,F,173,-0.5589731,L173F,-0.637356131,0.029126397591373
L,G,173,-0.5608819,L173G,-0.80465285,0.0246394326997786
L,H,173,-0.5730783,L173H,0.1785162762980006,0.0658590923660663
L,I,173,-0.5266711,L173I,-0.961585421,0.021060841751723
L,K,173,-0.5513186,L173K,-0.61753915,0.0297093521732715
L,M,173,-0.5336211,L173M,-0.286106606,0.0413840079043454
L,N,173,-0.5345399,L173N,0.0903571118976569,0.0603015806925779
L,P,173,-0.5702574,L173P,-1.017694372,0.0199116800518597
L,Q,173,-0.5669566,L173Q,0.1205514549184938,0.0621501148031712
L,R,173,-0.5478587,L173R,-1.414075041,0.0133955904670779
L,S,173,-0.4212852,L173S,0.5113730240312608,0.0918699772190624
L,T,173,-0.5585346,L173T,-0.506860237,0.0331864225434099
L,V,173,-0.5088601,L173V,-1.168590952,0.0171227816116275
L,W,173,-0.5697849,L173W,-1.167765355,0.0171369239806944
L,Y,173,-0.5713613,L173Y,-0.426641926,0.0359582724194864
N,A,174,-0.5087824,N174A,-2.426154532,0.0154345592844907
N,C,174,-0.5193459,N174C,-3.388794914,0.0058941932606204
N,D,174,-0.4815022,N174D,0.3536311501640001,0.248736821089287
N,E,174,-0.4989712,N174E,-0.718544394,0.0851334284546043
N,F,174,-0.4991914,N174F,-2.663112739,0.0121782396462831
N,G,174,-0.4806244,N174G,-0.384565477,0.1188900032837638
N,H,174,-0.5105026,N174H,-1.43783437,0.041468316286446
N,I,174,-0.4890077,N174I,-2.809543558,0.0105193853133049
N,K,174,-0.3396852,N174K,-1.92728974,0.0254184210735578
N,L,174,-0.5114335,N174L,-2.584366238,0.0131760038833844
N,M,174,-0.4924761,N174M,-2.159950649,0.020142119865851
N,P,174,-0.5116836,N174P,-1.955874462,0.0247021285877139
N,Q,174,-0.5167206,N174Q,-1.681284986,0.0325077652294828
N,R,174,-0.4459263,N174R,-2.28647741,0.0177482391971444
N,S,174,-0.4975824,N174S,-1.525341316,0.0379937892280633
N,T,174,-0.475482,N174T,-1.5901794,0.0356085081991542
N,V,174,-0.4928942,N174V,-2.214630833,0.0190703148005215
N,W,174,-0.518739,N174W,-1.622750201,0.0344673945882164
N,Y,174,-0.5174881,N174Y,-1.894571689,0.0262638170504881
F,A,175,-0.6167735,F175A,0.0445258969759634,0.033753350393749
F,C,175,-0.6145911,F175C,-1.791986744,0.005379338870568
F,D,175,-0.572362,F175D,0.1967473930664676,0.0393030145185988
F,E,175,-0.6036459,F175E,-0.405984638,0.0215110978258904
F,G,175,-0.5958641,F175G,2.363008384758025,0.3429423777677068
F,H,175,-0.6121508,F175H,0.93871651697547,0.0825389644682749
F,I,175,-0.613485,F175I,-2.296028236,0.0032495702916219
F,K,175,-0.5761053,F175K,0.0558789707289215,0.0341387383129929
F,L,175,-0.600457,F175L,-0.578321655,0.0181057917825292
F,M,175,-0.6261464,F175M,-0.332648062,0.0231479353049779
F,N,175,-0.6170652,F175N,1.2555815447006684,0.113310919362967
F,P,175,-0.6222501,F175P,-0.708537486,0.0158951807744193
F,Q,175,-0.6195725,F175Q,1.0022650172659526,0.0879544429060656
F,R,175,-0.6116065,F175R,-0.80681729,0.0144073155080844
F,S,175,-0.50572,F175S,0.3147621869274331,0.0442261411691714
F,T,175,-0.6039482,F175T,-0.134484673,0.0282210754549098
F,V,175,-0.5711674,F175V,-0.646653576,0.0169099112603854
F,W,175,-0.6378771,F175W,-0.756923438,0.0151443872415277
F,Y,175,-0.5162604,F175Y,-0.157570642,0.027577027201797
K,A,176,-0.5197999,K176A,-0.53736758,0.0347258233443976
K,C,176,-0.58884,K176C,-2.10458415,0.0072446693531381
K,D,176,-0.5287075,K176D,0.30989182594949,0.0810238187170282
K,E,176,-0.5514876,K176E,0.7689850538478025,0.1282313998361377
K,F,176,-0.5813069,K176F,-1.948835291,0.0084656347236325
K,G,176,-0.5508109,K176G,-0.576427708,0.0333955767830836
K,H,176,-0.5738762,K176H,-0.312229771,0.0434939333941357
K,I,176,-0.5590806,K176I,-1.609747308,0.0118829347617202
K,L,176,-0.5855307,K176L,-1.123588114,0.0193223573207506
K,M,176,-0.5486046,K176M,-0.602703616,0.0325295056551766
K,N,176,-0.554759,K176N,0.0484319058105704,0.0623824017686211
K,P,176,-0.5656584,K176P,-1.090563088,0.0199711329565056
K,Q,176,-0.5611236,K176Q,-0.026542456,0.0578763500304793
K,R,176,-0.4694793,K176R,-0.443747733,0.0381338932128072
K,S,176,-0.5537514,K176S,0.9537718455347024,0.1542574944297589
K,T,176,-0.4530882,K176T,0.934298260239149,0.1512826076266363
K,V,176,-0.5605602,K176V,-0.647655334,0.0310996265607588
K,W,176,-0.5766805,K176W,-1.70048474,0.0108521780975495
K,Y,176,-0.5688964,K176Y,-1.417930801,0.0143955621010884
Y,A,177,-0.625236,Y177A,-1.325422441,0.0224064749789534
Y,C,177,-0.6259837,Y177C,-1.554041472,0.0178272971874798
Y,D,177,-0.6242402,Y177D,-1.14416732,0.026859113172621
Y,E,177,-0.6129383,Y177E,-1.011310424,0.0306754332827082
Y,F,177,-0.5985071,Y177F,1.4224213322742232,0.3497414507678051
Y,G,177,-0.6205726,Y177G,-1.390571032,0.0209932583961321
Y,H,177,-0.6122525,Y177H,-0.660981277,0.0435448464278878
Y,I,177,-0.6166744,Y177I,-2.099935825,0.0103277667839016
Y,K,177,-0.6054926,Y177K,-1.832069145,0.0135001794715332
Y,L,177,-0.6239677,Y177L,-1.45159264,0.0197505180049574
Y,M,177,-0.608168,Y177M,-0.001123026,0.0842383028822153
Y,N,177,-0.6122407,Y177N,-1.65045088,0.0161888278874339
Y,P,177,-0.6358081,Y177P,-1.394382715,0.0209133910223341
Y,Q,177,-0.6216056,Y177Q,-1.389229163,0.0210214475176231
Y,R,177,-0.6087309,Y177R,-2.003876689,0.0113690562078231
Y,S,177,-0.6132,Y177S,-1.209487568,0.0251607414352656
Y,T,177,-0.6476544,Y177T,-1.277761081,0.0235002570510294
Y,V,177,-0.6309985,Y177V,-2.040983538,0.0109549172017464
Y,W,177,-0.6298735,Y177W,0.5535743680436531,0.1466937625150743
P,A,178,-0.6425195,P178A,-1.647564115,0.043618989471663
P,C,178,-0.6391238,P178C,-2.211451832,0.0248188812223772
P,D,178,-0.6528636,P178D,-0.981999312,0.0848646393010302
P,E,178,-0.6514806,P178E,-1.174448699,0.0700079002260774
P,F,178,-0.6577475,P178F,-2.035067541,0.0296063557576577
P,G,178,-0.6682046,P178G,-1.568130576,0.0472251292615801
P,H,178,-0.6496483,P178H,-1.94244303,0.0324796454811003
P,I,178,-0.641387,P178I,-2.00308662,0.0305684976746475
P,K,178,-0.6365049,P178K,-1.979092546,0.0313108309091531
P,L,178,-0.6696425,P178L,-2.680723449,0.0155231560013168
P,M,178,-0.6494555,P178M,-1.734508325,0.0399867585605987
P,N,178,-0.6555826,P178N,-1.540423061,0.0485519166242324
P,Q,178,-0.6586595,P178Q,-1.483997533,0.0513702499768909
P,R,178,-0.6539543,P178R,-2.797681422,0.0138097489987065
P,S,178,-0.6153282,P178S,-1.352048386,0.0586160401490116
P,T,178,-0.6697149,P178T,-1.421142641,0.0547027572427554
P,V,178,-0.6528602,P178V,-2.007621491,0.0304301872824276
P,W,178,-0.6585749,P178W,-1.698498944,0.0414528962829814
P,Y,178,-0.6400856,P178Y,-2.225005972,0.0244847520416198
A,C,179,-0.6282152,A179C,-1.526478097,0.0185756104738583
A,D,179,-0.6143255,A179D,-0.816746012,0.0377725184990425
A,E,179,-0.6188028,A179E,0.0436988885810047,0.0893022664526816
A,F,179,-0.6333722,A179F,-0.376259447,0.0586782115169703
A,G,179,-0.6193791,A179G,-1.509678332,0.0188903126064
A,H,179,-0.6156334,A179H,-0.65452628,0.0444249650156001
A,I,179,-0.6151629,A179I,-0.634262028,0.0453343871303918
A,K,179,-0.6045565,A179K,-2.216402509,0.0093177809858062
A,L,179,-0.6098899,A179L,-0.87774367,0.0355373458528416
A,M,179,-0.6218483,A179M,-0.418497343,0.0562513798177384
A,N,179,-0.641254,A179N,-1.027716927,0.0305880936741741
A,P,179,-0.636726,A179P,-0.045761309,0.0816601938086953
A,Q,179,-0.6394974,A179Q,-0.489469035,0.0523974992384348
A,R,179,-0.615838,A179R,-1.805696791,0.0140501151014858
A,S,179,-0.6086813,A179S,-0.236742527,0.0674634126221128
A,T,179,-0.5858507,A179T,0.0909338429423023,0.0936216656480548
A,V,179,-0.5865242,A179V,-0.638175482,0.0451573197493269
A,W,179,-0.6319602,A179W,-0.541415986,0.0497450969286714
A,Y,179,-0.6329728,A179Y,-0.262499725,0.0657479317105248
L,A,180,-0.6290264,L180A,-2.021212343,0.0101574268510458
L,C,180,-0.6477401,L180C,-2.221879361,0.0083106507124008
L,D,180,-0.6308499,L180D,-2.073803343,0.0096370408306196
L,E,180,-0.6343175,L180E,-1.467272254,0.0176749017836529
L,F,180,-0.6294837,L180F,-0.513887468,0.0458571343513097
L,G,180,-0.632581,L180G,-2.089623677,0.0094857791347068
L,H,180,-0.6365418,L180H,-0.796506367,0.0345674268457104
L,I,180,-0.6244457,L180I,-0.302372572,0.0566587099714554
L,K,180,-0.6565852,L180K,-2.126623033,0.0091412244957267
L,M,180,-0.6495729,L180M,-1.418591932,0.0185566089696401
L,N,180,-0.6156028,L180N,-1.073157129,0.0262131439888366
L,P,180,-0.6402332,L180P,-1.443544613,0.0180993008328184
L,Q,180,-0.6172038,L180Q,1.9773198902763764,0.5537638581216373
L,R,180,-0.6351904,L180R,-2.509321386,0.0062344819307782
L,S,180,-0.6339087,L180S,-1.828018905,0.0123221537209393
L,T,180,-0.6357692,L180T,-1.374804263,0.0193872124371056
L,V,180,-0.6287663,L180V,-1.037569509,0.0271628056384492
L,W,180,-0.6369347,L180W,-1.22963891,0.0224160925657563
L,Y,180,-0.6427459,L180Y,-1.46635555,0.0176911118800585
N,A,181,-0.6128053,N181A,-2.178916705,0.0267816737173859
N,C,181,-0.6157479,N181C,-2.209853081,0.0259658301752223
N,D,181,-0.6154625,N181D,-1.428780078,0.0567045617251028
N,E,181,-0.5609052,N181E,-0.792216131,0.1071702500274485
N,F,181,-0.6338253,N181F,-1.37102793,0.0600757832468184
N,G,181,-0.6157079,N181G,-1.780412395,0.0398938537352786
N,H,181,-0.6199829,N181H,-1.732407692,0.0418556579918138
N,I,181,-0.6313571,N181I,-1.95171189,0.0336133304531516
N,K,181,-0.6053637,N181K,-1.900399014,0.0353831464800339
N,L,181,-0.6198893,N181L,-2.170916204,0.0269968000287391
N,M,181,-0.6220667,N181M,-1.769357769,0.0403373120593483
N,P,181,-0.6249267,N181P,-2.227148495,0.0255206015121481
N,Q,181,-0.6339996,N181Q,-1.925199846,0.0345164071310441
N,R,181,-0.6071305,N181R,-2.802010433,0.0143625451491215
N,S,181,-0.6265133,N181S,-2.013042989,0.0316137328445643
N,T,181,-0.6150362,N181T,-1.871151681,0.0364332915689013
N,V,181,-0.6070496,N181V,-1.453807667,0.0553029950822205
N,W,181,-0.6162011,N181W,-1.744073824,0.041370201453982
N,Y,181,-0.6281526,N181Y,-2.08429477,0.0294395734873121
V,A,182,-0.6353225,V182A,-1.037804549,0.0939446001296357
V,C,182,-0.6390399,V182C,-2.106257981,0.032273666272178
V,D,182,-0.6527139,V182D,-2.695126387,0.0179104252174669
V,E,182,-0.657753,V182E,-1.602917819,0.0533883147603064
V,F,182,-0.6499445,V182F,-2.488533865,0.0220205384560315
V,G,182,-0.6324569,V182G,-2.248470091,0.0279953788314057
V,H,182,-0.6507327,V182H,-2.528445695,0.0211589658970767
V,I,182,-0.6065179,V182I,-1.376213163,0.0669734713160624
V,K,182,-0.6468331,V182K,-2.842336988,0.0154587048992072
V,L,182,-0.6419345,V182L,-1.475555079,0.0606399950152351
V,M,182,-0.6361562,V182M,-1.620244641,0.0524712327631448
V,N,182,-0.6311164,V182N,-2.397226374,0.0241258315318556
V,P,182,-0.6336283,V182P,-1.637983935,0.0515486372080769
V,Q,182,-0.6444711,V182Q,-2.25640609,0.027774086695939
V,R,182,-0.6365993,V182R,-2.359250024,0.0250596624641798
V,S,182,-0.640255,V182S,-2.489808264,0.0219924933581181
V,T,182,-0.6385379,V182T,-1.677270411,0.0495627374384208
V,W,182,-0.6464141,V182W,-1.774215116,0.0449834464127799
V,Y,182,-0.6446215,V182Y,-2.341398987,0.0255110202092861
T,A,183,-0.5548645,T183A,-1.441923599,0.0414790094767545
T,C,183,-0.6328576,T183C,-1.674317039,0.0328776797356923
T,D,183,-0.6247257,T183D,-2.131252224,0.0208188461069291
T,E,183,-0.6193449,T183E,-2.229621337,0.0188684172019651
T,F,183,-0.6334944,T183F,-1.306700156,0.0474848625581397
T,G,183,-0.6151163,T183G,-2.091490378,0.0216633199162477
T,H,183,-0.6180951,T183H,-1.896285963,0.0263330551614298
T,I,183,-0.6286463,T183I,-1.888776523,0.026531546097273
T,K,183,-0.6248032,T183K,-2.319968709,0.0172384448422083
T,L,183,-0.6218917,T183L,-2.296790328,0.0176426708705682
T,M,183,-0.620288,T183M,-1.707473324,0.0318054514687107
T,N,183,-0.620533,T183N,-1.871556107,0.0269923870646323
T,P,183,-0.6372149,T183P,-1.957834059,0.0247611744735154
T,Q,183,-0.6265414,T183Q,-2.163850408,0.0201511314609836
T,R,183,-0.6177186,T183R,-2.267147632,0.0181734758630978
T,S,183,-0.6163981,T183S,0.7078745204923964,0.3560196179117028
T,V,183,-0.6057668,T183V,-2.002563548,0.0236780242915731
T,W,183,-0.6299863,T183W,-1.912390276,0.0259123757229627
T,Y,183,-0.6368678,T183Y,-1.902837134,0.0261611066036691
M,A,184,-0.6320989,M184A,-2.488785992,0.0261137781137908
M,C,184,-0.6330083,M184C,-1.931726713,0.0455824381773056
M,D,184,-0.6357104,M184D,-2.492926635,0.0260058737960148
M,E,184,-0.6251372,M184E,-2.388074696,0.0288807246299029
M,F,184,-0.6345606,M184F,-2.238802767,0.033530195184148
M,G,184,-0.6295234,M184G,-2.903604835,0.0172471003259662
M,H,184,-0.6284955,M184H,-2.690478234,0.021344001599247
M,I,184,-0.5747003,M184I,-0.89689614,0.1282976851931528
M,K,184,-0.6212225,M184K,-2.303561484,0.0314276363657655
M,L,184,-0.617146,M184L,-2.395352927,0.028671287073888
M,N,184,-0.6501217,M184N,-3.009347423,0.0155164597410141
M,P,184,-0.6310695,M184P,-3.302627744,0.0115723755395533
M,Q,184,-0.6323758,M184Q,-0.997308307,0.116040707236887
M,R,184,-0.627634,M184R,-2.855093838,0.0181044009859941
M,S,184,-0.616149,M184S,-2.511526376,0.0255266417099199
M,T,184,-0.6046717,M184T,-2.285038481,0.0320151956339875
M,V,184,-0.5913375,M184V,-2.191842457,0.0351423411860731
M,W,184,-0.6380156,M184W,-2.975598244,0.0160490648075209
M,Y,184,-0.6341603,M184Y,-2.406670303,0.0283486324536086
P,A,185,-0.6602444,P185A,-1.705925289,0.0429938655370768
P,C,185,-0.6514107,P185C,-2.359645228,0.0223614230732701
P,D,185,-0.647262,P185D,-2.382508089,0.0218559767297057
P,E,185,-0.6517116,P185E,-1.321697298,0.0631356451380532
P,F,185,-0.6510304,P185F,-2.489899039,0.0196304791496466
P,G,185,-0.642697,P185G,-2.578882785,0.0179591480152324
P,H,185,-0.6610461,P185H,-1.773458384,0.0401862272983428
P,I,185,-0.6544409,P185I,-1.654611737,0.045257617894249
P,K,185,-0.642759,P185K,-1.663335585,0.0448645144281092
P,L,185,-0.6483656,P185L,-1.419338841,0.0572623849436795
P,M,185,-0.6699456,P185M,-1.927763248,0.0344400257323291
P,N,185,-0.6408671,P185N,-2.357034979,0.0224198682332936
P,Q,185,-0.6566578,P185Q,-1.613206154,0.0471708727665608
P,R,185,-0.6527264,P185R,-1.34151849,0.061896542021718
P,S,185,-0.6437585,P185S,-1.872308742,0.0364038285398899
P,T,185,-0.6428386,P185T,-1.848573486,0.0372782188479119
P,V,185,-0.6489445,P185V,-1.371372739,0.0600759779273355
P,W,185,-0.6609102,P185W,-1.304281586,0.0642448280933791
P,Y,185,-0.6672782,P185Y,-2.296552753,0.0238177188258364
N,A,186,-0.6744337,N186A,-2.495957733,0.0319084966858017
N,C,186,-0.666333,N186C,-2.588613845,0.0290848140988966
N,D,186,-0.6660199,N186D,-2.252879711,0.0406887002165645
N,E,186,-0.6697254,N186E,-2.350557339,0.0369022588630084
N,F,186,-0.6618322,N186F,-3.28232568,0.01453419293562
N,G,186,-0.6539482,N186G,-2.470034881,0.0327464705985884
N,H,186,-0.6630939,N186H,-3.263679162,0.0148077477114156
N,I,186,-0.6640686,N186I,-2.598988853,0.0287846187959613
N,K,186,-0.7082826,N186K,-2.116900597,0.0466153349456263
N,L,186,-0.6634921,N186L,-3.085234433,0.0177005440602409
N,M,186,-0.6624885,N186M,-2.065725656,0.0490629670610215
N,P,186,-0.6559834,N186P,-2.460637223,0.0330556613762751
N,Q,186,-0.6680941,N186Q,-2.569804125,0.0296370690990707
N,R,186,-0.6453118,N186R,-3.084426771,0.0177148458923213
N,S,186,-0.6549942,N186S,-2.157627544,0.0447549748002057
N,T,186,-0.6521032,N186T,-2.447492786,0.0334930277607931
N,V,186,-0.6540979,N186V,-2.649503799,0.0273666798749966
N,W,186,-0.6707933,N186W,-1.760241068,0.0665923134231963
N,Y,186,-0.6655566,N186Y,-3.10280446,0.0173922610433176
N,A,187,-0.6168392,N187A,-1.922962398,0.024256192080569
N,C,187,-0.6366248,N187C,-2.119068009,0.0199367792217117
N,D,187,-0.5825979,N187D,-1.420252293,0.0401002350679082
N,E,187,-0.6217044,N187E,-1.242123025,0.0479189721804304
N,F,187,-0.6329998,N187F,-1.765514886,0.0283923431181892
N,G,187,-0.6010069,N187G,-2.225728693,0.0179197863918019
N,H,187,-0.6332332,N187H,-0.822774533,0.0728833390855814
N,I,187,-0.6330453,N187I,-2.510612438,0.0134774990536099
N,K,187,-0.549437,N187K,-1.112376979,0.0545576301124203
N,L,187,-0.6226298,N187L,-0.964325286,0.0632635475169774
N,M,187,-0.6352999,N187M,-1.263299367,0.046914892310075
N,P,187,-0.6283604,N187P,-2.632426568,0.0119318027078379
N,Q,187,-0.6317958,N187Q,-0.961102058,0.0634677893286125
N,R,187,-0.6118562,N187R,-0.991870668,0.0615447103042406
N,S,187,-0.5819611,N187S,-1.470016302,0.0381535258525727
N,T,187,-0.617734,N187T,-0.882863509,0.068632836304126
N,V,187,-0.6120307,N187V,-1.695885349,0.0304397421148067
N,W,187,-0.6340621,N187W,-1.328050083,0.0439733789871738
N,Y,187,-0.6297127,N187Y,-0.653879138,0.0862936042365549
E,A,188,-0.6048318,E188A,-2.178829009,0.0238098549592092
E,C,188,-0.6171204,E188C,-2.227169588,0.0226862489628324
E,D,188,-0.5482219,E188D,-0.783735795,0.0960811453394126
E,F,188,-0.6209386,E188F,-2.180220867,0.0237767380400329
E,G,188,-0.5597189,E188G,-1.483983089,0.0477006821648169
E,H,188,-0.6089208,E188H,-1.892842544,0.0316926926442197
E,I,188,-0.6138537,E188I,-2.620073302,0.0153153415687402
E,K,188,-0.5871127,E188K,-1.458187866,0.0489471393721908
E,L,188,-0.6200084,E188L,-2.021027959,0.0278797517031507
E,M,188,-0.6162896,E188M,-1.436119486,0.0500393307804667
E,N,188,-0.6053009,E188N,-0.946083725,0.0816829385592281
E,P,188,-0.6064658,E188P,-2.69765615,0.0141720560487306
E,Q,188,-0.614332,E188Q,-1.080308496,0.0714230296590437
E,R,188,-0.6018386,E188R,-1.72224061,0.0375881229504206
E,S,188,-0.5910012,E188S,-1.904985658,0.0313101717167197
E,T,188,-0.6038551,E188T,-2.800270383,0.0127899260336248
E,V,188,-0.5927376,E188V,-1.074841073,0.0718145990685742
E,W,188,-0.6099505,E188W,-1.51006694,0.04647255123259
E,Y,188,-0.601339,E188Y,-1.809860079,0.0344348326001727
Q,A,189,-0.532779,Q189A,-0.032151863,0.057843519057382
Q,C,189,-0.5322746,Q189C,-0.70704907,0.0294544217575343
Q,D,189,-0.5233938,Q189D,-0.110175111,0.0535019528680542
Q,E,189,-0.4562667,Q189E,0.1184357678486867,0.0672440858598584
Q,F,189,-0.5334342,Q189F,-0.2577839,0.0461598021475537
Q,G,189,-0.5268949,Q189G,-0.414021273,0.0394830681877972
Q,H,189,-0.523536,Q189H,-0.29538144,0.0444565269019415
Q,I,189,-0.5574989,Q189I,-0.406555038,0.0397789613492883
Q,K,189,-0.4043644,Q189K,0.5471772374809611,0.1032414679432373
Q,L,189,-0.537284,Q189L,-0.274621541,0.0453890865259172
Q,M,189,-0.5464685,Q189M,-0.41656571,0.0393827337009047
Q,N,189,-0.5127912,Q189N,0.3037173797942207,0.0809321143724253
Q,P,189,-0.5473225,Q189P,0.0001777084700522,0.0597441330263776
Q,R,189,-0.4878214,Q189R,-0.774287087,0.0275390776917303
Q,S,189,-0.5432931,Q189S,-0.139480397,0.0519568134777965
Q,T,189,-0.5271348,Q189T,-0.200138842,0.0488988757916631
Q,V,189,-0.5203832,Q189V,-0.334992765,0.042729966000231
Q,W,189,-0.531277,Q189W,-0.703562313,0.0295573014466847
Q,Y,189,-0.5440249,Q189Y,-0.594216995,0.032972574964183
F,A,190,-0.6676854,F190A,-2.217758132,0.0264559188397559
F,C,190,-0.6644412,F190C,-2.104497354,0.0296286182172429
F,D,190,-0.6491497,F190D,-2.152823343,0.0282308321759578
F,E,190,-0.6649901,F190E,-1.779902902,0.0409902925612311
F,G,190,-0.6490528,F190G,-2.529747668,0.0193654438582573
F,H,190,-0.6604287,F190H,-0.625775196,0.1299907306218412
F,I,190,-0.6554878,F190I,-2.311422961,0.0240904390508861
F,K,190,-0.6779809,F190K,-2.705858777,0.0162384035201296
F,L,190,-0.6689059,F190L,-1.914517994,0.0358276572585791
F,M,190,-0.6627393,F190M,-1.920759648,0.0356047297951927
F,N,190,-0.6672981,F190N,-2.386418184,0.0223498539568078
F,P,190,-0.6567347,F190P,-2.527736214,0.0194044357721323
F,Q,190,-0.6531795,F190Q,-2.219184183,0.0264182182043978
F,R,190,-0.6476789,F190R,-2.528004976,0.0193992213090554
F,S,190,-0.6597249,F190S,-2.296911759,0.0244425691597002
F,T,190,-0.6606693,F190T,-1.718970303,0.0435656016159997
F,V,190,-0.6478282,F190V,-1.82527289,0.039172120108029
F,W,190,-0.670949,F190W,-1.544783893,0.0518551540109579
F,Y,190,-0.6593145,F190Y,-0.67354758,0.1239267614033352
D,A,191,-0.637514,D191A,-1.840718282,0.0299594903092961
D,C,191,-0.6255565,D191C,-1.82985457,0.0302867360154268
D,E,191,-0.6147002,D191E,-1.362125131,0.0483487043244313
D,F,191,-0.6256495,D191F,-1.549889139,0.040071901319621
D,G,191,-0.6326917,D191G,-2.114262014,0.0227895548197127
D,H,191,-0.6413571,D191H,-2.0450463,0.024422822716979
D,I,191,-0.6267871,D191I,-1.704892473,0.0343180686272142
D,K,191,-0.6357618,D191K,-1.885401172,0.0286502806923091
D,L,191,-0.6439517,D191L,-2.948619043,0.009894160233469
D,M,191,-0.6325413,D191M,-1.481429324,0.0429113004281731
D,N,191,-0.5742588,D191N,-1.220865974,0.0556843205147206
D,P,191,-0.6399123,D191P,-0.954531256,0.0726776106487103
D,Q,191,-0.6262518,D191Q,-1.618816861,0.0374028772493007
D,R,191,-0.6269035,D191R,-1.76604462,0.0322823238698839
D,S,191,-0.6326066,D191S,-1.190174018,0.0574198791357324
D,T,191,-0.6278764,D191T,-0.936242439,0.0740190273939453
D,V,191,-0.6287175,D191V,-1.080149998,0.0640980926637904
D,W,191,-0.6346468,D191W,-1.243063771,0.0544618691030563
D,Y,191,-0.6379474,D191Y,-1.298510952,0.0515243038103549
K,A,192,-0.6142439,K192A,-2.475085067,0.0314516678374176
K,C,192,-0.6155746,K192C,-2.894610864,0.0206750167320524
K,D,192,-0.5957617,K192D,-2.520031662,0.0300693206283416
K,E,192,-0.6103558,K192E,-2.131118827,0.0443635570631562
K,F,192,-0.6271856,K192F,-2.696202791,0.025212356465049
K,G,192,-0.6036295,K192G,-2.800747734,0.0227096336428773
K,H,192,-0.6238424,K192H,-2.692743376,0.0252997275325032
K,I,192,-0.6224974,K192I,-2.091849005,0.046140365613499
K,L,192,-0.628753,K192L,-2.729448189,0.0243879412544149
K,M,192,-0.6343893,K192M,-2.868293217,0.0212263579735169
K,N,192,-0.6112667,K192N,-1.707716242,0.0677497661678352
K,P,192,-0.631778,K192P,-2.075751862,0.0468891039434364
K,Q,192,-0.6201112,K192Q,-2.382930934,0.0344878184699031
K,R,192,-0.5654205,K192R,-2.057925622,0.0477324550954301
K,S,192,-0.6252678,K192S,-2.879750632,0.0209845465726673
K,T,192,-0.6301679,K192T,-2.357323842,0.0353823558256841
K,V,192,-0.604087,K192V,-2.791460556,0.0229215245522033
K,W,192,-0.6284227,K192W,-2.545497154,0.0293132579304008
K,Y,192,-0.6219779,K192Y,-2.546911723,0.0292718216109589
L,A,193,-0.6373175,L193A,-2.259488983,0.0364374128425196
L,C,193,-0.6486348,L193C,-2.515825075,0.0281982494394497
L,D,193,-0.6398398,L193D,-2.111307251,0.0422573304927837
L,E,193,-0.6350447,L193E,-2.703083114,0.0233828252047491
L,F,193,-0.6413989,L193F,-1.930707088,0.0506215838499179
L,G,193,-0.6371826,L193G,-2.286699914,0.0354592848575679
L,H,193,-0.652517,L193H,-2.54089585,0.0275000855597565
L,I,193,-0.6234081,L193I,-2.58964761,0.02619156304871
L,K,193,-0.6466194,L193K,-2.494274092,0.0288125452146702
L,M,193,-0.6386929,L193M,-1.63444264,0.0680772127273948
L,N,193,-0.6368257,L193N,-2.474372869,0.0293916940738467
L,P,193,-0.6365698,L193P,-2.816319464,0.020879449253057
L,Q,193,-0.6409797,L193Q,-2.953335406,0.0182059665724504
L,R,193,-0.6452483,L193R,-3.222947717,0.0139034483572699
L,S,193,-0.6426053,L193S,-2.063226204,0.0443387450085749
L,T,193,-0.6243992,L193T,-2.442701738,0.0303374602730975
L,V,193,-0.6419565,L193V,-2.426590133,0.0308302044064524
L,W,193,-0.6381275,L193W,-2.235208439,0.0373329614855178
L,Y,193,-0.6457377,L193Y,-1.780309012,0.0588373082398613
Y,A,194,-0.6409975,Y194A,-2.243382949,0.0360994732796606
Y,C,194,-0.654094,Y194C,-2.41215066,0.0304934075043164
Y,D,194,-0.6447295,Y194D,-2.346270536,0.0325699686862571
Y,E,194,-0.6516399,Y194E,-1.821218449,0.0550610665515385
Y,F,194,-0.6415013,Y194F,-1.901933131,0.0507914571111036
Y,G,194,-0.6380367,Y194G,-2.257821989,0.0355819764748011
Y,H,194,-0.6428713,Y194H,-1.977722048,0.0470842825195214
Y,I,194,-0.6413075,Y194I,-3.300116674,0.0125477834155914
Y,K,194,-0.6380488,Y194K,-2.413128105,0.0304636164182264
Y,L,194,-0.6546041,Y194L,-3.017741771,0.0166418254070658
Y,M,194,-0.6561837,Y194M,-2.45072195,0.0293396314188475
Y,N,194,-0.6437695,Y194N,-2.605360595,0.0251359855863467
Y,P,194,-0.6377923,Y194P,-2.871914476,0.0192545328439547
Y,Q,194,-0.6568892,Y194Q,-1.38968608,0.0847728480057609
Y,R,194,-0.647335,Y194R,-2.763969816,0.0214492830016964
Y,S,194,-0.6422687,Y194S,-2.166716896,0.038975932797219
Y,T,194,-0.6484121,Y194T,-3.484072037,0.0104394145720386
Y,V,194,-0.6521467,Y194V,-2.207314955,0.037425275004307
Y,W,194,-0.6503319,Y194W,-2.009123019,0.0456287619894087
I,A,195,-0.6340775,I195A,-2.194080633,0.0336061460082774
I,C,195,-0.6383677,I195C,-1.889551788,0.0455694661695545
I,D,195,-0.6398297,I195D,-2.573798316,0.0229884323352773
I,E,195,-0.6298615,I195E,-1.992134245,0.0411266121611711
I,F,195,-0.634956,I195F,-2.450758015,0.0259983090401544
I,G,195,-0.6246369,I195G,-2.178203237,0.0341439826818224
I,H,195,-0.6423958,I195H,-2.159722317,0.0347808620353973
I,K,195,-0.622064,I195K,-2.527716981,0.0240725575817845
I,L,195,-0.6395624,I195L,-1.535106484,0.0649542554978115
I,M,195,-0.6385734,I195M,-1.578164782,0.062216793488089
I,N,195,-0.6454334,I195N,-3.024462732,0.014648332159688
I,P,195,-0.6232026,I195P,-2.394801471,0.0274945571586443
I,Q,195,-0.6310216,I195Q,-2.559621529,0.0233166556684183
I,R,195,-0.6423061,I195R,-2.593522683,0.022539442441618
I,S,195,-0.6282229,I195S,-2.312630012,0.0298492451306725
I,T,195,-0.6196862,I195T,-2.34521983,0.0288921439330617
I,V,195,-0.5495895,I195V,-0.939344032,0.1178539070758269
I,W,195,-0.6328342,I195W,-2.41388237,0.0269749095377159
I,Y,195,-0.6295434,I195Y,-2.848452729,0.0174674054115178
W,A,196,-0.663568,W196A,-2.405542461,0.0380449946111701
W,C,196,-0.6755881,W196C,-2.083738069,0.0524874447228751
W,D,196,-0.663228,W196D,-2.463776608,0.0358927514549448
W,E,196,-0.6613813,W196E,-2.646489208,0.0298989304869252
W,F,196,-0.6649915,W196F,-2.2072805,0.0463875700448136
W,G,196,-0.6607771,W196G,-2.231970919,0.0452562649487774
W,H,196,-0.6640797,W196H,-2.872438675,0.0238521213291927
W,I,196,-0.6574474,W196I,-3.239457058,0.0165246728644503
W,K,196,-0.6665959,W196K,-2.900402993,0.0231943526245481
W,L,196,-0.6602695,W196L,-2.612828433,0.0309224821010303
W,M,196,-0.6607171,W196M,-2.516816615,0.034038605732014
W,N,196,-0.6688352,W196N,-2.783958376,0.0260587470812826
W,P,196,-0.6588926,W196P,-2.467788908,0.0357490274532166
W,Q,196,-0.6648022,W196Q,-2.422205964,0.0374162844027712
W,R,196,-0.655765,W196R,-2.734547767,0.0273786666331697
W,S,196,-0.6405297,W196S,-3.274162901,0.0159610076233011
W,T,196,-0.6685624,W196T,-3.302567884,0.0155140136730643
W,V,196,-0.6503492,W196V,-3.207120727,0.0170677537749818
W,Y,196,-0.6756141,W196Y,-2.761646968,0.0266466891768265
G,A,197,-0.670667,G197A,-3.019050529,0.0197486247802548
G,C,197,-0.656154,G197C,-2.873218985,0.0228491854748069
G,D,197,-0.662,G197D,-2.199818328,0.0448048477520989
G,E,197,-0.6480182,G197E,-2.161192629,0.0465693243992723
G,F,197,-0.6410922,G197F,-2.784653702,0.0249651484667059
G,H,197,-0.6628854,G197H,-3.121111409,0.0178325051379049
G,I,197,-0.6458628,G197I,-3.376188138,0.0138176399276385
G,K,197,-0.6516249,G197K,-2.560359353,0.0312423710564108
G,L,197,-0.6665142,G197L,-2.852650132,0.0233240340290871
G,M,197,-0.6492684,G197M,-2.529884812,0.0322091241203421
G,N,197,-0.6395617,G197N,-2.60187997,0.0299717295742508
G,P,197,-0.6431443,G197P,-2.792432357,0.0247717064370177
G,Q,197,-0.6563631,G197Q,-2.97292627,0.02068084974572
G,R,197,-0.6506815,G197R,-1.469550049,0.0929986276539445
G,S,197,-0.640445,G197S,-3.142118714,0.0174617994566176
G,T,197,-0.6568102,G197T,-2.972313755,0.0206935209726649
G,V,197,-0.6365848,G197V,-2.323774599,0.0395814288917888
G,W,197,-0.6647849,G197W,-2.130818199,0.0480055431131006
G,Y,197,-0.6499922,G197Y,-2.81656694,0.0241810081844795
V,A,198,-0.61781,V198A,-1.459411017,0.0694009652531117
V,C,198,-0.6171754,V198C,-2.279527208,0.0305628250490636
V,D,198,-0.6163375,V198D,-2.395118679,0.0272265579313359
V,E,198,-0.6266806,V198E,-1.628162031,0.0586243263545187
V,F,198,-0.6174727,V198F,-1.715417507,0.0537258489584584
V,G,198,-0.6173367,V198G,-2.361411775,0.0281599232874361
V,H,198,-0.6302132,V198H,-2.619277461,0.0217591425605841
V,I,198,-0.5408085,V198I,-1.556810866,0.0629600823985535
V,K,198,-0.6158126,V198K,-2.517713703,0.0240852066272094
V,L,198,-0.6196788,V198L,-1.785637558,0.0500826269245345
V,M,198,-0.6170585,V198M,-1.554018422,0.0631361406395065
V,N,198,-0.6077804,V198N,-2.311305306,0.0296068659883405
V,P,198,-0.618232,V198P,-2.978127759,0.0151982991016721
V,Q,198,-0.6185793,V198Q,-2.629972456,0.0215276685573451
V,R,198,-0.6294846,V198R,-2.931018407,0.0159314143171071
V,S,198,-0.6152094,V198S,-2.790784324,0.0183297801455419
V,T,198,-0.6270038,V198T,-2.294792187,0.0300998268345426
V,W,198,-0.6298286,V198W,-2.234174553,0.0319808431488668
V,Y,198,-0.6319441,V198Y,-1.808720074,0.0489398336618271
L,A,199,-0.2964534,L199A,-2.192343781,0.0112454554391678
L,C,199,-0.3013608,L199C,-0.8789009,0.0418213768509828
L,D,199,-0.3039159,L199D,-0.873192858,0.0420607777057141
L,E,199,-0.2923832,L199E,-1.070026304,0.0345456681437782
L,F,199,-0.297156,L199F,0.6700713250813937,0.1968377982253567
L,G,199,-0.2956503,L199G,-2.213033596,0.0110151792392649
L,H,199,-0.1186656,L199H,0.3380498182743381,0.141225584715869
L,I,199,-0.294029,L199I,-0.778657399,0.0462310264238782
L,K,199,-0.2978868,L199K,-1.149454469,0.0319079110162916
L,M,199,-0.3005147,L199M,0.2532781900526868,0.129747060804587
L,N,199,-0.28438,L199N,-1.584664185,0.0206485290960551
L,P,199,-0.2973263,L199P,-2.437124441,0.0088037976442136
L,Q,199,-0.2957133,L199Q,-1.760141554,0.0173252785886075
L,R,199,-0.2955679,L199R,-1.97154948,0.014023837534643
L,S,199,-0.2906556,L199S,-1.640564906,0.0195259302417412
L,T,199,-0.30204,L199T,-2.324895464,0.0098494171070895
L,V,199,-0.290285,L199V,-0.858467394,0.0426847249908649
L,W,199,-0.294933,L199W,-0.568105189,0.0570657088979678
L,Y,199,-0.2917792,L199Y,-1.489127148,0.0227185362947155
H,A,200,-0.6708403,H200A,-2.129747912,0.0240760703672152
H,C,200,-0.6665956,H200C,-2.713192625,0.0134337926917005
H,D,200,-0.6678917,H200D,-1.915254131,0.0298358973526747
H,E,200,-0.6578267,H200E,-0.76572615,0.0941830743892985
H,F,200,-0.6732608,H200F,-1.437422686,0.0481125881151764
H,G,200,-0.6503205,H200G,-2.736401089,0.0131256048781178
H,I,200,-0.6732566,H200I,-1.819611535,0.0328303996310609
H,K,200,-0.6464601,H200K,-1.860202623,0.0315244616189449
H,L,200,-0.6587398,H200L,-1.905378498,0.0301320055493756
H,M,200,-0.6651219,H200M,-0.986846811,0.0754990294256363
H,N,200,-0.6540116,H200N,-0.51279363,0.1212886245372772
H,P,200,-0.6595422,H200P,-2.195802528,0.0225371210068292
H,Q,200,-0.6638154,H200Q,-1.07395062,0.0692010460747937
H,R,200,-0.6532892,H200R,-2.536571674,0.0160289176858885
H,S,200,-0.6669468,H200S,-1.725384147,0.0360743584140572
H,T,200,-0.6368742,H200T,-1.525779871,0.0440438904155293
H,V,200,-0.6548389,H200V,-2.042410054,0.0262733813219265
H,W,200,-0.659781,H200W,-2.272038279,0.0208828445354795
H,Y,200,-0.655603,H200Y,-1.432066943,0.0483709581043282
P,A,201,-0.6418915,P201A,-1.479641079,0.0831031804120791
P,C,201,-0.6522813,P201C,-3.066659647,0.0169974602697888
P,D,201,-0.6378457,P201D,-2.403219286,0.0329999017485972
P,E,201,-0.6486709,P201E,-2.393067826,0.033336605127566
P,F,201,-0.6473039,P201F,-2.573147632,0.0278428494643484
P,G,201,-0.640266,P201G,-2.589265657,0.0273976748699826
P,H,201,-0.6626894,P201H,-2.809533833,0.0219812514860387
P,I,201,-0.6366781,P201I,-3.142755325,0.0157520137227392
P,K,201,-0.6432304,P201K,-2.480504793,0.0305455512440665
P,L,201,-0.6486309,P201L,-2.249258303,0.0384925844021484
P,M,201,-0.6548275,P201M,-2.509839538,0.029662520037051
P,N,201,-0.6244338,P201N,-2.53093308,0.0290433850565046
P,Q,201,-0.6321435,P201Q,-2.080858935,0.0455524777488625
P,R,201,-0.6390625,P201R,-3.058057278,0.0171443095063287
P,S,201,-0.6294093,P201S,-2.360215264,0.0344499869360798
P,T,201,-0.627494,P201T,-1.840093687,0.0579528827112936
P,V,201,-0.6416994,P201V,-2.203781582,0.0402835155919591
P,W,201,-0.6518316,P201W,-2.693885377,0.02467617961369
P,Y,201,-0.6524439,P201Y,-2.572930863,0.027848885572131
G,A,202,-0.5563934,G202A,1.6821048692314136,0.3203246530072144
G,C,202,-0.6206623,G202C,-0.188202901,0.049354407893331
G,D,202,-0.5828294,G202D,-1.727955963,0.010583257554821
G,E,202,-0.6292481,G202E,-0.24713198,0.0465300336420028
G,F,202,-0.6293831,G202F,-1.953185312,0.0084489627999079
G,H,202,-0.6175176,G202H,-0.815597489,0.0263543228199269
G,I,202,-0.6255994,G202I,-1.09409081,0.0199481991914314
G,K,202,-0.6153942,G202K,-0.600171442,0.0326896474619455
G,L,202,-0.6372841,G202L,-2.140768016,0.0070038551981038
G,M,202,-0.6272098,G202M,-0.314722744,0.0434889642200247
G,N,202,-0.6051047,G202N,0.3275936223356592,0.0826672641836264
G,P,202,-0.6362573,G202P,-0.540055718,0.034715080101722
G,Q,202,-0.6266974,G202Q,-1.406427938,0.0145967888312258
G,R,202,-0.6132429,G202R,-1.892888858,0.0089740781150913
G,S,202,-0.5619036,G202S,0.8459092372884149,0.1388146165909545
G,T,202,-0.5943639,G202T,-0.943445652,0.0231914598472772
G,V,202,-0.603945,G202V,-0.42672059,0.0388811414137192
G,W,202,-0.6333606,G202W,-1.116113007,0.0195136976842194
G,Y,202,-0.6206873,G202Y,-1.423833106,0.0143449272922322
T,A,203,-0.5737066,T203A,-0.617926966,0.0537615934169556
T,C,203,-0.6318395,T203C,-2.100646389,0.0122049215859686
T,D,203,-0.6389335,T203D,-0.393718406,0.0672736031398212
T,E,203,-0.6250056,T203E,0.0557282853400162,0.1054476559603599
T,F,203,-0.6331686,T203F,-0.586153053,0.0554972380047895
T,G,203,-0.6162164,T203G,-0.999450001,0.036709523373253
T,H,203,-0.6389472,T203H,-1.166902996,0.0310495144155929
T,I,203,-0.6257048,T203I,-1.21437438,0.0296099889700961
T,K,203,-0.6346984,T203K,-1.341609443,0.0260723837507364
T,L,203,-0.6395401,T203L,-1.51220496,0.0219832559958739
T,M,203,-0.6336004,T203M,-1.313738712,0.0268092613853866
T,N,203,-0.6221677,T203N,-0.287217196,0.0748337627930047
T,P,203,-0.6371428,T203P,-2.444526594,0.008653455640468
T,Q,203,-0.6311006,T203Q,-1.025999802,0.0357477169380337
T,R,203,-0.6223578,T203R,-1.753645991,0.0172677382143413
T,S,203,-0.6223161,T203S,0.6861110198107028,0.1980654351341844
T,V,203,-0.6218305,T203V,-1.248683171,0.0286113349734675
T,W,203,-0.6381356,T203W,-1.0591895,0.0345807337218591
T,Y,203,-0.6337059,T203Y,-1.016500797,0.0360889026694753
D,A,204,-0.6102929,D204A,-1.079376795,0.0151650767041678
D,C,204,-0.6343797,D204C,-2.292779881,0.0045068143599161
D,E,204,-0.5796967,D204E,1.3218063706771606,0.1673653193987767
D,F,204,-0.6150292,D204F,-0.030624139,0.0432824951228741
D,G,204,-0.6056273,D204G,-1.237967304,0.0129410519056476
D,H,204,-0.6201777,D204H,-0.326159841,0.0322079237675678
D,I,204,-0.6168632,D204I,0.495132602371501,0.0732226734372395
D,K,204,-0.6276595,D204K,-1.097039265,0.0148995754164084
D,L,204,-0.6281158,D204L,1.052129046943083,0.1278044833498567
D,M,204,-0.6129351,D204M,1.073416009635677,0.1305542157244804
D,N,204,-0.5704378,D204N,-0.727347931,0.0215639784682031
D,P,204,-0.6261876,D204P,-0.989347651,0.0165937214889435
D,Q,204,-0.6199612,D204Q,0.22619978402418,0.0559563688247638
D,R,204,-0.619351,D204R,-2.273125489,0.0045962694660226
D,S,204,-0.6307225,D204S,-0.963425623,0.0170294882317665
D,T,204,-0.6077603,D204T,-0.051105765,0.0424050157953222
D,V,204,-0.6018538,D204V,0.4292415428687719,0.0685534717754662
D,W,204,-0.62619,D204W,0.3863562067824819,0.0656756812215334
D,Y,204,-0.6174808,D204Y,-0.083633069,0.0410478862007607
K,A,205,-0.5337945,K205A,0.0460233402047154,0.0503447460023175
K,C,205,-0.5393973,K205C,-2.360934957,0.0045354937838772
K,D,205,-0.5050847,K205D,0.425220605237357,0.0735592785413927
K,E,205,-0.537102,K205E,1.24211657300723,0.1664987223113114
K,F,205,-0.5427559,K205F,0.4740839871309643,0.0772428983113794
K,G,205,-0.5242521,K205G,-0.64873553,0.0251318306153075
K,H,205,-0.5380255,K205H,-0.15618702,0.0411277822318821
K,I,205,-0.5396062,K205I,-0.124064774,0.0424703469192856
K,L,205,-0.5450594,K205L,-0.836202867,0.0208356982084615
K,M,205,-0.5432159,K205M,-0.32327307,0.034799317173144
K,N,205,-0.3942458,K205N,-0.072708653,0.0447084376780972
K,P,205,-0.5412395,K205P,-1.450205579,0.0112758656278066
K,Q,205,-0.5244994,K205Q,-0.16055507,0.0409485257478837
K,R,205,-0.4615375,K205R,-0.964422128,0.0183283391344126
K,S,205,-0.4804563,K205S,-0.326664521,0.0346814968698561
K,T,205,-0.5062727,K205T,0.4686229694973267,0.0768222231297823
K,V,205,-0.5243741,K205V,0.850432657836627,0.1125394347818922
K,W,205,-0.5423793,K205W,-0.915478123,0.0192477174658915
K,Y,205,-0.544271,K205Y,0.1670459954216481,0.0568216231231138
D,A,206,-0.6388639,D206A,-2.48364999,0.0271823099070252
D,C,206,-0.6221787,D206C,-2.761808843,0.0205818047230275
D,E,206,-0.5929015,D206E,-1.98224564,0.0448790406808954
D,F,206,-0.6169297,D206F,-2.634573859,0.0233744246642209
D,G,206,-0.604131,D206G,-2.800321123,0.0198042214746743
D,H,206,-0.6354689,D206H,-2.002438967,0.0439818722307768
D,I,206,-0.6351004,D206I,-2.118124881,0.0391770694284173
D,K,206,-0.6018861,D206K,-3.158637461,0.0138402161117459
D,L,206,-0.6307027,D206L,-3.01305719,0.0160091259901407
D,M,206,-0.6213783,D206M,-2.017053535,0.0433437701790592
D,N,206,-0.5751035,D206N,-1.253351655,0.0930246941217439
D,P,206,-0.6242546,D206P,-2.450592413,0.0280959090344618
D,Q,206,-0.6313656,D206Q,-2.697774173,0.0219428669839391
D,R,206,-0.6147445,D206R,-2.710529043,0.0216647657795581
D,S,206,-0.6191691,D206S,-2.893305514,0.01804575867378
D,T,206,-0.6240507,D206T,-2.331161431,0.0316600299758681
D,V,206,-0.6125707,D206V,-3.078206861,0.0149993853136519
D,W,206,-0.634895,D206W,-1.924707276,0.047537043131771
D,Y,206,-0.6309473,D206Y,-1.131518362,0.1050775124348329
Q,A,207,-0.6237559,Q207A,-1.079085043,0.0730192170742786
Q,C,207,-0.6182105,Q207C,-2.493789389,0.0177434756940443
Q,D,207,-0.5919338,Q207D,-1.759732871,0.0369688140182231
Q,E,207,-0.6173174,Q207E,-1.209952436,0.0640622484501025
Q,F,207,-0.6125614,Q207F,-2.594035421,0.0160510102296548
Q,G,207,-0.6114169,Q207G,-1.290775021,0.0590882827733725
Q,H,207,-0.6183502,Q207H,-1.400356858,0.0529554390577942
Q,I,207,-0.5991944,Q207I,-2.145072592,0.0251469054254767
Q,K,207,-0.6064273,Q207K,-1.420518267,0.0518984733323192
Q,L,207,-0.6184848,Q207L,-2.450140515,0.0185351101525227
Q,M,207,-0.6157897,Q207M,-2.319993017,0.0211114245835654
Q,N,207,-0.6262057,Q207N,-0.858575557,0.0910339184951371
Q,P,207,-0.6284901,Q207P,-1.858615273,0.0334881706733518
Q,R,207,-0.583034,Q207R,-2.91137951,0.0116864198263117
Q,S,207,-0.625069,Q207S,-0.613060816,0.1163667605281272
Q,T,207,-0.6211429,Q207T,-2.058736065,0.0274144817370028
Q,V,207,-0.6115689,Q207V,-2.385006491,0.0197825619084308
Q,W,207,-0.6209699,Q207W,-2.191202713,0.0240132246374481
Q,Y,207,-0.6210626,Q207Y,-2.158460316,0.0248124889967752
I,A,208,-0.5540783,I208A,0.4234923691595105,0.0489979698465448
I,C,208,-0.5909344,I208C,-2.072382988,0.0040386126792509
I,D,208,-0.5814802,I208D,0.8846941158940305,0.0777097465468083
I,E,208,-0.5788042,I208E,0.8814499233713713,0.0774580496330589
I,F,208,-0.5653119,I208F,0.401477216261985,0.0479310590220385
I,G,208,-0.5797759,I208G,-0.506763667,0.0193273755971133
I,H,208,-0.5858874,I208H,1.0076451449622217,0.0878764395374175
I,K,208,-0.5781488,I208K,0.19276731479991,0.0389023149145608
I,L,208,-0.5886397,I208L,0.277197812539244,0.0423295014505364
I,M,208,-0.567245,I208M,0.7564606761003727,0.0683572227292344
I,N,208,-0.5853653,I208N,0.9372627057401686,0.0819041191221379
I,P,208,-0.5797496,I208P,-0.984246866,0.0119895927285946
I,Q,208,-0.5819039,I208Q,1.406041329375281,0.1308861620537578
I,R,208,-0.5839463,I208R,-0.117568763,0.0285231941786124
I,S,208,-0.6290897,I208S,0.0876551619560737,0.0350207792048365
I,T,208,-0.4796362,I208T,0.2003660508517337,0.0391990493890579
I,V,208,-0.4811995,I208V,-0.127688549,0.0282360010542028
I,W,208,-0.5838683,I208W,0.3684876386543445,0.0463756308237514
I,Y,208,-0.5862131,I208Y,0.4992745025843281,0.0528554597690506
F,A,209,-0.5889493,F209A,-0.272069962,0.0326421192402298
F,C,209,-0.6138332,F209C,-1.422193602,0.010334410526953
F,D,209,-0.5680956,F209D,1.2535858389587609,0.1500936595969363
F,E,209,-0.60492,F209E,0.5886034977444381,0.0771905540296414
F,G,209,-0.5947693,F209G,0.2012526428503314,0.0524010262592271
F,H,209,-0.6045311,F209H,0.9839614355468984,0.1146214629502656
F,I,209,-0.604059,F209I,-2.185467052,0.0048172566032244
F,K,209,-0.6099816,F209K,-0.528593372,0.0252564092676445
F,L,209,-0.5962365,F209L,0.2068920645527918,0.0526973726260115
F,M,209,-0.6083649,F209M,0.092205785216394,0.0469873913520402
F,N,209,-0.5828275,F209N,1.0465734714941108,0.1220275835397695
F,P,209,-0.598118,F209P,-1.919111092,0.006287484321165
F,Q,209,-0.6085792,F209Q,0.8892567698824312,0.1042644435363101
F,R,209,-0.5931992,F209R,-0.118760984,0.0380504335228462
F,S,209,-0.4589427,F209S,0.5369458094062658,0.0733043093102751
F,T,209,-0.5842344,F209T,-0.862057026,0.0180946469442039
F,V,209,-0.5941713,F209V,-1.66549026,0.0081025775737592
F,W,209,-0.6040743,F209W,-1.575781392,0.0088630522559408
F,Y,209,-0.606674,F209Y,-1.349360693,0.0111151843289998
L,A,210,-0.6172272,L210A,-1.432462517,0.0513654254830198
L,C,210,-0.6227523,L210C,-2.34014553,0.0207237832314468
L,D,210,-0.623654,L210D,-1.892101,0.0324378740877553
L,E,210,-0.6335174,L210E,-2.10359131,0.0262544713339449
L,F,210,-0.61013,L210F,-1.974300626,0.0298781379514651
L,G,210,-0.6177568,L210G,-1.326394738,0.0571130757840349
L,H,210,-0.6186304,L210H,-1.462392578,0.0498508338536512
L,I,210,-0.5891051,L210I,-1.145766112,0.0684197649390843
L,K,210,-0.6235415,L210K,-1.785777218,0.0360768182958038
L,M,210,-0.6106508,L210M,-1.475022562,0.0492251777828561
L,N,210,-0.6022112,L210N,-2.579604901,0.0163107188136241
L,P,210,-0.6092738,L210P,-2.034570021,0.0281305908176887
L,Q,210,-0.6191707,L210Q,-1.537724457,0.0462334391778493
L,R,210,-0.6180197,L210R,-1.756087128,0.0371640020021062
L,S,210,-0.6354012,L210S,-2.047865836,0.0277590470030817
L,T,210,-0.6162448,L210T,-1.664593924,0.0407246610730943
L,V,210,-0.594713,L210V,-0.860700236,0.0909880023852406
L,W,210,-0.6241698,L210W,-1.862043946,0.0334276618658938
L,Y,210,-0.6239419,L210Y,-1.616137811,0.04274661269495
Y,A,211,-0.6107281,Y211A,-1.737822772,0.0196930171234856
Y,C,211,-0.6349632,Y211C,-1.39746123,0.0276776658482163
Y,D,211,-0.6111445,Y211D,-1.039557581,0.0395881392279243
Y,E,211,-0.6309444,Y211E,-0.79239516,0.0506881438852933
Y,F,211,-0.5893381,Y211F,-0.799972705,0.0503055037142702
Y,G,211,-0.612414,Y211G,-1.101465286,0.0372116482516452
Y,H,211,-0.6105991,Y211H,-0.777097386,0.0514695212648424
Y,I,211,-0.6127447,Y211I,-0.363887717,0.0778045215036421
Y,K,211,-0.6248461,Y211K,-0.979515069,0.0420379207236342
Y,L,211,-0.5961435,Y211L,-1.985784589,0.0153682263299121
Y,M,211,-0.6133453,Y211M,-0.805183002,0.0500440786416606
Y,N,211,-0.6108737,Y211N,-0.340439166,0.0796504829830791
Y,P,211,-0.6218496,Y211P,-1.055531313,0.0389607925934302
Y,Q,211,-0.6115147,Y211Q,-0.581004475,0.0626198773645234
Y,R,211,-0.6084212,Y211R,-1.04144944,0.0395133148259695
Y,S,211,-0.6495581,Y211S,-0.661591226,0.0577715241699193
Y,T,211,-0.6100436,Y211T,-0.077298451,0.1036260602014371
Y,V,211,-0.6257229,Y211V,-1.912578718,0.0165354749446573
Y,W,211,-0.6283036,Y211W,-1.404622281,0.0274801725805557
A,C,212,-0.619888,A212C,-1.284511026,0.0323599712742798
A,D,212,-0.5913186,A212D,-0.829892432,0.0509854812935883
A,E,212,-0.5998482,A212E,-0.723896021,0.056686571155529
A,F,212,-0.6014313,A212F,-1.299691339,0.0318724463747124
A,G,212,-0.5832744,A212G,-0.857863969,0.0495790997332922
A,H,212,-0.5987977,A212H,-1.015783876,0.0423364927600305
A,I,212,-0.5810978,A212I,-2.047394903,0.0150900860308144
A,K,212,-0.564569,A212K,-1.332372106,0.0308476665728166
A,L,212,-0.6169534,A212L,-2.062573743,0.0148627654767977
A,M,212,-0.6160528,A212M,-1.241080443,0.0337963497458541
A,N,212,-0.5903866,A212N,-0.403743616,0.0780765530702102
A,P,212,-0.6050633,A212P,-0.134312652,0.1022193291000278
A,Q,212,-0.5888201,A212Q,-0.521899926,0.0693754784795305
A,R,212,-0.5873616,A212R,-0.968214908,0.0443990648242306
A,S,212,-0.5918748,A212S,-0.250531512,0.0910038594551467
A,T,212,-0.523618,A212T,-0.959503382,0.044787538157609
A,V,212,-0.5433423,A212V,-1.555843357,0.0246700455572951
A,W,212,-0.6089082,A212W,-1.008428771,0.0426490301479006
A,Y,212,-0.5979809,A212Y,-1.447655437,0.0274887749873534
Q,A,213,-0.5741135,Q213A,-0.189553173,0.0474760840546054
Q,C,213,-0.6092473,Q213C,-0.20367766,0.0468102221612359
Q,D,213,-0.6044888,Q213D,-0.080009762,0.0529723206000569
Q,E,213,-0.6107933,Q213E,-0.212195362,0.0464131997833795
Q,F,213,-0.5988099,Q213F,0.0039767157001073,0.0576134482348283
Q,G,213,-0.5964588,Q213G,0.0185929245561213,0.0584617227504445
Q,H,213,-0.5943813,Q213H,0.1204838878099208,0.064732487970649
Q,I,213,-0.5904321,Q213I,-0.186024738,0.0476438962474157
Q,K,213,-0.5073324,Q213K,-0.098832701,0.0519845511763855
Q,L,213,-0.5756773,Q213L,-0.11935038,0.0509288162621353
Q,M,213,-0.61162,Q213M,-0.187728407,0.0475627959455405
Q,N,213,-0.5699813,Q213N,-0.129768829,0.0504009713321587
Q,P,213,-0.6074782,Q213P,-0.191011603,0.0474068939884282
Q,R,213,-0.5274527,Q213R,-0.213644878,0.0463459718410749
Q,S,213,-0.6008515,Q213S,-0.246171876,0.0448627296731279
Q,T,213,-0.5915826,Q213T,-0.194039419,0.0472635716645305
Q,V,213,-0.5733411,Q213V,-0.190855367,0.0474143012031244
Q,W,213,-0.6190741,Q213W,-0.285340207,0.043139499355252
Q,Y,213,-0.6150794,Q213Y,-0.284361872,0.043181724910644
A,C,214,-0.5205431,A214C,-0.308256156,0.0433837585483965
A,D,214,-0.504234,A214D,-0.046730965,0.0563515861663085
A,E,214,-0.4784705,A214E,0.5816583507087545,0.1056360596398987
A,F,214,-0.5153461,A214F,-0.417779737,0.0388831710536312
A,G,214,-0.5032088,A214G,-0.011966578,0.058345065114661
A,H,214,-0.5054209,A214H,-0.199270382,0.0483792470737215
A,I,214,-0.5024073,A214I,-0.300284632,0.0437309754086486
A,K,214,-0.5019462,A214K,-0.306949746,0.0434404725822963
A,L,214,-0.5223046,A214L,-0.395905926,0.039743064694768
A,M,214,-0.5163666,A214M,-0.201961311,0.0482492369195727
A,N,214,-0.4846294,A214N,-0.051363336,0.0560911483374526
A,P,214,-0.5026459,A214P,0.5055440150328439,0.0978940179197524
A,Q,214,-0.5148336,A214Q,-0.273123506,0.0449350360078825
A,R,214,-0.4900276,A214R,-0.697102456,0.0294071762379137
A,S,214,-0.3535235,A214S,-0.138983287,0.0513856036574872
A,T,214,-0.4198896,A214T,-1.421065452,0.014257390120621
A,V,214,-0.4621316,A214V,-1.091815148,0.0198167170676999
A,W,214,-0.5088239,A214W,-0.140474385,0.0513090398047824
A,Y,214,-0.5218612,A214Y,-0.172059102,0.0497137834391286
S,A,215,-0.4391955,S215A,0.264889103849979,0.064334518006939
S,C,215,-0.5728768,S215C,-2.032541377,0.0064666903692656
S,D,215,-0.5502353,S215D,-0.000389353,0.0493440805588031
S,E,215,-0.5274138,S215E,0.8031823747555009,0.1102102219176237
S,F,215,-0.5596292,S215F,-1.090142262,0.0165943869316568
S,G,215,-0.5451778,S215G,0.0732312702221333,0.0531138885263917
S,H,215,-0.5521946,S215H,-0.365836935,0.0342391641484156
S,I,215,-0.5580331,S215I,-1.016916707,0.0178551163833343
S,K,215,-0.5392111,S215K,-0.417380591,0.0325190628832668
S,L,215,-0.5536295,S215L,-0.350153115,0.0347803984108683
S,M,215,-0.5662943,S215M,-0.405102431,0.0329207984998023
S,N,215,-0.5265561,S215N,-0.162675605,0.0419522271730002
S,P,215,-0.5567267,S215P,1.6539729870340851,0.2580569545305378
S,Q,215,-0.5627731,S215Q,0.1721589036328739,0.0586370118863585
S,R,215,-0.5393286,S215R,-1.090177745,0.0165937981225427
S,T,215,-0.5171066,S215T,-0.053013871,0.0468145139155954
S,V,215,-0.5296933,S215V,-0.272101835,0.0376038058558778
S,W,215,-0.5652246,S215W,-1.180952905,0.0151538375203871
S,Y,215,-0.5687213,S215Y,-0.74449732,0.0234462277863919
G,A,216,-0.6425303,G216A,-0.618929626,0.0823154377454524
G,C,216,-0.6458666,G216C,-1.766996896,0.0261145110236171
G,D,216,-0.6420261,G216D,-1.227542281,0.044788253743539
G,E,216,-0.6489132,G216E,-1.079868587,0.0519156162886255
G,F,216,-0.6455957,G216F,-1.851792969,0.0239913903450672
G,H,216,-0.6321691,G216H,-0.998606363,0.0563105482832276
G,I,216,-0.6298295,G216I,-1.878936631,0.0233489346368256
G,K,216,-0.6319949,G216K,-2.15310367,0.0177499763451082
G,L,216,-0.6329117,G216L,-2.595871072,0.0114000354755705
G,M,216,-0.6408727,G216M,-1.038110208,0.0541294296337266
G,N,216,-0.628222,G216N,-0.8117273,0.0678813256091271
G,P,216,-0.6398494,G216P,-0.759457423,0.0715238423489936
G,Q,216,-0.6529552,G216Q,-1.360585879,0.0392088419874884
G,R,216,-0.621113,G216R,-2.595684495,0.0114021626605912
G,S,216,-0.6324622,G216S,-0.708397119,0.0752707162559625
G,T,216,-0.6325703,G216T,-0.855935876,0.0649457552355993
G,V,216,-0.6223241,G216V,-1.515301086,0.0335886103906647
G,W,216,-0.6355698,G216W,-0.96236185,0.0583889345501544
G,Y,216,-0.6384677,G216Y,-1.536900565,0.0328708927581092
R,A,217,-0.6528308,R217A,-0.007092787,0.038870280605429
R,C,217,-0.6407155,R217C,-1.263136286,0.0110694141008799
R,D,217,-0.631811,R217D,0.1279408032159756,0.0444899618077695
R,E,217,-0.6303757,R217E,0.6126720477366749,0.0722400728271121
R,F,217,-0.6445091,R217F,-0.773902603,0.0180549493719288
R,G,217,-0.6119433,R217G,0.2358850819455362,0.0495611810952791
R,H,217,-0.6313206,R217H,0.1828897137219232,0.047003050736741
R,I,217,-0.6306336,R217I,-0.095893527,0.0355673897457919
R,K,217,-0.4952245,R217K,-0.134809502,0.0342098362794944
R,L,217,-0.6312806,R217L,0.2075189695432278,0.0481750749407368
R,M,217,-0.6446952,R217M,0.6892119310478129,0.0779864279373497
R,N,217,-0.6312045,R217N,0.505703052562458,0.0649115715801851
R,P,217,-0.6401539,R217P,0.7349695475715028,0.0816378035105488
R,Q,217,-0.6518313,R217Q,0.6967832604053608,0.0785791298838339
R,S,217,-0.6293065,R217S,0.8382543230598074,0.0905205793070848
R,T,217,-0.6072737,R217T,0.7029299008867036,0.0790636150587595
R,V,217,-0.6305349,R217V,0.3052702654440016,0.0531221025288919
R,W,217,-0.6340297,R217W,-0.662397078,0.0201847109518129
R,Y,217,-0.6344615,R217Y,-0.919674063,0.0156058883911539
I,A,218,-0.6301168,I218A,-1.840230433,0.0331788178440239
I,C,218,-0.6212889,I218C,-2.096093186,0.0256886385612443
I,D,218,-0.6183587,I218D,-2.41974369,0.0185858058388425
I,E,218,-0.6163999,I218E,-1.970270971,0.0291329861310475
I,F,218,-0.6280267,I218F,-2.29637888,0.0210260686941636
I,G,218,-0.6136889,I218G,-2.680232936,0.0143236032799946
I,H,218,-0.6295274,I218H,-2.569169363,0.0160061400536974
I,K,218,-0.6163428,I218K,-2.036248889,0.0272728890591313
I,L,218,-0.6246986,I218L,-2.277573842,0.0214252060466663
I,M,218,-0.6092024,I218M,-2.003127622,0.0281913280076734
I,N,218,-0.6037504,I218N,-1.444633311,0.0492795346443354
I,P,218,-0.6178067,I218P,-2.398439836,0.0189860030775886
I,Q,218,-0.622987,I218Q,-1.905999612,0.0310668848657198
I,R,218,-0.6106651,I218R,-2.814642488,0.0125221503388687
I,S,218,-0.6013465,I218S,-2.373233358,0.0194706561399144
I,T,218,-0.6070116,I218T,-0.182080362,0.1741752490572649
I,V,218,-0.5059737,I218V,-0.061972033,0.1964033211433222
I,W,218,-0.6248728,I218W,-1.633574991,0.040795311216108
I,Y,218,-0.6329082,I218Y,-2.738747672,0.0135095112962657
T,A,219,-0.5821979,T219A,-0.754207612,0.0585949936997421
T,C,219,-0.6090875,T219C,-1.024544408,0.0447151518542846
T,D,219,-0.6092666,T219D,-1.117387603,0.0407505442360499
T,E,219,-0.6077841,T219E,-0.146784641,0.1075625253959432
T,F,219,-0.6094122,T219F,-1.577541201,0.0257211974004511
T,G,219,-0.5940917,T219G,-1.899318614,0.0186442519662031
T,H,219,-0.5994051,T219H,-0.474891929,0.0774757500994762
T,I,219,-0.5054135,T219I,-0.403094055,0.0832429023730178
T,K,219,-0.6063616,T219K,-1.971538622,0.0173452352908692
T,L,219,-0.6111345,T219L,-2.162261278,0.0143334371253312
T,M,219,-0.5894276,T219M,-0.788806397,0.0566023481138165
T,N,219,-0.5824485,T219N,-1.680264051,0.0232102168116515
T,P,219,-0.6089119,T219P,-2.989820876,0.0062653507438576
T,Q,219,-0.6026459,T219Q,-0.681031742,0.063043511305785
T,R,219,-0.5839171,T219R,-1.988550838,0.0170526500354316
T,S,219,-0.5801472,T219S,-0.339066578,0.088747064641408
T,V,219,-0.5876243,T219V,-0.616118459,0.0672716188057093
T,W,219,-0.6177388,T219W,-1.711849854,0.0224885602125715
T,Y,219,-0.6077826,T219Y,-1.078556903,0.0423640406414205
V,A,220,-0.6242685,V220A,-1.738741728,0.059588974875102
V,C,220,-0.6371231,V220C,-2.779733772,0.0210411116241192
V,D,220,-0.6422818,V220D,-1.670507753,0.063796897266354
V,E,220,-0.6409741,V220E,-2.337580982,0.0327411003479314
V,F,220,-0.642972,V220F,-2.002464017,0.0457754642146472
V,G,220,-0.6309787,V220G,-2.982305272,0.0171827609841611
V,H,220,-0.6272084,V220H,-1.980760002,0.0467798358293666
V,I,220,-0.580088,V220I,-1.280784537,0.0942007198936307
V,K,220,-0.6282436,V220K,-2.687724112,0.023068958404289
V,L,220,-0.6459822,V220L,-2.244927568,0.0359196543466031
V,M,220,-0.6262425,V220M,-2.542991352,0.0266615043435747
V,N,220,-0.6163517,V220N,-2.41896086,0.0301821676699378
V,P,220,-0.642257,V220P,-2.609428026,0.0249477600450522
V,Q,220,-0.6373585,V220Q,-2.406027979,0.0305750452206344
V,R,220,-0.6344304,V220R,-3.03486869,0.0163029025670341
V,S,220,-0.6356217,V220S,-2.729185369,0.0221320469387071
V,T,220,-0.6365035,V220T,-2.863004577,0.0193599669369581
V,W,220,-0.6430724,V220W,-2.574859404,0.0258252495049698
V,Y,220,-0.6404238,V220Y,-2.613519662,0.0248458913882091
S,A,221,-0.6389411,S221A,-0.934028385,0.0965403941394402
S,C,221,-0.6518322,S221C,-2.187015085,0.0275767921109364
S,D,221,-0.639034,S221D,-2.451697775,0.021163791095045
S,E,221,-0.6500379,S221E,-1.807484112,0.0403062136345113
S,F,221,-0.6435805,S221F,-1.971192734,0.0342195450962789
S,G,221,-0.6409478,S221G,-1.690249459,0.0453196322731187
S,H,221,-0.6454626,S221H,-1.775055197,0.0416347254199372
S,I,221,-0.6565077,S221I,-1.792889493,0.040898781226536
S,K,221,-0.6377358,S221K,-1.80246658,0.0405089595950531
S,L,221,-0.6457368,S221L,-2.509763501,0.0199698972045225
S,M,221,-0.6271907,S221M,-1.463979571,0.0568269255206307
S,N,221,-0.6388417,S221N,-2.219772699,0.0266880774353181
S,P,221,-0.6455555,S221P,-2.522522486,0.0197167200354051
S,Q,221,-0.6466748,S221Q,-1.162330624,0.0768349217450359
S,R,221,-0.6486316,S221R,-2.64869814,0.0173794988847281
S,T,221,-0.6336439,S221T,-1.482264235,0.0557973059411297
S,V,221,-0.6452046,S221V,-1.912588175,0.0362848954278609
S,W,221,-0.6490766,S221W,-2.588681719,0.0184544907239173
S,Y,221,-0.6439948,S221Y,-1.860938574,0.03820823870814
T,A,222,-0.6383771,T222A,-2.412242114,0.0358326945558375
T,C,222,-0.6430579,T222C,-2.790232208,0.0245538953299768
T,D,222,-0.6275416,T222D,-2.821491478,0.0237982304586698
T,E,222,-0.6109465,T222E,-2.846818057,0.0232030709295593
T,F,222,-0.6227316,T222F,-2.72071159,0.0263216331834999
T,G,222,-0.6211513,T222G,-2.903741133,0.0219191686823211
T,H,222,-0.6333334,T222H,-2.972150064,0.020469839789693
T,I,222,-0.6362446,T222I,-2.507181521,0.0325872562123637
T,K,222,-0.6174201,T222K,-2.527482974,0.0319323575415535
T,L,222,-0.6504512,T222L,-2.224703306,0.0432241595860604
T,M,222,-0.6248465,T222M,-2.249665194,0.0421585577431243
T,N,222,-0.6284087,T222N,-2.232111517,0.0429051289989515
T,P,222,-0.6539123,T222P,-2.415544295,0.0357145636466708
T,Q,222,-0.6356322,T222Q,-2.530516721,0.0318356296078527
T,R,222,-0.6216665,T222R,-3.032454159,0.0192719071679692
T,S,222,-0.6160419,T222S,-2.168387417,0.0457282143847013
T,V,222,-0.6146103,T222V,-2.657940942,0.028026817694398
T,W,222,-0.6358231,T222W,-2.554812803,0.0310714689634871
T,Y,222,-0.6481338,T222Y,-2.312527376,0.039589957892797
K,A,223,-0.6148034,K223A,-0.397073174,0.0825084183776874
K,C,223,-0.6150128,K223C,-1.649941282,0.023571348265662
K,D,223,-0.6081925,K223D,-1.934332778,0.017736777042052
K,E,223,-0.5825654,K223E,-1.613796579,0.0244389124876822
K,F,223,-0.6302932,K223F,-1.70702914,0.0222633991244966
K,G,223,-0.5985356,K223G,-0.72079556,0.0596907995205922
K,H,223,-0.6158812,K223H,-1.153625333,0.0387196813881544
K,I,223,-0.6050885,K223I,-2.006290211,0.0165053209044977
K,L,223,-0.6270337,K223L,-1.501608445,0.0273403822896577
K,M,223,-0.6246211,K223M,-0.38087169,0.0838560648451578
K,N,223,-0.6178527,K223N,-0.971587008,0.0464504615396131
K,P,223,-0.6237987,K223P,-2.403468867,0.0110951031818958
K,Q,223,-0.6125139,K223Q,-0.621457279,0.0659248985921479
K,R,223,-0.5353694,K223R,-0.252120477,0.0953784862759948
K,S,223,-0.6046849,K223S,0.2890034746999299,0.1638542049494544
K,T,223,-0.6003718,K223T,-0.86786505,0.0515271256238947
K,V,223,-0.605715,K223V,-2.218660968,0.0133472705078644
K,W,223,-0.6199205,K223W,-1.982287534,0.0169062858903158
K,Y,223,-0.6279055,K223Y,-2.027638879,0.0161566887344001
R,A,224,-0.6569638,R224A,-0.60890746,0.0332166572968843
R,C,224,-0.6408945,R224C,-1.475006811,0.0139705523381189
R,D,224,-0.6374958,R224D,-0.725148695,0.0295714746773569
R,E,224,-0.6342239,R224E,0.1340924179662326,0.0698291476891061
R,F,224,-0.6347487,R224F,0.0534152857755341,0.0644167934548389
R,G,224,-0.626788,R224G,-0.76799484,0.0283312105586341
R,H,224,-0.635877,R224H,0.1586914514744002,0.0715681790325164
R,I,224,-0.6421835,R224I,0.7677021773339128,0.131586093109844
R,K,224,-0.529689,R224K,-0.485019589,0.0375975685477035
R,L,224,-0.6371318,R224L,-0.062766153,0.0573511507723505
R,M,224,-0.6449613,R224M,-0.186295192,0.0506867151269848
R,N,224,-0.6304222,R224N,0.1160240024859984,0.0685787755935915
R,P,224,-0.6373186,R224P,-1.928533526,0.0088766531110013
R,Q,224,-0.6385258,R224Q,-0.468623185,0.0382191152493572
R,S,224,-0.6037151,R224S,-0.273008102,0.0464766910479079
R,T,224,-0.6292377,R224T,0.0229707878989069,0.0624852084775084
R,V,224,-0.6289727,R224V,-0.036955826,0.0588506712935542
R,W,224,-0.6418219,R224W,-1.404693248,0.0149882314218043
R,Y,224,-0.6439986,R224Y,-0.154334238,0.0523328775452623
S,A,225,-0.6458099,S225A,-1.580259862,0.0398443781930079
S,C,225,-0.6367677,S225C,-2.300065695,0.0193981019365036
S,D,225,-0.6436464,S225D,-1.431560316,0.0462324023342402
S,E,225,-0.6422128,S225E,-1.552599264,0.0409618819537737
S,F,225,-0.6339331,S225F,-1.876580097,0.0296262561060923
S,G,225,-0.6240359,S225G,-1.274031682,0.0541203119047686
S,H,225,-0.6403166,S225H,-1.365703567,0.0493796138474502
S,I,225,-0.6585843,S225I,-2.443094555,0.0168128972200122
S,K,225,-0.6475176,S225K,-1.447914207,0.0454824713349238
S,L,225,-0.6416589,S225L,-2.350556521,0.0184429903222716
S,M,225,-0.6381833,S225M,-1.594370669,0.0392860899099682
S,N,225,-0.5985412,S225N,-1.202214284,0.0581500638977115
S,P,225,-0.6399908,S225P,-2.709377157,0.0128824188272581
S,Q,225,-0.6345705,S225Q,-1.492535839,0.0434975826325699
S,R,225,-0.6309291,S225R,-1.737152754,0.0340587980727896
S,T,225,-0.6250051,S225T,-0.046358234,0.1847277547581997
S,V,225,-0.6341326,S225V,-2.066704438,0.0244966552417395
S,W,225,-0.6281866,S225W,-2.27045343,0.0199811135185967
S,Y,225,-0.6422349,S225Y,-1.893636998,0.029125209128998
Q,A,226,-0.6489563,Q226A,-1.190782825,0.0549277470591808
Q,C,226,-0.6252815,Q226C,-2.088111547,0.0223916841239075
Q,D,226,-0.6193126,Q226D,-2.42134158,0.0160459974101438
Q,E,226,-0.6339632,Q226E,-0.727821293,0.0872676847788025
Q,F,226,-0.6340817,Q226F,-2.222468061,0.019576562642209
Q,G,226,-0.6310617,Q226G,-2.534778621,0.0143252300260811
Q,H,226,-0.6200536,Q226H,-1.645316625,0.0348650441454692
Q,I,226,-0.6325462,Q226I,-0.788540454,0.0821265263856667
Q,K,226,-0.6269498,Q226K,-1.229966544,0.0528170948911009
Q,L,226,-0.6113993,Q226L,-1.373789045,0.0457417924210783
Q,M,226,-0.6394754,Q226M,-0.914484975,0.0724079808142432
Q,N,226,-0.6197877,Q226N,-1.657496694,0.0344429611052415
Q,P,226,-0.6378567,Q226P,-2.465409872,0.0153542316784985
Q,R,226,-0.6121378,Q226R,-2.49213003,0.0149493966340665
Q,S,226,-0.6185286,Q226S,-1.300588535,0.049215710924244
Q,T,226,-0.6230642,Q226T,-1.203747727,0.0542202105648706
Q,V,226,-0.6161965,Q226V,-0.699083761,0.0898119254482844
Q,W,226,-0.6367479,Q226W,-1.823915608,0.0291625598104688
Q,Y,226,-0.6375713,Q226Y,-1.807127556,0.029656275189532
Q,A,227,-0.6299488,Q227A,-2.144814831,0.037985414148955
Q,C,227,-0.6246657,Q227C,-2.791959768,0.0198868174267554
Q,D,227,-0.615115,Q227D,-2.515476271,0.0262204775050708
Q,E,227,-0.6220367,Q227E,-2.727426565,0.0212124931050132
Q,F,227,-0.6280305,Q227F,-1.839774056,0.0515340674074479
Q,G,227,-0.6287881,Q227G,-2.246166442,0.0343241987474461
Q,H,227,-0.6152832,Q227H,-2.727543203,0.0212100190707545
Q,I,227,-0.6324803,Q227I,-2.232572143,0.0347939983928121
Q,K,227,-0.6083634,Q227K,-2.032033002,0.0425204061388746
Q,L,227,-0.622227,Q227L,-2.564505483,0.0249659141018916
Q,M,227,-0.6363842,Q227M,-1.978390222,0.0448636054338846
Q,N,227,-0.6165967,Q227N,-2.116776751,0.0390655238643327
Q,P,227,-0.6266726,Q227P,-2.748261389,0.0207751065857492
Q,R,227,-0.597727,Q227R,-2.388978014,0.029756243995669
Q,S,227,-0.6220086,Q227S,-2.364389171,0.0304969855225575
Q,T,227,-0.6126326,Q227T,-1.26747513,0.0913357340552959
Q,V,227,-0.6155338,Q227V,-1.745060122,0.0566536855395205
Q,W,227,-0.6350148,Q227W,-2.580742236,0.0245638217143975
Q,Y,227,-0.6296183,Q227Y,-2.628319194,0.0234225145668769
I,A,228,-0.1614695,I228A,-2.058032912,0.0211973460656936
I,C,228,-0.2983758,I228C,-2.175433007,0.0188493010790646
I,D,228,-0.297614,I228D,-0.694549133,0.0828772103386
I,E,228,-0.3008666,I228E,-0.43889509,0.1070198347926586
I,F,228,-0.2923229,I228F,-1.86052525,0.0258260516111087
I,G,228,-0.2962582,I228G,-2.634562943,0.0119096094399204
I,H,228,-0.3084285,I228H,-1.250888348,0.047513829393839
I,K,228,-0.2922897,I228K,-1.942023445,0.0238047587370564
I,L,228,-0.305885,I228L,-1.812597812,0.0270939699233922
I,M,228,-0.3097038,I228M,-1.183660491,0.0508179015284993
I,N,228,-0.2940931,I228N,-1.356247702,0.0427624951214766
I,P,228,-0.2947998,I228P,-2.189513813,0.0185857474694888
I,Q,228,-0.3069792,I228Q,-1.532302385,0.035859434872545
I,R,228,-0.2948366,I228R,-1.558913508,0.0349177598627215
I,S,228,-0.287163,I228S,-1.354141721,0.0428526470664313
I,T,228,-0.1786847,I228T,-0.569863271,0.093882687232314
I,V,228,-0.270747,I228V,-0.374033638,0.1141913610165842
I,W,228,-0.3021063,I228W,-2.063103503,0.0210901350035814
I,Y,228,-0.3024301,I228Y,-2.549967922,0.0129609459638853
V,A,229,-0.5202497,V229A,-1.658823526,0.0545495814664693
V,C,229,-0.6114306,V229C,-2.018554249,0.0380681980651934
V,D,229,-0.605544,V229D,-1.973904237,0.0398064620012615
V,E,229,-0.6046618,V229E,-2.833425297,0.0168526490505732
V,F,229,-0.6142825,V229F,-2.099186699,0.0351191570098971
V,G,229,-0.5833383,V229G,-2.498081111,0.0235671127816023
V,H,229,-0.6192236,V229H,-2.564958475,0.0220425531769722
V,I,229,-0.5547916,V229I,-0.721664799,0.1392497214244775
V,K,229,-0.60743,V229K,-2.235605879,0.0306406495204938
V,L,229,-0.6017367,V229L,-1.902529956,0.042751469074838
V,M,229,-0.6176236,V229M,-2.063645571,0.0363897777263964
V,N,229,-0.5981869,V229N,-2.12190076,0.0343304493837112
V,P,229,-0.6032397,V229P,-2.366101022,0.0268920944060843
V,Q,229,-0.6022737,V229Q,-2.085238107,0.0356124523212667
V,R,229,-0.5972217,V229R,-3.056766817,0.0134794484669737
V,S,229,-0.6175033,V229S,-2.308406923,0.0284892400783441
V,T,229,-0.5864959,V229T,-2.192733373,0.0319828577397464
V,W,229,-0.6096658,V229W,-2.207234276,0.031522423673391
V,Y,229,-0.6078272,V229Y,-2.189146608,0.0320977787190019
S,A,230,-0.293825,S230A,-0.067328027,0.0396067186226597
S,C,230,-0.3130232,S230C,-1.104483549,0.0140390507201917
S,D,230,-0.2990177,S230D,0.3352961483584735,0.0592415423697061
S,E,230,-0.2994868,S230E,1.43459276015034,0.1778463098251969
S,F,230,-0.3069308,S230F,0.3420350173593238,0.0596421116064404
S,G,230,-0.2987977,S230G,-0.862570105,0.0178813162239497
S,H,230,-0.3060631,S230H,-0.281601579,0.0319676723696291
S,I,230,-0.1410492,S230I,0.8680040778549531,0.1009202927135482
S,K,230,-0.3075463,S230K,-0.476858368,0.0262973532432672
S,L,230,-0.2937178,S230L,-0.161708324,0.0360396039595969
S,M,230,-0.2933559,S230M,0.0040277505711325,0.0425361609875015
S,N,230,-0.3066404,S230N,-1.242595921,0.0122280232611041
S,P,230,-0.3092186,S230P,-1.389098511,0.0105616296354227
S,Q,230,-0.3012803,S230Q,0.0020520128050889,0.0424522036342263
S,R,230,-0.2975229,S230R,-0.580751949,0.023702361272401
S,T,230,-0.2640238,S230T,0.6555411333203658,0.0816031656729527
S,V,230,-0.236625,S230V,0.4241169456874516,0.0647441815743592
S,W,230,-0.3086168,S230W,0.0355537729819142,0.0438985193023722
S,Y,230,-0.3067892,S230Y,0.5362467629232142,0.0724266025403641
P,A,231,-0.6589187,P231A,0.6243958671056213,0.1782875186234396
P,C,231,-0.6575935,P231C,-1.123411345,0.0310497278260218
P,D,231,-0.6325578,P231D,-1.065468301,0.0329019887517063
P,E,231,-0.6613558,P231E,-1.178853794,0.0293751058178056
P,F,231,-0.6524986,P231F,-0.810607069,0.0424528651293315
P,G,231,-0.6640954,P231G,-1.240615725,0.0276157323297497
P,H,231,-0.6594871,P231H,-0.972298993,0.0361147886654897
P,I,231,-0.6498145,P231I,0.0114935177228852,0.0965919228646474
P,K,231,-0.6553468,P231K,-2.23397024,0.0102269919170659
P,L,231,-0.6459512,P231L,-1.458086472,0.0222182669761145
P,M,231,-0.6585554,P231M,-0.973121302,0.0360851033355957
P,N,231,-0.6544256,P231N,-0.9244879,0.0378834198532864
P,Q,231,-0.6645471,P231Q,-0.912119286,0.0383548950879246
P,R,231,-0.6520861,P231R,-1.983593953,0.0131366626263895
P,S,231,-0.6140546,P231S,-0.134243612,0.0834925977162562
P,T,231,-0.6293549,P231T,-0.267129112,0.0731032233159571
P,V,231,-0.6457097,P231V,0.0049853691148693,0.0959653294045707
P,W,231,-0.6721417,P231W,-2.527669291,0.0076242282707471
P,Y,231,-0.6600926,P231Y,-2.07146983,0.012031534145081
N,A,232,-0.6339404,N232A,-0.908039662,0.0196026667031639
N,C,232,-0.6341761,N232C,-1.108694011,0.0160388058378328
N,D,232,-0.6120129,N232D,0.7108721548680599,0.0989463554599002
N,E,232,-0.6191922,N232E,1.0052929325255082,0.1328205066497586
N,F,232,-0.6272556,N232F,-0.209059654,0.0394346897016069
N,G,232,-0.6369705,N232G,-1.718100605,0.0087198674179741
N,H,232,-0.6313531,N232H,-0.648878988,0.0254019617052425
N,I,232,-0.6293216,N232I,0.7105305468409369,0.0989125603598718
N,K,232,-0.6246654,N232K,-0.091527984,0.0443528769543904
N,L,232,-0.610837,N232L,-0.502895224,0.0293945775735898
N,M,232,-0.637384,N232M,0.1597542392488558,0.0570232939025361
N,P,232,-0.6196173,N232P,-1.71031037,0.0087880625968995
N,Q,232,-0.6184344,N232Q,0.2618932028804357,0.0631554299445105
N,R,232,-0.626762,N232R,-0.396353286,0.0326992516885869
N,S,232,-0.5780109,N232S,0.1538978415527716,0.0566903187261473
N,T,232,-0.6062648,N232T,0.0252923732563186,0.0498489761748216
N,V,232,-0.6112317,N232V,1.004386868208219,0.1327002172222267
N,W,232,-0.6322219,N232W,-1.281482291,0.0134936978888695
N,Y,232,-0.6341828,N232Y,-0.732171093,0.0233718957578797
I,A,233,-0.6203834,I233A,-1.597299798,0.0244668615592091
I,C,233,-0.622965,I233C,-1.749778065,0.0210066967225877
I,D,233,-0.6118023,I233D,-0.760899301,0.0564706108778469
I,E,233,-0.6237835,I233E,-0.307979336,0.0888225332206927
I,F,233,-0.6136841,I233F,-0.814575142,0.053519415243444
I,G,233,-0.6162623,I233G,-1.182283892,0.0370524937645282
I,H,233,-0.6162632,I233H,-1.418676999,0.0292518400266736
I,K,233,-0.6042853,I233K,-2.041279425,0.0156949618072697
I,L,233,-0.6132078,I233L,-0.04368849,0.1156919716496219
I,M,233,-0.6232518,I233M,-0.439933094,0.0778424254550803
I,N,233,-0.6049023,I233N,-1.582122446,0.0248410361721269
I,P,233,-0.6217805,I233P,-1.742478282,0.0211606021736638
I,Q,233,-0.61393,I233Q,-0.522070974,0.0717041556766512
I,R,233,-0.6142269,I233R,-2.011341329,0.0161719437245604
I,S,233,-0.6257926,I233S,-2.327908645,0.0117836187514615
I,T,233,-0.606447,I233T,-1.229657256,0.0353381204130738
I,V,233,-0.5135894,I233V,-0.127284276,0.106413819305586
I,W,233,-0.6213805,I233W,-1.419443543,0.0292294257669319
I,Y,233,-0.621272,I233Y,-1.040911354,0.0426790527082159
G,A,234,-0.6533708,G234A,-0.006957173,0.0995928120783684
G,C,234,-0.6612199,G234C,-1.518015392,0.0219777685036061
G,D,234,-0.6662567,G234D,-0.330606959,0.0720557532241659
G,E,234,-0.6444038,G234E,-0.97221194,0.0379335165818813
G,F,234,-0.6414383,G234F,-0.662318815,0.0517139855640207
G,H,234,-0.6509289,G234H,0.100763375430406,0.110920147696642
G,I,234,-0.6664768,G234I,-0.785253769,0.0457317716990566
G,K,234,-0.6345285,G234K,-2.783506766,0.0061999354953415
G,L,234,-0.6540442,G234L,-1.122643157,0.0326356028297796
G,M,234,-0.6662911,G234M,-0.760748904,0.0468662663840995
G,N,234,-0.6669209,G234N,-2.778693376,0.0062298501921303
G,P,234,-0.6557497,G234P,-0.441570207,0.0644878545861931
G,Q,234,-0.6518368,G234Q,-1.341055779,0.0262322903116428
G,R,234,-0.647748,G234R,-3.031624102,0.0048376114565137
G,S,234,-0.6578946,G234S,0.1283739715782617,0.1140253909139487
G,T,234,-0.6400364,G234T,-0.821769945,0.0440919442129145
G,V,234,-0.6481749,G234V,-0.656085364,0.0520373489863877
G,W,234,-0.654893,G234W,-2.148134349,0.0117037823049223
G,Y,234,-0.6505804,G234Y,-0.687297162,0.0504382545970908
S,A,235,-0.5949705,S235A,-0.009273397,0.0457524204983439
S,C,235,-0.6038055,S235C,-1.033395017,0.0164302260012538
S,D,235,-0.6037047,S235D,1.0208796483742049,0.128175174994109
S,E,235,-0.5943343,S235E,0.9967222625391288,0.1251158984339342
S,F,235,-0.5881599,S235F,-0.108802659,0.0414179934939707
S,G,235,-0.5932862,S235G,-0.593190756,0.0255165475327552
S,H,235,-0.6053655,S235H,0.0500761203056976,0.0485500015624803
S,I,235,-0.6172927,S235I,0.218562170297011,0.0574594975316196
S,K,235,-0.5972887,S235K,-0.871485334,0.0193179064459877
S,L,235,-0.6055144,S235L,0.3689967620326801,0.0667874323848885
S,M,235,-0.6080272,S235M,0.5278762141313464,0.0782880050447881
S,N,235,-0.5841686,S235N,-0.024330728,0.0450686716353637
S,P,235,-0.6042933,S235P,0.3780422643760595,0.0673942989199529
S,Q,235,-0.6118506,S235Q,0.0632657995175027,0.0491946023344743
S,R,235,-0.6024036,S235R,-1.529739677,0.0100019256083088
S,T,235,-0.5893224,S235T,-0.182956042,0.0384578182311827
S,V,235,-0.6061099,S235V,-0.003138128,0.0460339868200509
S,W,235,-0.5975166,S235W,-1.105512052,0.0152870429971177
S,Y,235,-0.5983333,S235Y,-0.445694226,0.0295718752406907
R,A,236,-0.6464553,R236A,0.1375320953657852,0.0365220800938471
R,C,236,-0.6577871,R236C,-0.915116162,0.0127466468359161
R,D,236,-0.6611221,R236D,0.7789817566401807,0.0693639168843208
R,E,236,-0.6531652,R236E,1.1364836434124823,0.0991732908711803
R,F,236,-0.6527829,R236F,-0.182079061,0.026530784874285
R,G,236,-0.6464576,R236G,-1.938661845,0.0045801015088667
R,H,236,-0.6513716,R236H,-0.307608407,0.0234009438249282
R,I,236,-0.6577555,R236I,1.5481362331576718,0.1496832442882135
R,K,236,-0.6539482,R236K,0.0498197682862135,0.0334551139931636
R,L,236,-0.668851,R236L,0.8544200396118136,0.0747990434000302
R,M,236,-0.6557408,R236M,0.479447796757551,0.0514100044410129
R,N,236,-0.6554304,R236N,-0.864018266,0.0134149020077887
R,P,236,-0.6636108,R236P,-1.147441911,0.0101041101826033
R,Q,236,-0.6532153,R236Q,-0.15303091,0.0273127578734488
R,S,236,-0.6484806,R236S,0.4210872513667429,0.0484955594185378
R,T,236,-0.6430047,R236T,0.4176118175971521,0.0483273088201639
R,V,236,-0.6554375,R236V,0.8328509767171166,0.0732029726649336
R,W,236,-0.6527219,R236W,1.3263264098625145,0.1199064093825686
R,Y,236,-0.6514305,R236Y,0.362622850665049,0.0457415841710282
P,A,237,-0.6176731,P237A,-0.400529204,0.1313407469693494
P,C,237,-0.6387717,P237C,-2.165186264,0.0224915040308407
P,D,237,-0.6263841,P237D,-1.60287896,0.0394662207365558
P,E,237,-0.6378663,P237E,-1.630235312,0.0384012025452214
P,F,237,-0.6441514,P237F,-1.410105806,0.0478570447381844
P,G,237,-0.6214628,P237G,-2.33042316,0.0190658859700514
P,H,237,-0.6318954,P237H,-1.37061566,0.0497847387993379
P,I,237,-0.6386205,P237I,-1.423101234,0.0472391454590047
P,K,237,-0.6515784,P237K,-2.125255812,0.023407772108715
P,L,237,-0.638212,P237L,-1.038635905,0.069386220733537
P,M,237,-0.6459883,P237M,-1.795845532,0.0325402735615788
P,N,237,-0.6244113,P237N,-2.586045781,0.014765271301146
P,Q,237,-0.644517,P237Q,-1.813496266,0.0319709529086766
P,R,237,-0.633229,P237R,-2.832784624,0.0115367645905399
P,S,237,-0.6011027,P237S,-1.22376907,0.057659504853711
P,T,237,-0.6294348,P237T,-0.881015446,0.0812319610617381
P,V,237,-0.6187778,P237V,-1.585165296,0.0401715407214256
P,W,237,-0.6284906,P237W,-2.213336887,0.0214341832176349
P,Y,237,-0.6367227,P237Y,-2.091641918,0.0242079724009117
R,A,238,-0.6492489,R238A,0.7289049140144996,0.0852097478660851
R,C,238,-0.655888,R238C,-1.475083061,0.009403922767087
R,D,238,-0.6646154,R238D,1.121404980314244,0.126168200743189
R,E,238,-0.6577468,R238E,-0.210620025,0.0333011095654488
R,F,238,-0.6442442,R238F,-0.129777065,0.03610508448935
R,G,238,-0.6455388,R238G,0.3153603878621216,0.0563493808363414
R,H,238,-0.6588134,R238H,-0.313617607,0.0300419008510622
R,I,238,-0.6684254,R238I,0.0387746542433142,0.0427335985639086
R,K,238,-0.5425632,R238K,-0.937350625,0.0161006524451967
R,L,238,-0.6470127,R238L,0.0761698918032167,0.0443618873855829
R,M,238,-0.6550203,R238M,-0.490725787,0.0251657730086838
R,N,238,-0.6252537,R238N,0.5171898497301708,0.0689513198996267
R,P,238,-0.660953,R238P,0.5687964786979447,0.0726030827586961
R,Q,238,-0.6340063,R238Q,-0.037745938,0.0395855776842637
R,S,238,-0.656472,R238S,0.6926185535448943,0.0821732213009425
R,T,238,-0.6371027,R238T,0.2864578473743737,0.0547440510905974
R,V,238,-0.6504776,R238V,-0.193147035,0.0338880929348036
R,W,238,-0.6438039,R238W,0.5244578121351933,0.0694542811106971
R,Y,238,-0.6538496,R238Y,-0.233409286,0.0325507838112079
V,A,239,-0.5137937,V239A,-0.928535503,0.0632462967914247
V,C,239,-0.51657,V239C,-1.807479935,0.0262611831443015
V,D,239,-0.5199608,V239D,-1.643534084,0.0309396282905027
V,E,239,-0.5111738,V239E,-2.327497349,0.0156125370653974
V,F,239,-0.5113513,V239F,-1.64041598,0.0310362518774591
V,G,239,-0.5058623,V239G,-1.731177702,0.0283433995853952
V,H,239,-0.5128484,V239H,-2.125404753,0.0191091439782605
V,I,239,-0.3142626,V239I,-0.281476869,0.1207950475164915
V,K,239,-0.5055331,V239K,-1.715348847,0.0287956128497619
V,L,239,-0.518663,V239L,-0.234507577,0.1266040605499523
V,M,239,-0.5138109,V239M,-1.402710713,0.039364377042274
V,N,239,-0.5013655,V239N,-1.46823591,0.0368677084083455
V,P,239,-0.5132586,V239P,-1.775119919,0.0271248952728521
V,Q,239,-0.5197727,V239Q,-1.194001208,0.0485003407938668
V,R,239,-0.4902993,V239R,-0.538843447,0.0933848086988582
V,S,239,-0.4964001,V239S,-1.72987022,0.0283804823151257
V,T,239,-0.502513,V239T,-1.856182276,0.0250128467520514
V,W,239,-0.5161839,V239W,-1.800712298,0.0264395121245764
V,Y,239,-0.5228681,V239Y,-1.892608544,0.0241181164898743
R,A,240,-0.655985,R240A,-0.032380789,0.0465532450679311
R,C,240,-0.6658988,R240C,-1.167412759,0.0149627576353002
R,D,240,-0.6522271,R240D,-0.371998962,0.0331478697208128
R,E,240,-0.5855686,R240E,0.4523143385572195,0.0755875753940939
R,F,240,-0.6519228,R240F,-0.002116848,0.0479836659723179
R,G,240,-0.6396342,R240G,-1.610920146,0.0096028173463797
R,H,240,-0.673987,R240H,0.4902319457385848,0.0785087069457508
R,I,240,-0.6630261,R240I,0.385819695440281,0.0707248694162711
R,K,240,-0.6707225,R240K,-0.673249037,0.0245258649233508
R,L,240,-0.6635452,R240L,-0.436861057,0.0310660734598051
R,M,240,-0.6589846,R240M,0.3949947971662708,0.0713767634031305
R,N,240,-0.6058604,R240N,0.4751165453764705,0.0773309398916189
R,P,240,-0.6560188,R240P,0.1793573420485894,0.0575316300859231
R,Q,240,-0.6677896,R240Q,1.19759117625203,0.1592648962713826
R,S,240,-0.6558128,R240S,-0.078251173,0.0444660652076583
R,T,240,-0.6205058,R240T,-1.48467727,0.0108949516362115
R,V,240,-0.6397933,R240V,-0.378696247,0.0329266106749948
R,W,240,-0.646334,R240W,-0.798072634,0.0216478170571754
R,Y,240,-0.6641021,R240Y,-0.093080414,0.0438115322027418
N,A,241,-0.5188606,N241A,-1.429144285,0.0360187606071563
N,C,241,-0.5388221,N241C,-1.995313635,0.0204476992303848
N,D,241,-0.350111,N241D,-0.880732419,0.0623305648813079
N,E,241,-0.5373073,N241E,-0.741300556,0.0716564948933609
N,F,241,-0.5399713,N241F,-2.11224722,0.0181911774941083
N,G,241,-0.5050357,N241G,0.3497879272740594,0.2133581851462067
N,H,241,-0.5411275,N241H,-1.04521798,0.052876886984932
N,I,241,-0.5549511,N241I,-1.965446296,0.0210676296506573
N,K,241,-0.5300642,N241K,-1.204727282,0.0450808249739326
N,L,241,-0.5517829,N241L,-1.799250626,0.0248767458491458
N,M,241,-0.5419068,N241M,-1.65454978,0.0287499021937065
N,P,241,-0.5432988,N241P,-1.963165127,0.021115743359367
N,Q,241,-0.5554578,N241Q,-1.133547365,0.0484066364843057
N,R,241,-0.539454,N241R,-2.52719123,0.0120130364506702
N,S,241,-0.5317366,N241S,-1.544652278,0.0320895972253889
N,T,241,-0.5419299,N241T,-0.646924085,0.078748582825289
N,V,241,-0.5256182,N241V,-1.938800207,0.0216365458798443
N,W,241,-0.535318,N241W,-2.000890843,0.0203339755367659
N,Y,241,-0.5539096,N241Y,-1.987012124,0.0206181526468549
I,A,242,-0.6177469,I242A,-2.058560197,0.0087421738727664
I,C,242,-0.61453,I242C,-1.261207981,0.01940463063495
I,D,242,-0.6197299,I242D,-1.443278772,0.0161745793822219
I,E,242,-0.621959,I242E,-1.310726124,0.0184671515301905
I,F,242,-0.6193587,I242F,-0.460507509,0.0432160729954049
I,G,242,-0.6145812,I242G,-1.580585062,0.0140994311824136
I,H,242,-0.6156397,I242H,0.140846409294479,0.0788515135866272
I,K,242,-0.6362759,I242K,-1.915067229,0.0100910814272108
I,L,242,-0.5997073,I242L,-0.658089086,0.0354679991931339
I,M,242,-0.6052333,I242M,0.346745449588782,0.0968792708495422
I,N,242,-0.588169,I242N,-0.513668228,0.040978672749553
I,P,242,-0.62127,I242P,-3.090868663,0.00311381403226
I,Q,242,-0.6162923,I242Q,0.60691216326653,0.125666592703564
I,R,242,-0.609053,I242R,-2.174470143,0.0077853892146593
I,S,242,-0.6079161,I242S,0.6483769589489929,0.1309868726142683
I,T,242,-0.5813643,I242T,0.7202176140338328,0.1407433148836321
I,V,242,-0.4543669,I242V,0.4747555223332926,0.1101095366484247
I,W,242,-0.6267603,I242W,-1.389191616,0.0170735080467956
I,Y,242,-0.6255065,I242Y,-1.612527325,0.013656180045077
P,A,243,-0.6530432,P243A,-0.151175541,0.032070635449135
P,C,243,-0.6610382,P243C,-1.340791313,0.0097603117667377
P,D,243,-0.6406284,P243D,0.8609977666609665,0.088244761478981
P,E,243,-0.6290095,P243E,0.6169133931129753,0.0691328440118763
P,F,243,-0.6445822,P243F,-1.703061795,0.0067940920200367
P,G,243,-0.6390612,P243G,0.8055693942430397,0.0834865845739114
P,H,243,-0.6526273,P243H,0.0223124146483608,0.0381463025083535
P,I,243,-0.6374474,P243I,-0.796182408,0.0168261408299195
P,K,243,-0.657411,P243K,-1.289254712,0.0102765129520288
P,L,243,-0.6412133,P243L,-2.071657727,0.0046995033167914
P,M,243,-0.6495786,P243M,-0.345231526,0.0264137518128634
P,N,243,-0.6314936,P243N,1.0289863480344257,0.1043867689202868
P,Q,243,-0.6468016,P243Q,0.1009704930981727,0.0412679814393764
P,R,243,-0.6356049,P243R,-2.224433916,0.0040336847391227
P,S,243,-0.5925125,P243S,0.6784365702080914,0.0735196792213862
P,T,243,-0.6383811,P243T,2.158756170576239,0.3230712284161128
P,V,243,-0.6255105,P243V,-0.925404352,0.0147864563765582
P,W,243,-0.6495395,P243W,-1.30039105,0.0101627049945884
P,Y,243,-0.6424836,P243Y,-1.893590718,0.0056154637820582
S,A,244,-0.646339,S244A,-0.694801411,0.1572671453078821
S,C,244,-0.6549767,S244C,-3.352648782,0.0110242534761918
S,D,244,-0.6477424,S244D,-2.436594556,0.027554131211737
S,E,244,-0.6457597,S244E,-2.222020318,0.0341487774628166
S,F,244,-0.6419261,S244F,-2.094847105,0.0387798210019383
S,G,244,-0.6303499,S244G,-1.515327407,0.0692289996468661
S,H,244,-0.6466257,S244H,-2.335440862,0.0304871781495494
S,I,244,-0.6358231,S244I,-2.006025104,0.0423819284923194
S,K,244,-0.6485515,S244K,-2.963330537,0.016271518444875
S,L,244,-0.651998,S244L,-2.818230632,0.0188124001202594
S,M,244,-0.6399025,S244M,-1.992719251,0.0429496248209165
S,N,244,-0.6153861,S244N,-2.261031096,0.0328422565526585
S,P,244,-0.6349091,S244P,-2.561590331,0.0243165370137184
S,Q,244,-0.6491751,S244Q,-2.905525261,0.0172398153758551
S,R,244,-0.6376487,S244R,-2.984540588,0.0159300327616847
S,T,244,-0.6414057,S244T,-2.120172788,0.0378100274545025
S,V,244,-0.6446328,S244V,-3.318041042,0.0114124569983823
S,W,244,-0.6498743,S244W,-2.300314604,0.0315771095114431
S,Y,244,-0.6424679,S244Y,-2.537439824,0.0249109426630482
R,A,245,-0.6547304,R245A,-2.0329988,0.0250296243526977
R,C,245,-0.6515948,R245C,-2.059213587,0.0243820035127596
R,D,245,-0.6479089,R245D,-2.263889929,0.0198691616661377
R,E,245,-0.6490006,R245E,-2.51892641,0.0153963772332806
R,F,245,-0.6543124,R245F,0.0480554030790596,0.2005602398897945
R,G,245,-0.6383134,R245G,-0.803034184,0.0856290843910496
R,H,245,-0.6528871,R245H,-2.281408176,0.0195241196984456
R,I,245,-0.6024017,R245I,-1.82016789,0.0309660388774176
R,K,245,-0.6364668,R245K,-1.460940836,0.0443502450814841
R,L,245,-0.6645416,R245L,-1.704048181,0.0347788981650765
R,M,245,-0.6672865,R245M,-1.609705501,0.0382197934138377
R,N,245,-0.6310254,R245N,-1.930291382,0.0277370081162516
R,P,245,-0.6551292,R245P,-2.331741305,0.0185657308258783
R,Q,245,-0.6624034,R245Q,-1.896561743,0.0286885246733299
R,S,245,-0.6449247,R245S,-1.639745515,0.0370887434404211
R,T,245,-0.633931,R245T,-2.085954503,0.023738646452306
R,V,245,-0.639013,R245V,-2.009608969,0.0256219636221814
R,W,245,-0.6569043,R245W,-1.34811067,0.0496475192823674
R,Y,245,-0.6539518,R245Y,-1.174570824,0.0590561273914068
I,A,246,-0.5733392,I246A,-2.542672862,0.0271406743858927
I,C,246,-0.579242,I246C,-2.064964359,0.04376096219754
I,D,246,-0.5690822,I246D,-1.865671454,0.0534119814518309
I,E,246,-0.5780482,I246E,-2.751717411,0.0220208309822265
I,F,246,-0.5687401,I246F,-3.346504332,0.0121484498654473
I,G,246,-0.5868516,I246G,-2.615593269,0.0252320009632959
I,H,246,-0.5732303,I246H,-2.632941721,0.0247980397829373
I,K,246,-0.5779159,I246K,-2.306333742,0.034376483126903
I,L,246,-0.5815619,I246L,-1.935236816,0.0498226508294021
I,M,246,-0.5716197,I246M,-2.05509311,0.0441950767435246
I,N,246,-0.5692012,I246N,-1.90407295,0.0513997644026724
I,P,246,-0.5826898,I246P,-2.202787076,0.0381268742739867
I,Q,246,-0.5743045,I246Q,-1.859423313,0.0537467518427146
I,R,246,-0.5657578,I246R,-2.762829847,0.0217774804010142
I,S,246,-0.5562508,I246S,-2.699509009,0.0232010443702789
I,T,246,-0.5643746,I246T,-2.768812987,0.0216475716504517
I,V,246,-0.4047049,I246V,-1.774762071,0.0584951878036515
I,W,246,-0.5785676,I246W,-2.625599719,0.0249807771342594
I,Y,246,-0.568383,I246Y,-2.638466894,0.0246614040946241
S,A,247,-0.6482542,S247A,-0.890332035,0.0649353203573411
S,C,247,-0.654293,S247C,-2.524160607,0.0126741247681082
S,D,247,-0.6519399,S247D,-0.821950458,0.0695310413009971
S,E,247,-0.6449328,S247E,-0.895364341,0.064609366692853
S,F,247,-0.651054,S247F,-1.68298472,0.0293924791938004
S,G,247,-0.6366465,S247G,-1.452519565,0.0370105888527084
S,H,247,-0.6608235,S247H,-0.886623732,0.0651765672656593
S,I,247,-0.6489613,S247I,-0.596573964,0.0871080945318216
S,K,247,-0.6479729,S247K,-1.948125144,0.0225469162398739
S,L,247,-0.6486924,S247L,-1.033107138,0.0562956111062649
S,M,247,-0.6581586,S247M,-1.609415054,0.0316364052366545
S,N,247,-0.6383374,S247N,-1.805919871,0.0259923856679722
S,P,247,-0.6590038,S247P,-2.028183314,0.0208122154851855
S,Q,247,-0.6540883,S247Q,-1.144428748,0.0503649222398216
S,R,247,-0.6551231,S247R,-2.09333952,0.0194994031765666
S,T,247,-0.6527576,S247T,-0.823577752,0.0694179858545645
S,V,247,-0.6553689,S247V,-1.037851059,0.0560291815655335
S,W,247,-0.6582372,S247W,-2.26350854,0.0164481785427785
S,Y,247,-0.65474,S247Y,-1.317973404,0.0423407615319542
I,A,248,-0.6427807,I248A,-2.85288182,0.0188663158468319
I,C,248,-0.6294833,I248C,-2.905746955,0.017894849563451
I,D,248,-0.6262387,I248D,-2.827936915,0.0193428534328805
I,E,248,-0.6336053,I248E,-1.620602686,0.0646932980321755
I,F,248,-0.6345573,I248F,-1.5653605,0.0683676530875058
I,G,248,-0.640394,I248G,-3.07169458,0.0151585573111375
I,H,248,-0.6313569,I248H,-2.831448839,0.0192750419029666
I,K,248,-0.6149978,I248K,-2.188820259,0.0366509709180694
I,L,248,-0.6212947,I248L,-1.821634324,0.052911776820765
I,M,248,-0.6307641,I248M,-2.065671701,0.0414541712150214
I,N,248,-0.6304693,I248N,-2.008537395,0.0438915943420293
I,P,248,-0.6278911,I248P,-3.292819894,0.012151343439687
I,Q,248,-0.6310904,I248Q,-2.294308579,0.0329816573664794
I,R,248,-0.6203729,I248R,-2.575625462,0.0248941936056179
I,S,248,-0.6204034,I248S,-2.329912348,0.0318280440526747
I,T,248,-0.6034243,I248T,-2.286659006,0.0332349204653761
I,V,248,-0.5484861,I248V,-1.236215977,0.0950159116725474
I,W,248,-0.6301992,I248W,-2.846508551,0.0189869399855263
I,Y,248,-0.6245594,I248Y,-2.559388055,0.0253017104649535
Y,A,249,-0.6417127,Y249A,-2.465443733,0.024633622581633
Y,C,249,-0.6442819,Y249C,-1.59691648,0.0587117437179033
Y,D,249,-0.6352798,Y249D,-2.867374904,0.0164805501942427
Y,E,249,-0.6517141,Y249E,-2.292884282,0.0292731816937772
Y,F,249,-0.6279941,Y249F,-1.255528716,0.0826014787950892
Y,G,249,-0.6316218,Y249G,-2.58624659,0.0218305283376689
Y,H,249,-0.6311892,Y249H,-0.786560525,0.1320255969281712
Y,I,249,-0.6373627,Y249I,-2.435881616,0.0253727156630651
Y,K,249,-0.6368713,Y249K,-2.733110265,0.0188487316325073
Y,L,249,-0.6428402,Y249L,-2.09865489,0.035548616880646
Y,M,249,-0.6358464,Y249M,-1.994395866,0.0394549810008639
Y,N,249,-0.6287863,Y249N,-2.065321197,0.0367535548412077
Y,P,249,-0.6521305,Y249P,-2.755948594,0.0184231363224565
Y,Q,249,-0.6464583,Y249Q,-1.699873828,0.052967705804055
Y,R,249,-0.6331846,Y249R,-2.232355771,0.0310997670063774
Y,S,249,-0.6208199,Y249S,-2.833677917,0.0170453581346033
Y,T,249,-0.6355718,Y249T,-3.228678822,0.0114831038880606
Y,V,249,-0.6292133,Y249V,-2.189973482,0.032446177204484
Y,W,249,-0.6415877,Y249W,-2.446945184,0.0250935499072545
W,A,250,-0.654282,W250A,-2.427758533,0.0160371050680344
W,C,250,-0.6572415,W250C,-2.154535363,0.0210758623880004
W,D,250,-0.662987,W250D,-2.207355079,0.01999152996137
W,E,250,-0.6668265,W250E,-2.298593817,0.0182482629761171
W,F,250,-0.6488969,W250F,-0.464040879,0.1142767677886089
W,G,250,-0.6598949,W250G,-2.199648117,0.0201461992423587
W,H,250,-0.6750401,W250H,-0.245166397,0.1422374427027792
W,I,250,-0.6630215,W250I,-2.845315058,0.0105629041628834
W,K,250,-0.6554777,W250K,-2.395246795,0.0165670678751472
W,L,250,-0.6670819,W250L,-2.407089346,0.0163720285677316
W,M,250,-0.662615,W250M,-1.727580735,0.032300516355728
W,N,250,-0.6674501,W250N,-2.406467262,0.0163822165205054
W,P,250,-0.6581925,W250P,-2.488653283,0.0150896686571856
W,Q,250,-0.6776394,W250Q,-2.070337131,0.0229272622378887
W,R,250,-0.6548812,W250R,-2.470288669,0.0153693449972691
W,S,250,-0.6525061,W250S,-1.835597286,0.0289933539532276
W,T,250,-0.6635044,W250T,-2.600612823,0.0134913764034005
W,V,250,-0.6400557,W250V,-2.718785572,0.0119876607983458
W,Y,250,-0.6661732,W250Y,0.3815370891577019,0.2661875970369598
T,A,251,-0.6150288,T251A,-2.632524965,0.0280742492247229
T,C,251,-0.6389423,T251C,-2.814595996,0.02340106787405
T,D,251,-0.6319631,T251D,-2.003983429,0.0526356928882021
T,E,251,-0.6450761,T251E,-2.598518912,0.0290453622654093
T,F,251,-0.651342,T251F,-3.321572909,0.0140947792344796
T,G,251,-0.6429001,T251G,-2.47197275,0.0329636363943077
T,H,251,-0.6415477,T251H,-2.722197931,0.0256663234093407
T,I,251,-0.6296836,T251I,-2.569819928,0.0298910115271563
T,K,251,-0.6300614,T251K,-2.214041031,0.0426632039790604
T,L,251,-0.6634115,T251L,-2.891455973,0.0216698446372936
T,M,251,-0.64548,T251M,-2.050704018,0.0502330844656479
T,N,251,-0.6373287,T251N,-2.185484547,0.0438990774640636
T,P,251,-0.6531761,T251P,-3.167421451,0.016443923576536
T,Q,251,-0.649614,T251Q,-3.18710768,0.0161233701181985
T,R,251,-0.630271,T251R,-2.609909307,0.0287164010685937
T,S,251,-0.6340141,T251S,-2.358565101,0.0369221893546993
T,V,251,-0.6292539,T251V,-1.98472671,0.0536591059684819
T,W,251,-0.649371,T251W,-2.25301326,0.0410325057901373
T,Y,251,-0.6403121,T251Y,-2.859001643,0.0223846619692944
I,A,252,-0.6166637,I252A,-2.392350012,0.025764514572651
I,C,252,-0.6279842,I252C,-2.738322892,0.0182292072198793
I,D,252,-0.6217103,I252D,-2.64423849,0.0200275645419524
I,E,252,-0.6163008,I252E,-2.995314292,0.0140980084003994
I,F,252,-0.6059001,I252F,-2.587844648,0.0211894500942744
I,G,252,-0.6226287,I252G,-2.893331715,0.0156116305662481
I,H,252,-0.6052273,I252H,-2.027798199,0.0370975182039147
I,K,252,-0.6237718,I252K,-1.940458065,0.0404833277375192
I,L,252,-0.6053922,I252L,-0.945762593,0.1094629194057179
I,M,252,-0.6172465,I252M,-1.349760223,0.0730824445715997
I,N,252,-0.6126395,I252N,-3.186791087,0.0116412706053323
I,P,252,-0.6246073,I252P,-2.785501682,0.0173891471338035
I,Q,252,-0.62279,I252Q,-1.639435402,0.054702693864611
I,R,252,-0.6190818,I252R,-2.489750394,0.023373378862422
I,S,252,-0.6159029,I252S,-2.276941461,0.0289163371395455
I,T,252,-0.60527,I252T,-1.781064558,0.0474788226343005
I,V,252,-0.535767,I252V,-0.795281486,0.1272389705453975
I,W,252,-0.6183614,I252W,-2.844758716,0.0163886531532358
I,Y,252,-0.6258903,I252Y,-2.869909091,0.015981612209018
V,A,253,-0.6317219,V253A,-1.407504014,0.0910365224958161
V,C,253,-0.6478575,V253C,-2.349172946,0.035502093549639
V,D,253,-0.6388716,V253D,-2.041902066,0.048272528093129
V,E,253,-0.6362538,V253E,-2.207061491,0.0409234463969373
V,F,253,-0.6471395,V253F,-3.097644311,0.0167956510942458
V,G,253,-0.6474224,V253G,-2.591324879,0.0278669014916844
V,H,253,-0.651824,V253H,-2.213279835,0.0406697598557852
V,I,253,-0.605582,V253I,-2.606592183,0.0274446801611187
V,K,253,-0.6484415,V253K,-2.359236842,0.0351465959087337
V,L,253,-0.6344956,V253L,-2.448291874,0.0321519374268347
V,M,253,-0.6434043,V253M,-2.524159966,0.0298028669175046
V,N,253,-0.6418705,V253N,-2.753945885,0.0236844470124955
V,P,253,-0.6555511,V253P,-2.592410039,0.0278366778298812
V,Q,253,-0.6455837,V253Q,-2.76361976,0.0234564312234443
V,R,253,-0.6401038,V253R,-2.966826622,0.0191430122166038
V,S,253,-0.653242,V253S,-2.630141568,0.0268059252610561
V,T,253,-0.6478541,V253T,-2.54933325,0.0290619948447997
V,W,253,-0.6411154,V253W,-2.827213676,0.0220111857070798
V,Y,253,-0.6473508,V253Y,-2.503160726,0.0304353219952431
K,A,254,-0.6051731,K254A,-0.771516933,0.0684136217045375
K,C,254,-0.611642,K254C,-1.326183258,0.0392874653166827
K,D,254,-0.5957049,K254D,-2.234775534,0.0158364281599221
K,E,254,-0.581223,K254E,-0.928681218,0.0584637931713938
K,F,254,-0.6166116,K254F,-1.198907597,0.0446199563351472
K,G,254,-0.6067665,K254G,-1.944472954,0.021170646112718
K,H,254,-0.6155268,K254H,-1.277571434,0.0412444828783991
K,I,254,-0.603614,K254I,-2.289929739,0.0149866323321932
K,L,254,-0.6226113,K254L,-2.672562034,0.0102218339879592
K,M,254,-0.6009966,K254M,-1.625452416,0.0291261463987996
K,N,254,-0.5943308,K254N,-1.471799291,0.0339636028367436
K,P,254,-0.6007725,K254P,-0.064408056,0.1387509921900356
K,Q,254,-0.6074062,K254Q,-0.628337415,0.0789450065085718
K,R,254,-0.5226133,K254R,-0.683105942,0.0747375733564133
K,S,254,-0.6104759,K254S,-1.046641713,0.0519585936788723
K,T,254,-0.6059034,K254T,-1.426060538,0.0355531305292324
K,V,254,-0.5957728,K254V,-1.718833546,0.0265294412880379
K,W,254,-0.6108961,K254W,-1.187292585,0.0451412392601209
K,Y,254,-0.6046232,K254Y,-1.858656846,0.0230676626561304
P,A,255,-0.6441889,P255A,-1.534052191,0.0621883843266266
P,C,255,-0.6530842,P255C,-2.290437836,0.0291887221909397
P,D,255,-0.6547297,P255D,-2.404822874,0.0260338425819069
P,E,255,-0.6500894,P255E,-1.938206644,0.041513293561965
P,F,255,-0.6639328,P255F,-2.390933471,0.0263979600813634
P,G,255,-0.645009,P255G,-2.366302286,0.0270562472708045
P,H,255,-0.6579438,P255H,-1.88774153,0.0436620292571901
P,I,255,-0.6568262,P255I,-2.699058782,0.0193978316571022
P,K,255,-0.6641667,P255K,-1.835518511,0.0460027813480296
P,L,255,-0.650785,P255L,-2.568879959,0.0220947533626995
P,M,255,-0.6664065,P255M,-2.135159239,0.0340919421274685
P,N,255,-0.6517947,P255N,-2.041971406,0.0374216313087309
P,Q,255,-0.6577376,P255Q,-1.80505387,0.0474258057885374
P,R,255,-0.6421399,P255R,-1.987290386,0.0395248642450393
P,S,255,-0.6264206,P255S,-1.25227989,0.082429268654536
P,T,255,-0.6477002,P255T,-2.000182707,0.0390185675566828
P,V,255,-0.6366074,P255V,-2.127559051,0.0343520345077055
P,W,255,-0.6532468,P255W,-2.340340206,0.0277678817754798
P,Y,255,-0.6569017,P255Y,-2.403472231,0.0260690287802199
G,A,256,-0.6670185,G256A,-2.495919393,0.0254608843991182
G,C,256,-0.660727,G256C,-2.866957347,0.0175684591187481
G,D,256,-0.668536,G256D,-1.730556189,0.0547351852632358
G,E,256,-0.6541681,G256E,-1.918539338,0.04535514204748
G,F,256,-0.6606194,G256F,-2.66340126,0.0215346096150634
G,H,256,-0.6608477,G256H,-1.332222839,0.0815193286267983
G,I,256,-0.6538453,G256I,-2.815195872,0.0185017755258905
G,K,256,-0.6519743,G256K,-2.396059222,0.028134695690131
G,L,256,-0.6631444,G256L,-2.889045391,0.0171846602741833
G,M,256,-0.6651866,G256M,-2.106229719,0.0375935739277487
G,N,256,-0.6515875,G256N,-1.330468878,0.0816624357761992
G,P,256,-0.6614386,G256P,-2.189790133,0.0345799036010086
G,Q,256,-0.6642363,G256Q,-2.424747983,0.0273390139910834
G,R,256,-0.6575766,G256R,-2.106627348,0.0375786285909435
G,S,256,-0.6578519,G256S,-1.988769332,0.0422791284276308
G,T,256,-0.6704522,G256T,-2.54523099,0.0242358201897798
G,V,256,-0.6523756,G256V,-1.790603617,0.0515452108608436
G,W,256,-0.6559626,G256W,-2.855564016,0.0177697671093054
G,Y,256,-0.651705,G256Y,-2.455626456,0.0265077271571243
D,A,257,-0.6375657,D257A,-2.601149312,0.0308738839078905
D,C,257,-0.6390269,D257C,-3.003615641,0.0206444012442511
D,E,257,-0.6224902,D257E,-2.432569503,0.0365430312524473
D,F,257,-0.6221854,D257F,-2.409945226,0.0373792145129858
D,G,257,-0.6156572,D257G,-2.878711733,0.0233909248722304
D,H,257,-0.6352747,D257H,-2.128092646,0.0495492653307783
D,I,257,-0.6426779,D257I,-2.527929201,0.0332192915994335
D,K,257,-0.6329474,D257K,-3.04305394,0.0198460667309114
D,L,257,-0.6327486,D257L,-3.167178943,0.0175294227250144
D,M,257,-0.6396816,D257M,-2.60747817,0.0306791044375334
D,N,257,-0.6035242,D257N,-2.26293819,0.0432986674681489
D,P,257,-0.6388325,D257P,-3.012316219,0.0204655620655924
D,Q,257,-0.6096373,D257Q,-2.424554008,0.0368371188844472
D,R,257,-0.6316968,D257R,-3.045935873,0.0197889539974854
D,S,257,-0.6269684,D257S,-2.202958885,0.0459751567118613
D,T,257,-0.6317331,D257T,-3.206369697,0.0168557187482894
D,V,257,-0.6357701,D257V,-2.596188795,0.0310274148743322
D,W,257,-0.6346978,D257W,-3.363396715,0.0144062605520611
D,Y,257,-0.631809,D257Y,-2.014055436,0.0555345119951951
I,A,258,-0.6084169,I258A,-0.522764441,0.0625332083283474
I,C,258,-0.6051015,I258C,-0.622363164,0.0566050955409785
I,D,258,-0.6003958,I258D,-0.958794371,0.0404338672301621
I,E,258,-0.6114204,I258E,0.1541566545530721,0.1230534633998995
I,F,258,-0.6023768,I258F,-1.248145902,0.0302748131207485
I,G,258,-0.6058342,I258G,-2.15841078,0.0121831122197595
I,H,258,-0.6066176,I258H,-1.036439632,0.0374131575915022
I,K,258,-0.6058053,I258K,-1.848752313,0.0166050926405385
I,L,258,-0.599577,I258L,-1.118187117,0.0344763969265541
I,M,258,-0.547543,I258M,-0.329774342,0.0758447035944805
I,N,258,-0.6100864,I258N,-1.612393036,0.0210324995311437
I,P,258,-0.605076,I258P,-2.341474482,0.0101450599431722
I,Q,258,-0.6101428,I258Q,-0.563778363,0.0600203588954233
I,R,258,-0.5902136,I258R,-2.141625761,0.0123893320184328
I,S,258,-0.6155998,I258S,-0.615515201,0.0569940555048743
I,T,258,-0.5808083,I258T,0.2261847234447231,0.1322437746791855
I,V,258,-0.5015728,I258V,-0.524039272,0.0624535397958852
I,W,258,-0.6015693,I258W,-1.996716721,0.0143212568986612
I,Y,258,-0.608058,I258Y,-1.08883229,0.03550344654768
L,A,259,-0.6451219,L259A,-3.011117619,0.0209558914619189
L,C,259,-0.6300263,L259C,-2.645615426,0.0302024232398569
L,D,259,-0.6428458,L259D,-2.509994411,0.034589259619208
L,E,259,-0.6344213,L259E,-2.435465636,0.0372656508586613
L,F,259,-0.6405061,L259F,-1.922083353,0.0622684205976996
L,G,259,-0.6335667,L259G,-2.700098608,0.0286009221422593
L,H,259,-0.6429966,L259H,-2.601580784,0.03156209317846
L,I,259,-0.6097383,L259I,-2.245736595,0.0450512667068774
L,K,259,-0.6402807,L259K,-3.004818929,0.0210883027491465
L,M,259,-0.6222413,L259M,-2.857013851,0.0244473947966107
L,N,259,-0.640389,L259N,-2.480955712,0.0356084128058503
L,P,259,-0.6411935,L259P,-2.286215905,0.0432640390101511
L,Q,259,-0.6341458,L259Q,-2.839679208,0.0248748762449618
L,R,259,-0.6413127,L259R,-2.886526247,0.0237364359554613
L,S,259,-0.6394974,L259S,-2.953922603,0.0221894036961999
L,T,259,-0.643597,L259T,-3.564028201,0.0120553541286048
L,V,259,-0.6173321,L259V,-2.435918068,0.0372487944763808
L,W,259,-0.6432724,L259W,-3.10802036,0.0190204940536079
L,Y,259,-0.6391405,L259Y,-3.040239845,0.0203544097070762
L,A,260,-0.6428212,L260A,0.1545836311570818,0.070984590179721
L,C,260,-0.6323958,L260C,-0.784675486,0.0277491019302043
L,D,260,-0.6314706,L260D,-1.581512737,0.0125079668227314
L,E,260,-0.6442144,L260E,0.076922345544506,0.0656804631526369
L,F,260,-0.6318428,L260F,0.8187566737575471,0.1379147753879668
L,G,260,-0.6247781,L260G,-1.121116435,0.0198214044019497
L,H,260,-0.6485078,L260H,0.5133884571740355,0.101622775898615
L,I,260,-0.6080593,L260I,-0.458420245,0.0384538499052539
L,K,260,-0.644472,L260K,-1.502640642,0.013534445343238
L,M,260,-0.634304,L260M,0.7287269604926663,0.1260408681344138
L,N,260,-0.6351334,L260N,0.0202533691009514,0.0620619159727312
L,P,260,-0.6427112,L260P,-2.868933037,0.0034519641541908
L,Q,260,-0.637527,L260Q,0.4777849742799729,0.0980683020686819
L,R,260,-0.6314072,L260R,-2.549168503,0.0047526802221134
L,S,260,-0.6361804,L260S,-0.067933031,0.056823280895169
L,T,260,-0.6327434,L260T,-1.135804455,0.0195323947555233
L,V,260,-0.611253,L260V,-1.019294369,0.0219459914009644
L,W,260,-0.6308177,L260W,-1.321493601,0.0162222718954228
L,Y,260,-0.6390139,L260Y,-0.369891393,0.0420133612316403
I,A,261,-0.6417685,I261A,-2.514001808,0.0323915190767646
I,C,261,-0.643343,I261C,-2.90912346,0.0218188621212293
I,D,261,-0.651152,I261D,-2.85474158,0.0230382697334097
I,E,261,-0.6555298,I261E,-2.915393585,0.0216824830588304
I,F,261,-0.6394465,I261F,-2.235496846,0.0427941610444896
I,G,261,-0.6418879,I261G,-2.81571871,0.0239550610964522
I,H,261,-0.6544783,I261H,-2.471216507,0.0338074754835539
I,K,261,-0.647729,I261K,-2.902861979,0.021955909174991
I,L,261,-0.6447848,I261L,-1.936160136,0.0577277757174515
I,M,261,-0.6524979,I261M,-1.646752715,0.0771032863129221
I,N,261,-0.632671,I261N,-2.582397548,0.0302501417307323
I,P,261,-0.6474034,I261P,-3.041931644,0.0191053152458966
I,Q,261,-0.6434041,I261Q,-3.099359962,0.0180390388090517
I,R,261,-0.6353645,I261R,-2.761803906,0.0252820446700173
I,S,261,-0.6402465,I261S,-3.413086628,0.0131814608535341
I,T,261,-0.6316068,I261T,-2.222036316,0.0433740875529464
I,V,261,-0.5484047,I261V,-2.402223715,0.0362222929983345
I,W,261,-0.6296452,I261W,-2.682450734,0.0273700034693063
I,Y,261,-0.6449052,I261Y,-2.566753308,0.0307271034908178
N,A,262,-0.6387275,N262A,-2.147128044,0.0428648846270216
N,C,262,-0.6420448,N262C,-2.627265954,0.02652041720331
N,D,262,-0.6125385,N262D,-2.858870526,0.0210375771472413
N,E,262,-0.6112625,N262E,-1.883042413,0.0558203576835752
N,F,262,-0.6495057,N262F,-2.47028672,0.0310281291523417
N,G,262,-0.6249327,N262G,-2.845332243,0.0213243266214937
N,H,262,-0.6355081,N262H,-2.201033929,0.0406153897309179
N,I,262,-0.6511395,N262I,-1.95937043,0.0517182441625443
N,K,262,-0.6369553,N262K,-2.448001198,0.0317273699747282
N,L,262,-0.6310021,N262L,-2.859145129,0.0210318009395921
N,M,262,-0.6358719,N262M,-2.220145734,0.0398465267421731
N,P,262,-0.6385709,N262P,-2.249497159,0.0386939714074303
N,Q,262,-0.642853,N262Q,-1.834350778,0.0586056013837589
N,R,262,-0.6348255,N262R,-2.450150183,0.0316592615321247
N,S,262,-0.5952351,N262S,-2.384234149,0.0338164301267549
N,T,262,-0.6433757,N262T,-2.564682346,0.0282331982284624
N,V,262,-0.6324863,N262V,-2.871029071,0.0207833394014159
N,W,262,-0.6393677,N262W,-2.963309413,0.018951276437314
N,Y,262,-0.6436416,N262Y,-2.971952257,0.0187881892084486
S,A,263,-0.6367493,S263A,0.2575140760658423,0.1949652775246257
S,C,263,-0.6479577,S263C,-1.657979389,0.0287123607135716
S,D,263,-0.6500283,S263D,-1.807536071,0.0247239146328017
S,E,263,-0.6639399,S263E,-1.457708188,0.0350788709268183
S,F,263,-0.6469484,S263F,-1.014274795,0.0546545504425319
S,G,263,-0.6446608,S263G,-2.046203299,0.0194744556763233
S,H,263,-0.654564,S263H,-0.242370761,0.1182660335806016
S,I,263,-0.6589687,S263I,-1.666593108,0.0284661025484302
S,K,263,-0.6504533,S263K,-2.841902908,0.008788142834425
S,L,263,-0.6563759,S263L,-2.681022061,0.0103220710564152
S,M,263,-0.6549611,S263M,-1.227152688,0.044174802167732
S,N,263,-0.6309482,S263N,-2.146646154,0.0176134133111435
S,P,263,-0.6383843,S263P,-2.606035445,0.0111258486681942
S,Q,263,-0.6498865,S263Q,-2.197100645,0.0167467835373494
S,R,263,-0.6489747,S263R,-1.947312063,0.0214987528313896
S,T,263,-0.6443887,S263T,-0.30746651,0.1108126406675237
S,V,263,-0.646932,S263V,-1.729792397,0.0267227345118336
S,W,263,-0.6434851,S263W,-1.082785993,0.0510354895901541
S,Y,263,-0.6432819,S263Y,-1.752785681,0.0261153010654049
T,A,264,-0.6273628,T264A,-2.686956846,0.0235138308691862
T,C,264,-0.6466533,T264C,-2.373842684,0.0321593448272575
T,D,264,-0.6513199,T264D,-1.416684246,0.0837521382354116
T,E,264,-0.6476528,T264E,-2.265459164,0.035840789784448
T,F,264,-0.634378,T264F,-2.60117003,0.0256200602230532
T,G,264,-0.625824,T264G,-2.85133589,0.0199496116209424
T,H,264,-0.6320564,T264H,-3.028563813,0.016709570770827
T,I,264,-0.6438587,T264I,-1.713065115,0.0622700636814916
T,K,264,-0.6398025,T264K,-2.675336916,0.0237886536748537
T,L,264,-0.6332462,T264L,-2.889921387,0.0191945072841521
T,M,264,-0.6421259,T264M,-2.591240794,0.0258757150604218
T,N,264,-0.6203687,T264N,-2.371541215,0.0322334438460638
T,P,264,-0.6294968,T264P,-2.500230289,0.0283411673684628
T,Q,264,-0.6368608,T264Q,-2.415855365,0.0308362324752174
T,R,264,-0.6194891,T264R,-2.56358652,0.0266012756388486
T,S,264,-0.6054356,T264S,-1.298396641,0.0942687098762681
T,V,264,-0.619528,T264V,-2.890941308,0.0191749403794208
T,W,264,-0.6394891,T264W,-2.286246502,0.0351034452405496
T,Y,264,-0.6266757,T264Y,-2.878202608,0.0194207667504502
G,A,265,-0.6514683,G265A,-1.710176843,0.0603905144680051
G,C,265,-0.6660493,G265C,-2.387544171,0.0306755082606202
G,D,265,-0.6548001,G265D,-2.142207749,0.0392048730964053
G,E,265,-0.6522471,G265E,-2.240908743,0.0355201461087337
G,F,265,-0.6547658,G265F,-2.481786709,0.0279166138317341
G,H,265,-0.655886,G265H,-2.231613703,0.0358518465855979
G,I,265,-0.649892,G265I,-2.508728356,0.0271745352966477
G,K,265,-0.6551336,G265K,-2.959655149,0.0173111937466021
G,L,265,-0.6600673,G265L,-2.243002453,0.0354458550208291
G,M,265,-0.6638613,G265M,-2.765380683,0.0210232275055344
G,N,265,-0.651047,G265N,-2.371868933,0.0311601427679173
G,P,265,-0.6587912,G265P,-2.668063351,0.0231720143766252
G,Q,265,-0.6622873,G265Q,-2.648942033,0.0236193572988503
G,R,265,-0.6610226,G265R,-2.55389873,0.0259743611443797
G,S,265,-0.6626032,G265S,-1.410718426,0.0814745342388074
G,T,265,-0.6534399,G265T,-1.972038361,0.0464776002113863
G,V,265,-0.6498279,G265V,-1.754150683,0.0577924532401186
G,W,265,-0.6553145,G265W,-2.357786087,0.0316020709021783
G,Y,265,-0.656907,G265Y,-3.153744503,0.0142572258048505
N,A,266,-0.6424066,N266A,-1.705759673,0.0467720445986168
N,C,266,-0.6613034,N266C,-2.697717519,0.0173454023793799
N,D,266,-0.6393459,N266D,-2.163694622,0.0295874597444858
N,E,266,-0.6673983,N266E,-1.883688408,0.0391482965306808
N,F,266,-0.6543626,N266F,-2.491218668,0.0213238558151657
N,G,266,-0.6496322,N266G,-0.878245407,0.1069969226595754
N,H,266,-0.6528725,N266H,-1.657710027,0.049074293480142
N,I,266,-0.6675372,N266I,-2.638648373,0.0184008462796463
N,K,266,-0.6479452,N266K,-2.724522767,0.0168866305058681
N,L,266,-0.6520431,N266L,-2.390698862,0.0235787595459154
N,M,266,-0.6599775,N266M,-1.745917295,0.0449310034458842
N,P,266,-0.6469366,N266P,-0.947802968,0.099807417687403
N,Q,266,-0.644116,N266Q,-2.036128439,0.0336131324420553
N,R,266,-0.6547681,N266R,-2.392914404,0.0235265776287384
N,S,266,-0.6339802,N266S,-1.952400956,0.0365486534611023
N,T,266,-0.639656,N266T,-1.561006116,0.0540570123228241
N,V,266,-0.6507795,N266V,-2.292015256,0.0260242796222731
N,W,266,-0.6525849,N266W,-2.127011783,0.030692964694871
N,Y,266,-0.6577938,N266Y,-2.365610315,0.0241777997249703
L,A,267,-0.6302032,L267A,-2.843613537,0.0176628986771763
L,C,267,-0.641409,L267C,-2.779281274,0.018836540333992
L,D,267,-0.6367905,L267D,-2.526066431,0.024264480660018
L,E,267,-0.6284824,L267E,-2.984689131,0.0153388778236919
L,F,267,-0.6361878,L267F,-0.126350378,0.2673958131534479
L,G,267,-0.6387897,L267G,-2.622633253,0.0220309154654565
L,H,267,-0.6477088,L267H,-3.263948016,0.011601466871993
L,I,267,-0.614041,L267I,-2.057047318,0.03878497181956
L,K,267,-0.6335966,L267K,-3.163787287,0.0128236658130848
L,M,267,-0.6313941,L267M,-1.333495323,0.0799646750122596
L,N,267,-0.6367023,L267N,-3.09296409,0.0137648137288478
L,P,267,-0.6380573,L267P,-2.534299368,0.0240655327261438
L,Q,267,-0.6362603,L267Q,-2.29759303,0.0304926925131881
L,R,267,-0.6295348,L267R,-3.073731091,0.0140321148302373
L,S,267,-0.6325694,L267S,-3.234810529,0.0119444777268364
L,T,267,-0.6329416,L267T,-2.672264908,0.0209641751865492
L,V,267,-0.6194408,L267V,-2.769365336,0.0190242515211854
L,W,267,-0.6374889,L267W,-2.273531466,0.0312352928428265
L,Y,267,-0.651875,L267Y,-2.60763863,0.0223637500189677
I,A,268,-0.5988011,I268A,-2.441850182,0.0314694198697503
I,C,268,-0.6385301,I268C,-2.868532533,0.0205391691949453
I,D,268,-0.6344775,I268D,-2.893300475,0.020036704209182
I,E,268,-0.6360938,I268E,-2.98023482,0.0183683929163276
I,F,268,-0.6180653,I268F,-2.45140771,0.0311700826354809
I,G,268,-0.6254528,I268G,-2.688384343,0.0245934962138977
I,H,268,-0.6297946,I268H,-3.007314284,0.0178776607746862
I,K,268,-0.6293416,I268K,-2.434293128,0.0317081368857353
I,L,268,-0.6300086,I268L,-1.721909374,0.064648005049272
I,M,268,-0.6228729,I268M,-2.054615781,0.0463513667419773
I,N,268,-0.6233937,I268N,-2.392029347,0.0330769652592832
I,P,268,-0.6146395,I268P,-3.404272097,0.0120202634516766
I,Q,268,-0.6391988,I268Q,-3.294854796,0.013410141294083
I,R,268,-0.630025,I268R,-2.749232809,0.0231416386662203
I,S,268,-0.6248313,I268S,-2.581276408,0.027373899946492
I,T,268,-0.6236685,I268T,-1.705445807,0.065721151681546
I,V,268,-0.5591502,I268V,-1.319625216,0.0966640394627545
I,W,268,-0.6393304,I268W,-2.673979962,0.0249503141516652
I,Y,268,-0.6444565,I268Y,-2.330943651,0.035160484064596
A,C,269,-0.6529862,A269C,-3.092137741,0.0192573014439772
A,D,269,-0.6333847,A269D,-2.602821294,0.0314125323363851
A,E,269,-0.6412236,A269E,-3.160023233,0.0179933951794456
A,F,269,-0.6377782,A269F,-2.752295678,0.0270512305915053
A,G,269,-0.6295583,A269G,-1.628240335,0.0832450019238377
A,H,269,-0.6358238,A269H,-2.682108355,0.0290181021046991
A,I,269,-0.6389766,A269I,-2.645687698,0.0300944423393312
A,K,269,-0.6376202,A269K,-3.120542585,0.0187179962117267
A,L,269,-0.6462772,A269L,-2.553759014,0.0329921359434545
A,M,269,-0.6500885,A269M,-2.722804782,0.0278608758180762
A,N,269,-0.6217085,A269N,-2.764413046,0.0267254187413201
A,P,269,-0.6423032,A269P,-2.844186457,0.0246762608584159
A,Q,269,-0.634719,A269Q,-2.448629403,0.0366494664154297
A,R,269,-0.636765,A269R,-2.674129045,0.0292505728511988
A,S,269,-0.6221169,A269S,-2.431164712,0.0372951601959811
A,T,269,-0.6135258,A269T,-2.573595237,0.0323441444495035
A,V,269,-0.6119859,A269V,-3.081861361,0.0194562172156494
A,W,269,-0.6306771,A269W,-2.582994485,0.0320415579990861
A,Y,269,-0.6422002,A269Y,-3.064696625,0.0197930608572407
P,A,270,-0.6436125,P270A,-2.859544034,0.0244447134242818
P,C,270,-0.6606424,P270C,-2.485490593,0.035533202507406
P,D,270,-0.6565834,P270D,-2.817311371,0.0254991891266775
P,E,270,-0.6604733,P270E,-3.363575426,0.0147668132226176
P,F,270,-0.6492137,P270F,-2.810298767,0.0256786333692365
P,G,270,-0.6464917,P270G,-2.555353488,0.0331354804809645
P,H,270,-0.6650095,P270H,-2.075303759,0.0535520710036791
P,I,270,-0.6482343,P270I,-2.972216544,0.0218399620628137
P,K,270,-0.6437955,P270K,-2.879612453,0.0239590361549985
P,L,270,-0.6511627,P270L,-2.859168124,0.024453904175996
P,M,270,-0.6577122,P270M,-2.245447778,0.0451734902875303
P,N,270,-0.6558446,P270N,-2.793079184,0.0261246378937399
P,Q,270,-0.648174,P270Q,-2.590426934,0.0319934492018562
P,R,270,-0.6577544,P270R,-2.563570087,0.0328643349138419
P,S,270,-0.6454486,P270S,-2.807659355,0.0257464994163109
P,T,270,-0.6480926,P270T,-2.603382537,0.0315816281094445
P,V,270,-0.647994,P270V,-2.86571908,0.0242942312274277
P,W,270,-7.9644666,P270W,-2.258456969,0.044589625620778
P,Y,270,-0.6554169,P270Y,-2.719423925,0.0281214923360411
R,A,271,-0.6437095,R271A,-2.583659513,0.030588100889408
R,C,271,-0.6408671,R271C,-2.434812862,0.0354973401943309
R,D,271,-0.6414939,R271D,-3.086735437,0.0184956382753213
R,E,271,-0.6442248,R271E,-2.884720701,0.0226361858837862
R,F,271,-0.6364238,R271F,-3.605508553,0.0110095320947946
R,G,271,-0.619867,R271G,-2.978072623,0.0206186870914591
R,H,271,-0.6505037,R271H,-2.259336661,0.0423062155996156
R,I,271,-0.6344838,R271I,-2.549803893,0.0316414099583046
R,K,271,-0.6146541,R271K,-2.648005743,0.0286818586927808
R,L,271,-0.6501467,R271L,-2.476568962,0.034045629105447
R,M,271,-0.6434659,R271M,-2.230500898,0.0435439070059114
R,N,271,-0.6408225,R271N,-2.505654512,0.0330696551408478
R,P,271,-0.6522088,R271P,-2.476204932,0.0340580250095437
R,Q,271,-0.653188,R271Q,-2.591863994,0.030338168014756
R,S,271,-0.6366689,R271S,-2.127882138,0.0482496497167073
R,T,271,-0.6434539,R271T,-2.933831535,0.0215513597923796
R,V,271,-0.6417199,R271V,-2.770589002,0.0253728959783397
R,W,271,-0.653138,R271W,-2.331019321,0.0393797347831555
R,Y,271,-0.6489835,R271Y,-2.225538434,0.0437605291892547
G,A,272,-0.65422,G272A,-2.904109747,0.0221494765887208
G,C,272,-0.655445,G272C,-2.061346566,0.0514482940077951
G,D,272,-0.6393858,G272D,-2.516601724,0.0326329343275913
G,E,272,-0.6391652,G272E,-2.355579698,0.038334263514008
G,F,272,-0.6588602,G272F,-2.768925633,0.0253555600383322
G,H,272,-0.6525061,G272H,-3.034709213,0.0194376972334507
G,I,272,-0.6530013,G272I,-2.957045267,0.0210074748774625
G,K,272,-0.6520105,G272K,-1.836000204,0.0644521897658007
G,L,272,-0.6554055,G272L,-3.219910663,0.0161514976941053
G,M,272,-0.6576788,G272M,-2.613101268,0.0296310399453136
G,N,272,-0.6422509,G272N,-2.876715517,0.0227646321093186
G,P,272,-0.6546048,G272P,-3.017080525,0.0197833966640448
G,Q,272,-0.6488265,G272Q,-2.583293823,0.0305275609523777
G,R,272,-0.6338784,G272R,-3.221106631,0.0161321925634586
G,S,272,-0.6331003,G272S,-2.993058447,0.0202643892956462
G,T,272,-0.6403892,G272T,-2.517522144,0.0326029121115272
G,V,272,-0.6447571,G272V,-2.094162236,0.0497873844190095
G,W,272,-0.6474494,G272W,-2.485014114,0.0336801840168163
G,Y,272,-0.6547976,G272Y,-2.096901982,0.0496511662986967
Y,A,273,-0.6205924,Y273A,-3.117716609,0.0173230601829589
Y,C,273,-0.6387944,Y273C,-2.676288461,0.0269360874160915
Y,D,273,-0.6271679,Y273D,-2.635392855,0.0280604903060477
Y,E,273,-0.6254597,Y273E,-2.671737342,0.0270589561763037
Y,F,273,-0.6217558,Y273F,-1.990690391,0.053467028840328
Y,G,273,-0.6247213,Y273G,-3.224165464,0.0155737943625477
Y,H,273,-0.6102364,Y273H,-2.289594947,0.0396527602134832
Y,I,273,-0.6091946,Y273I,-2.688374522,0.0266124954911785
Y,K,273,-0.6263746,Y273K,-2.300932518,0.0392057329964524
Y,L,273,-0.6275146,Y273L,-3.047186843,0.018588969697636
Y,M,273,-0.63228,Y273M,-2.170158867,0.0446831587396526
Y,N,273,-0.6261668,Y273N,-1.995947386,0.053186690414878
Y,P,273,-0.636999,Y273P,-2.530745613,0.0311560929069061
Y,Q,273,-0.6341902,Y273Q,-2.486641769,0.0325609488777086
Y,R,273,-0.6292215,Y273R,-2.560393114,0.0302459506976048
Y,S,273,-0.6353368,Y273S,-2.012462425,0.0523155234848363
Y,T,273,-0.6369956,Y273T,-3.233879036,0.0154232494417136
Y,V,273,-0.6193328,Y273V,-2.874538324,0.0220920315907711
Y,W,273,-0.652223,Y273W,-2.430335664,0.0344469274606236
F,A,274,-7.0238597,F274A,-3.449204295,0.0079108887501396
F,C,274,-6.9482814,F274C,-1.869044814,0.0384131795293757
F,D,274,-6.9479258,F274D,-2.434859785,0.0218147304053439
F,E,274,-6.961067,F274E,-2.77961452,0.0154534228937774
F,G,274,-6.982041,F274G,-2.631895542,0.0179134099484333
F,H,274,-6.9929238,F274H,-2.049881763,0.0320585403524662
F,I,274,-6.95704,F274I,-3.219431594,0.0099543843601168
F,K,274,-6.055854,F274K,-2.722586537,0.0163603143150912
F,L,274,-0.6557518,F274L,-2.217941389,0.0270991926101124
F,M,274,-6.9687133,F274M,-2.709094711,0.0165825407203206
F,N,274,-6.9932161,F274N,-3.109682772,0.0111090714200508
F,P,274,-6.9495766,F274P,-2.646088141,0.0176609676057526
F,Q,274,-6.9350871,F274Q,-2.752297939,0.0158813763333784
F,R,274,-6.8130576,F274R,-2.748838105,0.0159364184650636
F,S,274,-6.9815565,F274S,-2.541435804,0.0196094065689208
F,T,274,-6.9462338,F274T,-2.434428167,0.0218241480910594
F,V,274,-6.9726298,F274V,-2.98428262,0.0125932666472741
F,W,274,-0.6600076,F274W,-2.138420685,0.0293421387641659
F,Y,274,-0.6325846,F274Y,0.4826921731309678,0.4034844061113933
K,A,275,-0.6320838,K275A,-1.023533197,0.0577855055209811
K,C,275,-0.6021398,K275C,-2.378875695,0.0149005031274536
K,D,275,-0.609259,K275D,-1.973208062,0.022355286733833
K,E,275,-0.604708,K275E,-1.185337576,0.0491527878121571
K,F,275,-0.6055846,K275F,-1.304545958,0.0436291348473108
K,G,275,-0.6036743,K275G,-2.363981973,0.0151240880898188
K,H,275,-0.6164206,K275H,-1.678631872,0.0300132556863999
K,I,275,-0.6015661,K275I,-1.268315394,0.0452388273317329
K,L,275,-6.8899365,K275L,-1.361478169,0.0412146153027167
K,M,275,-0.612734,K275M,-1.539635456,0.0344888332866871
K,N,275,-0.6069075,K275N,-1.953191145,0.02280727950533
K,P,275,-0.609865,K275P,-0.429162577,0.1047010003877015
K,Q,275,-0.6014378,K275Q,-1.961038871,0.0226289946269384
K,R,275,-0.5371002,K275R,-0.106295423,0.1446006569525245
K,S,275,-0.6100447,K275S,-1.333353207,0.0423902296104869
K,T,275,-0.5875259,K275T,-1.76561811,0.027512841851285
K,V,275,-0.5995671,K275V,-0.905144805,0.0650480603346794
K,W,275,-0.6216916,K275W,-1.29159786,0.0441977224173675
K,Y,275,-0.6275999,K275Y,-2.647297715,0.0113926994698076
I,A,276,-2.3851511,I276A,-1.874672601,0.0253185801650675
I,C,276,-0.5947661,I276C,-2.075594704,0.0207099928306925
I,D,276,-2.3125963,I276D,-2.171381734,0.0188182896511232
I,E,276,-2.378319,I276E,-2.73319491,0.0107297008292873
I,F,276,-0.5765353,I276F,-0.971700909,0.0624590065952015
I,G,276,-2.3479176,I276G,-2.566293529,0.0126786211145546
I,H,276,-0.5962918,I276H,-1.688479881,0.0305001410378263
I,K,276,-2.3280539,I276K,-2.095658116,0.0202986200834382
I,L,276,-0.5345415,I276L,0.6295062204048008,0.3097351893174374
I,M,276,-0.4980048,I276M,-1.262725437,0.0466879389704414
I,N,276,-2.3103163,I276N,-2.516036732,0.013332091647704
I,P,276,-2.4048255,I276P,-2.182660351,0.0186072376759867
I,Q,276,-2.0482835,I276Q,-2.171674466,0.0188127817452546
I,R,276,-0.5617511,I276R,-2.024518469,0.0217952615939405
I,S,276,-2.3767061,I276S,-2.345739477,0.015807292849241
I,T,276,-2.3589041,I276T,-1.675264371,0.0309058912683547
I,V,276,-0.4817333,I276V,-0.618736275,0.0888967095505151
I,W,276,-0.5879976,I276W,-1.900964544,0.0246615799995598
I,Y,276,-0.5901433,I276Y,-1.317459799,0.0442011802401866
R,A,277,-0.5735773,R277A,-0.514519677,0.0430347614353552
R,C,277,-0.5954758,R277C,-1.508822553,0.0159220497104981
R,D,277,-0.5613104,R277D,-1.157955231,0.0226140734279113
R,E,277,-0.5912397,R277E,-1.033183413,0.0256192571335322
R,F,277,-0.5744362,R277F,-0.975512523,0.0271401779808369
R,G,277,-0.5531555,R277G,1.290665196874371,0.2616985482798854
R,H,277,-0.5783728,R277H,-0.649648675,0.0375953044980972
R,I,277,-0.5858478,R277I,-0.615500348,0.0389012933760834
R,K,277,-0.5638961,R277K,-0.354673304,0.0504940042451567
R,L,277,-0.5303909,R277L,-0.558288323,0.0411918136133762
R,M,277,-0.5703938,R277M,-0.616736607,0.0388532309759791
R,N,277,-0.5690822,R277N,-0.177816015,0.0602626146877716
R,P,277,-0.5916805,R277P,-1.272550269,0.020165582980563
R,Q,277,-0.4300018,R277Q,-0.365745204,0.0499380231312612
R,S,277,-0.5778648,R277S,-0.448449939,0.0459740886399608
R,T,277,-0.5774814,R277T,-0.210088238,0.0583488526003472
R,V,277,-0.5620558,R277V,-0.436292112,0.0465364453409564
R,W,277,-0.5913496,R277W,-1.616226395,0.0143005930580062
R,Y,277,-0.5843158,R277Y,-0.894879177,0.0294192313093951
S,A,278,-0.564962,S278A,-0.465508671,0.0427463714222806
S,C,278,-0.5903323,S278C,-2.194392988,0.0075867166684258
S,D,278,-0.5647599,S278D,-0.19516946,0.0560152278376389
S,E,278,-0.5746309,S278E,0.3935901856344146,0.1009255689637619
S,F,278,-0.5900278,S278F,-1.358697067,0.0174981573172021
S,G,278,-0.9723161,S278G,-0.880360861,0.028231320066082
S,H,278,-0.5766472,S278H,-0.097087614,0.0617877695631964
S,I,278,-0.55169,S278I,-1.367360539,0.0173472172125723
S,K,278,-0.5443578,S278K,-0.22066111,0.0546053533256165
S,L,278,-0.5776754,S278L,-1.290702426,0.0187293208877078
S,M,278,-0.5766869,S278M,-0.068993813,0.0635482364962056
S,N,278,-0.4525997,S278N,0.1407678882620673,0.0783793875072497
S,P,278,-0.5801803,S278P,0.2630963382646882,0.0885785246714537
S,Q,278,-0.560314,S278Q,-0.214204791,0.0549590435133544
S,R,278,-0.5406199,S278R,-0.200904892,0.0556948758164084
S,T,278,-0.5212367,S278T,0.2677428039290035,0.0889910594635671
S,V,278,-0.5570285,S278V,-1.145184484,0.0216630549258083
S,W,278,-0.5837084,S278W,-1.323372031,0.0181273280220335
S,Y,278,-0.5957721,S278Y,-0.186587708,0.0564980052598392
G,A,279,-1.7143636,G279A,-1.152697634,0.0626373036446678
G,C,279,-1.7405345,G279C,-2.730493277,0.0129301882078508
G,D,279,-1.7177354,G279D,-2.268364952,0.0205260202225678
G,E,279,-1.6416598,G279E,-2.137286609,0.023400836353688
G,F,279,-1.7255825,G279F,-1.672305026,0.0372537832846638
G,H,279,-1.7289641,G279H,-1.64042106,0.0384607207215756
G,I,279,-1.7304086,G279I,-1.923349249,0.0289829928578423
G,K,279,-1.7156983,G279K,-1.440194705,0.0469866670375247
G,L,279,-1.7357605,G279L,-2.398162326,0.0180274558173321
G,M,279,-1.7396002,G279M,-0.886304554,0.0817572198835483
G,N,279,-1.7299519,G279N,-1.794843396,0.0329573763036274
G,P,279,-1.7403809,G279P,-1.703687156,0.0361028339990754
G,Q,279,-1.704586,G279Q,-1.22142675,0.05847690431666
G,R,279,-1.688339,G279R,-1.338550422,0.0520137540752856
G,S,279,-1.7209176,G279S,-1.180678388,0.0609089573896499
G,T,279,-1.7152538,G279T,-1.137465011,0.0635987382147038
G,V,279,-1.6764647,G279V,-1.340007694,0.0519380110903958
G,W,279,-1.7412315,G279W,-1.662444389,0.0376229465332201
G,Y,279,-1.7098977,G279Y,-1.677460627,0.0370622118570311
K,A,280,-0.6080558,K280A,-0.66470857,0.0481566834772711
K,C,280,-1.1635664,K280C,-2.328212341,0.0091244285698335
K,D,280,-0.5918659,K280D,-0.409893746,0.0621328481554118
K,E,280,-0.5515747,K280E,-1.355941853,0.0241244643589268
K,F,280,-1.1666142,K280F,-1.244714315,0.0269626891330071
K,G,280,-0.6011581,K280G,-0.904328384,0.037895791506394
K,H,280,-0.6102043,K280H,-0.128284313,0.0823422446916255
K,I,280,-1.1759748,K280I,-1.356245769,0.0241171336697404
K,L,280,-1.1705514,K280L,-1.399895573,0.0230870696646298
K,M,280,-1.1757526,K280M,-1.105541346,0.0309888370193532
K,N,280,-0.5740319,K280N,0.736094784099359,0.195441957926637
K,P,280,-0.599694,K280P,-1.544432479,0.0199800791018889
K,Q,280,-0.5973727,K280Q,-0.132330365,0.0820097567625138
K,R,280,-0.5136648,K280R,-0.870512474,0.0391991860699665
K,S,280,-0.6008137,K280S,-0.494293152,0.0571040695647775
K,T,280,-0.5975984,K280T,-0.480540977,0.0578947995422717
K,V,280,-1.1491082,K280V,-1.21313658,0.0278276956861891
K,W,280,-1.174422,K280W,-1.329024599,0.0247826474791232
K,Y,280,-1.1635546,K280Y,-1.036176489,0.0332146791747537
S,A,281,-0.6539272,S281A,-0.466734819,0.1582750930360277
S,C,281,-0.6569601,S281C,-1.927925601,0.0367134665051837
S,D,281,-1.1683163,S281D,-1.833223193,0.040360276877749
S,E,281,-1.0698649,S281E,-2.644007711,0.0179405089864471
S,F,281,-0.6611084,S281F,-1.951247401,0.0358671493367718
S,G,281,-0.6344773,S281G,-0.970860515,0.0956034470639097
S,H,281,-1.1573746,S281H,-2.231082722,0.0271122703347593
S,I,281,-0.6593985,S281I,-1.852857591,0.0395755558972818
S,K,281,-0.6341261,S281K,-2.178424896,0.0285782017300188
S,L,281,-0.6640289,S281L,-3.016158727,0.0123654953519664
S,M,281,-0.6523113,S281M,-2.112205845,0.030534687244873
S,N,281,-0.6489987,S281N,-1.049535341,0.0883701322287286
S,P,281,-1.1642052,S281P,-2.833416447,0.0148448406691397
S,Q,281,-1.1338021,S281Q,-2.726958,0.0165123880643695
S,R,281,-1.0169882,S281R,-3.056926742,0.0118715159317987
S,T,281,-0.6448061,S281T,-3.203093784,0.0102571470674925
S,V,281,-0.6357525,S281V,-2.545870125,0.0197904374926237
S,W,281,-1.1571054,S281W,-2.424066596,0.0223539369038114
S,Y,281,-0.6537394,S281Y,-1.82583091,0.040659737035442
S,A,282,-0.6559466,S282A,-1.032506514,0.0866005759664373
S,C,282,-0.653203,S282C,-2.026501855,0.0320504405576979
S,D,282,-0.6344785,S282D,-1.622063076,0.0480263496866787
S,E,282,-0.636893,S282E,-2.062419125,0.0309197039052763
S,F,282,-0.6454158,S282F,-2.191947674,0.0271632526251567
S,G,282,-0.6459542,S282G,-1.36871276,0.0618740071189514
S,H,282,-0.6595117,S282H,-1.788962172,0.0406439778278016
S,I,282,-0.6346229,S282I,-2.624349747,0.0176275458152235
S,K,282,-0.640387,S282K,-2.170752553,0.0277451259236169
S,L,282,-0.6478743,S282L,-2.576922923,0.0184837068206342
S,M,282,-0.6466771,S282M,-2.260268551,0.0253694108583785
S,N,282,-0.6417048,S282N,-1.620557473,0.0480987127575684
S,P,282,-0.6453296,S282P,-2.827497602,0.0143868529425381
S,Q,282,-0.6420651,S282Q,-2.06558438,0.0308219898655751
S,R,282,-0.6586726,S282R,-2.207957616,0.0267318330817805
S,T,282,-0.6424965,S282T,-0.66746189,0.1247549141449981
S,V,282,-0.6536755,S282V,-2.189697799,0.0272244353983589
S,W,282,-0.6499579,S282W,-2.265956141,0.0252255295433153
S,Y,282,-0.6603124,S282Y,-1.731011127,0.0430689248843118
I,A,283,-0.6300666,I283A,-1.701812867,0.0523762011199685
I,C,283,-0.6287819,I283C,-2.031968512,0.0376486309692013
I,D,283,-0.6355644,I283D,-2.830577402,0.0169401641015231
I,E,283,-0.6265814,I283E,-3.16786031,0.0120903091199331
I,F,283,-0.6265586,I283F,-1.99080243,0.039230820852825
I,G,283,-1.8544118,I283G,-3.48256387,0.0088259863660972
I,H,283,-0.6405453,I283H,-2.533535553,0.0227992895916907
I,K,283,-0.6171456,I283K,-2.868800767,0.0163048724875865
I,L,283,-0.6256507,I283L,-1.780444165,0.0484155477899782
I,M,283,-0.6239489,I283M,-1.702366589,0.052347207295443
I,N,283,-0.6308626,I283N,-3.027059414,0.0139183099624253
I,P,283,-0.6410499,I283P,-3.104871267,0.0128763632598429
I,Q,283,-0.6324671,I283Q,-2.458855869,0.0245671231930845
I,R,283,-0.6317952,I283R,-3.169429426,0.0120713528825745
I,S,283,-0.6370138,I283S,-2.461705424,0.0244972174233738
I,T,283,-0.6243777,I283T,-2.577388531,0.021821077912296
I,V,283,-0.5467613,I283V,-0.498566697,0.1744605452543334
I,W,283,-0.6363547,I283W,-1.377280312,0.0724563940012912
I,Y,283,-0.6327405,I283Y,-1.765841252,0.0491277433602607
M,A,284,-0.6211128,M284A,-3.340427042,0.0072741962110284
M,C,284,-0.6214324,M284C,-2.371711121,0.0191643176425849
M,D,284,-0.6238754,M284D,-3.051681113,0.0097092553841198
M,E,284,-0.623588,M284E,-1.892515374,0.0309460708529764
M,F,284,-0.6193963,M284F,-1.887178451,0.0311116692089839
M,G,284,-0.6214542,M284G,-2.72672989,0.0134372554002254
M,H,284,-0.6098175,M284H,-2.145518497,0.0240285528058942
M,I,284,-0.5717019,M284I,0.4541655694788078,0.3234120722388202
M,K,284,-0.6047916,M284K,-2.165824714,0.0235455442366434
M,L,284,-0.6061213,M284L,-0.766809654,0.0953879230803513
M,N,284,-0.627055,M284N,-2.907570734,0.0112143040555505
M,P,284,-0.6230029,M284P,-2.840735433,0.0119894304991184
M,Q,284,-0.6188032,M284Q,-2.118120615,0.0246959859268191
M,R,284,-0.6244468,M284R,-2.750875563,0.0131166892921645
M,S,284,-0.6216181,M284S,-2.26591478,0.0213029697333351
M,T,284,-0.6186299,M284T,-2.514359314,0.0166165937785798
M,V,284,-0.5951344,M284V,-1.028832336,0.0734003911533883
M,W,284,-0.6244071,M284W,-2.016502663,0.0273374814777869
M,Y,284,-0.6255454,M284Y,-2.494500279,0.0169498819365616
R,A,285,-0.6309238,R285A,-1.457678907,0.0274952997547329
R,C,285,-0.6427942,R285C,-1.56974848,0.0245803036078509
R,D,285,-0.6399815,R285D,-1.67529287,0.02211820491565
R,E,285,-0.6396556,R285E,-1.41922385,0.028573226510664
R,F,285,-0.6420036,R285F,-1.356032759,0.0304370694583541
R,G,285,-0.6321156,R285G,-1.265354389,0.0333260593462712
R,H,285,-0.6366494,R285H,-0.714722787,0.0577989946945705
R,I,285,-0.6332401,R285I,0.040764922915196,0.1230338086476146
R,K,285,-0.53451,R285K,-0.792198653,0.0534900418360211
R,L,285,-0.6439542,R285L,-0.334008297,0.0845789931302979
R,M,285,-0.6257731,R285M,-0.639805445,0.0622954716625378
R,N,285,-0.6279507,R285N,-1.607994593,0.0236579527522775
R,P,285,-0.6282305,R285P,-2.411381938,0.0105942506306975
R,Q,285,-0.625253,R285Q,-0.377448644,0.080983511760481
R,S,285,-0.622192,R285S,-1.194866003,0.0357599324187205
R,T,285,-0.6363057,R285T,-0.797224062,0.053221906758192
R,V,285,-0.6336229,R285V,-0.333960247,0.0845830572617856
R,W,285,-0.6383829,R285W,-1.680717415,0.021998548496783
R,Y,285,-0.6444824,R285Y,-1.620918386,0.0233541693944206
S,A,286,-0.6480207,S286A,-1.954625436,0.0462650999229422
S,C,286,-0.6461992,S286C,-2.896877355,0.0180317778577685
S,D,286,-0.6423651,S286D,-2.48364272,0.027258637973511
S,E,286,-0.639649,S286E,-2.760308014,0.0206704480486055
S,F,286,-0.654188,S286F,-2.319865758,0.0321093568475096
S,G,286,-0.6379905,S286G,-3.01557714,0.0160135587208192
S,H,286,-0.6625152,S286H,-2.34240069,0.031393866497478
S,I,286,-0.6563093,S286I,-2.422498558,0.0289773544565156
S,K,286,-0.6523002,S286K,-2.914511766,0.0177165851930294
S,L,286,-0.6583326,S286L,-2.94406194,0.0172007162636688
S,M,286,-0.6661175,S286M,-2.495149249,0.0269467831641975
S,N,286,-0.6484942,S286N,-3.167530221,0.0137561032602734
S,P,286,-0.6578048,S286P,-2.568499125,0.0250409885316175
S,Q,286,-0.6477822,S286Q,-2.64679342,0.0231552073695395
S,R,286,-0.6578895,S286R,-2.730996402,0.0212852996153313
S,T,286,-0.653637,S286T,-0.344787793,0.231418025837725
S,V,286,-0.6552645,S286V,-3.167636742,0.0137546380253771
S,W,286,-0.6556505,S286W,-1.980977018,0.0450618642638081
S,Y,286,-0.6512615,S286Y,-2.941021272,0.0172530975491404
D,A,287,-0.6147702,D287A,-2.800163691,0.0226292094914462
D,C,287,-0.6497582,D287C,-2.426922771,0.0328674427072793
D,E,287,-0.6252692,D287E,-2.2305412,0.0399993902265673
D,F,287,-0.6429896,D287F,-2.038132476,0.048485897268748
D,G,287,-0.6169438,D287G,-2.311606211,0.0368847865693419
D,H,287,-0.6460107,D287H,-2.576636837,0.0282973587162854
D,I,287,-0.6311747,D287I,-3.368190923,0.0128226604909985
D,K,287,-0.6398386,D287K,-2.808560084,0.0224400011126662
D,L,287,-0.6415907,D287L,-2.665297903,0.0258964882364265
D,M,287,-0.636531,D287M,-2.137022187,0.0439205906312862
D,N,287,-0.5849734,D287N,-2.495214431,0.0306977972904511
D,P,287,-0.6442835,D287P,-3.230325638,0.0147181193289678
D,Q,287,-0.637743,D287Q,-1.928706573,0.0540926816104139
D,R,287,-0.6384845,D287R,-2.258143547,0.0389104112322244
D,S,287,-0.6276885,D287S,-2.4328833,0.0326721180003996
D,T,287,-0.621203,D287T,-2.24891789,0.0392710464000849
D,V,287,-0.6389719,D287V,-2.683910993,0.0254189325689031
D,W,287,-0.6381535,D287W,-2.675043654,0.0256453332565425
D,Y,287,-0.6398928,D287Y,-1.965486397,0.052139304557535
A,C,288,-0.6453251,A288C,-1.702310954,0.032484104699519
A,D,288,-0.6253593,A288D,-1.375133953,0.0450569826686686
A,E,288,-0.6329307,A288E,-1.639225609,0.0345993967749773
A,F,288,-0.6366148,A288F,-1.95305242,0.0252798928191291
A,G,288,-0.6280879,A288G,-0.965181312,0.0678894526685687
A,H,288,-0.6332859,A288H,-0.996750241,0.0657797310343879
A,I,288,-0.6260703,A288I,-1.479215482,0.0406031811613969
A,K,288,-0.6275396,A288K,-2.054169125,0.0228486625284678
A,L,288,-0.6258956,A288L,-0.605750213,0.0972526109188919
A,M,288,-0.6360068,A288M,-1.098206535,0.0594333455846092
A,N,288,-0.6267443,A288N,-1.779835446,0.0300609313528103
A,P,288,-0.6213435,A288P,-2.766994482,0.0112017136448063
A,Q,288,-0.6308659,A288Q,-1.177485855,0.054903445638096
A,R,288,-0.6160968,A288R,-1.62482447,0.0351012727367724
A,S,288,-0.6144846,A288S,-1.401076919,0.0439031029030528
A,T,288,-0.5825414,A288T,-1.609324456,0.0356495815254657
A,V,288,-0.5917552,A288V,-1.160059088,0.055868620845144
A,W,288,-0.6277975,A288W,-1.855423342,0.0278724416033278
A,Y,288,-0.6173938,A288Y,-1.599992935,0.035983803417062
P,A,289,-0.6237561,P289A,-1.383564595,0.0452069332702974
P,C,289,-0.6457312,P289C,-2.47067732,0.0152432579778275
P,D,289,-0.6474582,P289D,-1.884916516,0.0273823433139261
P,E,289,-0.6501803,P289E,-1.500288078,0.0402265391232563
P,F,289,-0.6605994,P289F,-1.344926507,0.046987826712116
P,G,289,-0.6261272,P289G,-2.046338704,0.0233005309722649
P,H,289,-0.6454108,P289H,-1.273512068,0.0504661601556704
P,I,289,-0.6418473,P289I,-1.13026965,0.0582384307987737
P,K,289,-0.6586288,P289K,-0.541236904,0.1049598906115908
P,L,289,-0.6486457,P289L,-1.25574772,0.0513706689953448
P,M,289,-0.6584236,P289M,-1.606380862,0.0361773829491899
P,N,289,-0.6438343,P289N,-1.58531609,0.0369475345630826
P,Q,289,-0.6578231,P289Q,-1.927685904,0.0262359077403482
P,R,289,-0.636999,P289R,-0.957635787,0.0692123524556275
P,S,289,-0.5885603,P289S,-1.481408447,0.0409932160495903
P,T,289,-0.6420525,P289T,-1.544058036,0.038503801859163
P,V,289,-0.6418367,P289V,-0.922337534,0.0716990579053332
P,W,289,-0.6532372,P289W,-2.539415108,0.0142306696705955
P,Y,289,-0.655621,P289Y,-2.091005305,0.0222826762708436
I,A,290,-0.6158283,I290A,-2.557086538,0.0308826660562386
I,C,290,-0.6320524,I290C,-2.970046355,0.0204347130418827
I,D,290,-0.6177673,I290D,-2.800214638,0.024217290653583
I,E,290,-0.6249965,I290E,-2.646670262,0.0282363824133685
I,F,290,-0.6180422,I290F,-2.317152082,0.0392569925313973
I,G,290,-0.6026444,I290G,-2.740446593,0.0257088409095498
I,H,290,-0.6175108,I290H,-2.920443389,0.0214738961373319
I,K,290,-0.629919,I290K,-2.799503818,0.0242345109163729
I,L,290,-0.6078285,I290L,-1.780924457,0.0671116273401226
I,M,290,-0.6161869,I290M,-2.019712584,0.052855889593385
I,N,290,-0.6072523,I290N,-2.883888015,0.0222734069944792
I,P,290,-0.6132808,I290P,-3.462359906,0.0124899111769453
I,Q,290,-0.62386,I290Q,-3.004340516,0.0197458017019461
I,R,290,-0.6191454,I290R,-3.315491167,0.0144658407657677
I,S,290,-0.6067177,I290S,-2.667561104,0.0276526192909416
I,T,290,-0.6050562,I290T,-3.02157684,0.0194083728554316
I,V,290,-0.517241,I290V,-1.461305466,0.0923860824997949
I,W,290,-0.6326226,I290W,-2.364995893,0.03742301012108
I,Y,290,-0.6181628,I290Y,-2.92334338,0.0214117122160911
G,A,291,-0.6639381,G291A,-0.2588936,0.0607997896646657
G,C,291,-0.6607992,G291C,-0.452929175,0.0500764440880561
G,D,291,-0.6112795,G291D,-1.869007894,0.0121517279517559
G,E,291,-0.6263356,G291E,-1.117225994,0.0257711000845008
G,F,291,-0.6593035,G291F,-1.246696263,0.0226414747296261
G,H,291,-0.6615113,G291H,-0.953444619,0.0303572432369174
G,I,291,-0.6414761,G291I,0.1624363411089189,0.0926580956357349
G,K,291,-0.6730025,G291K,-0.040747125,0.0756209103992828
G,L,291,-0.6598391,G291L,-0.903002063,0.0319278196251433
G,M,291,-0.6615037,G291M,-0.308816648,0.0578389991450371
G,N,291,-0.6457242,G291N,-1.352493574,0.0203684274877407
G,P,291,-0.6720493,G291P,-2.82121979,0.0046891820833055
G,Q,291,-0.6610047,G291Q,-0.246010904,0.0615881220692287
G,R,291,-0.633867,G291R,-0.044658016,0.0753257427472112
G,S,291,-0.6413723,G291S,-0.335642796,0.0563080281263218
G,T,291,-0.6514362,G291T,-0.123185473,0.0696368915668677
G,V,291,-0.6476345,G291V,0.5166974337519052,0.1320495792497003
G,W,291,-0.6720051,G291W,-1.217959234,0.0233015628056643
G,Y,291,-0.6625463,G291Y,-1.469299093,0.0181229746331438
K,A,292,-0.5739517,K292A,-0.976793156,0.0414741005720581
K,C,292,-0.5881113,K292C,-1.733365343,0.0194626392211128
K,D,292,-0.540195,K292D,-1.128865051,0.0356232037420145
K,E,292,-0.5184507,K292E,-0.574818064,0.0619944163467671
K,F,292,-0.570054,K292F,-1.883905612,0.0167425994693024
K,G,292,-0.5593443,K292G,-0.943913183,0.0428604346641549
K,H,292,-0.581458,K292H,-0.021390105,0.1078209897017216
K,I,292,-0.5703459,K292I,-0.671084221,0.0563047076485914
K,L,292,-0.5826336,K292L,-0.948328704,0.0426716006408184
K,M,292,-0.5681417,K292M,-0.751914512,0.0519326581094386
K,N,292,-0.5068586,K292N,-0.942440973,0.042923580703743
K,P,292,-0.5732114,K292P,-1.057746809,0.0382489258382074
K,Q,292,-0.5618676,K292Q,-0.451121042,0.070157405134367
K,R,292,-0.4383947,K292R,-0.705921397,0.0543769834842475
K,S,292,-0.5710586,K292S,-0.431241405,0.07156606456527
K,T,292,-0.5315951,K292T,-1.01747282,0.0398208034667303
K,V,292,-0.5668319,K292V,-0.883718271,0.0455196479965337
K,W,292,-0.5688945,K292W,-1.410406964,0.0268819541252866
K,Y,292,-0.5813542,K292Y,-1.546345802,0.0234651494715366
C,A,293,-0.6571579,C293A,-2.997717928,0.0211520752764223
C,D,293,-0.6710113,C293D,-2.071011243,0.0534338795430766
C,E,293,-0.6542008,C293E,-2.807137142,0.0255930003487788
C,F,293,-0.6625526,C293F,-2.464021433,0.0360690340003792
C,G,293,-0.6513024,C293G,-2.392230018,0.0387536966072414
C,H,293,-0.6648259,C293H,-2.291755695,0.0428497793006425
C,I,293,-0.6525378,C293I,-3.068996479,0.0196968640171306
C,K,293,-0.6969567,C293K,-2.910003894,0.0230912116306349
C,L,293,-0.6590603,C293L,-2.471906209,0.0357857559079939
C,M,293,-0.6620806,C293M,-3.27284854,0.0160644259747345
C,N,293,-0.5994111,C293N,-3.194006615,0.0173822441382121
C,P,293,-0.6699342,C293P,-2.922671429,0.0228005476610313
C,Q,293,-0.6660613,C293Q,-3.158802987,0.0180050609305715
C,R,293,-0.6445432,C293R,-2.822816294,0.0251948531312257
C,S,293,-0.6542638,C293S,-2.101600976,0.0518240980404821
C,T,293,-0.6465015,C293T,-2.92606137,0.0227233859624552
C,V,293,-0.6506001,C293V,-2.701034006,0.0284577936759843
C,W,293,-0.6670578,C293W,-2.676298254,0.0291704971243386
C,Y,293,-0.6584408,C293Y,-2.176813494,0.0480692520080673
N,A,294,-0.5685259,N294A,-0.498383436,0.0393266654468816
N,C,294,-0.574833,N294C,-1.569553554,0.0134735997030217
N,D,294,-0.5216753,N294D,-0.685604018,0.0326120601914146
N,E,294,-0.5398025,N294E,-0.633143822,0.0343685663250604
N,F,294,-0.5705823,N294F,-0.176053538,0.0542841760477991
N,G,294,-0.5494649,N294G,-1.040966195,0.0228584272506158
N,H,294,-0.5688042,N294H,0.4326178748660299,0.0997736643507779
N,I,294,-0.5295849,N294I,-0.4080766,0.0430434321916451
N,K,294,-0.4100986,N294K,-0.315246508,0.0472304952401128
N,L,294,-0.5712802,N294L,-0.689456423,0.0324866669888636
N,M,294,-0.5658464,N294M,-0.447790266,0.0413675179482252
N,P,294,-0.5744121,N294P,-3.127053708,0.0028383680541793
N,Q,294,-0.5534979,N294Q,-0.548230931,0.0374143863272171
N,R,294,-0.5158739,N294R,-0.05339545,0.0613681442358935
N,S,294,-0.516076,N294S,-0.376637074,0.0444181953434789
N,T,294,-0.545745,N294T,-0.264846192,0.0496719355276249
N,V,294,-0.5482075,N294V,0.0590111185325312,0.0686689726953987
N,W,294,-0.5585466,N294W,0.4152965260459678,0.0980603311922043
N,Y,294,-0.5647472,N294Y,0.5482161305560482,0.112000409872532
S,A,295,-0.6320867,S295A,0.4771292235509516,0.0836881792166852
S,C,295,-0.6415972,S295C,-0.319124588,0.0377446514793509
S,D,295,-0.6553982,S295D,-0.050351801,0.0493835134002342
S,E,295,-0.6658163,S295E,0.1807853736112008,0.0622248133324619
S,F,295,-0.6230104,S295F,-0.709668389,0.0255413793008219
S,G,295,-0.6374405,S295G,-0.910507221,0.0208939770115888
S,H,295,-0.6381683,S295H,0.1714116219772301,0.0616442585323008
S,I,295,-0.6343364,S295I,-0.235009626,0.0410568941257824
S,K,295,-0.6504467,S295K,-0.272463346,0.0395476010815655
S,L,295,-0.6401869,S295L,0.3305265556023924,0.0722762116866071
S,M,295,-0.6453278,S295M,0.4477254190092181,0.0812632537852831
S,N,295,-0.6095413,S295N,-0.333728316,0.0371974440653712
S,P,295,-0.6415997,S295P,-1.989190621,0.0071048425952761
S,Q,295,-0.6413147,S295Q,-0.287547234,0.0389555458001904
S,R,295,-0.6347118,S295R,-0.187266942,0.0430646063621789
S,T,295,-0.6301779,S295T,-1.056234644,0.018060612061988
S,V,295,-0.6389034,S295V,-0.273859172,0.0394924379773954
S,W,295,-0.6476578,S295W,-0.858709281,0.0220047623355821
S,Y,295,-0.6390563,S295Y,1.1675537959140196,0.1669212879175659
E,A,296,-0.4169048,E296A,-0.18983102,0.0664374749315701
E,C,296,-0.562321,E296C,-1.984813406,0.0110372745205642
E,D,296,-0.5255152,E296D,-0.4586174,0.0507785921956073
E,F,296,-0.5426502,E296F,-0.827082953,0.0351283751241452
E,G,296,-0.5249198,E296G,-0.928935393,0.0317266410799301
E,H,296,-0.5688768,E296H,0.0026707243322086,0.0805407324283793
E,I,296,-0.5760683,E296I,-0.720461161,0.0390807896225429
E,K,296,-0.5524422,E296K,-1.150706676,0.025416164771037
E,L,296,-0.5752062,E296L,-0.55839426,0.0459566229268107
E,M,296,-0.574602,E296M,0.1330677297651585,0.091758494886211
E,N,296,-0.5459977,E296N,-0.286460614,0.0603180665414869
E,P,296,-0.553792,E296P,0.1375915836963663,0.0921745373072991
E,Q,296,-0.556874,E296Q,-0.255958911,0.0621862166234584
E,R,296,-0.5320515,E296R,-1.259253287,0.0228017827556175
E,S,296,-0.5418899,E296S,-0.349459081,0.0566353411143326
E,T,296,-0.5236126,E296T,-0.309038754,0.0589714557052865
E,V,296,-0.5463062,E296V,-0.717451462,0.0391985882476325
E,W,296,-0.5589558,E296W,-0.980012865,0.0301468142081292
E,Y,296,-0.5599646,E296Y,-1.421844253,0.019380117718425
C,A,297,-0.6476821,C297A,-2.448341125,0.0360843474087402
C,D,297,-0.6622125,C297D,-3.003371273,0.0207143941365923
C,E,297,-0.6762624,C297E,-3.432476169,0.0134869651262147
C,F,297,-0.6617671,C297F,-2.164265979,0.0479392409855207
C,G,297,-0.6519388,C297G,-3.599815681,0.0114087890380192
C,H,297,-0.6601016,C297H,-3.006668859,0.0206461991166078
C,I,297,-0.6626283,C297I,-2.96036073,0.0216247694438513
C,K,297,-0.6636049,C297K,-2.809048634,0.0251573865291038
C,L,297,-0.6739182,C297L,-3.173198961,0.0174790155562819
C,M,297,-0.6687638,C297M,-2.137769713,0.0492264296687908
C,N,297,-0.6477313,C297N,-2.491044835,0.0345758499276386
C,P,297,-0.6597766,C297P,-2.741867293,0.0269055589757452
C,Q,297,-0.6535745,C297Q,-2.758285992,0.0264674113037471
C,R,297,-0.6502526,C297R,-2.396415356,0.0380075553486399
C,S,297,-0.6664869,C297S,-2.245931417,0.0441798560941881
C,T,297,-0.6639611,C297T,-2.942609396,0.0220120654596588
C,V,297,-0.6479139,C297V,-2.402961639,0.0377595596693299
C,W,297,-0.6696676,C297W,-2.063830392,0.0530041389151678
C,Y,297,-0.6582175,C297Y,-2.454702513,0.0358555293747105
I,A,298,-0.6112812,I298A,-1.773771265,0.0421408815010564
I,C,298,-0.6273781,I298C,-2.082959051,0.0309332128023491
I,D,298,-0.6194935,I298D,-2.504497727,0.0202933167785599
I,E,298,-0.6249919,I298E,-2.676984263,0.0170782373092263
I,F,298,-0.6073055,I298F,-1.630534183,0.0486307205154514
I,G,298,-0.6235005,I298G,-2.506909792,0.0202444269539789
I,H,298,-0.6255505,I298H,-0.781964161,0.1136161407597025
I,K,298,-0.6258592,I298K,-2.186954134,0.0278779300112755
I,L,298,-0.6191582,I298L,-1.092899742,0.0832534831270661
I,M,298,-0.6227237,I298M,-2.239557691,0.0264493546834391
I,N,298,-0.6110108,I298N,-3.066752887,0.0115656104408923
I,P,298,-0.6174729,I298P,-2.63914684,0.0177368150408512
I,Q,298,-0.6230783,I298Q,-2.879346981,0.0139494785955885
I,R,298,-0.6140543,I298R,-3.249944293,0.0096296270529693
I,S,298,-0.6097867,I298S,-2.50270786,0.0203296716606487
I,T,298,-0.5967442,I298T,-1.952742103,0.0352352655154142
I,V,298,-0.5243615,I298V,-0.61437926,0.1343449162075492
I,W,298,-0.6185942,I298W,-1.714556703,0.0447115967334752
I,Y,298,-0.62833,I298Y,-1.999027744,0.0336415458938548
T,A,299,-0.6200633,T299A,-1.776175536,0.0412734306400139
T,C,299,-0.6451398,T299C,-1.613896488,0.0485453324272707
T,D,299,-0.640606,T299D,-2.22951978,0.0262292338187762
T,E,299,-0.6351386,T299E,-1.722682348,0.0435413981506829
T,F,299,-0.6258187,T299F,-2.15944083,0.0281332896305903
T,G,299,-0.6300512,T299G,-2.741553061,0.0157185422159053
T,H,299,-0.6430561,T299H,-2.092837107,0.0300708813134217
T,I,299,-0.6204539,T299I,-1.674950351,0.0456701163824109
T,K,299,-0.5932315,T299K,-1.99668989,0.0331056695361805
T,L,299,-0.6302781,T299L,-2.601448224,0.018082524378542
T,M,299,-0.6386184,T299M,-1.826576646,0.0392447565445736
T,N,299,-0.6308366,T299N,-1.57766812,0.0503362969667096
T,P,299,-0.6426116,T299P,-2.666562776,0.0169426037054753
T,Q,299,-0.6341545,T299Q,-1.617743773,0.0483589235125435
T,R,299,-0.6215356,T299R,-1.947886874,0.0347614002612595
T,S,299,-0.6200563,T299S,-0.646946228,0.1276699526530577
T,V,299,-0.6080272,T299V,-1.766579594,0.0416713945463884
T,W,299,-0.6248295,T299W,-1.810635131,0.0398753908521663
T,Y,299,-0.6324397,T299Y,-2.202131759,0.026957528670938
P,A,300,-0.6552119,P300A,-1.109341655,0.0814309940539598
P,C,300,-0.6543211,P300C,-1.974045192,0.0342968069336203
P,D,300,-0.6452648,P300D,-2.081923615,0.0307895024012093
P,E,300,-0.6537474,P300E,-1.672860435,0.0463507322638727
P,F,300,-0.6457723,P300F,-2.210985767,0.0270614878464895
P,G,300,-0.6605902,P300G,-1.986194802,0.033882635077703
P,H,300,-0.6592794,P300H,-2.089024393,0.0305716472906439
P,I,300,-0.6517935,P300I,-2.203930494,0.0272530892071846
P,K,300,-0.6549122,P300K,-2.245663637,0.0261391377377993
P,L,300,-0.6432176,P300L,-2.037899845,0.0321752519829892
P,M,300,-0.6632407,P300M,-1.780186093,0.0416337613047463
P,N,300,-0.6437091,P300N,-1.908247378,0.0366293594397458
P,Q,300,-0.6535617,P300Q,-1.613862147,0.0491676256031452
P,R,300,-0.6472373,P300R,-2.235843212,0.0263970998456388
P,S,300,-0.6439034,P300S,-2.07825519,0.0309026588492646
P,T,300,-0.6481393,P300T,-1.391958819,0.0613833581504396
P,V,300,-0.6461804,P300V,-1.770431298,0.0420418774842762
P,W,300,-0.6680515,P300W,-1.707583763,0.0447689023525383
P,Y,300,-0.662335,P300Y,-1.593165209,0.0501958489167012
N,A,301,-0.6532712,N301A,-1.511136502,0.0407039547925649
N,C,301,-0.6587212,N301C,-1.383345077,0.0462525552928205
N,D,301,-0.6402132,N301D,-1.271402229,0.0517311224887401
N,E,301,-0.6503776,N301E,-1.495192813,0.0413581272822825
N,F,301,-0.6559484,N301F,-1.808075006,0.0302466873071956
N,G,301,-0.6452675,N301G,-1.470357593,0.0423981265522474
N,H,301,-0.6410785,N301H,-1.460611952,0.0428133435760901
N,I,301,-0.6461345,N301I,-1.946185698,0.0263449321247782
N,K,301,-0.6475357,N301K,-1.436229607,0.0438700638146325
N,L,301,-0.6479076,N301L,-1.184692334,0.0564169414794485
N,M,301,-0.6525562,N301M,-1.263873895,0.0521220413727318
N,P,301,-0.6574893,N301P,-1.834983421,0.0294436493452482
N,Q,301,-0.6569221,N301Q,-1.552339363,0.0390609163696014
N,R,301,-0.6498382,N301R,-1.791344947,0.0307569730165878
N,S,301,-0.6345557,N301S,-1.297820623,0.0503823635135163
N,T,301,-0.6531132,N301T,-1.794953754,0.0306461770440591
N,V,301,-0.6488792,N301V,-1.074345476,0.0629988435767287
N,W,301,-0.652016,N301W,-1.298957452,0.0503251199101141
N,Y,301,-0.6457777,N301Y,-1.353313639,0.0476626539784482
G,A,302,-0.651047,G302A,-1.904514223,0.0525151080069364
G,C,302,-0.6525332,G302C,-2.096483669,0.0433424018665797
G,D,302,-0.6485842,G302D,-1.9489621,0.0502320371956958
G,E,302,-0.6546695,G302E,-2.183749916,0.0397204093594708
G,F,302,-0.6469588,G302F,-2.525990838,0.0282085217194986
G,H,302,-0.6558432,G302H,-2.002802791,0.0475990266571609
G,I,302,-0.6405241,G302I,-3.164048866,0.0149030483076607
G,K,302,-0.6556197,G302K,-2.228876344,0.0379678103943402
G,L,302,-0.6435151,G302L,-2.65259967,0.0248539138919908
G,M,302,-0.6557394,G302M,-2.487660722,0.0293107472982089
G,N,302,-0.6445682,G302N,-2.023798617,0.046610063911802
G,P,302,-0.6559839,G302P,-2.613352933,0.0258487435261253
G,Q,302,-0.6488894,G302Q,-2.143376967,0.0413568515510427
G,R,302,-0.6363605,G302R,-2.579398094,0.0267415048000151
G,S,302,-0.6370046,G302S,-2.733304401,0.0229268904319031
G,T,302,-0.6549949,G302T,-2.747624452,0.0226009156116488
G,V,302,-0.650976,G302V,-2.182931323,0.0397529375488815
G,W,302,-0.6590057,G302W,-2.857993767,0.0202391946148083
G,Y,302,-0.6516957,G302Y,-2.38219964,0.0325707734531538
S,A,303,-0.643465,S303A,-2.419878689,0.0310787077038898
S,C,303,-0.6329012,S303C,-2.57504597,0.0266118234939284
S,D,303,-0.6388805,S303D,-2.193842713,0.038960915837264
S,E,303,-0.6376498,S303E,-2.433785449,0.0306494948042568
S,F,303,-0.6355818,S303F,-2.451303286,0.0301172572122095
S,G,303,-0.635894,S303G,-2.344131113,0.0335242998450814
S,H,303,-0.6395543,S303H,-1.844846229,0.0552327207659594
S,I,303,-0.658008,S303I,-2.150819097,0.0406737374215453
S,K,303,-0.6293842,S303K,-2.621132719,0.0254132030170663
S,L,303,-0.6434819,S303L,-2.670640998,0.0241856756857284
S,M,303,-0.6415812,S303M,-1.792357737,0.0582092365636522
S,N,303,-0.6342616,S303N,-2.193369442,0.0389793592851608
S,P,303,-0.6286239,S303P,-2.886724603,0.0194856215819951
S,Q,303,-0.6425659,S303Q,-2.458172757,0.0299110765247883
S,R,303,-0.6257048,S303R,-2.716614283,0.0230989517817353
S,T,303,-0.6445238,S303T,-1.711545482,0.063108553505265
S,V,303,-0.6414964,S303V,-2.434664742,0.0306225567630503
S,W,303,-0.6535788,S303W,-2.534827793,0.0277039167286537
S,Y,303,-0.6441106,S303Y,-2.722281678,0.0229684111174374
I,A,304,-0.6434093,I304A,-2.057125474,0.0349783724812835
I,C,304,-0.6330397,I304C,-2.182774667,0.0308482712157178
I,D,304,-0.6289483,I304D,-2.461801484,0.0233373198384316
I,E,304,-0.6212322,I304E,-2.350931838,0.0260736044647634
I,F,304,-0.6339154,I304F,-1.796838703,0.0453775177280254
I,G,304,-0.6436511,I304G,-3.112067107,0.0121799087770315
I,H,304,-0.6308499,I304H,-2.319810288,0.0268978145860819
I,K,304,-0.625887,I304K,-2.734763657,0.0177625353115158
I,L,304,-0.6335419,I304L,-0.53048518,0.1609945412619213
I,M,304,-0.6324787,I304M,-0.81010284,0.121723585165708
I,N,304,-0.6416632,I304N,-2.168321128,0.031297375797449
I,P,304,-0.6438763,I304P,-2.59051629,0.0205187463331285
I,Q,304,-0.6243038,I304Q,-2.725895462,0.0179207575505777
I,R,304,-0.6261024,I304R,-2.603932786,0.020245295007156
I,S,304,-0.6162831,I304S,-2.962114206,0.0141503702353137
I,T,304,-0.6264586,I304T,-2.617502438,0.019972428799263
I,V,304,-0.5574982,I304V,-1.551644569,0.0579865426133651
I,W,304,-0.6372922,I304W,-2.769220712,0.0171609148568214
I,Y,304,-0.6340641,I304Y,-2.318892022,0.0269225253051999
P,A,305,-0.6542355,P305A,-0.343827721,0.0950396423351054
P,C,305,-0.6668017,P305C,-1.78373845,0.0225195320662221
P,D,305,-0.669679,P305D,-1.419966845,0.0323998815056965
P,E,305,-0.655731,P305E,-0.632025943,0.0712429477256164
P,F,305,-0.6658852,P305F,-1.378273127,0.0337793103648717
P,G,305,-0.6512249,P305G,-0.931775178,0.0527913077663874
P,H,305,-0.6725898,P305H,-0.867063664,0.0563204711651242
P,I,305,-0.6454546,P305I,-1.27822703,0.0373336334470685
P,K,305,-0.6578265,P305K,-1.394387112,0.0332393530339245
P,L,305,-0.6598946,P305L,-1.360592495,0.034381861155962
P,M,305,-0.6578614,P305M,-1.417060859,0.0324941720741647
P,N,305,-0.6577023,P305N,-0.967173775,0.0509552577003895
P,Q,305,-0.6591318,P305Q,-1.038147172,0.0474641427358144
P,R,305,-0.6541793,P305R,-1.330183835,0.0354434263661438
P,S,305,-0.5730874,P305S,-0.83880057,0.0579349700710922
P,T,305,-0.6452157,P305T,-0.956461947,0.0515040156056506
P,V,305,-0.6479844,P305V,-1.155823032,0.0421948699894121
P,W,305,-0.6600237,P305W,-1.044041594,0.0471851919177
P,Y,305,-0.6584947,P305Y,-1.440600169,0.0317382137186948
N,A,306,-0.6528666,N306A,-0.780796915,0.0813290103132063
N,C,306,-0.6573981,N306C,-1.828014842,0.028539372590761
N,D,306,-0.6232833,N306D,-2.02573339,0.0234194296230634
N,E,306,-0.6532646,N306E,-1.882258422,0.0270325319833322
N,F,306,-0.6484982,N306F,-1.522309867,0.0387445343007737
N,G,306,-0.6557991,N306G,-1.005732848,0.0649466925915423
N,H,306,-0.6459587,N306H,-1.296389578,0.0485653365862884
N,I,306,-0.659662,N306I,-1.261550244,0.0502871399950488
N,K,306,-0.6477056,N306K,-2.815924564,0.0106267490278016
N,L,306,-0.6490176,N306L,-1.703437751,0.0323256735207114
N,M,306,-0.6502751,N306M,-1.669008062,0.0334580180373553
N,P,306,-0.6567303,N306P,-2.234486957,0.0190070951436903
N,Q,306,-0.6483685,N306Q,-1.751054281,0.0308225084030223
N,R,306,-0.6433134,N306R,-1.677277056,0.0331824945378773
N,S,306,-0.6312308,N306S,-0.985990093,0.0662416604213725
N,T,306,-0.6412049,N306T,-0.549981641,0.1024441817680449
N,V,306,-0.6391434,N306V,-0.800644734,0.079730720339902
N,W,306,-0.66218,N306W,-2.05413597,0.0227636146324506
N,Y,306,-0.6403879,N306Y,-1.81287294,0.0289748014260587
D,A,307,-0.6273571,D307A,-0.704833582,0.0523859210352626
D,C,307,-0.6345957,D307C,-1.770110295,0.0180538831719224
D,E,307,-0.5711995,D307E,-0.260729344,0.0816745280344248
D,F,307,-0.6342148,D307F,-0.957383727,0.0406942853046749
D,G,307,-0.6154896,D307G,-0.762200371,0.0494652830879915
D,H,307,-0.6239035,D307H,-0.416413831,0.0698994422967348
D,I,307,-0.6256195,D307I,-0.856199222,0.0450274453605147
D,K,307,-0.6201004,D307K,-1.531513857,0.02291879581812
D,L,307,-0.6268688,D307L,-1.301763406,0.0288384017153386
D,M,307,-0.6226164,D307M,-0.954490751,0.0408121833723909
D,N,307,-0.5793818,D307N,-0.419813873,0.0696621848361809
D,P,307,-0.6294026,D307P,-3.022127972,0.0051620910322464
D,Q,307,-0.6297178,D307Q,-0.584519924,0.0590834913788234
D,R,307,-0.6216298,D307R,-1.22047812,0.031280446987603
D,S,307,-0.6066264,D307S,-0.28203171,0.0799530678276002
D,T,307,-0.6272445,D307T,-0.472173573,0.0661085389308977
D,V,307,-0.6318259,D307V,-0.669850156,0.0542509934655032
D,W,307,-0.6325825,D307W,-1.608983368,0.0212103189333809
D,Y,307,-0.631031,D307Y,-0.61142122,0.0575152569491927
K,A,308,-0.6168569,K308A,-1.914723073,0.0306294116528485
K,C,308,-0.6229086,K308C,-2.391774773,0.0190089289415499
K,D,308,-0.6068716,K308D,-2.038484027,0.0270638723790942
K,E,308,-0.5992563,K308E,-1.841583022,0.032953609071316
K,F,308,-0.6286223,K308F,-2.105385004,0.0253125093240439
K,G,308,-0.6119594,K308G,-2.095002902,0.0255766753984485
K,H,308,-0.616224,K308H,-1.802179346,0.034278024880967
K,I,308,-0.6214586,K308I,-1.987859264,0.028469248272609
K,L,308,-0.6180468,K308L,-0.576855104,0.1167259549810337
K,M,308,-0.6172662,K308M,-1.719552641,0.0372306074108066
K,N,308,-0.6031745,K308N,-1.882738041,0.0316249306644303
K,P,308,-0.6283174,K308P,-2.461590293,0.0177270771884602
K,Q,308,-0.6151908,K308Q,-2.411648221,0.0186348848696611
K,R,308,-0.5519803,K308R,-0.290900451,0.1553659957442489
K,S,308,-0.6183125,K308S,-2.24518949,0.0220099399611718
K,T,308,-0.6095044,K308T,-1.178945544,0.0639267829354017
K,V,308,-0.6235481,K308V,-1.330604568,0.0549310829524984
K,W,308,-0.6263949,K308W,-2.611590047,0.0152578390917913
K,Y,308,-0.6267182,K308Y,-1.768555396,0.0354501836884671
P,A,309,-0.6451683,P309A,-1.6762859,0.0603917933222827
P,C,309,-0.6560522,P309C,-1.961323228,0.0454137916655729
P,D,309,-0.6514198,P309D,-2.705775776,0.0215712853680301
P,E,309,-0.643021,P309E,-2.009562569,0.04327506004279
P,F,309,-0.6552652,P309F,-2.748177986,0.0206757355958765
P,G,309,-0.6502855,P309G,-2.64023411,0.0230324650557054
P,H,309,-0.6440216,P309H,-2.728090096,0.0210952673336596
P,I,309,-0.6593235,P309I,-1.828882161,0.0518449189583116
P,K,309,-0.6471279,P309K,-2.339519715,0.0311127982078329
P,L,309,-0.6414345,P309L,-1.550237135,0.0685046761333783
P,M,309,-0.6433096,P309M,-1.751168563,0.056034666682796
P,N,309,-0.6521187,P309N,-2.685330311,0.0220168599981847
P,Q,309,-0.6598035,P309Q,-1.940254365,0.046380759548046
P,R,309,-0.6392439,P309R,-3.553406957,0.0092417498916828
P,S,309,-0.6349531,P309S,-3.095868082,0.014603635756273
P,T,309,-0.6499206,P309T,-2.796282269,0.0197046867166125
P,V,309,-0.6416956,P309V,-1.626349894,0.0634840845200604
P,W,309,-0.6544852,P309W,-2.554599089,0.0250917674170531
P,Y,309,-0.6604684,P309Y,-2.259947568,0.0336896754465484
F,A,310,-0.654999,F310A,-2.159669073,0.0404209095630954
F,C,310,-0.6644232,F310C,-2.119758754,0.0420667458563327
F,D,310,-0.6480744,F310D,-2.490985606,0.0290213157190709
F,E,310,-0.6611544,F310E,-2.623275959,0.0254251840963812
F,G,310,-0.6628036,F310G,-2.467246758,0.0297184908999558
F,H,310,-0.6521039,F310H,-2.585350819,0.0264079562476633
F,I,310,-0.6569919,F310I,-2.575485931,0.0266697570682429
F,K,310,-0.6560127,F310K,-2.30909429,0.0348106006994915
F,L,310,-0.6470002,F310L,-1.760495137,0.0602511242475306
F,M,310,-0.6519058,F310M,-2.664514861,0.0243980025148206
F,N,310,-0.6581004,F310N,-2.699941972,0.023548782925756
F,P,310,-0.6563969,F310P,-3.068092751,0.0162960569025977
F,Q,310,-0.6612689,F310Q,-2.524540384,0.0280636682517183
F,R,310,-0.672833,F310R,-2.667978337,0.0243136467552068
F,S,310,-0.644727,F310S,-2.090273102,0.0433255791094781
F,T,310,-0.6364845,F310T,-2.611395022,0.0257290608400398
F,V,310,-0.6447263,F310V,-2.910283931,0.0190817442673265
F,W,310,-0.6515152,F310W,-1.803679869,0.0577045769048663
F,Y,310,-0.6537948,F310Y,-1.577260222,0.0723674183450283
Q,A,311,-0.6371638,Q311A,-3.125801158,0.0178309563577761
Q,C,311,-0.6368509,Q311C,-2.675799856,0.0279645482325002
Q,D,311,-0.6230287,Q311D,-2.498261334,0.0333973365906921
Q,E,311,-0.6292528,Q311E,-2.825755331,0.0240703800375499
Q,F,311,-0.623723,Q311F,-3.110574127,0.0181045467365844
Q,G,311,-0.6304864,Q311G,-2.655844516,0.0285281956852558
Q,H,311,-0.6179975,Q311H,-2.020977974,0.0538261617547332
Q,I,311,-0.6303128,Q311I,-2.92211103,0.0218592964858045
Q,K,311,-0.6257689,Q311K,-2.114504995,0.0490202063642663
Q,L,311,-0.6329249,Q311L,-2.520872852,0.0326506455995822
Q,M,311,-0.6329095,Q311M,-2.138670986,0.0478497834624893
Q,N,311,-0.6290137,Q311N,-2.062624066,0.0516305487485286
Q,P,311,-0.629786,Q311P,-2.971367096,0.0208086800770047
Q,R,311,-0.6118103,Q311R,-3.051989038,0.0191968888678438
Q,S,311,-0.6290087,Q311S,-2.773914337,0.0253511236893268
Q,T,311,-0.6217743,Q311T,-2.341066914,0.0390823366580499
Q,V,311,-0.6341002,Q311V,-2.565943546,0.0312117279786177
Q,W,311,-0.633969,Q311W,-3.011117607,0.0199977482660655
Q,Y,311,-0.6428233,Q311Y,-2.557934447,0.0314627095854424
N,A,312,-0.6446615,N312A,-1.769619035,0.0434527974927374
N,C,312,-0.6504487,N312C,-1.928283123,0.0370775292493385
N,D,312,-0.6399847,N312D,-2.458999894,0.021808376651604
N,E,312,-0.6430412,N312E,-2.457986979,0.0218304778858529
N,F,312,-0.6335152,N312F,-2.659492603,0.017846391567775
N,G,312,-0.6456213,N312G,-2.986243196,0.0128719500022798
N,H,312,-0.6454608,N312H,-0.905499287,0.1031098696127767
N,I,312,-0.6547076,N312I,-2.149219437,0.0297275648475842
N,K,312,-0.6408828,N312K,-1.836469691,0.0406429163751551
N,L,312,-0.6464757,N312L,-2.8916656,0.0141487770384035
N,M,312,-0.6407766,N312M,-2.378826998,0.023628818193245
N,P,312,-0.6496712,N312P,-2.8354782,0.0149665188664243
N,Q,312,-0.647755,N312Q,-1.852979655,0.0399774119392904
N,R,312,-0.6476506,N312R,-2.190964572,0.0285121290160577
N,S,312,-0.6221959,N312S,-0.283777875,0.192004070364284
N,T,312,-0.6347728,N312T,-2.082315243,0.031784506065309
N,V,312,-0.6389039,N312V,-2.383245485,0.0235246448365805
N,W,312,-0.6488336,N312W,-2.444419329,0.0221286847169066
N,Y,312,-0.6517863,N312Y,-2.285173293,0.025948682050624
V,A,313,-0.6110228,V313A,-2.580433943,0.0192233397344256
V,C,313,-0.6430963,V313C,-2.229809729,0.0272962551732083
V,D,313,-0.6526396,V313D,-2.687741212,0.0172673567117776
V,E,313,-0.6322842,V313E,-2.574580945,0.0193361838872743
V,F,313,-0.6454874,V313F,-3.071479738,0.0117644118288698
V,G,313,-0.6269281,V313G,-2.460979509,0.0216624347817813
V,H,313,-0.6312448,V313H,-2.942277318,0.0133869660453009
V,I,313,-0.5583322,V313I,-0.293583856,0.1892323654132713
V,K,313,-0.6410598,V313K,-2.319651498,0.0249508456735832
V,L,313,-0.6302688,V313L,-0.691717185,0.127083245977149
V,M,313,-0.6400065,V313M,-1.192155301,0.0770461185225603
V,N,313,-0.614624,V313N,-2.342423672,0.0243890810241431
V,P,313,-0.6467894,V313P,-2.794437949,0.0155198681841845
V,Q,313,-0.6339623,V313Q,-2.448861473,0.0219265380366717
V,R,313,-0.6395359,V313R,-2.538230023,0.0200520038926035
V,S,313,-0.6253412,V313S,-2.70281123,0.0170090881288008
V,T,313,-0.6304326,V313T,-1.618887144,0.0502832626951088
V,W,313,-0.6334389,V313W,-2.019963563,0.0336696135500821
V,Y,313,-0.6328021,V313Y,-2.822015471,0.0150977161199781
N,A,314,-0.644034,N314A,-1.315143128,0.072902534788525
N,C,314,-0.6523195,N314C,-2.485818982,0.0226112427696671
N,D,314,-0.6427103,N314D,-1.553105817,0.0574641159681443
N,E,314,-0.6373874,N314E,-2.395292714,0.0247536649405464
N,F,314,-0.6425864,N314F,-2.373399245,0.0253015847920286
N,G,314,-0.6227305,N314G,-2.275149367,0.0279136816270282
N,H,314,-0.6313051,N314H,-0.331333896,0.1949869682364029
N,I,314,-0.6324174,N314I,-2.482434541,0.0226878988689575
N,K,314,-0.6287739,N314K,-2.811607803,0.0163243565337079
N,L,314,-0.6283316,N314L,-2.135352048,0.0321018709879709
N,M,314,-0.6274483,N314M,-2.460742923,0.0231854127391309
N,P,314,-0.6473125,N314P,-2.027418754,0.0357606326183831
N,Q,314,-0.6439178,N314Q,-2.389296036,0.0249025507286666
N,R,314,-0.6426353,N314R,-3.049950203,0.0128624947657963
N,S,314,-0.5895555,N314S,-2.034507208,0.0355080412452352
N,T,314,-0.634889,N314T,-2.666775173,0.0188684454086946
N,V,314,-0.6239573,N314V,-3.155705893,0.0115716705511942
N,W,314,-0.6338072,N314W,-1.954713455,0.038457470151771
N,Y,314,-0.6265445,N314Y,-2.19468162,0.0302526784317484
R,A,315,-0.6368722,R315A,-0.912655814,0.0480121475837316
R,C,315,-0.6455419,R315C,-2.274777106,0.0122967150396383
R,D,315,-0.629752,R315D,-2.65519674,0.0084057176400453
R,E,315,-0.6385736,R315E,-2.121978077,0.0143267912847442
R,F,315,-0.6406858,R315F,-1.370483545,0.0303751913494913
R,G,315,-0.6346191,R315G,-1.605402529,0.02401568431644
R,H,315,-0.6379302,R315H,-0.709016833,0.0588559582224973
R,I,315,-0.653574,R315I,-1.0091802,0.0435944411820105
R,K,315,-0.4929319,R315K,-0.274456234,0.0908903405802782
R,L,315,-0.6396751,R315L,-0.939835062,0.046724787215409
R,M,315,-0.6456681,R315M,-0.670494811,0.0611674448446352
R,N,315,-0.624317,R315N,-2.202460264,0.0132189189270223
R,P,315,-0.653455,R315P,0.1562536730513259,0.1398210900359836
R,Q,315,-0.629756,R315Q,-0.666940473,0.0613852414743082
R,S,315,-0.6348861,R315S,-0.737078139,0.0572273402919333
R,T,315,-0.64597,R315T,-0.67720321,0.0607584824059561
R,V,315,-0.6301399,R315V,-1.035397571,0.0424663615444574
R,W,315,-0.6406116,R315W,-1.50218361,0.0266270093614431
R,Y,315,-0.6390987,R315Y,-1.089361096,0.0402354614041707
I,A,316,-0.6347087,I316A,-0.475894405,0.0821484149692905
I,C,316,-0.6361083,I316C,-1.963497575,0.0185584268451078
I,D,316,-0.623425,I316D,-0.880322133,0.0548224489279206
I,E,316,-0.6259642,I316E,-1.661541774,0.0251003026720479
I,F,316,-0.6288484,I316F,-1.194998566,0.0400217581939643
I,G,316,-0.6112141,I316G,-2.146884119,0.0154488923944611
I,H,316,-0.632033,I316H,-0.614445428,0.0715199555105408
I,K,316,-0.6217264,I316K,-1.662161704,0.0250847470431688
I,L,316,-0.615177,I316L,-1.664015597,0.0250382856882788
I,M,316,-0.6284453,I316M,-0.921317612,0.0526204209254197
I,N,316,-0.6185973,I316N,-1.361014835,0.0338997265150281
I,P,316,-0.6300486,I316P,-1.117622546,0.0432414402046457
I,Q,316,-0.6266259,I316Q,-0.409916837,0.0877511639321919
I,R,316,-0.638559,I316R,-1.703608793,0.0240663083373839
I,S,316,-0.6342737,I316S,-2.382637755,0.0122042408613404
I,T,316,-0.6114595,I316T,-0.804127522,0.0591628839988696
I,V,316,-0.514655,I316V,-0.402947911,0.088364831176464
I,W,316,-0.6217319,I316W,-0.841315261,0.0570031563146652
I,Y,316,-0.6156332,I316Y,-0.938411609,0.0517285717734957
T,A,317,-0.641753,T317A,-0.80567746,0.0893854983206817
T,C,317,-0.6348074,T317C,-2.149631396,0.0233128382241839
T,D,317,-0.6449068,T317D,-2.822571293,0.0118943547449759
T,E,317,-0.6351051,T317E,-3.080473673,0.0091904166134062
T,F,317,-0.6489568,T317F,-1.281045934,0.0555670231105185
T,G,317,-0.6361755,T317G,-2.416800739,0.0178469875748552
T,H,317,-0.6347998,T317H,-0.889809226,0.0821729919256589
T,I,317,-0.6385864,T317I,-1.155546187,0.062997162438381
T,K,317,-0.6337496,T317K,-2.456398018,0.0171541037286975
T,L,317,-0.6484053,T317L,-1.914399103,0.0294954669211986
T,M,317,-0.6480812,T317M,-1.544456021,0.0426991824987173
T,N,317,-0.639601,T317N,-1.610513242,0.0399697348050322
T,P,317,-0.6432451,T317P,-2.498580892,0.0164455435288497
T,Q,317,-0.6460928,T317Q,-2.221437697,0.0216975179215641
T,R,317,-0.6283631,T317R,-2.507884462,0.0162932507011864
T,S,317,-0.64669,T317S,-0.391119333,0.1353029885318525
T,V,317,-0.6252457,T317V,-1.041984221,0.0705732846070515
T,W,317,-0.6454972,T317W,-2.151909681,0.0232597853660579
T,Y,317,-0.6368926,T317Y,-1.752526352,0.0346781355674001
Y,A,318,-0.6349272,Y318A,-2.889597224,0.018320917132308
Y,C,318,-0.6379797,Y318C,-2.066561786,0.0417241110587839
Y,D,318,-0.627671,Y318D,-2.887364285,0.0183618723582418
Y,E,318,-0.645463,Y318E,-2.805640898,0.019925489470801
Y,F,318,-0.6251311,Y318F,-0.853128574,0.1404023942328585
Y,G,318,-0.627239,Y318G,-2.138500325,0.0388279600586141
Y,H,318,-0.6329804,Y318H,-1.95766256,0.046524470220252
Y,I,318,-0.638644,Y318I,-2.205745125,0.0363028332739588
Y,K,318,-0.6306482,Y318K,-2.732210852,0.0214436780297655
Y,L,318,-0.6351938,Y318L,-2.999303893,0.0164173169239519
Y,M,318,-0.635865,Y318M,-2.477790959,0.0276561982059101
Y,N,318,-0.6231852,Y318N,-2.631569184,0.0237141421239923
Y,P,318,-0.6457418,Y318P,-2.798783545,0.0200625952057364
Y,Q,318,-0.6355136,Y318Q,-2.882248999,0.0184560392855252
Y,R,318,-0.6257846,Y318R,-2.585881946,0.0248227070563394
Y,S,318,-0.6280276,Y318S,-2.451676461,0.028387939137807
Y,T,318,-0.6322423,Y318T,-2.708385719,0.0219607114890035
Y,V,318,-0.6368935,Y318V,-1.973897842,0.0457752306731747
Y,W,318,-0.6320646,Y318W,-1.680360844,0.0613920398624728
G,A,319,-0.6557452,G319A,-3.128635207,0.019162561370422
G,C,319,-0.6438905,G319C,-3.024315146,0.0212695943980057
G,D,319,-0.6461369,G319D,-2.920114629,0.0236054855444186
G,E,319,-0.6526957,G319E,-2.535761015,0.03466854778176
G,F,319,-0.6552151,G319F,-2.893044642,0.0242532134282939
G,H,319,-0.6548444,G319H,-1.786791959,0.0733177019470167
G,I,319,-0.6439896,G319I,-3.768120161,0.0101094742130404
G,K,319,-0.660182,G319K,-3.331519417,0.0156437913484511
G,L,319,-0.6464533,G319L,-2.858526598,0.0251050037616202
G,M,319,-0.6659335,G319M,-2.247290182,0.0462612083643635
G,N,319,-0.6546192,G319N,-2.703102349,0.0293264982854885
G,P,319,-0.6551318,G319P,-2.833607384,0.0257384608057441
G,Q,319,-0.661213,G319Q,-2.87640036,0.0246602691055028
G,R,319,-0.6547665,G319R,-2.778011839,0.0272099297021823
G,S,319,-0.6409919,G319S,-2.748989918,0.0280111851739116
G,T,319,-0.6527137,G319T,-3.177151699,0.0182550531857649
G,V,319,-0.6502392,G319V,-2.237353828,0.0467231675054964
G,W,319,-0.6530934,G319W,-2.317534866,0.0431231112716501
G,Y,319,-0.65279,G319Y,-2.830084234,0.0258293012345419
A,C,320,-0.6060606,A320C,-2.592439513,0.0065141968540581
A,D,320,-0.5915013,A320D,-0.259345859,0.0671600762089359
A,E,320,-0.5992261,A320E,-0.972157864,0.0329261378823553
A,F,320,-0.6120131,A320F,-0.555210404,0.0499595845871906
A,G,320,-0.5992643,A320G,-0.789901357,0.0395087973233603
A,H,320,-0.6112282,A320H,-0.764621127,0.0405203209905799
A,I,320,-0.6031637,A320I,-1.208219123,0.0260028323115117
A,K,320,-0.5854906,A320K,-0.201756479,0.0711413224337093
A,L,320,-0.6123495,A320L,-0.820895143,0.0383030516381637
A,M,320,-0.6124164,A320M,0.2224491485463069,0.108730683498352
A,N,320,-0.6047358,A320N,0.1481237136933813,0.100942251827652
A,P,320,-0.6139254,A320P,-1.277290501,0.0242674042572383
A,Q,320,-0.6104384,A320Q,-1.023665551,0.0312731250426598
A,R,320,-0.599798,A320R,-0.157692311,0.0743461975232021
A,S,320,-0.5938903,A320S,-0.066883836,0.081413492573508
A,T,320,-0.5505689,A320T,-0.667369665,0.0446589656458549
A,V,320,-0.580015,A320V,-1.222791961,0.0256266448205708
A,W,320,-0.6162039,A320W,-1.267840425,0.0244978201769968
A,Y,320,-0.6104603,A320Y,-1.241084637,0.0251621263131782
C,A,321,-0.6656035,C321A,-2.802975193,0.01853412718649
C,D,321,-0.6608502,C321D,-2.005370339,0.0411497929782792
C,E,321,-0.6604903,C321E,-2.327139489,0.0298280627715921
C,F,321,-0.6617029,C321F,-2.61039009,0.0224704012453709
C,G,321,-0.6531592,C321G,-1.994950096,0.0415808257502722
C,H,321,-0.6604995,C321H,-2.431659419,0.0268678307264451
C,I,321,-0.6569127,C321I,-2.427041522,0.0269921905766459
C,K,321,-0.6646842,C321K,-1.773663182,0.0518796235882281
C,L,321,-0.6576874,C321L,-2.010713264,0.0409305189625062
C,M,321,-0.6611819,C321M,-2.166918502,0.0350112938572464
C,N,321,-0.6659298,C321N,-2.303637125,0.030537395838131
C,P,321,-0.6615037,C321P,-2.378272826,0.0283411921399572
C,Q,321,-0.6627644,C321Q,-2.571280081,0.0233666307872422
C,R,321,-0.6622677,C321R,-3.508472846,0.0091533097913777
C,S,321,-0.6717576,C321S,-0.853544764,0.1301964726291597
C,T,321,-0.6658824,C321T,-2.588850413,0.0229596569423527
C,V,321,-0.6607817,C321V,-2.328043791,0.0298011013661926
C,W,321,-0.6678753,C321W,-1.96230926,0.0429604525866947
C,Y,321,-0.6707643,C321Y,-1.991042147,0.0417436394890261
P,A,322,-0.6569803,P322A,-2.59393272,0.0345118167951594
P,C,322,-0.6588065,P322C,-2.612514052,0.0338764622228595
P,D,322,-0.6562597,P322D,-2.726083063,0.0302395719648642
P,E,322,-0.6739707,P322E,-3.214142733,0.0185615366644994
P,F,322,-0.6396466,P322F,-2.813388697,0.0277114513235376
P,G,322,-0.6437316,P322G,-1.952951648,0.0655152532628183
P,H,322,-0.6595424,P322H,-2.419390052,0.0410932755277711
P,I,322,-0.6552131,P322I,-3.041800207,0.0220526798698559
P,K,322,-0.6675615,P322K,-3.472983087,0.0143285063686584
P,L,322,-0.6639676,P322L,-2.661015335,0.0322726184720851
P,M,322,-0.661434,P322M,-2.644015179,0.0328259482334261
P,N,322,-0.6480833,P322N,-3.078940763,0.0212486541106206
P,Q,322,-0.6570474,P322Q,-2.630141355,0.033284543684431
P,R,322,-0.6484155,P322R,-3.237497712,0.0181330552082257
P,S,322,-0.6402009,P322S,-2.94120617,0.0243864636697803
P,T,322,-0.6498686,P322T,-2.807028153,0.0278882730335244
P,V,322,-0.6470478,P322V,-3.140202185,0.0199860015270954
P,W,322,-0.6551388,P322W,-2.816897476,0.027614388303118
P,Y,322,-0.6529799,P322Y,-3.599793387,0.0126219910162256
R,A,323,-0.63657,R323A,-0.692304835,0.0530193716004478
R,C,323,-0.6477117,R323C,-2.518848841,0.0085344623377965
R,D,323,-0.6388188,R323D,-2.239519967,0.0112846288281594
R,E,323,-0.6443474,R323E,-1.93988225,0.0152271415690191
R,F,323,-0.6457766,R323F,-0.538766201,0.0618180880994678
R,G,323,-0.6214689,R323G,-2.194583838,0.0118032826922224
R,H,323,-0.6348211,R323H,-0.512758981,0.063446893524764
R,I,323,-0.6421604,R323I,-0.532281034,0.0622202915640541
R,K,323,-0.5469698,R323K,-0.818594103,0.0467291447721351
R,L,323,-0.6563532,R323L,-0.36530345,0.0735274485772118
R,M,323,-0.6421498,R323M,-0.998155163,0.0390485972249381
R,N,323,-0.6424005,R323N,-1.239189225,0.0306849657946983
R,P,323,-0.6427658,R323P,-1.069384537,0.0363639376612534
R,Q,323,-0.6515482,R323Q,-0.766116241,0.0492468757026054
R,S,323,-0.6418325,R323S,-0.859191906,0.0448700369474553
R,T,323,-0.6423822,R323T,-0.267679756,0.0810675285613034
R,V,323,-0.6390659,R323V,-0.210815457,0.0858109652897599
R,W,323,-0.6486162,R323W,-0.44521999,0.0678800539036048
R,Y,323,-0.6425499,R323Y,-0.722024931,0.0514668158258491
Y,A,324,-0.6470444,Y324A,-2.124595291,0.0362900343420713
Y,C,324,-0.6469739,Y324C,-2.248179778,0.0320712068126331
Y,D,324,-0.648608,Y324D,-1.835956452,0.0484330327274138
Y,E,324,-0.6306067,Y324E,-2.021225036,0.040242089441564
Y,F,324,-0.6222842,Y324F,-0.625204491,0.1625416345405568
Y,G,324,-0.6478525,Y324G,-2.500340546,0.0249231673582044
Y,H,324,-0.6413559,Y324H,-2.557866482,0.0235298970276852
Y,I,324,-0.6322437,Y324I,-2.711740691,0.0201740585219475
Y,K,324,-0.6393681,Y324K,-2.445058171,0.0263397757638556
Y,L,324,-0.6431774,Y324L,-2.613380253,0.0222592584406427
Y,M,324,-0.640682,Y324M,-2.798928077,0.0184896315100842
Y,N,324,-0.6309865,Y324N,-2.046947334,0.0392201696109517
Y,P,324,-0.645286,Y324P,-1.741401335,0.053236125212251
Y,Q,324,-0.6419678,Y324Q,-2.635119775,0.0217805746062279
Y,R,324,-0.6343605,Y324R,-2.401119699,0.0275229078786975
Y,S,324,-0.6184556,Y324S,-2.914458582,0.0164722894916307
Y,T,324,-0.646616,Y324T,-2.407182866,0.027356536697831
Y,V,324,-0.6195716,Y324V,-2.632725125,0.0218327939776523
Y,W,324,-0.6405898,Y324W,-2.20295398,0.0335549520877586
V,A,325,-0.6222666,V325A,-2.196546975,0.0364100855835596
V,C,325,-0.621084,V325C,-2.689228393,0.0222460445624489
V,D,325,-0.6208986,V325D,-2.656195614,0.0229931653672316
V,E,325,-0.6212276,V325E,-2.698097981,0.0220496036937866
V,F,325,-0.620533,V325F,-2.266492762,0.0339503786340154
V,G,325,-0.6104879,V325G,-2.838303602,0.0191650620987371
V,H,325,-0.627642,V325H,-2.62688081,0.0236771827233329
V,I,325,-0.4722378,V325I,-0.367965284,0.2266547047297506
V,K,325,-0.6251238,V325K,-2.642419129,0.0233121225169848
V,L,325,-0.6343954,V325L,-2.126873396,0.0390373707202296
V,M,325,-0.6239807,V325M,-2.55867589,0.0253484295747026
V,N,325,-0.6111662,V325N,-3.477738452,0.0101113001168187
V,P,325,-0.6199135,V325P,-2.747770884,0.0209810930771054
V,Q,325,-0.6190636,V325Q,-2.949349094,0.017150775399512
V,R,325,-0.6144008,V325R,-2.696032673,0.0220951899951916
V,S,325,-0.6213437,V325S,-2.540355237,0.025817109697034
V,T,325,-0.6237451,V325T,-2.492453471,0.0270838936892147
V,W,325,-0.6188146,V325W,-2.667522104,0.0227342027417458
V,Y,325,-0.6258183,V325Y,-2.334653331,0.0317134035664971
K,A,326,-0.6174188,K326A,-1.644597017,0.023615638649287
K,C,326,-0.6282921,K326C,-1.707641435,0.0221727642916678
K,D,326,-0.6221768,K326D,-2.772404502,0.007645374141583
K,E,326,-0.6045184,K326E,-1.48981538,0.0275689694508761
K,F,326,-0.618159,K326F,-1.555467396,0.0258171449547372
K,G,326,-0.6248664,K326G,-2.525391779,0.0097875756197432
K,H,326,-0.6258273,K326H,-0.449043696,0.0780588292746772
K,I,326,-0.6133137,K326I,-0.713417036,0.0599247366396941
K,L,326,-0.6355349,K326L,-0.847986836,0.0523797235344133
K,M,326,-0.631707,K326M,-1.129235827,0.039538327113334
K,N,326,-0.5947712,K326N,-0.164206008,0.1037828238385758
K,P,326,-0.6313493,K326P,-1.388279446,0.0305152577945306
K,Q,326,-0.6271256,K326Q,-1.051539871,0.042732787515347
K,R,326,-0.5364783,K326R,-0.436283658,0.0790612448945142
K,S,326,-0.6219801,K326S,-1.17551038,0.0377503951571667
K,T,326,-0.6252033,K326T,-0.20000411,0.1001333079447855
K,V,326,-0.6246239,K326V,-0.492946049,0.0747059996202906
K,W,326,-0.6257378,K326W,-1.729360699,0.0216963800400034
K,Y,326,-0.6240184,K326Y,-1.097600853,0.0408091160776157
Q,A,327,-0.6170447,Q327A,-0.545742928,0.0819314218343888
Q,C,327,-0.5955368,Q327C,-1.828649346,0.0227138720578538
Q,D,327,-0.5814638,Q327D,-1.96284476,0.0198614439798625
Q,E,327,-0.6090485,Q327E,-2.446070218,0.0122503510495714
Q,F,327,-0.6091369,Q327F,-0.996128471,0.0522216398661309
Q,G,327,-0.5959964,Q327G,-2.45893725,0.0120937350111184
Q,H,327,-0.5809924,Q327H,-0.676830589,0.0718653981526709
Q,I,327,-0.6046062,Q327I,-1.213013729,0.0420395844300463
Q,K,327,-0.5538417,Q327K,-1.180464837,0.0434304392500857
Q,L,327,-0.5940538,Q327L,-0.502177298,0.0855797091826826
Q,M,327,-0.6097244,Q327M,-0.644793815,0.0742050107571018
Q,N,327,-0.5567468,Q327N,-2.305931486,0.0140932143801368
Q,P,327,-0.608642,Q327P,-2.0595882,0.0180299970391576
Q,R,327,-0.5690828,Q327R,-1.261776883,0.0400387804446824
Q,S,327,-0.6392031,Q327S,-0.625550854,0.0756467623653948
Q,T,327,-0.5906923,Q327T,-1.160742874,0.0442954750272023
Q,V,327,-0.5897537,Q327V,-0.850952889,0.0603808845010947
Q,W,327,-0.6116798,Q327W,-1.061576306,0.048913288954043
Q,Y,327,-0.6125553,Q327Y,-1.287952111,0.0390043531990232
N,A,328,-0.500479,N328A,-0.260077534,0.0702920226851935
N,C,328,-0.5159128,N328C,-1.361305521,0.0233694600745438
N,D,328,-0.4801754,N328D,-0.401000025,0.061052601024232
N,E,328,-0.5094617,N328E,-0.833041251,0.0396342835764732
N,F,328,-0.5110429,N328F,-1.726293873,0.0162231868211923
N,G,328,-0.4961883,N328G,-0.349518348,0.0642780040921873
N,H,328,-0.5215772,N328H,-1.014444479,0.0330589129917685
N,I,328,-0.5161856,N328I,-1.674737035,0.017081540417688
N,K,328,-0.4595902,N328K,-0.23683947,0.0719446004767935
N,L,328,-0.5224663,N328L,-1.504971803,0.0202420818246979
N,M,328,-0.5201925,N328M,-0.675911493,0.0463779571447175
N,P,328,-0.5143478,N328P,-0.178646759,0.0762554664129546
N,Q,328,-0.5101526,N328Q,-0.181540079,0.0760351538070549
N,R,328,-0.5107025,N328R,-0.168977492,0.0769963772205522
N,S,328,-0.3337378,N328S,-0.077809758,0.084345892906319
N,T,328,-0.468695,N328T,-0.769921356,0.0422166376758626
N,V,328,-0.5146825,N328V,-1.168868033,0.0283284785391377
N,W,328,-0.5172162,N328W,-1.299284531,0.0248647480835251
N,Y,328,-0.5238292,N328Y,-0.922801744,0.0362316835883272
T,A,329,-0.6276519,T329A,-2.323272808,0.0234551047444348
T,C,329,-0.6549214,T329C,-2.524598962,0.0191779639540201
T,D,329,-0.6520415,T329D,-2.684532447,0.0163434684319669
T,E,329,-0.637246,T329E,-2.626795075,0.0173148712044076
T,F,329,-0.639833,T329F,-1.939815396,0.0344168305883911
T,G,329,-0.63419,T329G,-2.424685372,0.0211930977031753
T,H,329,-0.641155,T329H,-0.557728825,0.1370892939626163
T,I,329,-0.6499027,T329I,-2.245321812,0.0253566034131324
T,K,329,-0.6241639,T329K,-1.824036637,0.0386414098906596
T,L,329,-0.644767,T329L,-3.104022301,0.0107439000915016
T,M,329,-0.6431199,T329M,-2.40520316,0.0216100345491172
T,N,329,-0.611131,T329N,-1.78224194,0.0402906408073558
T,P,329,-0.6418957,T329P,-2.767673397,0.0150396091355729
T,Q,329,-0.6511875,T329Q,-1.478354721,0.0545985042503861
T,R,329,-0.6436676,T329R,-2.804751891,0.0144921744568796
T,S,329,-0.6304822,T329S,-0.165980678,0.2028325304330835
T,V,329,-0.6296054,T329V,-2.506426333,0.0195296641217216
T,W,329,-0.6482599,T329W,-2.541357022,0.0188592562335165
T,Y,329,-0.655469,T329Y,-2.09190386,0.0295610375175764
L,A,330,-0.6546178,L330A,-2.736605444,0.0231152910666323
L,C,330,-0.6494995,L330C,-2.934568707,0.0189637828036763
L,D,330,-0.6494128,L330D,-2.693019214,0.024145079182629
L,E,330,-0.650408,L330E,-2.868144643,0.020266212491676
L,F,330,-0.6381503,L330F,-2.604590419,0.0263774486900944
L,G,330,-0.6546553,L330G,-3.025231153,0.0173201141985474
L,H,330,-0.6589364,L330H,-2.731286713,0.0232385626836961
L,I,330,-0.6432521,L330I,-0.759001229,0.1670175568027669
L,K,330,-0.6474901,L330K,-3.474587076,0.011050904117098
L,M,330,-0.6515971,L330M,-1.884625505,0.0541888157960816
L,N,330,-0.6375431,L330N,-1.883095823,0.0542717709136268
L,P,330,-0.6461125,L330P,-2.935239227,0.0189510714743656
L,Q,330,-0.6608801,L330Q,-2.263713549,0.0370914471479051
L,R,330,-0.6493544,L330R,-2.771470403,0.0223232642688794
L,S,330,-0.6670002,L330S,-2.666567601,0.0247922777167069
L,T,330,-0.6451981,L330T,-3.310355187,0.0130233548435266
L,V,330,-0.6296842,L330V,-2.148410363,0.0416245285957536
L,W,330,-0.6560641,L330W,-2.744269422,0.0229388130533964
L,Y,330,-0.6556686,L330Y,-2.762405822,0.0225265353010169
K,A,331,-0.634175,K331A,-1.830787123,0.0344760196649901
K,C,331,-0.6293363,K331C,-1.965626235,0.0301270923836553
K,D,331,-0.6349292,K331D,-2.468242361,0.0182252592570495
K,E,331,-0.6229956,K331E,-2.696924477,0.014499675158627
K,F,331,-0.6331775,K331F,-2.456982562,0.0184316318072831
K,G,331,-0.6239191,K331G,-2.208589433,0.0236286877625846
K,H,331,-0.6261358,K331H,-2.432910303,0.0188807065015894
K,I,331,-0.6235111,K331I,-2.144469304,0.0251933913615183
K,L,331,-0.6304322,K331L,-0.456108896,0.1363114639921829
K,M,331,-0.6341453,K331M,-0.986560231,0.0801973970004977
K,N,331,-0.6080108,K331N,-2.110912079,0.0260531569808678
K,P,331,-0.6229544,K331P,-2.002653204,0.0290319766418603
K,Q,331,-0.6224587,K331Q,-1.151356804,0.0680127006369055
K,R,331,-0.5790211,K331R,-0.692319659,0.1076334703215176
K,S,331,-0.632403,K331S,-1.824706167,0.0346863056244383
K,T,331,-0.6235536,K331T,-1.926002035,0.0313448211480029
K,V,331,-0.6264369,K331V,-1.852463906,0.0337367318820389
K,W,331,-0.6270355,K331W,-2.550871894,0.0167798527133434
K,Y,331,-0.6205034,K331Y,-1.7424321,0.0376607729726411
L,A,332,-0.6449588,L332A,-3.049424529,0.0164952560794263
L,C,332,-0.6491227,L332C,-2.611450964,0.0255604595526803
L,D,332,-0.6429853,L332D,-2.251429987,0.0366373313926593
L,E,332,-0.6433346,L332E,-2.354909602,0.0330356757197947
L,F,332,-0.6398822,L332F,-1.451520687,0.0815304976218235
L,G,332,-0.6431639,L332G,-3.090415783,0.0158327653565745
L,H,332,-0.6313066,L332H,-2.611623842,0.025556041108851
L,I,332,-0.6261595,L332I,-1.934877531,0.0502806461206477
L,K,332,-0.6383966,L332K,-2.814696767,0.0208593172361857
L,M,332,-0.6408677,L332M,-1.745977975,0.060734980978042
L,N,332,-0.6563846,L332N,-2.807377771,0.0210125466204766
L,P,332,-0.6427421,L332P,-2.879264258,0.0195550427709776
L,Q,332,-0.636461,L332Q,-2.301273934,0.0348559461353959
L,R,332,-0.6427737,L332R,-2.694985978,0.0235120148549842
L,S,332,-0.6365843,L332S,-2.471661974,0.0293953250733329
L,T,332,-0.6435721,L332T,-2.622189709,0.0252874407717965
L,V,332,-0.6327448,L332V,-2.313550709,0.0344306434171299
L,W,332,-0.6303032,L332W,-1.835744688,0.0555205429644963
L,Y,332,-0.6393602,L332Y,-2.119489133,0.0418046924140223
A,C,333,-0.662081,A333C,-2.129870572,0.0441187789157213
A,D,333,-0.6446602,A333D,-2.328543625,0.0361693622684888
A,E,333,-0.6495738,A333E,-2.034276111,0.0485444561107513
A,F,333,-0.6459386,A333F,-3.090650106,0.0168795970489709
A,G,333,-0.6464395,A333G,-2.635370934,0.02661260582008
A,H,333,-0.6317745,A333H,-2.308375578,0.0369062335116467
A,I,333,-0.6360705,A333I,-2.620169363,0.0270202499561611
A,K,333,-0.6567003,A333K,-3.305766897,0.0136125026686114
A,L,333,-0.65183,A333L,-2.601519172,0.0275289115223546
A,M,333,-0.6554983,A333M,-2.710397798,0.0246890077066095
A,N,333,-0.6450022,A333N,-1.473945968,0.0850135138709699
A,P,333,-0.6433527,A333P,-2.908627022,0.0202494736457145
A,Q,333,-0.6466739,A333Q,-2.339839985,0.0357630790968777
A,R,333,-0.6403722,A333R,-2.80855283,0.0223807908452379
A,S,333,-0.6557495,A333S,-2.054244339,0.0475847231000078
A,T,333,-0.6184164,A333T,-3.09587693,0.0167916004809134
A,V,333,-0.6271369,A333V,-2.156638229,0.0429534879359658
A,W,333,-0.6575805,A333W,-2.550707052,0.0289638621229882
A,Y,333,-0.6457723,A333Y,-2.620471462,0.0270120883732983
T,A,334,-0.6119023,T334A,-1.585442524,0.0411990775369471
T,C,334,-0.6462935,T334C,-1.605264831,0.0403904574231155
T,D,334,-0.6389797,T334D,-2.796068277,0.012277760560378
T,E,334,-0.6458603,T334E,-2.520116471,0.0161794439394973
T,F,334,-0.644123,T334F,-1.465474413,0.0464503502176649
T,G,334,-0.6443928,T334G,-2.480094397,0.0168401117054373
T,H,334,-0.6546368,T334H,-2.266444674,0.0208512412522964
T,I,334,-0.631799,T334I,-1.243371075,0.058002573791719
T,K,334,-0.6395965,T334K,-2.33566524,0.0194567271557318
T,L,334,-0.6387059,T334L,-0.470244194,0.1256643368860052
T,M,334,-0.6513099,T334M,-0.62415871,0.1077377280477664
T,N,334,-0.6315136,T334N,-1.950129673,0.0286092076061451
T,P,334,-0.6413197,T334P,-2.855279218,0.0115718861726473
T,Q,334,-0.6596551,T334Q,-1.379751681,0.0506078526056855
T,R,334,-0.6539075,T334R,-2.129760837,0.0239052327327124
T,S,334,-0.6412173,T334S,-1.959557319,0.0283407574426612
T,V,334,-0.6207056,T334V,-0.709552645,0.0989194504669085
T,W,334,-0.6538964,T334W,-2.049906575,0.0258924565131246
T,Y,334,-0.6464911,T334Y,-2.046068357,0.0259920284145114
G,A,335,-0.6577445,G335A,-2.574983902,0.0321396691082941
G,C,335,-0.6603303,G335C,-3.489544456,0.0128781238472106
G,D,335,-0.6634806,G335D,-2.477964329,0.0354141219927737
G,E,335,-0.6566814,G335E,-2.249572545,0.0445005927265919
G,F,335,-0.669811,G335F,-2.817383635,0.0252213598174924
G,H,335,-0.6526544,G335H,-2.913797611,0.0229032135602751
G,I,335,-0.6611224,G335I,-2.592328171,0.0315870362414751
G,K,335,-0.6502733,G335K,-2.614455936,0.0308957618761967
G,L,335,-0.6694477,G335L,-3.704989607,0.010382115975178
G,M,335,-0.665227,G335M,-2.864732202,0.0240549948397603
G,N,335,-0.6605199,G335N,-2.637280259,0.0301985735012973
G,P,335,-0.6568429,G335P,-2.05216906,0.0542122031798285
G,Q,335,-0.6650208,G335Q,-2.582550405,0.0318974018492981
G,R,335,-0.6532327,G335R,-2.487154289,0.0350901584391206
G,S,335,-0.6470249,G335S,-2.73856088,0.0272898280026754
G,T,335,-0.6573272,G335T,-2.791315984,0.025887465863063
G,V,335,-0.6573544,G335V,-2.91393642,0.0229000346128209
G,W,335,-0.6646445,G335W,-2.051759104,0.0542344323384896
G,Y,335,-0.6601578,G335Y,-2.776137481,0.0262833962058789
M,A,336,-0.6509626,M336A,-2.617244708,0.0347890660904349
M,C,336,-0.6364856,M336C,-2.726893439,0.0311761812259691
M,D,336,-0.6327709,M336D,-2.79605283,0.0290929235330287
M,E,336,-0.6315332,M336E,-3.19718606,0.0194794792837462
M,F,336,-0.6342279,M336F,-2.916291201,0.0257969573139041
M,G,336,-0.6265235,M336G,-3.483725737,0.014626306463688
M,H,336,-0.6402024,M336H,-3.664672443,0.0122053560759414
M,I,336,-0.5917614,M336I,-2.984783475,0.0240892154835234
M,K,336,-0.6308181,M336K,-2.96004005,0.024692700784504
M,L,336,-0.609138,M336L,-2.405080424,0.0430114983668128
M,N,336,-0.6369739,M336N,-3.257322737,0.0183425749567453
M,P,336,-0.6380737,M336P,-3.417760067,0.0156236756389226
M,Q,336,-0.6474577,M336Q,-2.261461889,0.0496543524679325
M,R,336,-0.6262478,M336R,-4.203135629,0.0071235849869511
M,S,336,-0.6369394,M336S,-2.862246634,0.0272295052990884
M,T,336,-0.6325663,M336T,-2.13330728,0.0564435307833223
M,V,336,-0.6112878,M336V,-2.286633963,0.048420049349801
M,W,336,-0.6290253,M336W,-2.925380624,0.0255635401917829
M,Y,336,-0.6456188,M336Y,-3.387654256,0.0161011913107993
R,A,337,-0.6541143,R337A,-2.131291867,0.0369353738527517
R,C,337,-0.6550118,R337C,-3.486057129,0.0095296090296305
R,D,337,-0.6565111,R337D,-2.139008817,0.0366514422918279
R,E,337,-0.6495073,R337E,-2.597943729,0.0231621089684909
R,F,337,-0.6576959,R337F,-2.073602205,0.0391288250891813
R,G,337,-0.6555835,R337G,-2.457200446,0.0266625790710266
R,H,337,-0.6579273,R337H,-2.338934735,0.0300098842283574
R,I,337,-0.6555806,R337I,-2.1726324,0.035439576939832
R,K,337,-0.6122897,R337K,-0.99427036,0.115144910142419
R,L,337,-0.6505296,R337L,-1.579135506,0.0641565511414628
R,M,337,-0.655026,R337M,-2.480733664,0.0260424479932579
R,N,337,-0.6441505,R337N,-1.402711105,0.0765351899693563
R,P,337,-0.6623856,R337P,-2.448257808,0.0269020822537827
R,Q,337,-0.6492829,R337Q,-2.86727814,0.0176932491882292
R,S,337,-0.6513061,R337S,-2.70291589,0.0208539942506386
R,T,337,-0.6447742,R337T,-2.565748801,0.0239199455143452
R,V,337,-0.6386205,R337V,-2.389153193,0.0285400489544363
R,W,337,-0.6533045,R337W,-2.850372846,0.0179949015239602
R,Y,337,-0.6488397,R337Y,-2.229239349,0.033489174007495
N,A,338,-0.6494414,N338A,-2.784701753,0.028879328063128
N,C,338,-0.6484978,N338C,-2.957360193,0.0242997859750894
N,D,338,-0.627371,N338D,-2.269207715,0.0483574466210764
N,E,338,-0.6518443,N338E,-3.292585837,0.017378637721544
N,F,338,-0.6379125,N338F,-3.047316728,0.0222092966370859
N,G,338,-0.6237753,N338G,-2.925203374,0.0250938896033962
N,H,338,-0.6391036,N338H,-2.656815654,0.0328191500586673
N,I,338,-0.6498518,N338I,-2.169550531,0.053424926662004
N,K,338,-0.6428512,N338K,-2.621581167,0.0339961296835929
N,L,338,-0.6534205,N338L,-2.960596489,0.0242212717428383
N,M,338,-0.6360678,N338M,-2.572046846,0.0357225099475859
N,P,338,-0.6464293,N338P,-3.002800243,0.0232203134066945
N,Q,338,-0.6436143,N338Q,-2.723653224,0.0306972967375047
N,R,338,-0.6495391,N338R,-3.180346382,0.0194428861147436
N,S,338,-0.6410043,N338S,-2.442495908,0.0406635450724994
N,T,338,-0.6354607,N338T,-3.886659615,0.0095942838543834
N,V,338,-0.6358596,N338V,-3.327972674,0.0167744161302536
N,W,338,-0.6375191,N338W,-2.762609879,0.0295244262362191
N,Y,338,-0.6512546,N338Y,-3.376491856,0.0159799636418138
V,A,339,-0.5753106,V339A,-1.332725256,0.0258556277613829
V,C,339,-0.5856727,V339C,-0.821441013,0.0431124872720748
V,D,339,-0.5867809,V339D,-1.83284764,0.015680307881638
V,E,339,-0.587374,V339E,-1.581175655,0.0201676084870117
V,F,339,-0.5806083,V339F,-0.631842311,0.0521128430119562
V,G,339,-0.5789126,V339G,-2.557094164,0.0076000775296516
V,H,339,-0.5810368,V339H,-0.31903731,0.0712515431995118
V,I,339,-0.3972039,V339I,-0.216500588,0.0789451425803326
V,K,339,-0.5818496,V339K,-0.202100304,0.0800901999574955
V,L,339,-0.5752993,V339L,-0.268448092,0.0749488366452673
V,M,339,-0.5878427,V339M,-0.363597592,0.0681462540018631
V,N,339,-0.5859433,V339N,-0.466561891,0.0614787677216659
V,P,339,-0.5878761,V339P,-2.496835403,0.0080721291795783
V,Q,339,-0.5896305,V339Q,-1.055869398,0.0341029618061517
V,R,339,-0.590095,V339R,-0.35917831,0.0684480779503098
V,S,339,-0.5868415,V339S,-0.498779846,0.0595296146792809
V,T,339,-0.5813861,V339T,-0.480275365,0.0606414345687971
V,W,339,-0.583357,V339W,-1.017248969,0.0354457967363841
V,Y,339,-0.5830155,V339Y,-0.99227342,0.0363422229670438
P,A,340,-0.6570311,P340A,-0.90079946,0.0490575774185432
P,C,340,-0.6632759,P340C,-1.349702116,0.0313148330803036
P,D,340,-0.6560262,P340D,-2.793104913,0.0073941419319612
P,E,340,-0.6575747,P340E,-2.576395935,0.0091833980823212
P,F,340,-0.6650956,P340F,-1.676510357,0.0225849447174635
P,G,340,-0.6563137,P340G,-1.008344207,0.0440554860942767
P,H,340,-0.6453665,P340H,-0.261998831,0.0929252477877948
P,I,340,-0.6546818,P340I,-1.550077896,0.0256287824716627
P,K,340,-0.656308,P340K,0.1203242779778666,0.1361992007968207
P,L,340,-0.6637695,P340L,-1.130164741,0.039002639503508
P,M,340,-0.6568368,P340M,-0.975652685,0.045519527822103
P,N,340,-0.6604266,P340N,-0.784393639,0.0551138199859128
P,Q,340,-0.660659,P340Q,-0.537493281,0.0705485340009893
P,R,340,-0.6520396,P340R,0.2017344107008825,0.1477510354372092
P,S,340,-0.6486248,P340S,-1.495004983,0.0270798245387674
P,T,340,-0.6578829,P340T,-3.098176671,0.0054500011246139
P,V,340,-0.6517553,P340V,-1.253675598,0.0344710014713512
P,W,340,-0.6619802,P340W,-2.371336443,0.0112735242638014
P,Y,340,-0.6638315,P340Y,-1.587485058,0.0246877916864237
E,A,341,-0.6130834,E341A,-0.990151752,0.0658809069080196
E,C,341,-0.6356246,E341C,-2.170550351,0.0202357274912787
E,D,341,-0.6191176,E341D,-0.748142599,0.0839194874919769
E,F,341,-0.6444352,E341F,-1.89369125,0.0266905334574585
E,G,341,-0.6080822,E341G,-1.006732106,0.0647975837505658
E,H,341,-0.6277785,E341H,-2.060163781,0.0225974338045423
E,I,341,-0.6297869,E341I,-1.93076578,0.0257191128486165
E,K,341,-0.5913965,E341K,-1.737168403,0.0312129118822442
E,L,341,-0.6300734,E341L,-2.451888612,0.0152733779334297
E,M,341,-0.6228145,E341M,-1.445058761,0.041801890895863
E,N,341,-0.6224851,E341N,-1.920262885,0.0259906616385943
E,P,341,-0.6280826,E341P,-1.123006672,0.0576848013206159
E,Q,341,-0.6342786,E341Q,-1.099727989,0.0590433793362253
E,R,341,-0.6348499,E341R,-1.874907911,0.0271966089951247
E,S,341,-0.615352,E341S,-0.565366263,0.10074919517533
E,T,341,-0.6274579,E341T,-1.052902131,0.0618738900907302
E,V,341,-0.620216,E341V,-1.855599041,0.0277268476514643
E,W,341,-0.6331503,E341W,-1.785270451,0.029747044649404
E,Y,341,-0.6238887,E341Y,-1.636151149,0.0345307121931541
K,A,342,-0.5885612,K342A,-0.768190912,0.0501634777989063
K,C,342,-0.592051,K342C,-1.437093067,0.0256972731725589
K,D,342,-0.5892649,K342D,-3.064591219,0.0050474599662195
K,E,342,-0.5588133,K342E,-1.502877714,0.0240611909780255
K,F,342,-0.5792664,K342F,-0.586479632,0.0601594502824718
K,G,342,-0.5819123,K342G,-2.154455765,0.0125412320192457
K,H,342,-0.6007555,K342H,-0.517734162,0.0644406098805974
K,I,342,-0.5712783,K342I,-0.52486361,0.0639828176525143
K,L,342,-0.6076406,K342L,-0.224233833,0.0864221830668652
K,M,342,-0.5833751,K342M,-0.780882575,0.0495308428455611
K,N,342,-0.5802251,K342N,-1.634509761,0.0210935668307878
K,P,342,-0.5937447,K342P,-1.051696795,0.0377800535683796
K,Q,342,-0.5869936,K342Q,-0.495030648,0.065920372770942
K,R,342,-0.4604139,K342R,-0.034230731,0.1045063163537214
K,S,342,-0.5839013,K342S,-0.935814757,0.0424218409779247
K,T,342,-0.5760556,K342T,-0.586345434,0.0601675241009746
K,V,342,-0.575866,K342V,-0.546683909,0.0626018149671606
K,W,342,-0.5886067,K342W,-2.36027372,0.0102083257772724
K,Y,342,-0.593938,K342Y,-0.874416934,0.0451080707874746
Q,A,343,-0.6287686,Q343A,-0.568481821,0.0702404604495801
Q,C,343,-0.6246782,Q343C,-2.213458302,0.0135576020728942
Q,D,343,-0.6044886,Q343D,-1.169749706,0.038499933065676
Q,E,343,-0.610759,Q343E,-0.249799499,0.0966027169277636
Q,F,343,-0.6141137,Q343F,-1.029406534,0.0443006659148537
Q,G,343,-0.6142535,Q343G,-1.125002699,0.0402618157831817
Q,H,343,-0.6197506,Q343H,-1.336616295,0.0325829735030807
Q,I,343,-0.6336918,Q343I,-1.628502938,0.0243346952422621
Q,K,343,-0.5981253,Q343K,-0.711472922,0.0608817453576107
Q,L,343,-0.6163767,Q343L,-1.120878191,0.0404282189662952
Q,M,343,-0.6342342,Q343M,-1.160274307,0.038866469199565
Q,N,343,-0.6212109,Q343N,-0.596514009,0.0682988079653055
Q,P,343,-0.6167875,Q343P,-1.856953373,0.0193647146890099
Q,R,343,-0.6012234,Q343R,-0.701594681,0.0614861302155446
Q,S,343,-0.6082371,Q343S,-0.457557118,0.0784804243664279
Q,T,343,-0.6214034,Q343T,-0.946448024,0.0481325294562649
Q,V,343,-0.6299632,Q343V,-1.003573845,0.0454599811199593
Q,W,343,-0.627307,Q343W,-1.166444911,0.0386273779539681
Q,Y,343,-0.6221338,Q343Y,-2.074593743,0.0155772588279499
T,A,344,-0.6257426,T344A,-0.321403374,0.0749230211046179
T,C,344,-0.6358263,T344C,-0.604453471,0.056453148289481
T,D,344,-0.6235093,T344D,-0.770559028,0.0478133778266833
T,E,344,-0.6296316,T344E,-0.991766687,0.0383248212619529
T,F,344,-0.6470457,T344F,-0.374340725,0.0710599468346251
T,G,344,-0.6260126,T344G,-0.905753254,0.0417671946645152
T,H,344,-0.6281076,T344H,-1.136339959,0.0331659732437677
T,I,344,-0.6010855,T344I,-1.740526724,0.0181258198444327
T,K,344,-0.6201074,T344K,-1.171832083,0.0320094865300416
T,L,344,-0.6441,T344L,-1.225789909,0.0303280937504545
T,M,344,-0.6363383,T344M,-0.790986593,0.046846575083827
T,N,344,-0.6254307,T344N,-1.121914874,0.0336478626600785
T,P,344,-0.6270809,T344P,-0.539217495,0.0602587052659826
T,Q,344,-0.631754,T344Q,-0.285568106,0.0776565946825848
T,R,344,-0.626616,T344R,-1.704756255,0.0187859250476863
T,S,344,-0.6103967,T344S,-0.634781757,0.054766723198732
T,V,344,-0.6116122,T344V,-0.372603532,0.0711834990061166
T,W,344,-0.64272,T344W,-1.256456903,0.0294121385656813
T,Y,344,-0.6374243,T344Y,-0.541062718,0.0601476170211348
R,A,345,-0.6470043,R345A,-3.112235598,0.0174529268966121
R,C,345,-0.6567779,R345C,-2.494008973,0.0323862598572862
R,D,345,-0.6392237,R345D,-3.172693131,0.0164290284315973
R,E,345,-0.6402252,R345E,-2.565078238,0.0301644767890735
R,F,345,-0.6495565,R345F,-3.310426777,0.0143151162691687
R,G,345,-0.6425742,R345G,-2.734659879,0.0254593551395042
R,H,345,-0.6472629,R345H,-2.690266091,0.0266150559722833
R,I,345,-0.6486362,R345I,-1.814566067,0.0638909237181022
R,K,345,-0.5751257,R345K,-0.840160365,0.1692849030138604
R,L,345,-0.6496381,R345L,-3.107795241,0.017530596489478
R,M,345,-0.6454295,R345M,-2.443695147,0.0340574258408646
R,N,345,-0.6384587,R345N,-3.014675364,0.0192414662816812
R,P,345,-0.6480874,R345P,-2.963980951,0.0202420493347086
R,Q,345,-0.6534862,R345Q,-2.795945372,0.0239459150107802
R,S,345,-0.6398881,R345S,-3.635222729,0.0103451709990993
R,T,345,-0.6475187,R345T,-2.759496601,0.0248348158110577
R,V,345,-0.6508523,R345V,-2.999747346,0.0195308580305202
R,W,345,-0.6418996,R345W,-2.735380902,0.025441004976939
R,Y,345,-0.6607166,R345Y,-3.159705721,0.0166437906802711
G,A,346,-0.6479404,G346A,-0.941496271,0.1177017584256695
G,C,346,-0.6459266,G346C,-1.853887911,0.0472646277388736
G,D,346,-0.6558309,G346D,-2.396658253,0.0274671760258272
G,E,346,-0.6513889,G346E,-2.774582218,0.0188227747744573
G,F,346,-0.6490106,G346F,-1.978127217,0.0417426276994463
G,H,346,-0.6511582,G346H,-2.499947713,0.0247717079422185
G,I,346,-0.6445301,G346I,-2.311703281,0.0299026377323151
G,K,346,-0.6544603,G346K,-2.434392408,0.0264500361156586
G,L,346,-0.6540604,G346L,-2.279646274,0.030876757385034
G,M,346,-0.6662809,G346M,-2.186264268,0.0338990078646878
G,N,346,-0.6477063,G346N,-2.405894524,0.027214649649375
G,P,346,-0.6578992,G346P,-2.463603792,0.0256885695502423
G,Q,346,-0.6525355,G346Q,-2.695348172,0.0203748571409454
G,R,346,-0.6443375,G346R,-2.192076024,0.0337025664137976
G,S,346,-0.6460684,G346S,-2.18961749,0.0337855272832912
G,T,346,-0.6580268,G346T,-2.020018181,0.0400301083191706
G,V,346,-0.655784,G346V,-2.681005514,0.0206691926259336
G,W,346,-0.6602215,G346W,-1.463614391,0.0698280489389772
G,Y,346,-0.6538528,G346Y,-2.375951813,0.028041852906756
I,A,347,-0.6228188,I347A,-0.763995559,0.0718800649077034
I,C,347,-0.6252384,I347C,-1.350429377,0.0399874252623471
I,D,347,-0.6198193,I347D,-2.200311502,0.0170932316585367
I,E,347,-0.6327782,I347E,-2.060769154,0.0196529017677457
I,F,347,-0.6193624,I347F,-0.366000098,0.1070177246123607
I,G,347,-0.6191985,I347G,-1.864275046,0.0239201021386928
I,H,347,-0.6164727,I347H,-1.698881938,0.0282222978861756
I,K,347,-0.6199074,I347K,-1.771716814,0.0262398033067093
I,L,347,-0.597971,I347L,-0.825409216,0.0675984665945736
I,M,347,-0.6222642,I347M,-0.287600925,0.1157454810846294
I,N,347,-0.6163176,I347N,-2.075563126,0.0193642972016793
I,P,347,-0.6281566,I347P,-2.035511478,0.0201556105575876
I,Q,347,-0.632803,I347Q,-2.777917214,0.009593410015527
I,R,347,-0.6029506,I347R,-1.784612535,0.0259035944716636
I,S,347,-0.6254391,I347S,-2.554059384,0.0120003335509606
I,T,347,-0.614192,I347T,-1.845305852,0.0243781783029014
I,V,347,-0.5288012,I347V,0.1286948906694174,0.1755088548470414
I,W,347,-0.6256489,I347W,-2.015829545,0.0205562417894119
I,Y,347,-0.6207696,I347Y,-2.000816047,0.0208671914178197
F,A,348,-0.6511116,F348A,-2.181462301,0.0257379812766177
F,C,348,-0.6646083,F348C,-1.914661243,0.033608160851371
F,D,348,-0.6547092,F348D,-2.774813321,0.0142195309167161
F,E,348,-0.6567337,F348E,-2.293836722,0.0230022791476079
F,G,348,-0.6606638,F348G,-2.326394058,0.0222654456313067
F,H,348,-0.6583081,F348H,-2.198101746,0.0253132587470954
F,I,348,-0.632188,F348I,-0.185383548,0.1894351708893555
F,K,348,-0.6605564,F348K,-2.304604564,0.0227559228600291
F,L,348,-0.6640905,F348L,-0.520559573,0.1354863387974925
F,M,348,-0.6639282,F348M,-1.63103693,0.0446294210756765
F,N,348,-0.6579253,F348N,-2.293817289,0.0230027261498252
F,P,348,-0.652744,F348P,-2.847073711,0.0132282671915084
F,Q,348,-0.6571318,F348Q,-2.550019609,0.0178037710313677
F,R,348,-0.6535872,F348R,-3.085474009,0.0104223807890584
F,S,348,-0.6543149,F348S,-2.206900435,0.0250915121442722
F,T,348,-0.6485207,F348T,-2.366853453,0.0213825793258265
F,V,348,-0.6535793,F348V,-1.389126385,0.0568436149344767
F,W,348,-0.6583252,F348W,-2.034084314,0.0298249655152956
F,Y,348,-0.6605188,F348Y,-1.793757967,0.0379273402279677
G,A,349,-0.6599475,G349A,-0.524828699,0.0863761542276872
G,C,349,-0.656953,G349C,-1.07878982,0.0496376907211772
G,D,349,-0.649994,G349D,-1.946138567,0.0208509896758654
G,E,349,-0.6479949,G349E,-2.169342381,0.0166797845318772
G,F,349,-0.6423444,G349F,-2.519864436,0.0117479078899796
G,H,349,-0.6448824,G349H,-2.058311067,0.0186384911028659
G,I,349,-0.65244,G349I,-2.317565747,0.0143819509941256
G,K,349,-0.6675516,G349K,-0.682778913,0.0737559309471697
G,L,349,-0.6541211,G349L,-0.977155102,0.0549478842152431
G,M,349,-0.6581022,G349M,-0.461672099,0.0920073304348899
G,N,349,-0.652458,G349N,-1.56759856,0.0304456026431547
G,P,349,-0.6558755,G349P,-2.455521781,0.0125286482390834
G,Q,349,-0.6542763,G349Q,-1.02552413,0.0523533610628087
G,R,349,-0.6571069,G349R,-0.673136797,0.0744705338675685
G,S,349,-0.6447505,G349S,-0.252702372,0.1133905437596004
G,T,349,-0.6524198,G349T,-0.823087637,0.0641005322007618
G,V,349,-0.6595932,G349V,-1.924194297,0.0213136069761861
G,W,349,-0.6486511,G349W,-1.455644223,0.0340522443353511
G,Y,349,-0.6471123,G349Y,-2.471465283,0.0123304814826329
A,C,350,-0.6420604,A350C,-1.429943432,0.0550452400454808
A,D,350,-0.6248604,A350D,-2.273044479,0.0236900257599965
A,E,350,-0.6324769,A350E,-2.180631352,0.025983644190425
A,F,350,-0.6314442,A350F,-2.213642049,0.0251399084280619
A,G,350,-0.6405354,A350G,-1.412811919,0.0559963723878862
A,H,350,-0.6331487,A350H,-2.304286637,0.0229613400522344
A,I,350,-0.6335024,A350I,-2.224406274,0.0248707479193807
A,K,350,-0.6330299,A350K,-1.902942131,0.0343003851973538
A,L,350,-0.6294491,A350L,-0.876977737,0.0956907048383117
A,M,350,-0.6429648,A350M,-0.927843097,0.0909450792960425
A,N,350,-0.6354602,A350N,-2.584087522,0.0173572608107142
A,P,350,-0.6486201,A350P,-2.466346176,0.0195261055894227
A,Q,350,-0.6358598,A350Q,-1.682859917,0.0427444283557973
A,R,350,-0.6376711,A350R,-2.386806761,0.0211426382884574
A,S,350,-0.6193256,A350S,-0.658490263,0.1190577488707462
A,T,350,-0.5954298,A350T,-2.305231404,0.0229396571794144
A,V,350,-0.6290524,A350V,-2.380481264,0.0212767999202907
A,W,350,-0.6260025,A350W,-2.447030019,0.0199069414138461
A,Y,350,-0.640657,A350Y,-1.990639707,0.0314204508445113
I,A,351,-0.6340123,I351A,-1.344631931,0.0488282177748814
I,C,351,-0.6442185,I351C,-1.719246823,0.0335720338320469
I,D,351,-0.6387975,I351D,-2.627729274,0.0135340739438799
I,E,351,-0.6474258,I351E,-2.619687701,0.0136433480571359
I,F,351,-0.6236694,I351F,-1.264884121,0.0528816397769274
I,G,351,-0.6458126,I351G,-2.074261549,0.0235394689309858
I,H,351,-0.6442621,I351H,-2.244285425,0.0198589460096962
I,K,351,-0.6333963,I351K,-2.591417834,0.0140345474976291
I,L,351,-0.6449818,I351L,-0.522889442,0.1110578217590916
I,M,351,-0.6442776,I351M,0.0277850982445411,0.1926211990406908
I,N,351,-0.6335288,I351N,-1.506576396,0.0415278330144882
I,P,351,-0.6379001,I351P,-2.450142647,0.0161641729881238
I,Q,351,-0.6303303,I351Q,-2.446113183,0.0162294373851751
I,R,351,-0.6414682,I351R,-2.577053438,0.0142376003131524
I,S,351,-0.6308306,I351S,-2.143176108,0.0219718909337347
I,T,351,-0.6369479,I351T,-1.797158763,0.0310556709155629
I,V,351,-0.5851895,I351V,-0.758721799,0.0877260246814326
I,W,351,-0.6462835,I351W,-1.468085763,0.0431574268717668
I,Y,351,-0.6446943,I351Y,-2.39879893,0.0170157774153954
A,C,352,-0.6376518,A352C,-2.783546138,0.0211954967777562
A,D,352,-0.6389766,A352D,-2.54932618,0.0267894673232802
A,E,352,-0.6397629,A352E,-2.460855816,0.0292675441876719
A,F,352,-0.6483091,A352F,-2.782133518,0.0212254591302964
A,G,352,-0.6262484,A352G,-1.618764834,0.0679362912127853
A,H,352,-0.6380151,A352H,-2.169644594,0.0391613583479158
A,I,352,-0.6109517,A352I,-3.057944215,0.0161091996758382
A,K,352,-0.6369403,A352K,-2.759453592,0.0217123516800556
A,L,352,-0.6552126,A352L,-3.468582397,0.0106840504815977
A,M,352,-0.6503196,A352M,-2.074312813,0.0430784257074148
A,N,352,-0.6428715,A352N,-2.276897352,0.0351785920389433
A,P,352,-0.6440011,A352P,-3.11998111,0.0151402018923178
A,Q,352,-0.6400838,A352Q,-2.455082144,0.0294370142053511
A,R,352,-0.643303,A352R,-2.674329818,0.0236415347416512
A,S,352,-0.6442756,A352S,-1.283336021,0.0950116225862757
A,T,352,-0.623459,A352T,-2.606492006,0.0253009754934069
A,V,352,-0.6150759,A352V,-1.783587223,0.0576129838785989
A,W,352,-0.6461797,A352W,-2.326199026,0.0334862875680924
A,Y,352,-0.6412299,A352Y,-2.026976292,0.0451666435606767
G,A,353,-0.6431213,G353A,-2.784501417,0.0223369906048984
G,C,353,-0.6634398,G353C,-1.988788359,0.0494992431014033
G,D,353,-0.6454108,G353D,-2.285899859,0.0367760128983587
G,E,353,-0.656885,G353E,-3.052539462,0.0170850855454404
G,F,353,-0.6440334,G353F,-2.155081112,0.0419158731786281
G,H,353,-0.6537025,G353H,-2.642743324,0.0257388681188093
G,I,353,-0.6593418,G353I,-2.958089822,0.0187774294138485
G,K,353,-0.6476501,G353K,-2.931932895,0.019275069524179
G,L,353,-0.6542083,G353L,-1.934798497,0.0522451598062342
G,M,353,-0.6413134,G353M,-1.968362286,0.050520715292529
G,N,353,-0.6465918,G353N,-2.78160379,0.0224018087595306
G,P,353,-0.6538468,G353P,-2.378807989,0.0335131417264386
G,Q,353,-0.6516565,G353Q,-1.906082453,0.0537671831033378
G,R,353,-0.6493243,G353R,-2.617830584,0.026388148198871
G,S,353,-0.6570041,G353S,-2.226415868,0.0390299701099092
G,T,353,-0.6461928,G353T,-3.500271288,0.0109186652867385
G,V,353,-0.6462304,G353V,-2.221937999,0.0392051331697217
G,W,353,-0.6415207,G353W,-2.235335878,0.0386833704456263
G,Y,353,-0.6698697,G353Y,-2.195705999,0.0402471700849826
F,A,354,-0.6426103,F354A,-2.325208906,0.0331049998874276
F,C,354,-0.6562016,F354C,-2.387577468,0.0311033566289194
F,D,354,-0.6611088,F354D,-2.844011454,0.0197051805194171
F,E,354,-0.6588141,F354E,-1.858251452,0.0528069014638416
F,G,354,-0.6578226,F354G,-2.812502183,0.020335962264277
F,H,354,-0.6486809,F354H,-2.819641145,0.0201913015039329
F,I,354,-0.6405084,F354I,-2.091073641,0.0418386123295293
F,K,354,-0.6587779,F354K,-2.175211527,0.0384624233060161
F,L,354,-0.6454486,F354L,-2.767152221,0.0212794292414152
F,M,354,-0.6574355,F354M,-2.122532395,0.0405429088952058
F,N,354,-0.6612203,F354N,-2.191394712,0.037844988144999
F,P,354,-0.6702246,F354P,-2.515843595,0.0273591102754281
F,Q,354,-0.6578054,F354Q,-3.052710803,0.0159934954458609
F,R,354,-0.6559175,F354R,-3.709741205,0.0082908385988394
F,S,354,-0.6609989,F354S,-2.470747291,0.0286211482300123
F,T,354,-0.6566704,F354T,-3.07186772,0.015690025255892
F,V,354,-0.6474267,F354V,-2.236843581,0.0361634765969007
F,W,354,-0.6621922,F354W,-1.092591963,0.1135566104136253
F,Y,354,-0.6445854,F354Y,-1.756137378,0.0584841620916272
I,A,355,-0.6296118,I355A,-2.035675674,0.0358543944520757
I,C,355,-0.631118,I355C,-1.587217994,0.0561442302157838
I,D,355,-0.6407103,I355D,-2.821264573,0.0163442622980259
I,E,355,-0.6445256,I355E,-2.984192407,0.0138869418602432
I,F,355,-0.6295654,I355F,-1.86535911,0.0425118451164229
I,G,355,-0.6480019,I355G,-3.407109723,0.0090977876559106
I,H,355,-0.6287468,I355H,-3.010192151,0.0135305379454284
I,K,355,-0.6355519,I355K,-3.118595471,0.0121404857438855
I,L,355,-0.6339049,I355L,-0.605271184,0.1498853757898281
I,M,355,-0.6245016,I355M,-1.381338757,0.068979074385792
I,N,355,-0.6343143,I355N,-2.192231207,0.0306585186704487
I,P,355,-0.6373596,I355P,-2.445527031,0.0237983116612957
I,Q,355,-0.6368906,I355Q,-1.676878069,0.0513294071687561
I,R,355,-0.6298146,I355R,-2.953441933,0.0143206057166593
I,S,355,-0.6382326,I355S,-2.441091147,0.0239041127438363
I,T,355,-0.6143538,I355T,-2.35644106,0.0260157115686693
I,V,355,-0.5752633,I355V,-0.883376949,0.1134957117460772
I,W,355,-0.6454366,I355W,-3.323758411,0.0098886008977647
I,Y,355,-0.6405643,I355Y,-3.000544586,0.0136617064940248
E,A,356,-0.641337,E356A,-2.262285153,0.0355245717327
E,C,356,-0.6581412,E356C,-2.674720975,0.0235185307310584
E,D,356,-0.6233702,E356D,-2.078423087,0.0426952098275473
E,F,356,-0.6584479,E356F,-2.061767758,0.0434122676008123
E,G,356,-0.6466133,E356G,-2.483475166,0.0284752285549412
E,H,356,-0.652635,E356H,-1.951283205,0.0484836506636181
E,I,356,-0.6539954,E356I,-1.791215247,0.0568999595546199
E,K,356,-0.6508978,E356K,-2.16724664,0.0390664153810985
E,L,356,-0.6452921,E356L,-2.694181824,0.0230652647426018
E,M,356,-0.6510995,E356M,-2.19949605,0.0378266446218094
E,N,356,-0.6352508,E356N,-2.494782571,0.0281550610310909
E,P,356,-0.6413377,E356P,-2.145224269,0.0399362939333709
E,Q,356,-0.6523892,E356Q,-2.031795767,0.0447331153249052
E,R,356,-0.635741,E356R,-2.418893594,0.0303748854220142
E,S,356,-0.6411694,E356S,-2.777782406,0.0212153966451851
E,T,356,-0.6381788,E356T,-2.472354586,0.0287936569841932
E,V,356,-0.6356905,E356V,-2.370219398,0.0318899317599087
E,W,356,-0.6458038,E356W,-2.893736727,0.0188926469632667
E,Y,356,-0.6384785,E356Y,-2.253802164,0.0358272081584164
N,A,357,-0.6497964,N357A,-3.289443579,0.0100583944391214
N,C,357,-0.6433373,N357C,-3.805709227,0.0060022910228732
N,D,357,-0.6582987,N357D,-2.849414497,0.0156182013730119
N,E,357,-0.6314408,N357E,-3.126822196,0.0118346194249394
N,F,357,-0.6562764,N357F,-1.489177433,0.0608659879692498
N,G,357,-0.6392689,N357G,-4.040240175,0.0047474605085865
N,H,357,-0.6455288,N357H,-0.698901073,0.1341489807095792
N,I,357,-0.6508009,N357I,-2.873121129,0.0152523004686988
N,K,357,-0.6536187,N357K,-2.435338379,0.0236299109884355
N,L,357,-0.6535804,N357L,-2.11327442,0.0326086437682777
N,M,357,-0.6400662,N357M,-2.58193306,0.0204078284899256
N,P,357,-0.6468623,N357P,-2.088532817,0.0334254976231316
N,Q,357,-0.6506354,N357Q,-1.26691145,0.0760157491706801
N,R,357,-0.650061,N357R,-4.56711121,0.0028031319586649
N,S,357,-0.633792,N357S,-1.2686643,0.0758826216372429
N,T,357,-0.6414185,N357T,-1.387054715,0.0674102621117663
N,V,357,-0.6448528,N357V,-4.250484394,0.0038472751063787
N,W,357,-0.6497782,N357W,-3.310118596,0.0098525717821384
N,Y,357,-0.6538685,N357Y,-0.763619124,0.1257420923913007
G,A,358,-0.6505162,G358A,-2.403860174,0.032057374154124
G,C,358,-0.6504449,G358C,-2.08129227,0.044260614973165
G,D,358,-0.6383793,G358D,-2.104395828,0.0432497592338881
G,E,358,-0.644507,G358E,-2.120426175,0.0425619778006388
G,F,358,-0.6474491,G358F,-2.490733763,0.0293899747740462
G,H,358,-0.6567976,G358H,-1.944731496,0.0507370306926786
G,I,358,-0.640829,G358I,-2.102639046,0.0433258064114114
G,K,358,-0.6519693,G358K,-2.57086229,0.0271268785947851
G,L,358,-0.6410146,G358L,-2.695642498,0.0239446474428847
G,M,358,-0.6578121,G358M,-2.589259389,0.0266323851226952
G,N,358,-0.6430539,G358N,-2.603699837,0.0262505648504671
G,P,358,-0.6545058,G358P,-2.436633685,0.0310237710211861
G,Q,358,-0.6402957,G358Q,-1.992970098,0.0483476405033182
G,R,358,-0.6478255,G358R,-2.836239246,0.0208040566530739
G,S,358,-0.6504955,G358S,-2.161254286,0.0408592483975407
G,T,358,-0.6424845,G358T,-2.002743013,0.0478774443656802
G,V,358,-0.6379232,G358V,-2.782997953,0.0219417083540904
G,W,358,-0.6514053,G358W,-3.47991594,0.0109295580885949
G,Y,358,-0.6475049,G358Y,-2.346833043,0.0339386467705693
W,A,359,-0.6711166,W359A,-2.806482789,0.0231746518389657
W,C,359,-0.6604427,W359C,-2.125461205,0.0457906941181739
W,D,359,-0.6524348,W359D,-2.173180887,0.0436568933538203
W,E,359,-0.6363426,W359E,-2.528512646,0.0306008974147484
W,F,359,-0.6561524,W359F,-2.394059886,0.0350046929535507
W,G,359,-0.6546021,W359G,-2.75955428,0.024288126690122
W,H,359,-0.6576808,W359H,-2.842349067,0.0223581921973123
W,I,359,-0.6571953,W359I,-2.311269402,0.0380260953615079
W,K,359,-0.6605996,W359K,-2.709631042,0.0255314461732199
W,L,359,-0.6486627,W359L,-2.65540189,0.0269542247526702
W,M,359,-0.6610805,W359M,-2.357705298,0.0363006895108095
W,N,359,-0.6512312,W359N,-2.452339654,0.0330229360501908
W,P,359,-0.6582145,W359P,-2.601113444,0.0284579771534339
W,Q,359,-0.6617752,W359Q,-2.035252365,0.0501134654758658
W,R,359,-0.6437077,W359R,-2.719292268,0.0252859687223309
W,S,359,-0.646757,W359S,-2.910431632,0.0208866499884596
W,T,359,-0.653514,W359T,-2.535152038,0.030398398985486
W,V,359,-0.6437802,W359V,-2.833699528,0.0225524191127509
W,Y,359,-0.6501712,W359Y,-1.960227551,0.0540178513604567
E,A,360,-0.627792,E360A,-1.317358873,0.0314560377483193
E,C,360,-0.6410947,E360C,-0.812208097,0.0521300650214193
E,D,360,-0.6158725,E360D,0.0131440763295436,0.1189965054677651
E,F,360,-0.6273779,E360F,-0.886012088,0.0484212051134892
E,G,360,-0.5950775,E360G,-1.767039575,0.0200636568524342
E,H,360,-0.6302017,E360H,-2.024637403,0.0155073186957425
E,I,360,-0.6256619,E360I,-1.187436593,0.0358202459422598
E,K,360,-0.6173404,E360K,-1.939158232,0.0168911752350574
E,L,360,-0.6295168,E360L,-0.679931367,0.0595025161238594
E,M,360,-0.62289,E360M,-0.371432089,0.0810055703461414
E,N,360,-0.6108407,E360N,-0.809096898,0.0522925046211655
E,P,360,-0.6376518,E360P,-1.492628535,0.0263988703898043
E,Q,360,-0.6258921,E360Q,-1.125834653,0.0380962258973932
E,R,360,-0.6368563,E360R,-2.354215752,0.0111532784500557
E,S,360,-0.6302428,E360S,-0.752771348,0.0553224396199587
E,T,360,-0.6236498,E360T,-0.689668522,0.0589259424405613
E,V,360,-0.6132758,E360V,-0.810586911,0.0522146461015926
E,W,360,-0.6286962,E360W,-1.646806265,0.0226269896923251
E,Y,360,-0.6273929,E360Y,-0.314721935,0.0857321656247557
G,A,361,-0.6529639,G361A,-1.271701735,0.0664914832095918
G,C,361,-0.6503619,G361C,-0.57486756,0.1334741889031342
G,D,361,-0.6454298,G361D,-2.039298708,0.030860489866606
G,E,361,-0.6269536,G361E,-2.197156085,0.0263539794928957
G,F,361,-0.6584428,G361F,-2.615924449,0.0173371349036346
G,H,361,-0.6624068,G361H,-2.017936687,0.0315268242899365
G,I,361,-0.6545617,G361I,-2.481463578,0.0198322950213853
G,K,361,-0.6596196,G361K,-2.157986724,0.0274067316520987
G,L,361,-0.6561723,G361L,-2.116434888,0.0285695228359063
G,M,361,-0.6620619,G361M,-1.575902371,0.0490516182975738
G,N,361,-0.6402865,G361N,-2.072834136,0.0298427306659871
G,P,361,-0.6594694,G361P,-2.158930398,0.0273808808193439
G,Q,361,-0.6649979,G361Q,-1.912832204,0.0350208382521486
G,R,361,-0.6583184,G361R,-2.110130676,0.0287502001573555
G,S,361,-0.6545738,G361S,-1.514252417,0.0521708100486205
G,T,361,-0.6488601,G361T,-1.873927897,0.0364101499886482
G,V,361,-0.6534646,G361V,-1.212002307,0.0705818694289264
G,W,361,-0.6444596,G361W,-2.530580019,0.0188817378518696
G,Y,361,-0.6757483,G361Y,-1.975702152,0.032886863644575
M,A,362,-0.5978485,M362A,-2.686052625,0.0189101616896024
M,C,362,-0.6030201,M362C,-2.329963627,0.0269986965796839
M,D,362,-0.6037472,M362D,-2.321410656,0.0272306060576943
M,E,362,-0.6060105,M362E,-3.625561767,0.0073904562130215
M,F,362,-0.6018556,M362F,-0.935703067,0.108858560352105
M,G,362,-0.5825775,M362G,-4.91243227,0.0020407459778649
M,H,362,-0.6111599,M362H,-2.530040469,0.0221029628621154
M,I,362,-0.5759848,M362I,-2.014429528,0.0370149834519827
M,K,362,-0.6034131,M362K,-1.74858603,0.048287192025961
M,L,362,-0.566283,M362L,-0.217319803,0.2232813731592488
M,N,362,-0.6053132,M362N,-2.467610753,0.0235268285111798
M,P,362,-0.6042836,M362P,-2.525624216,0.0222007910357998
M,Q,362,-0.588687,M362Q,-2.483562787,0.023154505134245
M,R,362,-0.600169,M362R,-2.88831295,0.0154473735084692
M,S,362,-0.5984371,M362S,-1.827510224,0.0446226750205551
M,T,362,-0.592446,M362T,-2.526495238,0.0221814620772619
M,V,362,-0.5514364,M362V,-2.911056949,0.0151000035044068
M,W,362,-0.6078261,M362W,-3.754472008,0.006496600499357
M,Y,362,-0.5949715,M362Y,-2.305295098,0.027672997770504
V,A,363,-0.5541025,V363A,-0.040969052,0.0543374478823049
V,C,363,-0.5750255,V363C,0.3892632527304092,0.0835500627374621
V,D,363,-0.5696367,V363D,-1.373815091,0.0143301697066864
V,E,363,-0.5728049,V363E,-0.476610269,0.0351481617388087
V,F,363,-0.5753463,V363F,0.4721468753090718,0.0907700729336071
V,G,363,-0.5593213,V363G,-4.482347715,0.0006400682514944
V,H,363,-0.5642194,V363H,-0.336469826,0.0404356895580339
V,I,363,-0.4969358,V363I,0.0402555396835566,0.0589351827709046
V,K,363,-0.4769502,V363K,0.0691117605182221,0.0606606045589404
V,L,363,-0.5728233,V363L,0.1985646967323746,0.069044237668492
V,M,363,-0.4506591,V363M,0.2949088131756672,0.0760272291599615
V,N,363,-0.5650239,V363N,-0.4836696,0.0349009128901834
V,P,363,-0.5727356,V363P,-2.273771725,0.0058264589496746
V,Q,363,-0.5666859,V363Q,0.1054335878806167,0.0629044118411764
V,R,363,-0.536604,V363R,-0.404232797,0.037786421218559
V,S,363,-0.566043,V363S,-0.154411081,0.048510078749442
V,T,363,-0.5645513,V363T,0.2637087830489988,0.073691799197685
V,W,363,-0.5786275,V363W,-1.684157339,0.0105068201209772
V,Y,363,-0.5698471,V363Y,0.4109799226528228,0.0853843371667385
D,A,364,-0.6210721,D364A,-2.591028921,0.0225844576307195
D,C,364,-0.6324442,D364C,-1.982246095,0.0415145921032658
D,E,364,-0.6212146,D364E,-1.272780057,0.0843952518237385
D,F,364,-0.6381694,D364F,-2.525218572,0.0241207467603807
D,G,364,-0.6093976,D364G,-3.435175164,0.0097096003615548
D,H,364,-0.6340471,D364H,-1.588669691,0.0615359443169107
D,I,364,-0.6339092,D364I,-2.171119198,0.0343695785737159
D,K,364,-0.5957576,D364K,-2.72688175,0.0197155775283754
D,L,364,-0.6421313,D364L,-2.814640096,0.0180591172505831
D,M,364,-0.6320606,D364M,-2.587742491,0.0226588019955784
D,N,364,-0.5668877,D364N,-1.35300516,0.0778891007041862
D,P,364,-0.626075,D364P,-2.031364635,0.0395247251605795
D,Q,364,-0.6279146,D364Q,-2.349149356,0.0287644892404795
D,R,364,-0.6268606,D364R,-2.917452148,0.0162946780727058
D,S,364,-0.6266235,D364S,-1.865647409,0.0466486363290771
D,T,364,-0.6338431,D364T,-1.459387378,0.0700286047092356
D,V,364,-0.6334326,D364V,-2.042747968,0.0390773530773432
D,W,364,-0.6388567,D364W,-3.213832852,0.0121151609607823
D,Y,364,-0.6357997,D364Y,-2.319237491,0.0296378864050326
G,A,365,-0.6425841,G365A,-2.060590746,0.052420708001449
G,C,365,-0.6537887,G365C,-2.113507226,0.0497189035079595
G,D,365,-0.6591778,G365D,-1.945475146,0.0588161998688098
G,E,365,-0.6493642,G365E,-3.208253139,0.0166371625419861
G,F,365,-0.6511527,G365F,-2.900063127,0.0226425090786963
G,H,365,-0.6517453,G365H,-2.793692004,0.0251837826026328
G,I,365,-0.6617264,G365I,-3.39450937,0.0138098560876619
G,K,365,-0.6799678,G365K,-3.36904677,0.0141660061936432
G,L,365,-0.6631027,G365L,-2.077330793,0.05155048681791
G,M,365,-0.6583074,G365M,-2.274323234,0.0423330951216984
G,N,365,-0.6596696,G365N,-3.253510578,0.0159009909957341
G,P,365,-0.6564978,G365P,-2.586675952,0.0309761132033759
G,Q,365,-0.6535777,G365Q,-3.200456604,0.0167673818046964
G,R,365,-0.6630123,G365R,-2.877079044,0.0231689533518926
G,S,365,-0.6553621,G365S,-2.703464869,0.0275617077558532
G,T,365,-0.658671,G365T,-2.872798919,0.0232683319322771
G,V,365,-0.6727329,G365V,-2.240884296,0.0437726028810818
G,W,365,-0.6600467,G365W,-2.494454806,0.0339686330250076
G,Y,365,-0.6690954,G365Y,-2.769433503,0.0258021739401538
W,A,366,-0.651011,W366A,-3.410378177,0.0145028934604675
W,C,366,-0.6393506,W366C,-2.084803138,0.0545939856290179
W,D,366,-0.6574364,W366D,-2.296121181,0.0441947338343012
W,E,366,-0.6522186,W366E,-2.702090126,0.0294483116594222
W,F,366,-0.6429941,W366F,-2.752108095,0.0280115967175246
W,G,366,-0.6478981,W366G,-3.512229179,0.0130984919113185
W,H,366,-0.6452248,W366H,-2.715969339,0.0290424154008245
W,I,366,-0.6559612,W366I,-2.833974094,0.0258097560786335
W,K,366,-0.6595753,W366K,-2.833882737,0.0258121140866665
W,L,366,-0.6433795,W366L,-2.733298199,0.0285434787538857
W,M,366,-0.6541958,W366M,-2.353729653,0.0417206892882231
W,N,366,-0.6511061,W366N,-2.246309304,0.0464519072708568
W,P,366,-0.6657918,W366P,-2.666896498,0.0305031579983803
W,Q,366,-0.6460317,W366Q,-2.604502792,0.0324669920607636
W,R,366,-0.6438526,W366R,-3.275214371,0.0166018157381152
W,S,366,-0.6506636,W366S,-2.446173504,0.0380367682484462
W,T,366,-0.6444935,W366T,-2.857479182,0.0252101695406208
W,V,366,-0.6428253,W366V,-3.755348871,0.01027154242857
W,Y,366,-0.6537796,W366Y,-2.804595899,0.0265792482175906
Y,A,367,-0.6369289,Y367A,-3.38698618,0.0143948454309876
Y,C,367,-0.6548903,Y367C,-2.431840745,0.0374129180777374
Y,D,367,-0.6424203,Y367D,-2.925294111,0.0228411220902841
Y,E,367,-0.6287253,Y367E,-3.938880904,0.0082893781178005
Y,F,367,-0.6358048,Y367F,-1.14742996,0.1351556431168238
Y,G,367,-0.6514754,Y367G,-4.723446939,0.0037825843937932
Y,H,367,-0.6452754,Y367H,-2.300892827,0.0426473013947066
Y,I,367,-0.6273912,Y367I,-2.592537533,0.0318589775917541
Y,K,367,-0.6400977,Y367K,-3.011851455,0.020947202971682
Y,L,367,-0.6435261,Y367L,-2.034241979,0.0556796595936276
Y,M,367,-0.6469655,Y367M,-3.147568336,0.0182887877005065
Y,N,367,-0.6291973,Y367N,-3.082355353,0.0195212027573862
Y,P,367,-0.6500594,Y367P,-3.382194476,0.0144639868312862
Y,Q,367,-0.6405095,Y367Q,-2.482232086,0.0355743436335054
Y,R,367,-0.6531253,Y367R,-3.125729418,0.0186925884839057
Y,S,367,-0.6402049,Y367S,-3.06262567,0.0199101746072897
Y,T,367,-0.64314,Y367T,-2.218860471,0.046293259781447
Y,V,367,-0.6453242,Y367V,-3.31162913,0.0155215174953537
Y,W,367,-0.6385998,Y367W,-3.491024755,0.0129724974330075
G,A,368,-0.656383,G368A,-1.740628677,0.0631525324315127
G,C,368,-0.6572033,G368C,-2.086278789,0.0446968385256621
G,D,368,-0.6493772,G368D,-2.526951045,0.0287670430365973
G,E,368,-0.6475191,G368E,-1.994046697,0.0490154171313217
G,F,368,-0.6442024,G368F,-1.576948677,0.074383412974691
G,H,368,-0.6573038,G368H,-2.981734034,0.0182551494823237
G,I,368,-0.6417575,G368I,-2.878746551,0.0202354241557162
G,K,368,-0.6495995,G368K,-2.30474692,0.0359250414900531
G,L,368,-0.6478899,G368L,-2.492883277,0.0297639572165509
G,M,368,-0.6456855,G368M,-3.415151469,0.0118346239854286
G,N,368,-0.6340346,G368N,-2.357061956,0.0340939358905451
G,P,368,-0.6435606,G368P,-3.125691492,0.0158075814030187
G,Q,368,-0.6488009,G368Q,-2.233227812,0.0385884771954256
G,R,368,-0.645899,G368R,-2.394454424,0.0328426198014915
G,S,368,-0.6367986,G368S,-2.313839587,0.0355998675331825
G,T,368,-0.6501046,G368T,-3.711625119,0.0087982736798905
G,V,368,-0.64802,G368V,-3.157973589,0.0153054280941595
G,W,368,-0.6533583,G368W,-2.4639423,0.0306379414911916
G,Y,368,-0.6489209,G368Y,-1.929788615,0.0522684521030671
F,A,369,-0.6557145,F369A,-2.772932413,0.016894663026461
F,C,369,-0.6567587,F369C,-2.730923813,0.0176195027559506
F,D,369,-0.6543633,F369D,-3.051488147,0.0127871639413888
F,E,369,-0.6527542,F369E,-2.85887356,0.0155033569142588
F,G,369,-0.6515755,F369G,-3.568832011,0.0076224470822849
F,H,369,-0.6547176,F369H,-2.343593295,0.0259542948365975
F,I,369,-0.6533866,F369I,-2.534767835,0.0214379449148305
F,K,369,-0.6570423,F369K,-3.285457659,0.0101195797178515
F,L,369,-0.6517548,F369L,-2.494946739,0.0223088529494841
F,M,369,-0.6502939,F369M,-2.612762706,0.0198294373796243
F,N,369,-0.6475758,F369N,-2.982300004,0.0137032091036306
F,P,369,-0.644309,F369P,-2.816586454,0.0161730084512666
F,Q,369,-0.655515,F369Q,-2.753282488,0.0172299252508924
F,R,369,-0.6451866,F369R,-3.001714404,0.0134397351936318
F,S,369,-0.648188,F369S,-1.144419628,0.0861001399111325
F,T,369,-0.6505985,F369T,-2.387699611,0.0248344242810485
F,V,369,-0.6421592,F369V,-2.293019361,0.0273006647922382
F,W,369,-0.6460483,F369W,-0.480635851,0.1672174178344977
F,Y,369,-0.6527121,F369Y,-0.334567677,0.1935165524655626
R,A,370,-0.6503617,R370A,-1.743529912,0.0363301900033086
R,C,370,-0.6565324,R370C,-1.654317708,0.0397202567791916
R,D,370,-0.6513197,R370D,-2.564494276,0.0159855367726999
R,E,370,-0.6498363,R370E,-1.881458796,0.0316494304010147
R,F,370,-0.6512549,R370F,-2.310623698,0.0206054392059513
R,G,370,-0.6453834,R370G,-3.183943581,0.0086040628835566
R,H,370,-0.6573768,R370H,-2.981281989,0.0105370363889718
R,I,370,-0.6421227,R370I,-1.410938113,0.0506652845502556
R,K,370,-0.6197168,R370K,-0.964609409,0.0791678061712248
R,L,370,-0.6559644,R370L,-1.64901623,0.0399313920822064
R,M,370,-0.6578469,R370M,-0.846809076,0.0890653237379698
R,N,370,-0.6448921,R370N,-1.924176362,0.0303259133267416
R,P,370,-0.6607661,R370P,-2.71215109,0.0137911550541785
R,Q,370,-0.6476957,R370Q,-0.534924608,0.1216629569352071
R,S,370,-0.6403204,R370S,-1.939735389,0.0298577231951171
R,T,370,-0.6482742,R370T,-2.10161806,0.0253952160096286
R,V,370,-0.6324283,R370V,-1.733638596,0.0366913266293529
R,W,370,-0.6575223,R370W,-1.540689372,0.0445000212643235
R,Y,370,-0.6605569,R370Y,-1.119670309,0.0677963804003829
H,A,371,-0.6835894,H371A,-3.180216924,0.0136995122785293
H,C,371,-0.662908,H371C,-2.446396282,0.0285364225097637
H,D,371,-0.6601211,H371D,-2.557823189,0.0255274490307422
H,E,371,-0.6704568,H371E,-2.864357659,0.0187880249360676
H,F,371,-0.6531312,H371F,-1.060640906,0.1140842137803773
H,G,371,-0.6702293,H371G,-3.427993104,0.010692941464446
H,I,371,-0.6703674,H371I,-1.766964332,0.0562954309955487
H,K,371,-0.6615343,H371K,-3.084539034,0.0150750067358768
H,L,371,-0.6490274,H371L,-2.492779245,0.0272430454160325
H,M,371,-0.6620208,H371M,-2.086373962,0.0409030110535857
H,N,371,-0.6682658,H371N,-2.126110373,0.039309540835475
H,P,371,-0.6527301,H371P,-3.061447561,0.0154271613070148
H,Q,371,-0.657495,H371Q,-2.12980132,0.0391647187976519
H,R,371,-0.6639212,H371R,-3.000063696,0.0164038092711948
H,S,371,-0.6474661,H371S,-2.135811885,0.0389300226882777
H,T,371,-0.6594414,H371T,-2.993929674,0.0165047398996325
H,V,371,-0.6519354,H371V,-2.124401299,0.0393767812319588
H,W,371,-0.6556094,H371W,-2.67853509,0.0226247028108937
H,Y,371,-0.6688139,H371Y,-1.276735627,0.0919129699955209
Q,A,372,-0.635811,Q372A,-0.225301895,0.0550430313203985
Q,C,372,-0.6428079,Q372C,-0.704738414,0.0340789072452968
Q,D,372,-0.6451136,Q372D,-0.677847057,0.0350077687524791
Q,E,372,-0.6373204,Q372E,0.4353154884549819,0.1065626141519475
Q,F,372,-0.6430994,Q372F,-0.175908695,0.0578300465235036
Q,G,372,-0.6496542,Q372G,-2.045164854,0.0089196023796844
Q,H,372,-0.6326467,Q372H,-0.318190058,0.0501604609833693
Q,I,372,-0.6480316,Q372I,-0.131089988,0.0604808744522645
Q,K,372,-0.6280311,Q372K,-0.699761278,0.0342489454470865
Q,L,372,-0.6351455,Q372L,0.0942621174446887,0.075768249248636
Q,M,372,-0.6562814,Q372M,-0.113663412,0.0615440863814795
Q,N,372,-0.6235159,Q372N,-3.054886038,0.0032495880308482
Q,P,372,-0.6297062,Q372P,-3.286650053,0.0025773543099461
Q,R,372,-0.6165749,Q372R,-1.101053365,0.0229281071063709
Q,S,372,-0.6367455,Q372S,-0.428466562,0.044923029046762
Q,T,372,-0.6303868,Q372T,-0.22304677,0.0551673003402923
Q,V,372,-0.6292896,Q372V,-0.269957387,0.0526391303895756
Q,W,372,-0.6479856,Q372W,0.355249736147504,0.0983632224463789
Q,Y,372,-0.6467876,Q372Y,0.0370523547295222,0.071555227137321
N,A,373,-0.6428834,N373A,-2.886472713,0.0225281762877451
N,C,373,-0.6343,N373C,-1.858193107,0.062994454334226
N,D,373,-0.6345282,N373D,-2.588653836,0.0303436052678011
N,E,373,-0.6368445,N373E,-3.081582599,0.0185349256179486
N,F,373,-0.6448165,N373F,-2.376546689,0.0375132050872523
N,G,373,-0.6325115,N373G,-2.311825822,0.0400213831384399
N,H,373,-0.6412115,N373H,-2.567757444,0.0309843486654964
N,I,373,-0.6399822,N373I,-3.045233237,0.0192210533055528
N,K,373,-0.6465766,N373K,-2.194912537,0.0449849145977362
N,L,373,-0.6449855,N373L,-2.600838075,0.0299761346316548
N,M,373,-0.6349786,N373M,-2.686350633,0.0275193382069159
N,P,373,-0.642346,N373P,-2.821841727,0.0240322773960029
N,Q,373,-0.629045,N373Q,-2.489375551,0.0335106772557452
N,R,373,-0.6359564,N373R,-3.301560437,0.0148749539001562
N,S,373,-0.6108857,N373S,-2.45639769,0.0346342121135286
N,T,373,-0.6338971,N373T,-2.389779404,0.0370200733035798
N,V,373,-0.6404648,N373V,-3.028406862,0.0195472104461331
N,W,373,-0.6400988,N373W,-2.890260744,0.0224430002456543
N,Y,373,-0.6489713,N373Y,-2.186020055,0.0453867261568493
S,A,374,-0.6304702,S374A,0.020560835624058,0.068374184572082
S,C,374,-0.6339058,S374C,-0.301004764,0.0495721745929317
S,D,374,-0.6356377,S374D,-0.393814496,0.0451784375718027
S,E,374,-0.6436335,S374E,-0.217227873,0.0539041024330963
S,F,374,-0.6249459,S374F,-0.193918889,0.0551753102426904
S,G,374,-0.6406718,S374G,-0.03719819,0.0645368449993544
S,H,374,-0.636034,S374H,-0.268104729,0.0512302266068782
S,I,374,-0.6336135,S374I,-0.402697404,0.0447788987520278
S,K,374,-0.6238366,S374K,-1.928954516,0.0097325807955583
S,L,374,-0.6529436,S374L,-0.01591663,0.0659250086859786
S,M,374,-0.6505842,S374M,-0.105487443,0.0602767849260241
S,N,374,-0.6427662,S374N,-0.113224659,0.0598122098901622
S,P,374,-0.6360443,S374P,-0.995248761,0.0247589113902901
S,Q,374,-0.6436109,S374Q,-0.300309208,0.0496066668010442
S,R,374,-0.6313398,S374R,-1.78121166,0.0112821530324897
S,T,374,-0.6438928,S374T,-0.515649644,0.0399962120713616
S,V,374,-0.6403137,S374V,-0.160825435,0.0570318015985138
S,W,374,-0.6315018,S374W,-0.944287683,0.0260533557389822
S,Y,374,-0.6439158,S374Y,0.3577386547223078,0.0957914273214239
E,A,375,-0.6278246,E375A,-2.187149387,0.0254180530336249
E,C,375,-0.629971,E375C,-2.389710996,0.0207572995992639
E,D,375,-0.6247619,E375D,-0.290223241,0.1694208998637483
E,F,375,-0.6308375,E375F,-1.428670714,0.0542682071977676
E,G,375,-0.6068437,E375G,-2.582908418,0.0171106392493377
E,H,375,-0.6282356,E375H,-2.017970669,0.030103409857424
E,I,375,-0.6316356,E375I,-2.423746314,0.0200627053918521
E,K,375,-0.6251306,E375K,-2.768673411,0.0142098492926683
E,L,375,-0.6210908,E375L,-1.999318563,0.03067017125705
E,M,375,-0.6314844,E375M,-1.291449497,0.0622500782951719
E,N,375,-0.6235818,E375N,-1.861006512,0.0352195968098435
E,P,375,-0.6255452,E375P,-3.168944995,0.0095225570055915
E,Q,375,-0.6282957,E375Q,-0.505787702,0.1365678657039419
E,R,375,-0.6219421,E375R,-2.284858237,0.0230519595904505
E,S,375,-0.629233,E375S,-3.308590378,0.0082814482715682
E,T,375,-0.6223904,E375T,-3.268861609,0.0086170834608239
E,V,375,-0.6157475,E375V,-2.160863287,0.0260950536444766
E,W,375,-0.630964,E375W,-1.679441175,0.042231569710685
E,Y,375,-0.6278702,E375Y,-1.741957246,0.039672250072864
G,A,376,-0.6568914,G376A,-3.034822748,0.0200798585800905
G,C,376,-0.6501942,G376C,-3.028786023,0.0202014418282555
G,D,376,-0.6472618,G376D,-2.329504085,0.0406515175215077
G,E,376,-0.6181398,G376E,-2.5222853,0.0335237753694869
G,F,376,-0.6622256,G376F,-2.234206535,0.0447161055072772
G,H,376,-0.6538409,G376H,-2.877343706,0.0235046051575721
G,I,376,-0.6590123,G376I,-3.23898729,0.016371673193173
G,K,376,-0.6447634,G376K,-3.29969505,0.0154073520092186
G,L,376,-0.6560971,G376L,-2.583198505,0.0315426839715084
G,M,376,-0.6554613,G376M,-2.939400368,0.0220903238371018
G,N,376,-0.6470344,G376N,-2.507215443,0.0340327998458653
G,P,376,-0.6552186,G376P,-3.107849393,0.0186657551247166
G,Q,376,-0.65318,G376Q,-2.526683045,0.0333766699972509
G,R,376,-0.651041,G376R,-1.449777279,0.0979799745160212
G,S,376,-0.6548442,G376S,-2.84970051,0.0241634116440294
G,T,376,-0.6517437,G376T,-2.566001832,0.0320898042261949
G,V,376,-0.6490712,G376V,-2.981044496,0.0211892828850671
G,W,376,-0.6498138,G376W,-2.537653485,0.0330125142570798
G,Y,376,-0.6633105,G376Y,-3.049182027,0.0197935863866667
R,A,377,-0.576873,R377A,-0.190626902,0.0527707870814568
R,C,377,-0.5804787,R377C,-2.179483402,0.0072217699411972
R,D,377,-0.5749598,R377D,-1.056740588,0.0221944845676869
R,E,377,-0.575711,R377E,-0.688538165,0.0320740206523246
R,F,377,-0.5829342,R377F,0.0829191926274526,0.0693734273148662
R,G,377,-0.5889864,R377G,-0.730006906,0.0307711518518815
R,H,377,-0.5919151,R377H,-0.174022155,0.0536543481356489
R,I,377,-0.4538209,R377I,0.108214467267139,0.0711506301199066
R,K,377,-0.5755793,R377K,-0.256583307,0.049402515539071
R,L,377,-0.5877597,R377L,-0.132613253,0.0559227582684342
R,M,377,-0.5661695,R377M,-0.301121844,0.047250479310627
R,N,377,-0.5733904,R377N,-0.555257615,0.0366468312960105
R,P,377,-0.5889588,R377P,-1.553371307,0.0135070639866908
R,Q,377,-0.5807245,R377Q,-0.120111894,0.0566262570395223
R,S,377,-0.5565788,R377S,0.3413039323627713,0.0898272763769372
R,T,377,-0.5299911,R377T,-0.006596118,0.0634332757833592
R,V,377,-0.5859458,R377V,-0.051517265,0.0606468334570387
R,W,377,-0.5801995,R377W,-0.077181338,0.059110191063218
R,Y,377,-0.5786282,R377Y,0.0110540971848238,0.0645628260034478
G,A,378,-0.6566068,G378A,-2.619622316,0.0293523465000317
G,C,378,-0.6575214,G378C,-2.910059315,0.0219536931634264
G,D,378,-0.652182,G378D,-3.267381702,0.0153576357943027
G,E,378,-0.617566,G378E,-2.755789202,0.0256157028637704
G,F,378,-0.6504576,G378F,-2.429473114,0.0354996115044325
G,H,378,-0.6675981,G378H,-2.490624618,0.033393799253906
G,I,378,-0.6516431,G378I,-2.97080359,0.0206598266934189
G,K,378,-0.6447882,G378K,-3.158717891,0.0171205016717367
G,L,378,-0.6608826,G378L,-2.332267368,0.0391236649363277
G,M,378,-0.6573757,G378M,-2.463331108,0.0343177855719163
G,N,378,-0.6402606,G378N,-2.850315753,0.0233052572242697
G,P,378,-0.6630867,G378P,-2.565935954,0.0309712350376959
G,Q,378,-0.6640829,G378Q,-2.367673005,0.0377627013820775
G,R,378,-0.6513236,G378R,-2.442449037,0.0350419468804938
G,S,378,-0.6457793,G378S,-2.630594785,0.0290320391722463
G,T,378,-0.6488869,G378T,-2.979598156,0.0204789290191782
G,V,378,-0.65422,G378V,-1.953544365,0.0571369266593016
G,W,378,-0.6593242,G378W,-2.137603585,0.0475314384366856
G,Y,378,-0.6551937,G378Y,-2.230349172,0.0433213569738956
Q,A,379,-0.6405821,Q379A,-1.60139419,0.0313543988543388
Q,C,379,-0.6443878,Q379C,-2.088153356,0.019270881101531
Q,D,379,-0.6249196,Q379D,-1.593531685,0.0316018947459213
Q,E,379,-0.6292155,Q379E,-0.2358425,0.1228429240924031
Q,F,379,-0.6300646,Q379F,-0.934878518,0.0610608188904356
Q,G,379,-0.6381277,Q379G,-2.272617423,0.0160246960305312
Q,H,379,-0.6308126,Q379H,-1.332287297,0.0410364846189829
Q,I,379,-0.6454235,Q379I,-1.394362969,0.0385665705055929
Q,K,379,-0.6233937,Q379K,-1.914158029,0.0229333140585628
Q,L,379,-0.6316523,Q379L,-1.749068342,0.0270498204927911
Q,M,379,-0.633805,Q379M,-0.181780669,0.129666832639567
Q,N,379,-0.6339342,Q379N,-2.636648279,0.0111350735288201
Q,P,379,-0.62154,Q379P,-3.222881772,0.0061957631438139
Q,R,379,-0.6142539,Q379R,-2.779465553,0.0096531326745526
Q,S,379,-0.6359153,Q379S,-1.256695813,0.0442587477965309
Q,T,379,-0.632823,Q379T,-0.338909827,0.1108124534626886
Q,V,379,-0.6347905,Q379V,-2.189772962,0.0174087951085956
Q,W,379,-0.6327432,Q379W,-1.674064121,0.0291566966446126
Q,Y,379,-0.634,Q379Y,-0.736558866,0.0744546399952495
A,C,380,-0.6386595,A380C,-1.54846551,0.051751923680118
A,D,380,-0.6364048,A380D,-1.447717117,0.0572375422132557
A,E,380,-0.6412547,A380E,-1.779689572,0.0410683393230937
A,F,380,-0.6300339,A380F,-1.961399647,0.0342445479529084
A,G,380,-0.6291336,A380G,-2.602151667,0.0180433119400009
A,H,380,-0.6461062,A380H,-2.322716431,0.0238601679751241
A,I,380,-0.6443648,A380I,-2.342172237,0.0234004357265232
A,K,380,-0.6264438,A380K,-2.669090965,0.0168750424059132
A,L,380,-0.640814,A380L,-1.948649969,0.0346839501962437
A,M,380,-0.6314335,A380M,-2.459637255,0.0208070021415558
A,N,380,-0.6340185,A380N,-2.695363254,0.016437469348055
A,P,380,-0.6288182,A380P,-2.79377123,0.0148969337856727
A,Q,380,-0.6403292,A380Q,-2.586487334,0.0183281737970567
A,R,380,-0.6136396,A380R,-2.159684098,0.0280852029670565
A,S,380,-0.6340449,A380S,-0.857580053,0.1032700247182857
A,T,380,-0.5932132,A380T,-1.437271217,0.0578385736240875
A,V,380,-0.6040139,A380V,-0.468843336,0.1523352837389313
A,W,380,-0.6403481,A380W,-2.207145413,0.0267833793314181
A,Y,380,-0.633778,A380Y,-2.685591665,0.0165988769520179
A,C,381,-0.6573597,A381C,-1.913130129,0.0417278264298781
A,D,381,-0.6441853,A381D,-2.962398884,0.0146128168160407
A,E,381,-0.6307189,A381E,-2.18890758,0.0316706593428031
A,F,381,-0.6475463,A381F,-2.604693491,0.0208969790578681
A,G,381,-0.6471773,A381G,-2.175373317,0.0321022122997368
A,H,381,-0.648878,A381H,-2.204820789,0.0311706661760285
A,I,381,-0.6435408,A381I,-2.562455678,0.021798527870158
A,K,381,-0.6533312,A381K,-2.583887583,0.0213363144423649
A,L,381,-0.660385,A381L,-2.545271956,0.0221763447353428
A,M,381,-0.6467629,A381M,-2.415328479,0.0252536247759115
A,N,381,-0.6550374,A381N,-2.530539126,0.0225054838280989
A,P,381,-0.6535458,A381P,-1.490917626,0.063648820453339
A,Q,381,-0.6590559,A381Q,-0.611598105,0.1533465519302815
A,R,381,-0.6433355,A381R,-3.281242994,0.010623352458845
A,S,381,-0.6404929,A381S,-1.008303872,0.1031304411839614
A,T,381,-0.6235296,A381T,-2.284885856,0.0287722785196995
A,V,381,-0.6370014,A381V,-2.520961082,0.0227220780569451
A,W,381,-0.6519586,A381W,-3.272885668,0.0107125073995846
A,Y,381,-0.6482798,A381Y,-1.977733168,0.039117312811345
D,A,382,-0.6443454,D382A,-1.764573792,0.0579272688337919
D,C,382,-0.6465259,D382C,-1.859785519,0.0526663374744197
D,E,382,-0.6332245,D382E,-1.337600922,0.0887799794624036
D,F,382,-0.6393218,D382F,-3.581654546,0.0094131400838907
D,G,382,-0.6414356,D382G,-2.913347082,0.0183644104446593
D,H,382,-0.647211,D382H,-2.088637289,0.0418932482922967
D,I,382,-0.6466264,D382I,-2.379521729,0.0313194764278666
D,K,382,-0.6366268,D382K,-2.590714803,0.0253568017001724
D,L,382,-0.6498445,D382L,-2.981980309,0.0171462811994135
D,M,382,-0.6537022,D382M,-3.012037651,0.0166385775885743
D,N,382,-0.617684,D382N,-2.019505889,0.0448918422218359
D,P,382,-0.6338061,D382P,-3.332245997,0.0120795673678963
D,Q,382,-0.653652,D382Q,-2.264703418,0.0351301065841391
D,R,382,-0.6452096,D382R,-2.821791757,0.0201251433916387
D,S,382,-0.6461075,D382S,-1.531969106,0.0730974118281605
D,T,382,-0.6449518,D382T,-3.040051505,0.0161789348697077
D,V,382,-0.6435735,D382V,-1.67146676,0.0635797666411504
D,W,382,-0.647361,D382W,-3.035631438,0.016250605169753
D,Y,382,-0.6395132,D382Y,-2.783108102,0.0209189118468583
L,A,383,-0.632759,L383A,-0.14789906,0.0698326027419638
L,C,383,-0.6439943,L383C,-1.705955771,0.0147028851105678
L,D,383,-0.6371522,L383D,-2.12437007,0.0096758112804226
L,E,383,-0.6421106,L383E,-0.609339965,0.0440207009664199
L,F,383,-0.6396583,L383F,-0.675018763,0.0412223747879303
L,G,383,-0.6310603,L383G,-2.073922445,0.0101764554675818
L,H,383,-0.638855,L383H,-0.351099177,0.0569914262446152
L,I,383,-0.6207872,L383I,-0.26775572,0.0619448399251909
L,K,383,-0.6438673,L383K,-0.279124292,0.0612446033191633
L,M,383,-0.6331828,L383M,0.0393202524188511,0.0842105597153796
L,N,383,-0.6472348,L383N,-2.020086446,0.0107393311913066
L,P,383,-0.6343507,L383P,-2.057219161,0.0103478634081518
L,Q,383,-0.638232,L383Q,0.1808887427662404,0.0970172532947278
L,R,383,-0.6364353,L383R,-0.037241496,0.0780038798776262
L,S,383,-0.6290901,L383S,-1.113598136,0.026586449798239
L,T,383,-0.6304544,L383T,-1.22373521,0.0238137837426389
L,V,383,-0.6340614,L383V,-0.095935955,0.0735572563739897
L,W,383,-0.6318025,L383W,0.0628033217893326,0.0862114843408898
L,Y,383,-0.6485876,L383Y,-0.320933469,0.0587368062263816
K,A,384,-0.6447932,K384A,-0.15367801,0.0522434244620226
K,C,384,-0.6415382,K384C,-1.152504194,0.0192418486119309
K,D,384,-0.6391043,K384D,-0.092898676,0.0555172276034772
K,E,384,-0.6083903,K384E,-0.063356914,0.0571817703495713
K,F,384,-0.6372397,K384F,-0.502211513,0.0368693451973244
K,G,384,-0.6385646,K384G,-0.054648238,0.0576819226094315
K,H,384,-0.6456771,K384H,-0.347269872,0.0430482737834645
K,I,384,-0.6267623,K384I,-0.440080966,0.0392327169757975
K,L,384,-0.6452478,K384L,-0.306886156,0.0448223033141822
K,M,384,-0.6435248,K384M,0.1246211839708011,0.0690073675844626
K,N,384,-0.6334904,K384N,-1.541119991,0.0130458683118031
K,P,384,-0.635979,K384P,0.0817680494411634,0.0661126519410334
K,Q,384,-0.6368975,K384Q,-0.007129902,0.0604890386555186
K,R,384,-0.6080339,K384R,-0.037167167,0.0586991296119617
K,S,384,-0.6181707,K384S,-0.00747948,0.0604678966706613
K,T,384,-0.636863,K384T,0.038564539958271,0.0633171749421365
K,V,384,-0.6467061,K384V,0.1363813242507654,0.0698236946775637
K,W,384,-0.6367936,K384W,-0.418551235,0.0400865453936973
K,Y,384,-0.6344204,K384Y,-0.63793799,0.0321899385196433
S,A,385,-0.6565699,S385A,-0.609937123,0.1103722052771409
S,C,385,-0.6697741,S385C,-1.481255323,0.0461796863776978
S,D,385,-0.6709058,S385D,-1.773763617,0.034468009907629
S,E,385,-0.6511311,S385E,-1.908529386,0.0301223021884553
S,F,385,-0.6527647,S385F,-2.509660902,0.0165127703967306
S,G,385,-0.6449886,S385G,-2.328677677,0.0197888247115338
S,H,385,-0.6600044,S385H,-0.911884713,0.081606647022545
S,I,385,-0.6553954,S385I,-1.874976178,0.0311501497810835
S,K,385,-0.6536427,S385K,-2.64020969,0.014491831879649
S,L,385,-0.6552739,S385L,-1.806865021,0.0333457467811574
S,M,385,-0.6562757,S385M,-2.696145867,0.0137034682219143
S,N,385,-0.6588671,S385N,-1.477919387,0.0463339961550307
S,P,385,-0.6596471,S385P,-3.005837844,0.0100538607376062
S,Q,385,-0.6490362,S385Q,-2.480972604,0.0169933545699309
S,R,385,-0.6469837,S385R,-1.843090789,0.0321593892210419
S,T,385,-0.6415988,S385T,-0.225765756,0.1620702259769161
S,V,385,-0.6464696,S385V,-1.352561856,0.05252207230601
S,W,385,-0.6554748,S385W,-2.39697896,0.0184823468281061
S,Y,385,-0.6476105,S385Y,-2.0357677,0.0265234029940925
T,A,386,-0.639891,T386A,-2.601336748,0.0220355242836242
T,C,386,-0.6523601,T386C,-2.532772411,0.0235993757013318
T,D,386,-0.6383044,T386D,-2.885460066,0.0165855597782985
T,E,386,-0.6489922,T386E,-2.225470035,0.0320893033679331
T,F,386,-0.6497478,T386F,-2.895501836,0.0164198447325138
T,G,386,-0.6397921,T386G,-2.192501817,0.0331648630978037
T,H,386,-0.6500822,T386H,-2.971085743,0.0152245109764348
T,I,386,-0.6388702,T386I,-2.102712735,0.0362804882451928
T,K,386,-0.6432322,T386K,-2.904081297,0.0162795738129213
T,L,386,-0.6414275,T386L,-1.726773817,0.0528373901337538
T,M,386,-0.6525587,T386M,-1.891273623,0.0448229034605884
T,N,386,-0.6356916,T386N,-2.326319976,0.0290109333882569
T,P,386,-0.640022,T386P,-2.692477701,0.0201159874587966
T,Q,386,-0.6506426,T386Q,-2.481888963,0.0248312695500132
T,R,386,-0.6540477,T386R,-2.440859912,0.0258712624427303
T,S,386,-0.6358352,T386S,-0.902275146,0.1205082077407936
T,V,386,-0.6422088,T386V,-1.057361928,0.1031961006531856
T,W,386,-0.6522359,T386W,-1.967052251,0.0415517900296084
T,Y,386,-0.6423834,T386Y,-2.344172603,0.0284976075942234
Q,A,387,-0.6438921,Q387A,-0.574459738,0.0894052516283541
Q,C,387,-0.6419486,Q387C,-2.59926249,0.0118032620351005
Q,D,387,-0.6374597,Q387D,-0.95265722,0.0612511050374871
Q,E,387,-0.6288422,Q387E,-1.181027405,0.0487454404442156
Q,F,387,-0.6372521,Q387F,-2.241737732,0.0168761426926387
Q,G,387,-0.6496767,Q387G,-1.667480324,0.0299688532154856
Q,H,387,-0.6407278,Q387H,-2.47392352,0.0133793838790678
Q,I,387,-0.6390116,Q387I,-1.618084614,0.0314863570261186
Q,K,387,-0.6281167,Q387K,-1.107290703,0.0524756041998215
Q,L,387,-0.6470362,Q387L,-2.08115825,0.0198158182248924
Q,M,387,-0.6504594,Q387M,-1.165840748,0.0494913706225721
Q,N,387,-0.6306694,Q387N,-0.58449923,0.088512158843007
Q,P,387,-0.6410659,Q387P,-3.425185429,0.0051678250310483
Q,R,387,-0.628101,Q387R,-0.816298259,0.0701994777607075
Q,S,387,-0.6428731,Q387S,-0.362171529,0.110549972030842
Q,T,387,-0.6463231,Q387T,-1.017210946,0.0574220372173263
Q,V,387,-0.6292339,Q387V,-1.099750452,0.052872779051603
Q,W,387,-0.6424645,Q387W,-2.271765999,0.0163769140646717
Q,Y,387,-0.6366938,Q387Y,-2.333189723,0.0154012534886111
A,C,388,-0.6373887,A388C,-0.572934466,0.033618993113167
A,D,388,-0.6288402,A388D,-0.658313723,0.0308677482958356
A,E,388,-0.6239302,A388E,0.1488421204551877,0.0691908008172906
A,F,388,-0.6347894,A388F,-0.258950383,0.04601996580675
A,G,388,-0.6247131,A388G,-0.92773053,0.0235775499823287
A,H,388,-0.6335334,A388H,-0.095138503,0.0542111850894959
A,I,388,-0.6422505,A388I,-0.930612105,0.0235097072786157
A,K,388,-0.6397155,A388K,-0.271900626,0.0454278382887926
A,L,388,-0.6372209,A388L,-0.507308828,0.0358992654838857
A,M,388,-0.6284513,A388M,-0.043562788,0.0570805243051565
A,N,388,-0.626046,A388N,0.5639424580990933,0.1047910433863811
A,P,388,-0.6325687,A388P,-2.322983988,0.0058418074362854
A,Q,388,-0.6365548,A388Q,0.2212135901257887,0.0743838908365802
A,R,388,-0.6259753,A388R,-0.031725365,0.0577602257558435
A,S,388,-0.5955014,A388S,0.3443445193261554,0.0841305990576906
A,T,388,-0.5829982,A388T,-0.030728204,0.0578178507843664
A,V,388,-0.610419,A388V,-0.715025041,0.0291659098983825
A,W,388,-0.6367186,A388W,-0.094984694,0.0542195239101198
A,Y,388,-0.6512014,A388Y,-0.120312586,0.0528635024745313
A,C,389,-0.6414759,A389C,-0.736261882,0.0888760025829189
A,D,389,-0.6408142,A389D,-1.622091522,0.0366499611536773
A,E,389,-0.6319377,A389E,-2.351363173,0.0176748093352229
A,F,389,-0.6386889,A389F,-2.536588154,0.0146863035614976
A,G,389,-0.6396154,A389G,-2.243410712,0.0196896465941302
A,H,389,-0.6449475,A389H,-1.903497333,0.0276605295047961
A,I,389,-0.6379255,A389I,-0.7752509,0.0854774968234576
A,K,389,-0.6453886,A389K,-2.093261604,0.0228795185123468
A,L,389,-0.6383914,A389L,-2.149145552,0.0216359903825037
A,M,389,-0.633844,A389M,-2.166403714,0.0212657964085145
A,N,389,-0.6587341,A389N,-2.355296202,0.0176054302905409
A,P,389,-0.6408014,A389P,-2.034392458,0.0242668517535858
A,Q,389,-0.6394557,A389Q,-1.768866184,0.0316468198076674
A,R,389,-0.6403195,A389R,-2.461161457,0.0158368907328525
A,S,389,-0.6307447,A389S,-0.338284397,0.1323195315529737
A,T,389,-0.603655,A389T,-0.656740612,0.0962321447792675
A,V,389,-0.6339699,A389V,-0.557820166,0.106238217111477
A,W,389,-0.6379535,A389W,-2.25408894,0.0194805145091499
A,Y,389,-0.6467477,A389Y,-2.563650012,0.0142941941574984
I,A,390,-0.6252694,I390A,-0.595984991,0.0447089476159275
I,C,390,-0.6163822,I390C,-1.743858742,0.0141866221769481
I,D,390,-0.6149799,I390D,-2.154930347,0.0094048682736523
I,E,390,-0.6241897,I390E,-0.736766822,0.0388377141190949
I,F,390,-0.6122194,I390F,-0.964621654,0.030924133235053
I,G,390,-0.621871,I390G,-2.258015961,0.0084836580257328
I,H,390,-0.6157363,I390H,-0.236302302,0.0640623231642359
I,K,390,-0.6186337,I390K,-0.96426808,0.0309350691240212
I,L,390,-0.6274073,I390L,-0.147205603,0.0700320588685784
I,M,390,-0.606792,I390M,0.2198228259423595,0.1010870062544291
I,N,390,-0.646317,I390N,-1.600098144,0.0163799841762716
I,P,390,-0.6250506,I390P,-2.623218145,0.0058881333187568
I,Q,390,-0.6175712,I390Q,0.0248623919589303,0.0831811815369111
I,R,390,-0.6211198,I390R,0.4837141844132224,0.1316139446267858
I,S,390,-0.62279,I390S,-0.613190034,0.0439463075437251
I,T,390,-0.6160301,I390T,-0.493706607,0.0495237354452351
I,V,390,-0.5408943,I390V,0.1154556416735812,0.0910687211439765
I,W,390,-0.619445,I390W,-0.564553264,0.0461365457952482
I,Y,390,-0.623242,I390Y,-0.746528156,0.0384604503988124
D,A,391,-0.6135775,D391A,-0.988447645,0.0399335116510393
D,C,391,-0.6181571,D391C,-1.720679572,0.0192014090519021
D,E,391,-0.58917,D391E,-0.454354201,0.0681226263610118
D,F,391,-0.6115074,D391F,-1.492565748,0.0241213561401671
D,G,391,-0.594104,D391G,-0.560680265,0.0612511931685464
D,H,391,-0.6187251,D391H,-0.60331555,0.058694618071018
D,I,391,-0.6153341,D391I,-1.998819089,0.0145391350180933
D,K,391,-0.6178645,D391K,-0.930209219,0.0423282326702731
D,L,391,-0.6156037,D391L,-1.952876345,0.0152226850853075
D,M,391,-0.6137793,D391M,-0.967700488,0.0407706730000333
D,N,391,-0.4744493,D391N,-0.184201452,0.0892518540061465
D,P,391,-0.6075364,D391P,-2.439486483,0.0093574817043983
D,Q,391,-0.614946,D391Q,0.0463724166058852,0.1123968694350138
D,R,391,-0.6050417,D391R,-1.202080084,0.0322521066487471
D,S,391,-0.6107134,D391S,-0.097452553,0.097340106800431
D,T,391,-0.606439,D391T,-0.16448818,0.0910287570404571
D,V,391,-0.614667,D391V,-1.538396658,0.0230408024786574
D,W,391,-0.6069012,D391W,-1.645521442,0.0207001683294171
D,Y,391,-0.6122153,D391Y,-1.174842296,0.0331426562064896
Q,A,392,-0.6367419,Q392A,-0.345304094,0.0685536683273265
Q,C,392,-0.6227446,Q392C,-0.92929122,0.0382303489687001
Q,D,392,-0.6173761,Q392D,-2.37702684,0.0089880256245044
Q,E,392,-0.6231342,Q392E,-0.781952719,0.0442992706627591
Q,F,392,-0.6297924,Q392F,-1.222844718,0.028504902480017
Q,G,392,-0.6246572,Q392G,-0.325063796,0.0699553525916307
Q,H,392,-0.6239368,Q392H,-0.421393064,0.0635309974719291
Q,I,392,-0.6247447,Q392I,-0.35118874,0.0681514388524128
Q,K,392,-0.6034693,Q392K,-0.363237354,0.0673352352957627
Q,L,392,-0.6235757,Q392L,-0.547703163,0.0559925035030677
Q,M,392,-0.6427094,Q392M,-0.505513482,0.0584053505291676
Q,N,392,-0.6237729,Q392N,-1.043345749,0.0341094719569654
Q,P,392,-0.6260489,Q392P,-2.546229994,0.0075889242274096
Q,R,392,-0.5973404,Q392R,-1.312200413,0.0260683089730787
Q,S,392,-0.629374,Q392S,-0.624498891,0.0518534812815694
Q,T,392,-0.6287845,Q392T,-0.658655171,0.0501122649205942
Q,V,392,-0.6223857,Q392V,-0.096979091,0.0878773377313506
Q,W,392,-0.6269026,Q392W,-1.210883883,0.0288478921682537
Q,Y,392,-0.6316494,Q392Y,-0.771411883,0.0447686917767761
I,A,393,-0.6439029,I393A,-2.99875536,0.0127188179782545
I,C,393,-0.6379322,I393C,-1.610292422,0.0509857486422313
I,D,393,-0.6256427,I393D,-2.956195243,0.0132718171761
I,E,393,-0.6308061,I393E,-1.889820611,0.0385523825849898
I,F,393,-0.6288125,I393F,-2.583144624,0.0192727779461795
I,G,393,-0.6245619,I393G,-1.938596819,0.0367170668198211
I,H,393,-0.6359157,I393H,-3.20594636,0.0103386721988652
I,K,393,-0.6334875,I393K,-2.72800695,0.0166736766006914
I,L,393,-0.6239869,I393L,-0.915173532,0.102172763862567
I,M,393,-0.6191933,I393M,-1.096827278,0.0852008473015158
I,N,393,-0.6359421,I393N,-2.271814793,0.0263119603289557
I,P,393,-0.6315866,I393P,-1.658897159,0.048566860151149
I,Q,393,-0.6214748,I393Q,-2.712562577,0.0169331900824749
I,R,393,-0.6253945,I393R,-3.38475146,0.0086459080986359
I,S,393,-0.6370686,I393S,-2.456283508,0.0218796024792847
I,T,393,-0.6163924,I393T,-2.624152539,0.0184984268743419
I,V,393,-0.539235,I393V,-0.311358761,0.1868824779109597
I,W,393,-0.6278902,I393W,-2.740900347,0.0164600761066906
I,Y,393,-0.6306505,I393Y,-2.849225691,0.0147702113550319
N,A,394,-0.6371316,N394A,-0.389271972,0.0737381886537928
N,C,394,-0.6352709,N394C,-1.536113704,0.0234220715208676
N,D,394,-0.6238051,N394D,-0.07394893,0.101073088921138
N,E,394,-0.6283271,N394E,-0.572349501,0.0614020531231888
N,F,394,-0.6394784,N394F,-1.840055148,0.0172832393735642
N,G,394,-0.6222459,N394G,-0.198538964,0.0892332618301229
N,H,394,-0.6400352,N394H,-0.538579506,0.0635110097985992
N,I,394,-0.6328705,N394I,-1.696776715,0.0199457426535637
N,K,394,-0.6336617,N394K,-1.112592489,0.0357732414367205
N,L,394,-0.6275194,N394L,-2.278196936,0.0111517351432765
N,M,394,-0.6387665,N394M,-1.663943697,0.0206114913797775
N,P,394,-0.6391164,N394P,-1.603145891,0.0219035032355201
N,Q,394,-0.6417028,N394Q,-0.58176658,0.0608265391211758
N,R,394,-0.6364802,N394R,-0.776111168,0.050082996998346
N,S,394,-0.5372364,N394S,-0.037947275,0.1047781822884173
N,T,394,-0.6146216,N394T,-0.92677335,0.0430782984487222
N,V,394,-0.6332381,N394V,-1.743640272,0.0190325779287407
N,W,394,-0.6409512,N394W,-1.017450333,0.0393439553035822
N,Y,394,-0.6291136,N394Y,-1.13506792,0.0349781902139685
G,A,395,-0.6555387,G395A,-1.111337987,0.0319667214926867
G,C,395,-0.6659014,G395C,-1.418089703,0.0235221746868671
G,D,395,-0.6624266,G395D,-0.171317131,0.0818359353521532
G,E,395,-0.643902,G395E,-0.633552874,0.0515463106854669
G,F,395,-0.6618527,G395F,-1.542731053,0.0207656914031335
G,H,395,-0.6627124,G395H,-0.701957178,0.0481382135388663
G,I,395,-0.6645873,G395I,-1.059165835,0.0336787669032519
G,K,395,-0.6599445,G395K,-0.291195052,0.0725908236802645
G,L,395,-0.6627287,G395L,-1.195052476,0.0293995948058239
G,M,395,-0.6602821,G395M,-0.510560503,0.0582924763065695
G,N,395,-0.6633983,G395N,-0.608218454,0.0528688894882489
G,P,395,-0.6537038,G395P,-0.663715781,0.0500147382479974
G,Q,395,-0.6622371,G395Q,-0.788654005,0.044140577150028
G,R,395,-0.667781,G395R,-0.97919325,0.0364827732629606
G,S,395,-0.6530045,G395S,-0.853023754,0.0413887751506597
G,T,395,-0.6657482,G395T,-0.318651867,0.0706248241388112
G,V,395,-0.6600774,G395V,-0.199561673,0.07955685391783
G,W,395,-0.6532776,G395W,-0.803183115,0.0435038901703774
G,Y,395,-0.672884,G395Y,-1.093145748,0.032553589948509
K,A,396,-0.6502498,K396A,-0.712362607,0.0859126682926572
K,C,396,-0.642309,K396C,-1.275664538,0.0489123184680584
K,D,396,-0.6409417,K396D,-1.090959519,0.0588348478737141
K,E,396,-0.645454,K396E,-1.959290262,0.0246901246539648
K,F,396,-0.6515928,K396F,-2.573232383,0.0133626150729021
K,G,396,-0.6456834,K396G,-0.568887474,0.0991671137365556
K,H,396,-0.6407458,K396H,-1.711421469,0.0316352572503246
K,I,396,-0.640675,K396I,-2.043638434,0.0226929690742152
K,L,396,-0.6392105,K396L,-1.865339662,0.0271222381691096
K,M,396,-0.652782,K396M,-1.777968713,0.0295985380083583
K,N,396,-0.643368,K396N,-0.363574382,0.1217682386788186
K,P,396,-0.6436209,K396P,-2.795544536,0.0106989814823132
K,Q,396,-0.6457183,K396Q,-0.894809687,0.0715849024636604
K,R,396,-0.608836,K396R,-1.616413646,0.0347882639028352
K,S,396,-0.6359801,K396S,-1.647019448,0.033739669256294
K,T,396,-0.6522346,K396T,-2.024464581,0.0231322790904512
K,V,396,-0.6359282,K396V,-1.610512211,0.0349941716113685
K,W,396,-0.6533857,K396W,-1.669195267,0.0329996992986425
K,Y,396,-0.642718,K396Y,-2.210463815,0.0192061335407973
L,A,397,-0.6441609,L397A,-1.555972131,0.0284602657359901
L,C,397,-0.6559338,L397C,-1.449354196,0.0316623063857951
L,D,397,-0.6475874,L397D,-1.901526286,0.020144970016396
L,E,397,-0.6484944,L397E,-1.946906274,0.0192512235252483
L,F,397,-0.6380974,L397F,-0.344388557,0.095592345702409
L,G,397,-0.646167,L397G,-2.177164134,0.0152917982792876
L,H,397,-0.6480792,L397H,-1.204177425,0.040459591702916
L,I,397,-0.641367,L397I,-0.754956871,0.0634038372099622
L,K,397,-0.6445149,L397K,-1.619242291,0.0267153617792294
L,M,397,-0.6383363,L397M,-0.582905784,0.0753071810058257
L,N,397,-0.6392924,L397N,-1.538911874,0.028949970723916
L,P,397,-0.6606932,L397P,-2.549183491,0.0105412588597675
L,Q,397,-0.6446909,L397Q,-1.538291009,0.028967950350009
L,R,397,-0.6433234,L397R,-1.249410582,0.0386702500660006
L,S,397,-0.6457153,L397S,-1.801412476,0.0222661700316495
L,T,397,-0.6397306,L397T,-1.68846521,0.0249286015507564
L,V,397,-0.6218597,L397V,0.072617800990278,0.1450529929719888
L,W,397,-0.6578467,L397W,-0.907248922,0.054447248033338
L,Y,397,-0.6548453,L397Y,-0.350670228,0.0949937480127364
N,A,398,-0.659806,N398A,-0.893484823,0.045614101632237
N,C,398,-0.6561321,N398C,-1.422087028,0.0268862380026124
N,D,398,-0.6500774,N398D,-0.237800844,0.0878737389803896
N,E,398,-0.6633594,N398E,-0.841668337,0.0480399718979304
N,F,398,-0.6457086,N398F,-1.402638255,0.0274142605985401
N,G,398,-0.6420522,N398G,-0.000673717,0.1113889522204864
N,H,398,-0.663671,N398H,-1.15345626,0.035171828
N,I,398,-0.6629153,N398I,-1.507692972,0.0246803796038508
N,K,398,-0.6562286,N398K,-0.811407907,0.0495159008915196
N,L,398,-0.6458865,N398L,-1.445986575,0.0262512866071942
N,M,398,-0.6424688,N398M,-1.166285431,0.0347234842828167
N,P,398,-0.6541239,N398P,-1.784163066,0.0187189870128891
N,Q,398,-0.6344753,N398Q,-1.333379719,0.0293802270249104
N,R,398,-0.6565299,N398R,-0.59520912,0.0614665223221345
N,S,398,-0.6530485,N398S,-0.141608383,0.096746433795055
N,T,398,-0.6537079,N398T,-0.570565625,0.0630000911514768
N,V,398,-0.6483384,N398V,-1.294484047,0.0305455063417467
N,W,398,-0.6467201,N398W,-1.327964123,0.0295397701475924
N,Y,398,-0.663769,N398Y,-0.986123377,0.0415782976406385
R,A,399,-0.637382,R399A,-0.545217993,0.069579995552385
R,C,399,-0.6471993,R399C,-2.032498381,0.0157241260702857
R,D,399,-0.648908,R399D,-1.662013918,0.0227753972530052
R,E,399,-0.658486,R399E,-1.648870656,0.0230767162067631
R,F,399,-0.6550274,R399F,-2.8589453,0.0068808933369239
R,G,399,-0.6363442,R399G,-0.802600144,0.053790394641216
R,H,399,-0.6573533,R399H,-0.622722309,0.0643909295607768
R,I,399,-0.6456301,R399I,-1.206477635,0.0359172373482965
R,K,399,-0.6488111,R399K,-0.544104981,0.0696574820854936
R,L,399,-0.6614598,R399L,-1.323235079,0.0319591923868658
R,M,399,-0.6432349,R399M,-0.594958611,0.0662037084947188
R,N,399,-0.6309516,R399N,-0.397797807,0.0806321385388433
R,P,399,-0.6522312,R399P,-1.967884364,0.0167736681042424
R,Q,399,-0.6479611,R399Q,-1.033089005,0.0427173859886078
R,S,399,-0.654052,R399S,0.0293674899102871,0.1236014963809684
R,T,399,-0.6426001,R399T,-0.376594089,0.0823600947171577
R,V,399,-0.6315203,R399V,-1.383793282,0.0300812371973488
R,W,399,-0.6605431,R399W,-1.535077412,0.0258579331135722
R,Y,399,-0.6587602,R399Y,-1.897569595,0.017995560560996
L,A,400,-0.6322962,L400A,-2.193013895,0.0203747463322732
L,C,400,-0.633738,L400C,-2.350761569,0.0174013615044251
L,D,400,-0.6340217,L400D,-2.180412354,0.0206331242165301
L,E,400,-0.6413436,L400E,-2.673154819,0.0126057742408281
L,F,400,-0.6444056,L400F,-0.439817933,0.1176239388366092
L,G,400,-0.6291103,L400G,-2.955257524,0.0095072248352307
L,H,400,-0.6371421,L400H,-1.203185275,0.0548238400637936
L,I,400,-0.6045354,L400I,-0.615741012,0.0986491366387897
L,K,400,-0.6332698,L400K,-2.040935617,0.0237213279187528
L,M,400,-0.6260719,L400M,-1.067650736,0.0627814532205642
L,N,400,-0.6304915,L400N,-2.962159407,0.0094418329408436
L,P,400,-0.6391272,L400P,-2.876369653,0.0102876070307421
L,Q,400,-0.6334518,L400Q,-2.832840285,0.0107453099809967
L,R,400,-0.6285727,L400R,-2.376222746,0.0169638949486601
L,S,400,-0.6294657,L400S,-3.112018078,0.0081278081422246
L,T,400,-0.638467,L400T,-1.971679564,0.0254223990248741
L,V,400,-0.6149988,L400V,-0.065832062,0.1709683538982786
L,W,400,-0.6302461,L400W,-0.886269629,0.0752669277854885
L,Y,400,-0.633624,L400Y,-1.255074045,0.0520516428608817
I,A,401,-0.6221437,I401A,-1.161086298,0.0455949592230562
I,C,401,-0.6350579,I401C,-2.008723946,0.0195340525317164
I,D,401,-0.6285471,I401D,-2.28109133,0.0148766323383775
I,E,401,-0.6411356,I401E,-0.89907569,0.0592524912455077
I,F,401,-0.6286017,I401F,-1.14037078,0.0465493336741412
I,G,401,-0.6208687,I401G,-2.102206021,0.0177907222829819
I,H,401,-0.6274472,I401H,-2.115126953,0.017562328147741
I,K,401,-0.6307225,I401K,-1.541751778,0.0311598866968992
I,L,401,-0.6297029,I401L,-0.711218053,0.0714977150419722
I,M,401,-0.6261511,I401M,-0.674649468,0.0741606793391328
I,N,401,-0.6237215,I401N,-1.869520957,0.0224516089864056
I,P,401,-0.6307812,I401P,-2.836691671,0.0085351321709705
I,Q,401,-0.6178122,I401Q,-1.383772825,0.0364926395959579
I,R,401,-0.6243089,I401R,-1.900318489,0.021770693618869
I,S,401,-0.6298586,I401S,-1.486246521,0.0329383245320813
I,T,401,-0.6135206,I401T,-0.392588886,0.0983266103743523
I,V,401,-0.5356918,I401V,0.1867776581107778,0.1755039035881949
I,W,401,-0.6293829,I401W,-2.413612613,0.0130302073372651
I,Y,401,-0.6267078,I401Y,-1.122913411,0.0473690973919732
G,A,402,-0.6552035,G402A,-0.907889253,0.0300874616306533
G,C,402,-0.6544733,G402C,-0.068169392,0.069674094574826
G,D,402,-0.643511,G402D,-0.2366413,0.058871472949591
G,E,402,-0.6123826,G402E,-0.738501921,0.0356409733038167
G,F,402,-0.6539192,G402F,-0.361433425,0.0519646924123363
G,H,402,-0.6663237,G402H,0.0646048307173736,0.0795672692903633
G,I,402,-0.6533567,G402I,-0.856655845,0.0316691161640744
G,K,402,-0.6463195,G402K,-0.597026755,0.0410574010988309
G,L,402,-0.6588185,G402L,-0.751349621,0.0351859976100087
G,M,402,-0.6610019,G402M,-0.871069602,0.0312159190662795
G,N,402,-0.6482932,G402N,-0.124423913,0.0658628170174541
G,P,402,-0.6597757,G402P,-0.049513867,0.070986101612528
G,Q,402,-0.6431862,G402Q,-0.563696185,0.0424489294407463
G,R,402,-0.6551962,G402R,-0.98305697,0.0279087646544141
G,S,402,-0.6462808,G402S,-0.495299488,0.0454538899985915
G,T,402,-0.6437623,G402T,-0.551450386,0.0429719464366498
G,V,402,-0.6486638,G402V,-0.158446974,0.0636596537233476
G,W,402,-0.6475287,G402W,-0.179322141,0.0623445221582125
G,Y,402,-0.6550011,G402Y,-0.652557288,0.0388396086768712
K,A,403,-0.633031,K403A,-0.727364158,0.0618461295800293
K,C,403,-0.6204021,K403C,-2.297610519,0.0128636119033206
K,D,403,-0.6146753,K403D,-0.843862813,0.0550449896232702
K,E,403,-0.6064174,K403E,-1.229513019,0.0374310492318055
K,F,403,-0.6219643,K403F,-2.66298662,0.0089265153372423
K,G,403,-0.6144599,K403G,-1.195862908,0.0387120403932158
K,H,403,-0.62043,K403H,-0.834746254,0.0555491050604763
K,I,403,-0.6192402,K403I,-2.67641193,0.0088074748281185
K,L,403,-0.6205014,K403L,-2.038900185,0.0166617063572501
K,M,403,-0.6101463,K403M,-1.411832542,0.0311926027709126
K,N,403,-0.6107877,K403N,-0.574780664,0.0720408296240297
K,P,403,-0.6124715,K403P,-1.893444015,0.0192703819962793
K,Q,403,-0.6068076,K403Q,-0.501602316,0.077510343648073
K,R,403,-0.5715307,K403R,-0.168875463,0.1081088168370897
K,S,403,-0.6190509,K403S,-0.960523191,0.0489838397897747
K,T,403,-0.618621,K403T,-0.071165261,0.1192054522521262
K,V,403,-0.60809,K403V,-0.947129329,0.0496443361367713
K,W,403,-0.6225915,K403W,-1.710613423,0.023136234548227
K,Y,403,-0.6232676,K403Y,-1.553711037,0.0270666524410024
T,A,404,-0.6379414,T404A,-0.141929322,0.0966769763003256
T,C,404,-0.6394635,T404C,-1.182844939,0.0341396502861989
T,D,404,-0.6458284,T404D,-1.181924123,0.0341711011120687
T,E,404,-0.6372953,T404E,-0.671284079,0.0569412737192914
T,F,404,-0.6360146,T404F,-2.252960961,0.0117088257000271
T,G,404,-0.6350505,T404G,-0.157497377,0.0951835586607308
T,H,404,-0.6318653,T404H,-1.185717411,0.0340417257674959
T,I,404,-0.6443867,T404I,-1.522113484,0.024317367584517
T,K,404,-0.6369007,T404K,-0.694377483,0.0556413729808885
T,L,404,-0.6456993,T404L,-1.635274566,0.0217155735577088
T,M,404,-0.6416719,T404M,-1.047913547,0.0390714062946789
T,N,404,-0.6261281,T404N,-1.199852498,0.0335639276898588
T,P,404,-0.6445971,T404P,-0.933087057,0.0438255692653424
T,Q,404,-0.6390486,T404Q,-0.879901206,0.0462195691389243
T,R,404,-0.6218921,T404R,-1.248209569,0.0319794920622594
T,S,404,-0.6278904,T404S,-0.238222538,0.0878018046079152
T,V,404,-0.6247588,T404V,-0.838328174,0.0481815575398532
T,W,404,-0.6252192,T404W,-1.657220475,0.0212441966534749
T,Y,404,-0.6349833,T404Y,-0.434483835,0.0721552994109614
N,A,405,-0.6571234,N405A,-1.517532842,0.0364078422952722
N,C,405,-0.6646653,N405C,-2.496279887,0.0136813924925182
N,D,405,-0.6576861,N405D,-0.467090074,0.1040870060056285
N,E,405,-0.653424,N405E,-1.085854864,0.0560622271766717
N,F,405,-0.6501426,N405F,-2.961238462,0.0085941152022403
N,G,405,-0.6565745,N405G,-0.647534401,0.0869021523135779
N,H,405,-0.6414196,N405H,-1.276341774,0.0463386008871614
N,I,405,-0.6601144,N405I,-2.087120163,0.0205980552828372
N,K,405,-0.6511623,N405K,-1.524899504,0.0361406234045141
N,L,405,-0.6543163,N405L,-1.669670608,0.0312696002466231
N,M,405,-0.6570689,N405M,-1.5909496,0.0338306575527966
N,P,405,-0.6557026,N405P,-2.801871567,0.0100789063127167
N,Q,405,-0.6553344,N405Q,-0.696001593,0.0827906889113455
N,R,405,-0.6549543,N405R,-1.526183902,0.0360942342423866
N,S,405,-0.6514362,N405S,-0.408024171,0.1104201962873126
N,T,405,-0.6437068,N405T,-0.730689251,0.0799681107653836
N,V,405,-0.6452806,N405V,-2.379392636,0.0153777864371313
N,W,405,-0.6542063,N405W,-2.571723634,0.0126871908989789
N,Y,405,-0.657468,N405Y,-2.577357589,0.0126159127474383
E,A,406,-0.6285054,E406A,-0.242518336,0.0614554554220836
E,C,406,-0.6400173,E406C,-1.188148812,0.0238714188141162
E,D,406,-0.6408637,E406D,0.1555751150313846,0.0915061437296725
E,F,406,-0.6425553,E406F,-0.61147149,0.0424938509989961
E,G,406,-0.629156,E406G,-1.201493623,0.0235549752547964
E,H,406,-0.6400982,E406H,-0.641187772,0.0412496692611553
E,I,406,-0.6435022,E406I,-0.417557291,0.051587202295506
E,K,406,-0.6052439,E406K,-1.006133933,0.0286369209344784
E,L,406,-0.636064,E406L,-0.586504306,0.0435681584778784
E,M,406,-0.6394779,E406M,-0.598598762,0.0430443988470869
E,N,406,-0.6280704,E406N,-0.853929461,0.0333447836575821
E,P,406,-0.6317139,E406P,-0.334750301,0.0560408354583307
E,Q,406,-0.6512324,E406Q,0.180463815864635,0.0938121912391661
E,R,406,-0.6305806,E406R,-0.945664839,0.0304219972554651
E,S,406,-0.6433777,E406S,0.1030238398941119,0.0868215474681838
E,T,406,-0.6340645,E406T,-0.278366619,0.0592914030379563
E,V,406,-0.6392107,E406V,-0.631490473,0.0416516255248946
E,W,406,-0.6455222,E406W,-1.16585203,0.0244096530186805
E,Y,406,-0.6425197,E406Y,-0.556046211,0.0449155776474971
K,A,407,-0.6354215,K407A,-1.012672552,0.044612454159656
K,C,407,-0.6373925,K407C,-1.301450448,0.033422692647266
K,D,407,-0.6299519,K407D,-1.69386437,0.0225745016473616
K,E,407,-0.6038396,K407E,-0.611617262,0.0666242366419493
K,F,407,-0.6222325,K407F,-1.811866291,0.0200618308551986
K,G,407,-0.6297495,K407G,-1.035965395,0.0435853119793374
K,H,407,-0.6503298,K407H,-0.507307633,0.0739491776553476
K,I,407,-0.6283223,K407I,-1.380648935,0.0308777721793915
K,L,407,-0.6226289,K407L,-1.0496975,0.0429908844898419
K,M,407,-0.6407224,K407M,-0.602240299,0.0672519079659395
K,N,407,-0.6242952,K407N,0.2066714899789632,0.151011691484296
K,P,407,-0.6289044,K407P,-2.502717449,0.0100539681108432
K,Q,407,-0.6327615,K407Q,-0.296213708,0.0913293331591335
K,R,407,-0.5868522,K407R,-0.776296131,0.0565084129541659
K,S,407,-0.6236924,K407S,-2.216800485,0.013381653196991
K,T,407,-0.6324493,K407T,-1.656012591,0.0234453649790786
K,V,407,-0.6286854,K407V,-1.105288455,0.040666194134113
K,W,407,-0.6462695,K407W,-2.508501262,0.0099959856232791
K,Y,407,-0.6369412,K407Y,-1.259895981,0.0348408158506582
F,A,408,-0.6470235,F408A,-1.210739382,0.0493820208702765
F,C,408,-0.6534123,F408C,-2.004441126,0.0223289583818781
F,D,408,-0.6489756,F408D,-1.483807058,0.0375817540746046
F,E,408,-0.6433425,F408E,-2.518683108,0.013351678870919
F,G,408,-0.6350948,F408G,-2.221082737,0.0179796884040742
F,H,408,-0.6642984,F408H,-1.395353184,0.0410574606288466
F,I,408,-0.6492298,F408I,-1.070104617,0.0568389141491601
F,K,408,-0.648437,F408K,-1.803457953,0.0272994805152964
F,L,408,-0.6460139,F408L,-1.716125659,0.0297908112299563
F,M,408,-0.648628,F408M,-1.194998689,0.0501654781363796
F,N,408,-0.63635,F408N,-1.349510379,0.0429834595970845
F,P,408,-0.6577562,F408P,-1.659465084,0.031527512929701
F,Q,408,-0.6489463,F408Q,-1.608847991,0.0331644228453547
F,R,408,-0.6480957,F408R,-2.380470159,0.0153306666860996
F,S,408,-0.6490977,F408S,-0.659618415,0.0856875431255665
F,T,408,-0.6471023,F408T,-1.880840156,0.0252666524348957
F,V,408,-0.6466721,F408V,-2.058791597,0.0211477585791876
F,W,408,-0.6598237,F408W,-1.018983132,0.0598201579062214
F,Y,408,-0.6166313,F408Y,0.0462620685237689,0.1735712196870411
H,A,409,-0.6644781,H409A,-1.877400982,0.0346187562041667
H,C,409,-0.6692644,H409C,-1.751525696,0.0392625422978486
H,D,409,-0.6615617,H409D,-2.125663017,0.0270080104658045
H,E,409,-0.6298117,H409E,-2.55461995,0.0175872881143987
H,F,409,-0.6599107,H409F,-1.586815523,0.0462925552542207
H,G,409,-0.6522004,H409G,-1.627995954,0.0444249262472534
H,I,409,-0.6479894,H409I,-1.891663357,0.0341285147054
H,K,409,-0.6633114,H409K,-1.332736378,0.0596837833643281
H,L,409,-0.6679375,H409L,-1.954328428,0.0320554800605666
H,M,409,-0.6646992,H409M,-1.836076614,0.0360793255629891
H,N,409,-0.6621326,H409N,-1.511797742,0.049898899618536
H,P,409,-0.6550778,H409P,-2.15696136,0.0261757955975218
H,Q,409,-0.6536559,H409Q,-1.324143323,0.0601988593088821
H,R,409,-0.6523382,H409R,-1.487525714,0.0511248654859279
H,S,409,-0.6503455,H409S,-1.655307531,0.0432280301422369
H,T,409,-0.6602569,H409T,-2.010385035,0.0303079946814913
H,V,409,-0.6661628,H409V,-1.611719288,0.0451539329219726
H,W,409,-0.6518343,H409W,-1.534633147,0.0487723493685728
H,Y,409,-0.6530977,H409Y,-1.556598392,0.0477127325495837
Q,A,410,-0.636026,Q410A,-0.436561644,0.0915541195281553
Q,C,410,-0.63934,Q410C,-2.290545207,0.0143384697381379
Q,D,410,-0.634946,Q410D,-1.637766936,0.0275423473027565
Q,E,410,-0.6337998,Q410E,-0.302861617,0.1046509271403421
Q,F,410,-0.6345104,Q410F,-2.007372323,0.0190319505039324
Q,G,410,-0.6321185,Q410G,-0.759533672,0.0662846401390851
Q,H,410,-0.6338125,Q410H,-0.832144685,0.0616422291137562
Q,I,410,-0.6402146,Q410I,-2.324914414,0.0138540399711451
Q,K,410,-0.6176177,Q410K,-0.999805443,0.0521271739737299
Q,L,410,-0.6224525,Q410L,-2.269714821,0.0146402782780036
Q,M,410,-0.6542368,Q410M,-1.162747883,0.0442893353914881
Q,N,410,-0.6124917,Q410N,-0.974312452,0.0534731351894802
Q,P,410,-0.6424496,Q410P,-2.199669848,0.0157025251300809
Q,R,410,-0.6157031,Q410R,-2.163846028,0.0162752472214547
Q,S,410,-0.6293303,Q410S,-0.305767171,0.1043472994817893
Q,T,410,-0.6430467,Q410T,-0.675654287,0.0720843956794567
Q,V,410,-0.6463229,Q410V,-1.445115704,0.0333939924613309
Q,W,410,-0.6341317,Q410W,-1.506758264,0.0313976622246415
Q,Y,410,-0.6363227,Q410Y,-1.876113405,0.0217014299466702
I,A,411,-0.6398957,I411A,-2.057591883,0.037290179779257
I,C,411,-0.6428361,I411C,-1.870953161,0.0449418208595683
I,D,411,-0.6405743,I411D,-2.569098065,0.0223588821612411
I,E,411,-0.6408014,I411E,-2.563372183,0.0224872737786223
I,F,411,-0.6193317,I411F,-2.220484532,0.0316848078741347
I,G,411,-0.6390693,I411G,-2.34545652,0.0279625269035555
I,H,411,-0.6349953,I411H,-2.155487674,0.0338126230996655
I,K,411,-0.6372514,I411K,-2.670167665,0.0202095245826785
I,L,411,-0.6304228,I411L,-1.554822899,0.0616515952978433
I,M,411,-0.6193567,I411M,-1.468792286,0.0671903564670508
I,N,411,-0.6248675,I411N,-1.90990539,0.0432248925429986
I,P,411,-0.6324007,I411P,-2.105068766,0.0355611275878225
I,Q,411,-0.6306952,I411Q,-2.307950864,0.0290311954793522
I,R,411,-0.6337998,I411R,-2.075861336,0.0366150939266288
I,S,411,-0.6374163,I411S,-2.501558191,0.0239211632188231
I,T,411,-0.6243543,I411T,-2.276573087,0.0299565724011959
I,V,411,-0.5610387,I411V,-1.594360187,0.0592616159528642
I,W,411,-0.6374217,I411W,-1.76029829,0.0502004342939673
I,Y,411,-0.6431123,I411Y,-2.249965804,0.0307643341687364
E,A,412,-0.6450451,E412A,-2.310702544,0.0300913998306143
E,C,412,-0.6408144,E412C,-2.584648112,0.0228806994923782
E,D,412,-0.6451036,E412D,-1.883004472,0.0461518754653106
E,F,412,-0.6441751,E412F,-2.385024199,0.0279360433179685
E,G,412,-0.6306525,E412G,-1.705953608,0.0550911175863014
E,H,412,-0.6406266,E412H,-1.610540245,0.0606064835559685
E,I,412,-0.6460953,E412I,-2.047864763,0.0391373505687254
E,K,412,-0.6525943,E412K,-2.435601178,0.0265582579346988
E,L,412,-0.6459858,E412L,-3.004776351,0.0150317596161114
E,M,412,-0.6427015,E412M,-2.289157928,0.0307467418904799
E,N,412,-0.6322156,E412N,-1.66640531,0.0573135346711281
E,P,412,-0.6433204,E412P,-2.056023827,0.0388193254944463
E,Q,412,-0.6517234,E412Q,-1.573492533,0.0628939261225058
E,R,412,-0.6450991,E412R,-3.133695349,0.0132135944359064
E,S,412,-0.6332821,E412S,-2.48638037,0.0252433188674815
E,T,412,-0.6434997,E412T,-2.502349284,0.0248434118365439
E,V,412,-0.6373002,E412V,-1.880166875,0.0462830218857996
E,W,412,-0.6413818,E412W,-1.964576868,0.0425366128494956
E,Y,412,-0.6480812,E412Y,-2.272767725,0.031254839933028
K,A,413,-0.6333151,K413A,-1.725966545,0.0426258253538978
K,C,413,-0.6322559,K413C,-2.484634618,0.0199612313233064
K,D,413,-0.6297973,K413D,-1.292069432,0.0657827400182624
K,E,413,-0.5893885,K413E,-2.39661512,0.0217978534521465
K,F,413,-0.643016,K413F,-2.664593305,0.0166737090989314
K,G,413,-0.6310356,K413G,-1.973878489,0.0332664136416751
K,H,413,-0.6388879,K413H,-1.583936957,0.0491309861344749
K,I,413,-0.6407204,K413I,-1.727706561,0.0425517202084509
K,L,413,-0.6462926,K413L,-1.747322214,0.0417251733647738
K,M,413,-0.637956,K413M,-1.935233277,0.0345771656342626
K,N,413,-0.614657,K413N,-2.210432077,0.0262586279935748
K,P,413,-0.6272751,K413P,-1.781936393,0.040305600796505
K,Q,413,-0.6242625,K413Q,-1.3754216,0.060521901786663
K,R,413,-0.5952527,K413R,-1.639174168,0.0464907187190659
K,S,413,-0.6253388,K413S,-0.924156971,0.095037352813015
K,T,413,-0.6296933,K413T,-2.06282993,0.0304351082833588
K,V,413,-0.6275002,K413V,-2.14523873,0.0280275510114813
K,W,413,-0.6313649,K413W,-1.612400241,0.0477522710772049
K,Y,413,-0.6380017,K413Y,-2.610055246,0.0176083155358756
E,A,414,-0.6292171,E414A,-1.060959076,0.0572017257795235
E,C,414,-0.6339663,E414C,-1.994744248,0.0224838804241601
E,D,414,-0.6370323,E414D,-0.503553392,0.0998820337380984
E,F,414,-0.6421628,E414F,-1.859505969,0.0257397621494555
E,G,414,-0.6188929,E414G,-1.399965753,0.0407549506682527
E,H,414,-0.6369694,E414H,-1.449719856,0.0387768417268596
E,I,414,-0.6392038,E414I,-1.677118411,0.0308897552792264
E,K,414,-0.609847,E414K,-0.957543764,0.0634339620581129
E,L,414,-0.6305402,E414L,-1.427526963,0.0396470325576437
E,M,414,-0.6519192,E414M,-1.503591386,0.0367431443769619
E,N,414,-0.631318,E414N,-1.730989898,0.0292697066935088
E,P,414,-0.637633,E414P,-2.548371805,0.0129250946181944
E,Q,414,-0.6296238,E414Q,-1.198189899,0.0498666887724977
E,R,414,-0.6267829,E414R,-2.325548599,0.016151195969008
E,S,414,-0.636252,E414S,-0.949078604,0.0639732200512571
E,T,414,-0.6283178,E414T,-1.053216853,0.0576463131511452
E,V,414,-0.6291391,E414V,-1.157862538,0.0519187807489444
E,W,414,-0.6402252,E414W,-1.344348205,0.0430858605724518
E,Y,414,-0.6369645,E414Y,-1.112168341,0.0543462054294613
F,A,415,-0.6586916,F415A,-1.052218998,0.0527366996369174
F,C,415,-0.6689305,F415C,-2.064229085,0.0191691301868483
F,D,415,-0.6478171,F415D,-0.72506411,0.0731466654649968
F,E,415,-0.6566717,F415E,-0.434745676,0.0977863513532575
F,G,415,-0.6612388,F415G,-1.799184808,0.0249867474142003
F,H,415,-0.6674094,F415H,-0.812906294,0.0669954257719693
F,I,415,-0.647106,F415I,-2.087369633,0.0187306388015681
F,K,415,-0.6607746,F415K,-1.965884115,0.0211501331425791
F,L,415,-0.6637388,F415L,-1.827767889,0.0242826593201222
F,M,415,-0.6583014,F415M,-1.406405155,0.037007676463287
F,N,415,-0.6576522,F415N,-1.607562586,0.0302642719296494
F,P,415,-0.6624754,F415P,-1.191931591,0.0458602615242367
F,Q,415,-0.6701726,F415Q,-1.386346098,0.0377575111121726
F,R,415,-0.663488,F415R,-2.17048537,0.0172367690680609
F,S,415,-0.6524464,F415S,-1.153677273,0.0476486027077511
F,T,415,-0.6571428,F415T,-1.367587681,0.0384724671832499
F,V,415,-0.6604583,F415V,-1.704696747,0.0274628361498791
F,W,415,-0.6519982,F415W,-0.553106922,0.0868709558540726
F,Y,415,-0.6648052,F415Y,-0.618200745,0.0813963084282314
S,A,416,-0.6458277,S416A,-0.22745348,0.0496092304876109
S,C,416,-0.648003,S416C,-0.343991756,0.0441520171019614
S,D,416,-0.654793,S416D,0.4334820055444832,0.0960734014479245
S,E,416,-0.6500503,S416E,0.0332722469255237,0.0643864165601008
S,F,416,-0.6476633,S416F,-0.808721057,0.0277409366319531
S,G,416,-0.6326354,S416G,0.079929277764756,0.0674616795164549
S,H,416,-0.6500365,S416H,-0.057378068,0.0588064979509153
S,I,416,-0.6458427,S416I,-0.256353764,0.0481960286864583
S,K,416,-0.656127,S416K,-1.120348589,0.0203134151907765
S,L,416,-0.6455157,S416L,-0.129065263,0.0547383822785169
S,M,416,-0.6546612,S416M,-0.367228907,0.0431378782652616
S,N,416,-0.6362983,S416N,-0.804549602,0.0278568984234775
S,P,416,-0.6466527,S416P,-0.453117763,0.0395874670848453
S,Q,416,-0.6457502,S416Q,-0.747753036,0.0294848691393832
S,R,416,-0.6432336,S416R,-0.597942344,0.034250047791968
S,T,416,-0.6429862,S416T,0.1962921327819735,0.0757866834474926
S,V,416,-0.6433416,S416V,-0.119894293,0.0552426954040771
S,W,416,-0.6563244,S416W,-0.886499124,0.025665074081332
S,Y,416,-0.6563983,S416Y,0.1889328871964917,0.0752309977798718
E,A,417,-0.6346651,E417A,-1.316557989,0.0211850195208319
E,C,417,-0.6380932,E417C,-1.222763744,0.0232682225888554
E,D,417,-0.6019787,E417D,-0.781498433,0.0361744857559326
E,F,417,-0.6264294,E417F,-0.094277842,0.0719214668304508
E,G,417,-0.6076771,E417G,-0.75835434,0.0370214752401649
E,H,417,-0.6257554,E417H,-1.163525995,0.0246882239237593
E,I,417,-0.6429759,E417I,0.21166196587673,0.0976622043138766
E,K,417,-0.6221732,E417K,-0.647215399,0.0413733571241836
E,L,417,-0.6205988,E417L,-0.630552889,0.0420685167378496
E,M,417,-0.633525,E417M,-0.485010934,0.0486592355204228
E,N,417,-0.6205607,E417N,-0.118622846,0.070191679445945
E,P,417,-0.6386276,E417P,-1.406583929,0.0193611468919158
E,Q,417,-0.6274663,E417Q,0.0014910859992203,0.0791499160640697
E,R,417,-0.6172647,E417R,-1.039448288,0.027949634426251
E,S,417,-0.622258,E417S,-0.126231754,0.0696596241021865
E,T,417,-0.6182759,E417T,-0.314744258,0.0576914126250853
E,V,417,-0.6343646,E417V,-0.426130031,0.0516103658865215
E,W,417,-0.6304346,E417W,-0.551652971,0.0455221752508556
E,Y,417,-0.6300083,E417Y,-0.347902155,0.0558098530885838
V,A,418,-0.6281928,V418A,-0.720059642,0.0452592637409876
V,C,418,-0.6445811,V418C,-1.691600599,0.0171305951201143
V,D,418,-0.6383661,V418D,-1.215764228,0.0275692947729376
V,E,418,-0.6257563,V418E,-0.885898412,0.0383428689421603
V,F,418,-0.6487541,V418F,-0.262090566,0.0715485707302539
V,G,418,-0.6394492,V418G,-1.636382715,0.0181031140264027
V,H,418,-0.6385123,V418H,-0.358869792,0.0649486716084393
V,I,418,-0.5593241,V418I,-0.444272124,0.0596321551408529
V,K,418,-0.6305586,V418K,-0.685688512,0.0468419191700682
V,L,418,-0.6422302,V418L,-0.709005474,0.0457623428308143
V,M,418,-0.6380714,V418M,-0.438553245,0.0599741612751413
V,N,418,-0.6267652,V418N,-0.587185601,0.0516908840117662
V,P,418,-0.6418516,V418P,-0.929726349,0.0366986736628929
V,Q,418,-0.6298022,V418Q,-0.618196088,0.0501125235610841
V,R,418,-0.6460202,V418R,-0.309806981,0.0682147016808976
V,S,418,-0.6389553,V418S,-0.626342654,0.0497059368931623
V,T,418,-0.6296209,V418T,-0.315812529,0.0678062626223584
V,W,418,-0.6521483,V418W,-0.514843028,0.0555689186701815
V,Y,418,-0.6358392,V418Y,-1.063565705,0.0321014506273149
E,A,419,-0.6111815,E419A,-0.456530048,0.1042437653731562
E,C,419,-0.6430864,E419C,-2.316032509,0.0162359687217898
E,D,419,-0.6356509,E419D,-1.894446139,0.0247497565945009
E,F,419,-0.6383784,E419F,-1.801177743,0.027169202924199
E,G,419,-0.6126933,E419G,-1.50929524,0.0363780904650756
E,H,419,-0.6321181,E419H,-1.281409692,0.0456887586841414
E,I,419,-0.6291629,E419I,-1.419796537,0.0397840233773362
E,K,419,-0.6270273,E419K,-1.209278309,0.0491061207287613
E,L,419,-0.6451961,E419L,-2.00666077,0.0221226280035351
E,M,419,-0.6450709,E419M,-0.999657538,0.0605581763194803
E,N,419,-0.6169882,E419N,-0.959412173,0.0630450698919468
E,P,419,-0.6493093,E419P,-1.749504448,0.0286100312864577
E,Q,419,-0.6391809,E419Q,-0.655450652,0.0854397482187145
E,R,419,-0.6308068,E419R,-1.963274112,0.0231035815860819
E,S,419,-0.6269695,E419S,-1.087237903,0.0554800842795617
E,T,419,-0.6471345,E419T,-1.279802596,0.0457622439475291
E,V,419,-0.639672,E419V,-1.49317115,0.0369694086408748
E,W,419,-0.6502687,E419W,-1.794284166,0.0273571430330743
E,Y,419,-0.6314653,E419Y,-1.327325503,0.0436383550096663
G,A,420,-0.6355201,G420A,-2.162650937,0.0194043770950426
G,C,420,-0.6457608,G420C,-2.354451221,0.0160177626323863
G,D,420,-0.6456841,G420D,-1.543441281,0.0360428517734002
G,E,420,-0.6219857,G420E,-1.422778562,0.0406651437893799
G,F,420,-0.6557104,G420F,-1.461147238,0.0391344292217011
G,H,420,-0.6573141,G420H,-1.411163484,0.041140226480522
G,I,420,-0.6297411,G420I,-1.176278028,0.0520326754669018
G,K,420,-0.6450422,G420K,-1.974440547,0.0234227820821146
G,L,420,-0.6425731,G420L,-1.611589743,0.0336684122382313
G,M,420,-0.652682,G420M,-1.66096831,0.0320462923583576
G,N,420,-0.6411017,G420N,-0.873054999,0.0704635091365672
G,P,420,-0.6447347,G420P,-0.847394431,0.0722950416287573
G,Q,420,-0.6483479,G420Q,-1.832713219,0.0269891929839413
G,R,420,-0.6315309,G420R,-1.527793137,0.0366112915853825
G,S,420,-0.6434837,G420S,-1.276165397,0.0470864138769911
G,T,420,-0.6420651,G420T,-1.432621392,0.0402668470165307
G,V,420,-0.6446292,G420V,-0.378182654,0.1155805137244426
G,W,420,-0.6499933,G420W,-1.072539179,0.0577204057821099
G,Y,420,-0.6425237,G420Y,-1.703656018,0.0307070961365812
R,A,421,-0.6441808,R421A,-1.827924604,0.0281300102282168
R,C,421,-0.6513461,R421C,0.1439235208652345,0.2020843970720343
R,D,421,-0.6361737,R421D,-1.877210503,0.0267772077716995
R,E,421,-0.6408045,R421E,-1.651635251,0.033553004001377
R,F,421,-0.6395918,R421F,-2.075028939,0.0219712010255833
R,G,421,-0.6345314,R421G,-1.248718717,0.0502014057758213
R,H,421,-0.6556055,R421H,-1.657374778,0.0333609771650829
R,I,421,-0.6385864,R421I,-1.392702433,0.0434694887113319
R,K,421,-0.6432372,R421K,-1.584660865,0.035877157181078
R,L,421,-0.6382143,R421L,-1.851360281,0.0274784291187836
R,M,421,-0.647043,R421M,-1.421215888,0.0422475270800927
R,N,421,-0.6345633,R421N,-2.095337298,0.0215295020599587
R,P,421,-0.649798,R421P,-1.715513387,0.0314767205030043
R,Q,421,-0.645614,R421Q,-1.66631267,0.033064128826825
R,S,421,-0.6357102,R421S,-1.847001247,0.0275984700136763
R,T,421,-0.623153,R421T,-1.130390059,0.0565074060746424
R,V,421,-0.6543473,R421V,-1.49284549,0.0393271925518458
R,W,421,-0.6514899,R421W,-1.387593407,0.0436921438003035
R,Y,421,-0.6450894,R421Y,-1.88167806,0.0266578458659233
I,A,422,-0.6231082,I422A,-1.405083403,0.0339223799723125
I,C,422,-0.6214154,I422C,-1.830239205,0.0221739685978958
I,D,422,-0.6183513,I422D,-1.755736612,0.0238890845320705
I,E,422,-0.6315174,I422E,-1.154318169,0.0435905451266994
I,F,422,-0.6058945,I422F,-1.431656544,0.0330328269893604
I,G,422,-0.6048762,I422G,-2.558393796,0.0107055675798902
I,H,422,-0.6232491,I422H,-1.976257857,0.0191614470048546
I,K,422,-0.6127907,I422K,-2.608482434,0.0101825477981343
I,L,422,-0.6157927,I422L,-0.680042469,0.0700434706642956
I,M,422,-0.5912374,I422M,-0.550716234,0.0797137674336646
I,N,422,-0.6085086,I422N,-1.548713686,0.0293838335554493
I,P,422,-0.6153703,I422P,-1.327862566,0.0366456903584522
I,Q,422,-0.6086826,I422Q,-0.127029993,0.1217693395696001
I,R,422,-0.6106078,I422R,-2.024043841,0.0182673311611136
I,S,422,-0.5964879,I422S,-1.485396155,0.0313045106254379
I,T,422,-0.5958031,I422T,-0.628551222,0.0737445661127691
I,V,422,-0.4545653,I422V,-0.387224392,0.0938721896578501
I,W,422,-0.6125257,I422W,-1.01296226,0.0502090962935444
I,Y,422,-0.616033,I422Y,-0.832737626,0.0601247084025417
Q,A,423,-0.6343813,Q423A,-0.963063037,0.0776427967626433
Q,C,423,-0.6260706,Q423C,-1.587709975,0.0415738652121772
Q,D,423,-0.6084323,Q423D,-2.137476772,0.0239916236905702
Q,E,423,-0.6050888,Q423E,-1.487527923,0.0459545931810636
Q,F,423,-0.6214335,Q423F,-1.721689336,0.0363608386459771
Q,G,423,-0.6171298,Q423G,-1.38715918,0.0508064120854833
Q,H,423,-0.6093816,Q423H,-1.934633113,0.0293868851679646
Q,I,423,-0.6086728,Q423I,-1.782567977,0.0342132732585841
Q,K,423,-0.6163994,Q423K,-1.473425459,0.0466072575877681
Q,L,423,-0.6296887,Q423L,-2.117496296,0.0244758089600573
Q,M,423,-0.6237389,Q423M,-0.870581705,0.0851658151352547
Q,N,423,-0.6161169,Q423N,-1.944561722,0.0290965578259778
Q,P,423,-0.6259788,Q423P,-2.266370064,0.0210902617791904
Q,R,423,-0.592505,Q423R,-2.614935201,0.0148833936706918
Q,S,423,-0.6216434,Q423S,-1.404585666,0.0499287045375291
Q,T,423,-0.6246895,Q423T,-1.326926291,0.0539606711193312
Q,V,423,-0.6099902,Q423V,-1.32875993,0.0538618173826912
Q,W,423,-0.6273105,Q423W,-1.502153154,0.045287387418706
Q,Y,423,-0.619697,Q423Y,-1.839788488,0.0323105288679254
D,A,424,-0.6295492,D424A,-1.958162631,0.028634080429192
D,C,424,-0.6235883,D424C,-2.216170151,0.0221223853923599
D,E,424,-0.6237493,D424E,-0.977181413,0.0763691690746077
D,F,424,-0.629597,D424F,-1.356725518,0.0522497393773217
D,G,424,-0.6153332,D424G,-1.700140061,0.0370630412806248
D,H,424,-0.6358108,D424H,-2.06817603,0.0256510419543752
D,I,424,-0.6242047,D424I,-1.273773456,0.0567688057286327
D,K,424,-0.6221497,D424K,-2.100768414,0.0248284902743673
D,L,424,-0.6440275,D424L,-1.523387008,0.0442286769573231
D,M,424,-0.6360593,D424M,-1.86687422,0.0313710682258235
D,N,424,-0.5644351,D424N,-1.508927803,0.0448728343858405
D,P,424,-0.6423635,D424P,-2.066633656,0.0256906359842286
D,Q,424,-0.6047919,D424Q,-1.256989647,0.0577296434370223
D,R,424,-0.6275256,D424R,-1.983963856,0.0279047352805746
D,S,424,-0.6109285,D424S,-1.485919874,0.0459172342709197
D,T,424,-0.6247862,D424T,-1.032751295,0.072241103074863
D,V,424,-0.6233541,D424V,-1.910768822,0.0300238317348614
D,W,424,-0.6317889,D424W,-1.531679943,0.0438634079702199
D,Y,424,-0.6364413,D424Y,-1.409566781,0.0495604744588797
L,A,425,-0.6206873,L425A,-2.062318715,0.020934175786343
L,C,425,-0.6313694,L425C,-2.23021566,0.0176986080700039
L,D,425,-0.6323132,L425D,-2.62384657,0.0119395308285913
L,E,425,-0.6210415,L425E,-1.963039352,0.0231191767822947
L,F,425,-0.6229908,L425F,-2.275037129,0.0169228452851241
L,G,425,-0.6347315,L425G,-2.697036841,0.011096885452964
L,H,425,-0.6280012,L425H,-2.134012965,0.0194858535496934
L,I,425,-0.5646315,L425I,0.1173569755727848,0.1851301595287098
L,K,425,-0.6452989,L425K,-2.671992329,0.0113783111586718
L,M,425,-0.6394903,L425M,-0.92442369,0.0653187007990221
L,N,425,-0.6361833,L425N,0.2078484550302328,0.2026642414796876
L,P,425,-0.6441144,L425P,-3.056945058,0.0077427418717511
L,Q,425,-0.6332555,L425Q,-1.793953419,0.0273782372515406
L,R,425,-0.6287435,L425R,-2.536333091,0.0130314851383439
L,S,425,-0.6399598,L425S,-2.350040741,0.0157000020587935
L,T,425,-0.6317956,L425T,-2.393768614,0.0150282677180374
L,V,425,-0.627966,L425V,-0.190570661,0.1360648331687677
L,W,425,-0.6282258,L425W,-1.934497992,0.0237885365856302
L,Y,425,-0.6400294,L425Y,-2.710623133,0.0109471393440888
E,A,426,-0.6236855,E426A,-1.887665577,0.037237795542121
E,C,426,-0.6341741,E426C,-2.333984549,0.0238314260279187
E,D,426,-0.6112173,E426D,-2.030936695,0.0322672600492526
E,F,426,-0.6346223,E426F,-1.932150595,0.0356175760037999
E,G,426,-0.6272135,E426G,-2.020361105,0.032610316271211
E,H,426,-0.6402784,E426H,-2.007469808,0.033033427015869
E,I,426,-0.6347069,E426I,-1.064156193,0.0848456555370194
E,K,426,-0.6358312,E426K,-2.159204473,0.0283828552392524
E,L,426,-0.6322,E426L,-3.01246917,0.0120917101052308
E,M,426,-0.6433421,E426M,-0.382143028,0.1678124542979443
E,N,426,-0.6395952,E426N,-1.794262204,0.040883544660913
E,P,426,-0.6359023,E426P,-2.397039671,0.022375127927734
E,Q,426,-0.6425364,E426Q,-2.901715987,0.0135078820789016
E,R,426,-0.6288402,E426R,-2.587857041,0.0184881968017303
E,S,426,-0.6243173,E426S,-1.977625093,0.0340341595714005
E,T,426,-0.6314255,E426T,-1.706583757,0.0446299928635592
E,V,426,-0.640222,E426V,-1.67855114,0.0458987893948739
E,W,426,-0.6416998,E426W,-2.408005527,0.0221311058073007
E,Y,426,-0.6473674,E426Y,-2.31021339,0.0244047137382658
K,A,427,-0.6257893,K427A,-0.956471082,0.0383040964085725
K,C,427,-0.6225752,K427C,-0.309696693,0.0731367780649037
K,D,427,-0.6174856,K427D,-1.182239184,0.0305629557116147
K,E,427,-0.6158884,K427E,-0.432779526,0.0646668372922561
K,F,427,-0.6356252,K427F,-1.110566226,0.0328339046294077
K,G,427,-0.6262305,K427G,-1.253099205,0.0284722130989899
K,H,427,-0.6326327,K427H,-1.197782215,0.0300915873203293
K,I,427,-0.6267702,K427I,-1.333629796,0.0262692226449582
K,L,427,-0.6266381,K427L,-0.423769698,0.0652521070783627
K,M,427,-0.6198953,K427M,-1.266456684,0.0280944247531341
K,N,427,-0.6194276,K427N,-0.335926591,0.0712433483462632
K,P,427,-0.6240233,K427P,-1.801212444,0.0164580568960015
K,Q,427,-0.6261093,K427Q,-0.241452558,0.0783021846838731
K,R,427,-0.5529403,K427R,-0.24306198,0.0781762647073564
K,S,427,-0.6091786,K427S,-0.638312466,0.0526525954627183
K,T,427,-0.6100966,K427T,-0.246024928,0.0779449753530512
K,V,427,-0.6188199,K427V,-0.970195853,0.0377819725373286
K,W,427,-0.6209874,K427W,-1.358997467,0.0256112147670197
K,Y,427,-0.6314985,K427Y,-0.80746107,0.0444589768129463
Y,A,428,-0.6410812,Y428A,-1.565812711,0.0515806816952833
Y,C,428,-0.6547067,Y428C,-1.812324776,0.040311431857449
Y,D,428,-0.6452607,Y428D,-1.636726421,0.0480495846873478
Y,E,428,-0.6493447,Y428E,-1.901869311,0.0368586578552336
Y,F,428,-0.641694,Y428F,-2.1132815,0.0298348832191931
Y,G,428,-0.632844,Y428G,-2.400526738,0.0223859367155862
Y,H,428,-0.6291505,Y428H,-1.973627022,0.0343064302740398
Y,I,428,-0.6479813,Y428I,-2.19685127,0.0274429275742589
Y,K,428,-0.6533551,Y428K,-2.219751587,0.0268216168647315
Y,L,428,-0.6572143,Y428L,-1.689886368,0.0455619771320126
Y,M,428,-0.6484486,Y428M,-1.011385104,0.0897990957988193
Y,N,428,-0.6415817,Y428N,-1.480921296,0.0561506719126489
Y,P,428,-0.6538373,Y428P,-2.800757746,0.0150022727896469
Y,Q,428,-0.6423989,Y428Q,-2.444481808,0.0214232728301381
Y,R,428,-0.6509037,Y428R,-0.966793898,0.0938939653685389
Y,S,428,-0.6343224,Y428S,-2.380581363,0.0228369153549316
Y,T,428,-0.6494494,Y428T,-1.829280775,0.0396336733456839
Y,V,428,-0.6428298,Y428V,-2.382417419,0.0227950239339628
Y,W,428,-0.6393115,Y428W,-2.161981458,0.0284167372616891
V,A,429,-0.6404886,V429A,-1.919157816,0.0174843833383796
V,C,429,-0.6411602,V429C,-0.990874246,0.0442383481140829
V,D,429,-0.6355722,V429D,-2.055714926,0.0152526141487849
V,E,429,-0.6386761,V429E,-1.896864384,0.0178785477878668
V,F,429,-0.6438758,V429F,-1.190386451,0.0362369661802337
V,G,429,-0.6348217,V429G,-1.839886955,0.0189268018838067
V,H,429,-0.6343,V429H,-1.503731573,0.026489132100607
V,I,429,-0.55028,V429I,0.1022911770658563,0.1319941483340556
V,K,429,-0.6346571,V429K,-1.64146,0.0230809143337868
V,L,429,-0.6471617,V429L,-1.316500008,0.0319434185805371
V,M,429,-0.6436608,V429M,-0.210019989,0.0965872164289738
V,N,429,-0.6279374,V429N,0.3346524833786233,0.1665205812383103
V,P,429,-0.6434912,V429P,-2.005195699,0.0160429606939853
V,Q,429,-0.6399321,V429Q,-1.304313376,0.0323350830822633
V,R,429,-0.6332109,V429R,-1.879771675,0.0181867674244131
V,S,429,-0.6446532,V429S,-1.900470708,0.0178141880270255
V,T,429,-0.6346254,V429T,0.0559768942698628,0.1260203377214358
V,W,429,-0.6296416,V429W,-1.703707406,0.0216879893722376
V,Y,429,-0.6293725,V429Y,-1.683997999,0.022119687274842
E,A,430,-0.6470534,E430A,-2.402428802,0.025123691982595
E,C,430,-0.6425767,E430C,-2.124988934,0.033156914232218
E,D,430,-0.6223725,E430D,-1.647017545,0.0534754554671193
E,F,430,-0.6322787,E430F,-2.500327957,0.0227806640686554
E,G,430,-0.6291498,E430G,-1.449910958,0.0651263606361352
E,H,430,-0.6399321,E430H,-2.715464667,0.0183710359858013
E,I,430,-0.6348809,E430I,-1.741317462,0.0486631873248905
E,K,430,-0.6234184,E430K,-2.416654407,0.0247688222266764
E,L,430,-0.6426966,E430L,-1.901554525,0.0414582019632806
E,M,430,-0.63903,E430M,-1.595742124,0.0562889476006112
E,N,430,-0.6248814,E430N,-1.883135027,0.0422289177124727
E,P,430,-0.6424199,E430P,-2.679523958,0.0190433130885559
E,Q,430,-0.6363122,E430Q,-1.851093255,0.0436039185020256
E,R,430,-0.6341373,E430R,-2.657624726,0.0194649471261787
E,S,430,-0.628062,E430S,-1.858762276,0.0432707980472343
E,T,430,-0.6299603,E430T,-1.779221536,0.0468531740041942
E,V,430,-0.6306883,E430V,-2.20764716,0.0305264346037907
E,W,430,-0.6331202,E430W,-2.348383642,0.0265188681471008
E,Y,430,-0.6382892,E430Y,-1.504606512,0.061659901811293
D,A,431,-0.6312372,D431A,-1.613327956,0.046000330942943
D,C,431,-0.6553209,D431C,-2.599050586,0.0171659126678677
D,E,431,-0.6270891,D431E,-1.095161943,0.0772320628047954
D,F,431,-0.6327945,D431F,-2.670587563,0.0159808091669009
D,G,431,-0.6330789,D431G,-0.695362659,0.1151935800689216
D,H,431,-0.6341116,D431H,-2.293907839,0.0232910343781246
D,I,431,-0.6288799,D431I,-1.842003178,0.0365972577619329
D,K,431,-0.6376247,D431K,-1.854978936,0.0361254481189442
D,L,431,-0.6411829,D431L,-2.622458211,0.0167687654569692
D,M,431,-0.6388662,D431M,-1.903241893,0.03442333166561
D,N,431,-0.5963766,D431N,-1.398158207,0.0570437422677676
D,P,431,-0.6381246,D431P,-2.57238909,0.0176297375027928
D,Q,431,-0.6350644,D431Q,-1.882289165,0.0351522038366765
D,R,431,-0.630604,D431R,-2.435663867,0.0202127259302799
D,S,431,-0.6345845,D431S,-1.434483999,0.0550087675833979
D,T,431,-0.6339252,D431T,-1.136108417,0.0741335512003434
D,V,431,-0.6365026,D431V,-2.247687181,0.0243928284595155
D,W,431,-0.6463489,D431W,-2.421508909,0.0205008708853007
D,Y,431,-0.6471723,D431Y,-1.607939182,0.0462488854594559
T,A,432,-0.6088985,T432A,-0.587211094,0.0805487886251006
T,C,432,-0.630031,T432C,-0.83049823,0.0631539818597588
T,D,432,-0.6197962,T432D,-1.349311352,0.0375909252244802
T,E,432,-0.6321697,T432E,-0.409469934,0.0962168262048623
T,F,432,-0.6467256,T432F,-1.645380885,0.0279577109796415
T,G,432,-0.6274064,T432G,-1.8563561,0.0226399885484686
T,H,432,-0.6415727,T432H,-1.34452033,0.0377714563510971
T,I,432,-0.6339741,T432I,-1.672030317,0.027222493665203
T,K,432,-0.6232592,T432K,-2.439587181,0.0126351968039956
T,L,432,-0.6423611,T432L,-1.351655921,0.0375028939366182
T,M,432,-0.6484096,T432M,-0.770389125,0.0670665235008947
T,N,432,-0.6292464,T432N,-1.637735945,0.0281722651568292
T,P,432,-0.6421293,T432P,-1.340013355,0.0379420756071996
T,Q,432,-0.6387647,T432Q,-1.299297127,0.039518815851864
T,R,432,-0.6328678,T432R,-2.535626477,0.0114781696527899
T,S,432,-0.6171668,T432S,-0.209926704,0.1174658319982836
T,V,432,-0.6118989,T432V,-0.948618592,0.0561179383695517
T,W,432,-0.6382246,T432W,-2.388057169,0.0133033564474723
T,Y,432,-0.6368897,T432Y,-1.267628254,0.0407903604517918
K,A,433,-0.6355935,K433A,-1.129169431,0.0575650872478693
K,C,433,-0.6317765,K433C,-2.013646646,0.0237703450599126
K,D,433,-0.6217343,K433D,-1.873282939,0.0273523530667707
K,E,433,-0.6298946,K433E,-1.526809793,0.0386781875959525
K,F,433,-0.6288431,K433F,-1.326668138,0.0472483397205982
K,G,433,-0.6328812,K433G,-1.394956021,0.0441295495996399
K,H,433,-0.6345841,K433H,-1.603423694,0.0358255702503848
K,I,433,-0.6093985,K433I,-1.83604257,0.0283901695476804
K,L,433,-0.6316218,K433L,-1.913557195,0.0262726451316782
K,M,433,-0.6243298,K433M,-1.477580079,0.0406299524348752
K,N,433,-0.6123293,K433N,-1.114878244,0.0583936674628365
K,P,433,-0.6200965,K433P,-2.973214276,0.0091054259166795
K,Q,433,-0.6305386,K433Q,-1.436932285,0.0423154955092632
K,R,433,-0.5858303,K433R,-1.343604826,0.0464548476755774
K,S,433,-0.6246255,K433S,-1.253766843,0.0508214660116324
K,T,433,-0.6282724,K433T,-0.862627609,0.0751478963033751
K,V,433,-0.616387,K433V,-0.910494023,0.0716355674274213
K,W,433,-0.6375265,K433W,-1.870101687,0.0274395063832126
K,Y,433,-0.6372151,K433Y,-0.922648881,0.0707701175241511
I,A,434,-0.6207676,I434A,-1.081920101,0.0628207004935902
I,C,434,-0.6187017,I434C,-1.932644711,0.0268310505972269
I,D,434,-0.610183,I434D,-1.069296599,0.063618744291226
I,E,434,-0.606738,I434E,-1.435912136,0.0440926252941744
I,F,434,-0.6167324,I434F,-2.407377132,0.0166902910123236
I,G,434,-0.6273664,I434G,-2.003483537,0.0249961288603499
I,H,434,-0.6193668,I434H,-1.961009416,0.026080687699637
I,K,434,-0.6098305,I434K,-1.810188842,0.0303263124307318
I,L,434,-0.6007785,I434L,-1.101688218,0.0615910473561312
I,M,434,-0.6038829,I434M,-1.361127156,0.0475165246512901
I,N,434,-0.6095781,I434N,-1.275022266,0.0517892420770609
I,P,434,-0.6181321,I434P,-2.856483685,0.0106517082822778
I,Q,434,-0.599979,I434Q,-1.348570087,0.0481169550197177
I,R,434,-0.6127937,I434R,-2.455695259,0.0159030198208904
I,S,434,-0.6164537,I434S,-1.52030617,0.0405241660015833
I,T,434,-0.5911656,I434T,-0.808201057,0.0825995082109342
I,V,434,-0.4843855,I434V,-0.748604546,0.0876717954361205
I,W,434,-0.6105815,I434W,-1.476127562,0.0423546030635412
I,Y,434,-0.6121069,I434Y,-1.805051723,0.0304825031977897
D,A,435,-0.6392653,D435A,-1.505502588,0.0647878050346953
D,C,435,-0.661205,D435C,-1.944150948,0.0417821388239252
D,E,435,-0.6326093,D435E,-0.859796103,0.123571996051859
D,F,435,-0.6399512,D435F,-2.408870618,0.0262521827002483
D,G,435,-0.6163647,D435G,-1.908025964,0.0433191127041604
D,H,435,-0.6553212,D435H,-2.446617332,0.0252797178243189
D,I,435,-0.628062,D435I,-2.360025548,0.0275663058301631
D,K,435,-0.6513109,D435K,-2.600801699,0.0216675981953404
D,L,435,-0.6386068,D435L,-2.774961924,0.0182042969204922
D,M,435,-0.635939,D435M,-2.212205293,0.0319577439406506
D,N,435,-0.5988369,D435N,-1.515068386,0.0641710126798528
D,P,435,-0.6351017,D435P,-3.043096227,0.0139227360221148
D,Q,435,-0.6378771,D435Q,-2.494109969,0.0241071807158063
D,R,435,-0.6356158,D435R,-2.444251041,0.0253396078400122
D,S,435,-0.6460347,D435S,-1.689220855,0.0539144803382469
D,T,435,-0.6336338,D435T,-1.871335646,0.0449380226508248
D,V,435,-0.6341516,D435V,-2.546744278,0.0228711300701669
D,W,435,-0.6423153,D435W,-3.030302137,0.0141020092653576
D,Y,435,-0.6503464,D435Y,-2.666789179,0.020283960751254
L,A,436,-0.628342,L436A,-1.957142872,0.0312545676100547
L,C,436,-0.6301428,L436C,-2.089803919,0.0273715577571868
L,D,436,-0.6332983,L436D,-2.34943744,0.0211126166373695
L,E,436,-0.627117,L436E,-2.385587505,0.0203630243576416
L,F,436,-0.6184986,L436F,-1.419854112,0.053487844449725
L,G,436,-0.6199085,L436G,-2.648980313,0.0156477598877471
L,H,436,-0.6238417,L436H,-2.528462261,0.0176519435506286
L,I,436,-0.5641239,L436I,-0.301464978,0.1636686048728612
L,K,436,-0.624595,L436K,-2.74047956,0.0142795502391694
L,M,436,-0.6040788,L436M,-0.765918064,0.1028622340089436
L,N,436,-0.6264451,L436N,-2.42580165,0.0195603891448944
L,P,436,-0.6256688,L436P,-2.181971604,0.0249615518636363
L,Q,436,-0.6314021,L436Q,-1.101754808,0.0735197278435963
L,R,436,-0.6280493,L436R,-2.171917842,0.025213775244915
L,S,436,-0.6136932,L436S,-2.099501195,0.0271074109281136
L,T,436,-0.6291558,L436T,-2.104811901,0.0269638329743925
L,V,436,-0.588804,L436V,-1.07742179,0.0753306279414366
L,W,436,-0.6324558,L436W,-2.144569172,0.0259128546124263
L,Y,436,-0.6207054,L436Y,-2.875443359,0.0124767206534933
W,A,437,-0.667508,W437A,-2.539183062,0.0246616423742274
W,C,437,-0.6595748,W437C,-2.097914233,0.0383409329201267
W,D,437,-0.6579617,W437D,-2.539500423,0.0246538169752053
W,E,437,-0.6778943,W437E,-2.287804286,0.0317098691611305
W,F,437,-0.6559043,W437F,-2.009841905,0.0418708725939137
W,G,437,-0.6529003,W437G,-1.736566688,0.0550292957998749
W,H,437,-0.6707306,W437H,-2.079912263,0.0390373954601222
W,I,437,-0.6716077,W437I,-2.139775551,0.036769060369704
W,K,437,-0.6599236,W437K,-2.233207085,0.0334892730657818
W,L,437,-0.6544765,W437L,-1.841857687,0.0495298082383635
W,M,437,-0.6625776,W437M,-1.982371542,0.0430370249075111
W,N,437,-0.6647521,W437N,-1.954097642,0.0442712151759225
W,P,437,-0.6754646,W437P,-2.612263068,0.0229236484212757
W,Q,437,-0.6748229,W437Q,-1.97425919,0.0433875764530471
W,R,437,-0.6474521,W437R,-2.139534001,0.0367779430206182
W,S,437,-0.6610596,W437S,-2.245998539,0.0330636245779666
W,T,437,-0.6504951,W437T,-2.099734611,0.0382712013893507
W,V,437,-0.6554213,W437V,-2.590974293,0.0234168967101164
W,Y,437,-0.6571302,W437Y,-2.437083031,0.0273126282120418
S,A,438,-0.6521387,S438A,-3.307093007,0.0109815826098571
S,C,438,-0.6594869,S438C,-1.776226719,0.0507588792292897
S,D,438,-0.6450557,S438D,-1.876394571,0.0459208237289691
S,E,438,-0.6488835,S438E,-1.957195397,0.0423563286073649
S,F,438,-0.6538395,S438F,-2.636290974,0.0214778471647073
S,G,438,-0.6476161,S438G,-2.480317619,0.025103203361989
S,H,438,-0.65682,S438H,-2.029856872,0.0393878090499501
S,I,438,-0.6492932,S438I,-2.424077695,0.0265554608417843
S,K,438,-0.6424037,S438K,-1.567168657,0.0625611614887546
S,L,438,-0.6497675,S438L,-2.24113411,0.0318863830683989
S,M,438,-0.6549451,S438M,-1.812795453,0.0489362201919573
S,N,438,-0.6509035,S438N,-1.883918252,0.0455766264802908
S,P,438,-0.6585664,S438P,-2.414681208,0.0268061650041998
S,Q,438,-0.640691,S438Q,-2.145585533,0.0350833851645158
S,R,438,-0.6454535,S438R,-2.294205751,0.0302382414926246
S,T,438,-0.6436188,S438T,-1.497956791,0.0670444973809381
S,V,438,-0.6433939,S438V,-2.87644458,0.0168924758597938
S,W,438,-0.6484613,S438W,-1.892178568,0.0452016997145087
S,Y,438,-0.6601601,S438Y,-2.393796715,0.0273718852041134
Y,A,439,-0.6586118,Y439A,-1.030036515,0.0758163878151394
Y,C,439,-0.6486153,Y439C,-2.053274593,0.0272506167633002
Y,D,439,-0.6412079,Y439D,-2.242309931,0.022556894018038
Y,E,439,-0.6473141,Y439E,-1.938388073,0.030568275236777
Y,F,439,-0.6418525,Y439F,-0.684192796,0.1071423394435063
Y,G,439,-0.6411872,Y439G,-2.578918126,0.0161098738789547
Y,H,439,-0.6427628,Y439H,-1.520334111,0.0464332960268757
Y,I,439,-0.6526068,Y439I,-2.207318846,0.0233601561135788
Y,K,439,-0.6431454,Y439K,-0.602285406,0.1162875057862939
Y,L,439,-0.6561863,Y439L,-1.310171749,0.0572930423608824
Y,M,439,-0.6590371,Y439M,-1.906826511,0.0315484445453479
Y,N,439,-0.6361039,Y439N,-1.498421642,0.0474619938735308
Y,P,439,-0.6495842,Y439P,-2.408102916,0.0191106863865743
Y,Q,439,-0.6539418,Y439Q,-1.612887804,0.042328603970743
Y,R,439,-0.6496215,Y439R,-2.051202153,0.0273071506161218
Y,S,439,-0.6406954,Y439S,-2.427708829,0.0187396528524196
Y,T,439,-0.6505556,Y439T,-2.225538893,0.0229383867727748
Y,V,439,-0.6482635,Y439V,-2.384336531,0.0195703188329485
Y,W,439,-0.6595537,Y439W,-1.78034964,0.0358019082609836
N,A,440,-0.6475563,N440A,-2.468862816,0.0209953170858103
N,C,440,-0.651931,N440C,-1.303383506,0.0673416593004902
N,D,440,-0.6395592,N440D,-2.213417991,0.0271057084191564
N,E,440,-0.6495313,N440E,-1.438603466,0.0588245375106208
N,F,440,-0.6577381,N440F,-1.484149249,0.0562054249445617
N,G,440,-0.6478131,N440G,-2.093631438,0.0305550795991489
N,H,440,-0.6571465,N440H,-1.990058246,0.0338894639223727
N,I,440,-0.6522232,N440I,-1.669476862,0.0466972666489801
N,K,440,-0.641209,N440K,-2.085931283,0.0307912667100619
N,L,440,-0.6490646,N440L,-1.084166294,0.0838472168039559
N,M,440,-0.6563061,N440M,-1.997281718,0.0336455463081031
N,P,440,-0.658105,N440P,-2.523032338,0.0198882651761001
N,Q,440,-0.6532334,N440Q,-1.323670562,0.0659892595527465
N,R,440,-0.6547551,N440R,-2.627037888,0.0179237072318643
N,S,440,-0.6482703,N440S,-1.575749816,0.0512857378107649
N,T,440,-0.6416978,N440T,-2.364474098,0.023305471981614
N,V,440,-0.6412893,N440V,-1.990365377,0.033879057038119
N,W,440,-0.6439562,N440W,-2.568448323,0.0190052234379712
N,Y,440,-0.6452953,N440Y,-2.082704983,0.0308907690196613
A,C,441,-0.6483168,A441C,-1.539359441,0.0699830026786399
A,D,441,-0.6582193,A441D,-3.091486471,0.0148221818457749
A,E,441,-0.6368254,A441E,-2.248242715,0.0344451764732515
A,F,441,-0.64507,A441F,-2.770810974,0.0204258348531076
A,G,441,-0.6410043,A441G,-2.753930254,0.0207735645313685
A,H,441,-0.6478913,A441H,-1.870605054,0.0502498079228226
A,I,441,-0.6439826,A441I,-2.414647964,0.0291648340852709
A,K,441,-0.6470192,A441K,-1.793129139,0.0542977426557984
A,L,441,-0.6490684,A441L,-2.039665079,0.0424338614629941
A,M,441,-0.6561334,A441M,-2.142445563,0.0382891342119399
A,N,441,-0.6421426,A441N,-2.790145335,0.0200347074886549
A,P,441,-0.6542368,A441P,-2.681138678,0.0223421013610517
A,Q,441,-0.6512025,A441Q,-2.585899675,0.0245745632995744
A,R,441,-0.6421831,A441R,-2.294753871,0.0328797774994495
A,S,441,-0.6499377,A441S,-2.041910809,0.042338673380325
A,T,441,-0.619959,A441T,-2.585043415,0.0245956145329101
A,V,441,-0.6198696,A441V,-1.566787234,0.0680896076342209
A,W,441,-0.6542679,A441W,-2.460261063,0.0278644186058888
A,Y,441,-0.6434109,A441Y,-2.1995928,0.0361623637245245
E,A,442,-0.6359631,E442A,-1.908232053,0.0367521168021478
E,C,442,-0.6488311,E442C,-3.158438869,0.0105274731441646
E,D,442,-0.6314065,E442D,-0.473195627,0.1543514981605807
E,F,442,-0.6324099,E442F,-1.502417547,0.0551474452429255
E,G,442,-0.6344054,E442G,-1.11990974,0.0808437504325434
E,H,442,-0.6445662,E442H,-2.487024551,0.0206023080778147
E,I,442,-0.6403578,E442I,-2.375119553,0.0230417586164163
E,K,442,-0.6388678,E442K,-2.191401796,0.0276887444213361
E,L,442,-0.6503094,E442L,-3.433943856,0.0079923356686606
E,M,442,-0.6438422,E442M,-1.66828134,0.0467187972511411
E,N,442,-0.6459526,E442N,-1.625802678,0.0487461034691415
E,P,442,-0.651542,E442P,-2.664887338,0.0172453101505423
E,Q,442,-0.6417012,E442Q,-1.774320609,0.042018386740706
E,R,442,-0.6302743,E442R,-2.696167437,0.0167142243290085
E,S,442,-0.647516,E442S,-2.68251542,0.0169439720318301
E,T,442,-0.642956,E442T,-2.128264296,0.029493311635253
E,V,442,-0.6448899,E442V,-2.255912147,0.0259589285101076
E,W,442,-0.6434973,E442W,-1.716851312,0.0445038904699186
E,Y,442,-0.649987,E442Y,-1.663181189,0.0469576789060257
L,A,443,-0.6321541,L443A,-1.608852175,0.0328708837647489
L,C,443,-0.6460994,L443C,-0.853154879,0.0699852657987674
L,D,443,-0.6360978,L443D,-2.430245559,0.0144572136271318
L,E,443,-0.6412796,L443E,-2.391393339,0.0150299630975652
L,F,443,-0.6159453,L443F,-0.981982448,0.0615258334208702
L,G,443,-0.6335751,L443G,-2.4537401,0.0141215068685263
L,H,443,-0.6356217,L443H,-1.722792724,0.0293310501845298
L,I,443,-0.6285536,L443I,-1.112468317,0.0539993090366427
L,K,443,-0.6372686,L443K,-2.350701635,0.015654172252864
L,M,443,-0.6286587,L443M,-0.634970295,0.0870488402730141
L,N,443,-0.6353464,L443N,-1.762852383,0.028179281680725
L,P,443,-0.647204,L443P,-2.235119331,0.0175722306664061
L,Q,443,-0.6354066,L443Q,-0.556712616,0.0941347278736229
L,R,443,-0.6257884,L443R,-2.045806607,0.0212346158852278
L,S,443,-0.6402137,L443S,-2.085173367,0.0204149177691063
L,T,443,-0.6287637,L443T,-0.667343419,0.0842759231597497
L,V,443,-0.6265496,L443V,-0.487374374,0.1008934773430792
L,W,443,-0.6327307,L443W,-1.188014357,0.0500701587281807
L,Y,443,-0.6435067,L443Y,-1.88486978,0.0249424101253574
L,A,444,-0.6363592,L444A,-0.558332757,0.0922712097162754
L,C,444,-0.6430036,L444C,-1.869420247,0.0248695555741097
L,D,444,-0.6346028,L444D,-2.318580817,0.015870842008043
L,E,444,-0.6413602,L444E,-1.382792069,0.0404583366762298
L,F,444,-0.6308341,L444F,-1.108621256,0.0532204964033733
L,G,444,-0.6402492,L444G,-2.398107765,0.0146575650821186
L,H,444,-0.639074,L444H,-2.113060219,0.0194920035090926
L,I,444,-0.6076895,L444I,-0.105941763,0.1450564830455473
L,K,444,-0.6470473,L444K,-2.535558151,0.0127752039884679
L,M,444,-0.6181628,L444M,-0.603157319,0.0882265206331227
L,N,444,-0.6305437,L444N,-2.379748307,0.0149291557154202
L,P,444,-0.6360907,L444P,-2.853757909,0.009293414695225
L,Q,444,-0.6457705,L444Q,-0.828604109,0.0704188361409923
L,R,444,-0.6263522,L444R,-2.35055634,0.0153713908812372
L,S,444,-0.6389927,L444S,-1.833624021,0.0257759175505806
L,T,444,-0.6365519,L444T,-1.706330207,0.0292750169536202
L,V,444,-0.6142376,L444V,-0.872358369,0.0674041453565253
L,W,444,-0.6322744,L444W,-1.24448124,0.0464596215560815
L,Y,444,-0.6312888,L444Y,-1.114534785,0.0529067041630367
V,A,445,-0.6289432,V445A,-2.446409731,0.0210914784235775
V,C,445,-0.6300097,V445C,-2.542928631,0.0191509082816386
V,D,445,-0.6317375,V445D,-2.786901969,0.0150048977088971
V,E,445,-0.6298142,V445E,-2.314933317,0.0240550646954545
V,F,445,-0.6394126,V445F,-2.248453101,0.0257086062144232
V,G,445,-0.6367954,V445G,-2.301223743,0.0243871204858988
V,H,445,-0.6413456,V445H,-2.526743668,0.0194633871011636
V,I,445,-0.5470443,V445I,-1.196037286,0.073643941262001
V,K,445,-0.6375066,V445K,-2.457275258,0.0208635488194539
V,L,445,-0.6383369,V445L,-2.003034414,0.032859621019785
V,M,445,-0.6355275,V445M,-2.739413949,0.0157346409729822
V,N,445,-0.6334761,V445N,-2.223571554,0.0263563007537344
V,P,445,-0.6352425,V445P,-2.769010302,0.0152757765364847
V,Q,445,-0.6423226,V445Q,-2.299562987,0.0244276552322805
V,R,445,-0.6328725,V445R,-2.827476279,0.0144082696717355
V,S,445,-0.6410639,V445S,-2.965202636,0.0125544585437454
V,T,445,-0.6192569,V445T,0.1464981651652115,0.2819634428474056
V,W,445,-0.6450691,V445W,-1.492380035,0.0547566641029113
V,Y,445,-0.6414795,V445Y,-1.946964464,0.0347546906697584
A,C,446,-0.6391097,A446C,-1.626417283,0.0236434768020499
A,D,446,-0.6284544,A446D,-1.113488664,0.0394887587767374
A,E,446,-0.6373511,A446E,-0.907619714,0.048515582782394
A,F,446,-0.6255213,A446F,-1.88687967,0.0182219104685474
A,G,446,-0.639142,A446G,-1.341597242,0.03143454350679
A,H,446,-0.644046,A446H,-1.437995579,0.0285457776192528
A,I,446,-0.62855,A446I,-1.860436714,0.0187101790864944
A,K,446,-0.6399314,A446K,-0.837661483,0.0520311868130973
A,L,446,-0.621053,A446L,-0.828532524,0.0525083521556365
A,M,446,-0.6370046,A446M,-0.886826908,0.0495349187815575
A,N,446,-0.6321352,A446N,0.0673139445049657,0.1286144059976585
A,P,446,-0.632538,A446P,-2.813527311,0.007213658646733
A,Q,446,-0.6335966,A446Q,-0.621757474,0.0645698337580226
A,R,446,-0.623226,A446R,-0.560646577,0.0686388182455179
A,S,446,-0.6179649,A446S,-0.083159548,0.1106470407979009
A,T,446,-0.5853192,A446T,-0.591808956,0.0665328528898819
A,V,446,-0.6126082,A446V,-1.667485483,0.0226921497090902
A,W,446,-0.6300148,A446W,-1.785203864,0.020172102818502
A,Y,446,-0.6312399,A446Y,-1.455778721,0.0280426308682305
L,A,447,-0.6288651,L447A,-1.526956678,0.0319478723396129
L,C,447,-0.6353185,L447C,-2.482746437,0.0122842177127642
L,D,447,-0.6228969,L447D,-1.749917215,0.0255629738402725
L,E,447,-0.6225496,L447E,-0.867202962,0.0617972862850664
L,F,447,-0.6206704,L447F,-0.815751897,0.0650600393284837
L,G,447,-0.6310256,L447G,-2.731488618,0.0095789972403779
L,H,447,-0.6309182,L447H,-1.513277095,0.0323879089711475
L,I,447,-0.5978209,L447I,-0.808509589,0.0655329345991486
L,K,447,-0.628767,L447K,-2.236297904,0.0157173317442908
L,M,447,-0.6337755,L447M,-0.547888036,0.0850444807692994
L,N,447,-0.6347125,L447N,-1.841640248,0.0233225778915009
L,P,447,-0.642524,L447P,-2.357966312,0.0139167833337283
L,Q,447,-0.6368843,L447Q,-1.670633653,0.0276722072658187
L,R,447,-0.6189923,L447R,-1.847578874,0.023184484209806
L,S,447,-0.6404043,L447S,-1.308286516,0.0397565977512279
L,T,447,-0.6146382,L447T,-0.983758953,0.054998364117483
L,V,447,-0.6196832,L447V,-0.297803668,0.1092084910013474
L,W,447,-0.6249855,L447W,-0.885170282,0.0606968699031282
L,Y,447,-0.645192,L447Y,-0.434694432,0.0952369540265724
E,A,448,-0.6374315,E448A,-2.907874143,0.0172992435707105
E,C,448,-0.653561,E448C,-2.337414977,0.0306037390712354
E,D,448,-0.62516,E448D,-1.861866796,0.0492382370901447
E,F,448,-0.6456925,E448F,-2.439388419,0.0276368137774012
E,G,448,-0.6295896,E448G,-1.758213134,0.0546158525582926
E,H,448,-0.6473583,E448H,-2.195753254,0.0352612264576401
E,I,448,-0.6380598,E448I,-2.55872331,0.0245279621771437
E,K,448,-0.6356087,E448K,-1.581548246,0.0651693390652099
E,L,448,-0.6320655,E448L,-2.481874289,0.0264872326704043
E,M,448,-0.6311,E448M,-2.18971716,0.0354747102602382
E,N,448,-0.6416269,E448N,-1.085590144,0.1070126722587869
E,P,448,-0.6470709,E448P,-3.305550783,0.0116229995451156
E,Q,448,-0.6368863,E448Q,-1.776223925,0.0536409831259421
E,R,448,-0.6320029,E448R,-3.150417734,0.013573495443298
E,S,448,-0.6295208,E448S,-2.07850354,0.0396477303997997
E,T,448,-0.6346937,E448T,-2.584063984,0.0239142160461339
E,V,448,-0.6405491,E448V,-2.553909784,0.0246463128149724
E,W,448,-0.6401674,E448W,-2.630305939,0.0228335539851672
E,Y,448,-0.628929,E448Y,-2.76735786,0.0199091442365721
N,A,449,-0.654337,N449A,-2.027962121,0.0372080906713692
N,C,449,-0.6520034,N449C,-2.557564002,0.0219095838406919
N,D,449,-0.661855,N449D,-1.737712706,0.0497383224263979
N,E,449,-0.6398243,N449E,-2.139554708,0.0332792343538628
N,F,449,-0.6504901,N449F,-2.053544847,0.0362682787551062
N,G,449,-0.6583119,N449G,-2.494718384,0.0233306933615656
N,H,449,-0.6445459,N449H,-2.211845132,0.0309583626969163
N,I,449,-0.6510349,N449I,-2.43739473,0.0247071699607093
N,K,449,-0.6471782,N449K,-1.645534606,0.0545410608890341
N,L,449,-0.6512968,N449L,-2.426474409,0.0249784588768535
N,M,449,-0.6606707,N449M,-2.073826798,0.0355400965235569
N,P,449,-0.6621425,N449P,-2.860089348,0.0161900790848426
N,Q,449,-0.6457296,N449Q,-2.090187292,0.0349633734432314
N,R,449,-0.649989,N449R,-1.560324178,0.0593922812074651
N,S,449,-0.6416926,N449S,-1.205557481,0.0846843672798188
N,T,449,-0.642553,N449T,-2.699469864,0.0190110089262777
N,V,449,-0.6446091,N449V,-2.74504515,0.0181640237033995
N,W,449,-0.6674481,N449W,-1.382689993,0.0709374486690668
N,Y,449,-0.6577044,N449Y,-1.919538878,0.0414691384838854
Q,A,450,-0.6555209,Q450A,-2.556143889,0.0174681830672286
Q,C,450,-0.6433046,Q450C,-2.318739643,0.0221488479194857
Q,D,450,-0.6449052,Q450D,-1.865293121,0.0348562398174399
Q,E,450,-0.6482057,Q450E,-0.643529925,0.1182730065682096
Q,F,450,-0.6391907,Q450F,-1.600447298,0.0454257015717596
Q,G,450,-0.6351511,Q450G,-1.698920272,0.0411656866933061
Q,H,450,-0.6429087,Q450H,-1.912710147,0.033242032984824
Q,I,450,-0.6546905,Q450I,-2.357364079,0.0213096714580145
Q,K,450,-0.6417068,Q450K,-1.514049774,0.0495249013584061
Q,L,450,-0.6421067,Q450L,-1.828512829,0.0361621311699112
Q,M,450,-0.6392507,Q450M,-2.036689517,0.0293659464469823
Q,N,450,-0.6287859,Q450N,-1.984861731,0.0309280494857121
Q,P,450,-0.6544313,Q450P,-2.522727059,0.0180617774819278
Q,R,450,-0.628179,Q450R,-2.8593724,0.0128990337052467
Q,S,450,-0.6477199,Q450S,-1.527925561,0.0488424499627641
Q,T,450,-0.6419104,Q450T,-0.738316676,0.1075772083965567
Q,V,450,-0.6373576,Q450V,-1.671909496,0.0422927571103169
Q,W,450,-0.6481474,Q450W,-1.638373474,0.0437351389542275
Q,Y,450,-0.6429662,Q450Y,-2.342649109,0.021625561222248
H,A,451,-0.66488,H451A,-1.242395221,0.0535613646578455
H,C,451,-0.6652776,H451C,-2.809274557,0.0111780044058145
H,D,451,-0.6709253,H451D,-2.071617932,0.0233735501338744
H,E,451,-0.6618693,H451E,-0.676987898,0.0942768251394713
H,F,451,-0.6543676,H451F,-1.441378507,0.0438969425804348
H,G,451,-0.6469422,H451G,-1.640214743,0.0359816248194207
H,I,451,-0.6820671,H451I,-1.56790881,0.0386796777224089
H,K,451,-0.6644301,H451K,-1.505514242,0.0411699623632722
H,L,451,-0.6671178,H451L,-1.433996409,0.0442221931869379
H,M,451,-0.6665929,H451M,-0.829935381,0.0809059931938465
H,N,451,-0.6462795,H451N,-1.679870381,0.0345826716262468
H,P,451,-0.6543108,H451P,-2.10210303,0.0226717563446667
H,Q,451,-0.6243168,H451Q,-0.67616178,0.0943547411070204
H,R,451,-0.6556592,H451R,-1.291234472,0.0510083190784506
H,S,451,-0.6576341,H451S,-2.733823654,0.0120540285509607
H,T,451,-0.6658468,H451T,-2.011062817,0.0248326715547766
H,V,451,-0.6642377,H451V,-1.764663053,0.0317711942882055
H,W,451,-0.6718316,H451W,-1.456612195,0.0432332978065586
H,Y,451,-0.6627693,H451Y,-1.735422199,0.0327139274342243
T,A,452,-0.6384657,T452A,-2.385626856,0.0312853920900838
T,C,452,-0.6385888,T452C,-3.215976762,0.0136371946840019
T,D,452,-0.6451757,T452D,-2.636913218,0.0243337634561737
T,E,452,-0.646203,T452E,-2.872248655,0.0192311100452086
T,F,452,-0.6458607,T452F,-2.457288672,0.0291218701074508
T,G,452,-0.6273958,T452G,-3.174273148,0.0142179408322951
T,H,452,-0.6493399,T452H,-3.209555206,0.0137250485276349
T,I,452,-0.6269724,T452I,-1.090438572,0.1142443754826415
T,K,452,-0.6345776,T452K,-2.677711168,0.0233609742082574
T,L,452,-0.644751,T452L,-2.367276551,0.0318647885644347
T,M,452,-0.6414599,T452M,-1.726668601,0.0604677213290818
T,N,452,-0.6355686,T452N,-3.189160037,0.0140078474824668
T,P,452,-0.6470312,T452P,-1.785299672,0.0570243637400277
T,Q,452,-0.6386023,T452Q,-2.394041037,0.0310232554170204
T,R,452,-0.6377932,T452R,-3.336583502,0.0120877691588786
T,S,452,-0.6236491,T452S,-2.575752757,0.025868481934518
T,V,452,-0.6327365,T452V,-1.16851343,0.1056640723705554
T,W,452,-0.6359589,T452W,-3.076577237,0.0156770926876086
T,Y,452,-0.6435857,T452Y,-2.684032067,0.0232137774908525
I,A,453,-0.6331458,I453A,-2.092526531,0.0278651524046568
I,C,453,-0.6401766,I453C,-2.629457514,0.0162882770961827
I,D,453,-0.6370117,I453D,-2.770430833,0.0141465706907349
I,E,453,-0.6426664,I453E,-2.268695164,0.0233642759976972
I,F,453,-0.6406406,I453F,-2.590902773,0.0169285308895798
I,G,453,-0.6412265,I453G,-1.539079675,0.0484641281710411
I,H,453,-0.6440611,I453H,-1.909325528,0.0334676049451604
I,K,453,-0.6508966,I453K,-2.375932669,0.0209884153416639
I,L,453,-0.6350546,I453L,-0.476709862,0.1402173680055882
I,M,453,-0.6435387,I453M,-1.36094913,0.0579137293312455
I,N,453,-0.6492861,I453N,-2.515627194,0.0182520251099594
I,P,453,-0.6294886,I453P,-2.827882968,0.0133567258040764
I,Q,453,-0.6408688,I453Q,-1.604116116,0.0454125021350543
I,R,453,-0.6308579,I453R,-2.220153977,0.0245263830194864
I,S,453,-0.6379401,I453S,-2.650674689,0.0159463260995522
I,T,453,-0.6296614,I453T,-2.430888548,0.0198660993651562
I,V,453,-0.5546942,I453V,-0.391537733,0.1526833214154678
I,W,453,-0.6430611,I453W,-2.898322329,0.0124482574415484
I,Y,453,-0.6401912,I453Y,-1.143141317,0.0720069271189155
D,A,454,-0.6427421,D454A,-0.691042682,0.0746886403761799
D,C,454,-0.6513882,D454C,-2.507174337,0.0121483780421971
D,E,454,-0.6383158,D454E,-0.219429743,0.1196943009231777
D,F,454,-0.6410974,D454F,-1.315731206,0.0399903977929981
D,G,454,-0.6311511,D454G,-2.065114756,0.0189017694958793
D,H,454,-0.6506274,D454H,-0.433521564,0.0966261259114613
D,I,454,-0.6474614,D454I,-1.401371041,0.0367081761235333
D,K,454,-0.641855,D454K,-1.602806347,0.0300110049557166
D,L,454,-0.6396884,D454L,-1.39353198,0.0369970646742124
D,M,454,-0.6417235,D454M,-1.008276727,0.0543853010362856
D,N,454,-0.602721,D454N,-1.80788502,0.024446459433824
D,P,454,-0.642441,D454P,-2.764368396,0.009393344119356
D,Q,454,-0.6398573,D454Q,-0.903400319,0.0603988667040783
D,R,454,-0.6463926,D454R,-2.098770438,0.0182762031844154
D,S,454,-0.6348345,D454S,-1.465569435,0.0344256215953623
D,T,454,-0.6456502,D454T,-0.995938981,0.0550604495391976
D,V,454,-0.6389687,D454V,-1.39178962,0.0370615830879735
D,W,454,-0.6372003,D454W,-1.061570284,0.0515627931195315
D,Y,454,-0.6500885,D454Y,-1.311492556,0.0401602629006099
L,A,455,-0.6350192,L455A,-0.640986457,0.0741897309548176
L,C,455,-0.6262562,L455C,-2.146150549,0.0164686929150678
L,D,455,-0.6331467,L455D,-2.251680207,0.0148193158383144
L,E,455,-0.6368989,L455E,-2.059967295,0.017950975935302
L,F,455,-0.6307063,L455F,-0.499641854,0.085453328763804
L,G,455,-0.6384246,L455G,-2.61881915,0.0102655354485235
L,H,455,-0.6296078,L455H,-1.962488959,0.0197889335844029
L,I,455,-0.6217378,L455I,-1.311399418,0.0379478426227717
L,K,455,-0.632665,L455K,-1.788620914,0.0235468251226077
L,M,455,-0.6294231,L455M,-0.154657247,0.1206573856598337
L,N,455,-0.6348237,L455N,-1.823822609,0.0227323560696728
L,P,455,-0.6285101,L455P,-1.610594382,0.0281350912977593
L,Q,455,-0.6266361,L455Q,-1.131995431,0.0454047481533338
L,R,455,-0.6329657,L455R,-2.67527023,0.0097020875564207
L,S,455,-0.6295747,L455S,-2.025354878,0.0185831809081555
L,T,455,-0.6296203,L455T,-0.945250677,0.0547272346041337
L,V,455,-0.6096892,L455V,-0.215687536,0.1135138336446687
L,W,455,-0.6236939,L455W,-0.70385206,0.0696693257719115
L,Y,455,-0.636267,L455Y,-0.622085849,0.0756052975776548
T,A,456,-0.6034309,T456A,-1.129895284,0.0687181466518131
T,C,456,-0.6439758,T456C,-0.939587502,0.083122973106096
T,D,456,-0.6407125,T456D,-2.003564057,0.0286841392913469
T,E,456,-0.6328491,T456E,-1.742255095,0.0372500532245017
T,F,456,-0.6439004,T456F,-0.935879936,0.0834317291154075
T,G,456,-0.6420516,T456G,-2.055389909,0.0272354235150478
T,H,456,-0.637706,T456H,-2.581441734,0.0160943194687858
T,I,456,-0.6469225,T456I,-1.928581914,0.0309176278026171
T,K,456,-0.6446888,T456K,-2.513512042,0.0172255907881881
T,L,456,-0.6238975,T456L,-0.4677374,0.1332425647662539
T,M,456,-0.6384464,T456M,-1.021419592,0.0765917229354656
T,N,456,-0.6283717,T456N,-1.561650452,0.0446233855689349
T,P,456,-0.6343094,T456P,-2.382081105,0.019645083896837
T,Q,456,-0.6430785,T456Q,-2.278510599,0.0217888349351311
T,R,456,-0.6313694,T456R,-2.749113317,0.0136098621158053
T,S,456,-0.6372841,T456S,-2.298761453,0.0213520299885415
T,V,456,-0.6240738,T456V,-2.767234571,0.0133654553362317
T,W,456,-0.6415799,T456W,-2.28462334,0.0216560516196236
T,Y,456,-0.6408594,T456Y,-2.00163652,0.0287394823598887
D,A,457,-0.6485114,D457A,-0.579024234,0.1185484177308985
D,C,457,-0.6344045,D457C,-2.636117788,0.0151534364687892
D,E,457,-0.623334,D457E,-0.980614867,0.0793390777310654
D,F,457,-0.6372411,D457F,-1.677901195,0.0395056751405193
D,G,457,-0.6350843,D457G,-2.169707255,0.0241585442140946
D,H,457,-0.6365474,D457H,-2.557916634,0.0163860201255207
D,I,457,-0.6316044,D457I,-2.080990142,0.0263997690817129
D,K,457,-0.6317455,D457K,-1.870851212,0.0325733433506419
D,L,457,-0.6351017,D457L,-2.627307004,0.0152875401343075
D,M,457,-0.6304997,D457M,-1.266515074,0.0596104290400956
D,N,457,-0.584489,D457N,-1.636118639,0.0411912931534706
D,P,457,-0.6517375,D457P,-2.428547999,0.0186490880885905
D,Q,457,-0.6247796,D457Q,-1.090057774,0.0711142593394379
D,R,457,-0.6253626,D457R,-2.140479355,0.0248750682576661
D,S,457,-0.6135942,D457S,-1.83923907,0.0336195054275355
D,T,457,-0.6409856,D457T,-1.414199297,0.0514261240316977
D,V,457,-0.631884,D457V,-1.86991059,0.0326039969862877
D,W,457,-0.6419286,D457W,-1.603790514,0.0425446892505441
D,Y,457,-0.6301577,D457Y,-1.536892949,0.0454881847169348
S,A,458,-0.6075947,S458A,-0.171885683,0.0563709527607192
S,C,458,-0.6434373,S458C,-1.095871605,0.0223755269062326
S,D,458,-0.6332796,S458D,0.502949272486771,0.1106961484528952
S,E,458,-0.6442151,S458E,-0.235470988,0.0528981669650497
S,F,458,-0.642812,S458F,-0.72089194,0.0325555420591377
S,G,458,-0.62855,S458G,0.1132263135405735,0.0749683514982315
S,H,458,-0.6424124,S458H,0.1134670583272816,0.0749864019131147
S,I,458,-0.6415796,S458I,-0.294269086,0.049877528857018
S,K,458,-0.6378555,S458K,-0.489456775,0.041033255394694
S,L,458,-0.6406493,S458L,-0.172894209,0.0563141298498608
S,M,458,-0.6392794,S458M,-0.656680758,0.0347145469052274
S,N,458,-0.6310374,S458N,0.1624948699864017,0.0787544360814786
S,P,458,-0.6275352,S458P,-1.748496965,0.0116504177877134
S,Q,458,-0.6526875,S458Q,-0.295111238,0.0498355420653662
S,R,458,-0.6288189,S458R,-0.373637454,0.0460718526938007
S,T,458,-0.6303277,S458T,-0.379850108,0.0457865114463571
S,V,458,-0.6412949,S458V,-1.244473148,0.019285744539909
S,W,458,-0.6541875,S458W,-0.670494575,0.0342383033222251
S,Y,458,-0.6562476,S458Y,-0.498994281,0.0406437607378689
E,A,459,-0.6304319,E459A,-0.791997487,0.055821665695314
E,C,459,-0.6458883,E459C,-1.539253314,0.0264407410463332
E,D,459,-0.6341152,E459D,-1.319727613,0.0329315714995043
E,F,459,-0.6413913,E459F,-0.395343655,0.0829979542025272
E,G,459,-0.6158675,E459G,-2.654475913,0.0086683864650927
E,H,459,-0.6262009,E459H,-0.975192933,0.0464774192175995
E,I,459,-0.6180736,E459I,-1.238188129,0.0357293087689233
E,K,459,-0.6187396,E459K,-0.664828242,0.0633915983762449
E,L,459,-0.6349815,E459L,-0.702853605,0.0610263639083742
E,M,459,-0.6261409,E459M,-1.07679167,0.0419873266522015
E,N,459,-0.6254292,E459N,-1.543602807,0.0263259869263082
E,P,459,-0.629531,E459P,-2.310348017,0.0122290087999181
E,Q,459,-0.6283797,E459Q,-0.583169181,0.0687853240412234
E,R,459,-0.6331135,E459R,-2.272666141,0.0126986133973231
E,S,459,-0.6328556,E459S,-1.133419107,0.0396757581526373
E,T,459,-0.6337597,E459T,-0.290982099,0.0921278721644199
E,V,459,-0.6296256,E459V,-0.666663731,0.0632753504993341
E,W,459,-0.6414505,E459W,-0.93988221,0.0481478900497601
E,Y,459,-0.6309758,E459Y,-0.753394908,0.0580186583376665
M,A,460,-0.6340676,M460A,-2.205443215,0.0253307902009401
M,C,460,-0.6429466,M460C,-2.807833664,0.0138686359544453
M,D,460,-0.6312575,M460D,-2.415264858,0.0205364000832676
M,E,460,-0.6346037,M460E,-2.200270806,0.025462150889725
M,F,460,-0.6392004,M460F,-1.776995214,0.0388795652721043
M,G,460,-0.6239335,M460G,-2.305794666,0.022912191937988
M,H,460,-0.6391229,M460H,-2.502544462,0.0188199838660233
M,I,460,-0.6121521,M460I,-1.48498122,0.0520644751834391
M,K,460,-0.6404598,M460K,-1.642494809,0.0444768680904605
M,L,460,-0.6112801,M460L,-2.324768806,0.0224815510425226
M,N,460,-0.627505,M460N,-2.508341461,0.0187111999920177
M,P,460,-0.6360365,M460P,-1.044300859,0.0808959116904992
M,Q,460,-0.6294409,M460Q,-1.880069086,0.0350717126646412
M,R,460,-0.6490178,M460R,-2.267910475,0.0237968537159535
M,S,460,-0.6375505,M460S,-2.152665834,0.0267035912960429
M,T,460,-0.6340214,M460T,-1.065379911,0.0792085488358621
M,V,460,-0.6181761,M460V,-1.52488705,0.0500277084060737
M,W,460,-0.6370682,M460W,-0.607465495,0.1252107972380934
M,Y,460,-0.6350744,M460Y,-1.615748997,0.0456824891192887
N,A,461,-0.6453708,N461A,-0.224384007,0.0546552180942615
N,C,461,-0.6453247,N461C,-0.780420787,0.0313435271820571
N,D,461,-0.6307361,N461D,-0.810957161,0.0304008750356355
N,E,461,-0.6589309,N461E,-0.068634405,0.063866458677494
N,F,461,-0.6398483,N461F,-1.534877228,0.0147397949539308
N,G,461,-0.6491728,N461G,0.0051133294126577,0.0687544915466478
N,H,461,-0.6437274,N461H,-1.065574019,0.0235671652082811
N,I,461,-0.6437935,N461I,-0.842903132,0.0294450381008052
N,K,461,-0.6386021,N461K,0.5440164094256841,0.1178538392885414
N,L,461,-0.6631554,N461L,-0.378600816,0.0468442304906607
N,M,461,-0.6458099,N461M,-0.359560596,0.0477447005142399
N,P,461,-0.6476703,N461P,-1.879390376,0.0104441033711204
N,Q,461,-0.6376112,N461Q,0.2285203866388374,0.0859657664393582
N,R,461,-0.6466821,N461R,-0.094984376,0.0622055575623881
N,S,461,-0.634585,N461S,0.2624525719196682,0.0889328278496686
N,T,461,-0.6461781,N461T,-0.178383669,0.0572281000843839
N,V,461,-0.6505774,N461V,-0.278375742,0.0517825358860867
N,W,461,-0.6481551,N461W,-1.473944948,0.0156658517456655
N,Y,461,-0.6516369,N461Y,-0.81904154,0.0301560935348564
K,A,462,-0.6200646,K462A,-0.637080309,0.0615768150320698
K,C,462,-0.6218789,K462C,-1.751363294,0.020206454893789
K,D,462,-0.6204311,K462D,-1.982911076,0.016029875373707
K,E,462,-0.6064559,K462E,-1.384889565,0.0291506142144056
K,F,462,-0.624242,K462F,-1.332307983,0.0307244139989694
K,G,462,-0.6069746,K462G,-1.031433488,0.0415099086926866
K,H,462,-0.6150834,K462H,-0.682995,0.0588134588909913
K,I,462,-0.6343447,K462I,-0.847462417,0.0498941257122049
K,L,462,-0.6166011,K462L,-0.608243025,0.0633783746405408
K,M,462,-0.6232096,K462M,-1.315580998,0.0312426632853462
K,N,462,-0.6068199,K462N,-0.737598694,0.0556881299762911
K,P,462,-0.6299426,K462P,-2.405575748,0.010504347210863
K,Q,462,-0.6302375,K462Q,0.2038274836246287,0.142764055395232
K,R,462,-0.5674492,K462R,-0.436383743,0.0752625010009123
K,S,462,-0.6282728,K462S,-0.57273337,0.0656693543949726
K,T,462,-0.6218472,K462T,-1.04160249,0.0410899332381732
K,V,462,-0.6182452,K462V,-1.144692364,0.0370650048243303
K,W,462,-0.6260768,K462W,-1.378940125,0.0293245610344334
K,Y,462,-0.6248233,K462Y,-1.593300316,0.0236666090338594
L,A,463,-0.6388947,L463A,-2.559138993,0.0257080876452669
L,C,463,-0.6321778,L463C,-2.178434087,0.037619053581553
L,D,463,-0.6418293,L463D,-2.469998161,0.0281049720561275
L,E,463,-0.6316594,L463E,-2.641357452,0.0236789660068219
L,F,463,-0.6417453,L463F,-1.851279445,0.0521782312594069
L,G,463,-0.6487108,L463G,-2.88083782,0.0186362137184258
L,H,463,-0.6335482,L463H,-2.380888268,0.0307243784352162
L,I,463,-0.6251759,L463I,-1.816306132,0.0540353629541872
L,K,463,-0.6379788,L463K,-2.864723112,0.0189389638288149
L,M,463,-0.63878,L463M,-1.873328829,0.0510403243453241
L,N,463,-0.6399519,L463N,-2.083651206,0.0413591455221753
L,P,463,-0.6398137,L463P,-2.231876479,0.0356613781640162
L,Q,463,-0.6363545,L463Q,-1.882746151,0.0505619172467007
L,R,463,-0.6336834,L463R,-2.833647087,0.0195367521961471
L,S,463,-0.6611429,L463S,-1.759316369,0.0572042659168876
L,T,463,-0.648276,L463T,-2.914148019,0.0180256626364537
L,V,463,-0.6271229,L463V,-1.969448752,0.0463627368155306
L,W,463,-0.6388635,L463W,-2.790429646,0.0203995916366003
L,Y,463,-0.657103,L463Y,-2.169544546,0.0379549605776206
F,A,464,-0.650619,F464A,-2.085924896,0.0265581371446567
F,C,464,-0.6635661,F464C,-2.435768741,0.0187181226826457
F,D,464,-0.6668293,F464D,-2.453254463,0.0183936675421268
F,E,464,-0.6662717,F464E,-0.651351845,0.1114871706352055
F,G,464,-0.6505349,F464G,-3.68809341,0.0053503724617712
F,H,464,-0.6623962,F464H,-1.497370372,0.0478413761970377
F,I,464,-0.6607346,F464I,-1.705056684,0.0388692914281713
F,K,464,-0.661495,F464K,-2.94978352,0.0111951096417195
F,L,464,-0.6515712,F464L,-2.084434874,0.0265977388599835
F,M,464,-0.6594747,F464M,-1.741791905,0.0374673274511142
F,N,464,-0.6672317,F464N,-2.487561914,0.0177733293172092
F,P,464,-0.6668947,F464P,-2.38452588,0.0197022938760486
F,Q,464,-0.6509457,F464Q,-2.293028186,0.0215900553524135
F,R,464,-0.6682431,F464R,-2.537790011,0.0169026574293686
F,S,464,-0.6517981,F464S,-2.516853321,0.0172602739322243
F,T,464,-0.6677372,F464T,-2.468352424,0.0181180464101228
F,V,464,-0.6588024,F464V,-1.098710842,0.0712753449384566
F,W,464,-0.6757082,F464W,-0.388999971,0.1449315290158433
F,Y,464,-0.6496635,F464Y,-0.610628392,0.1161210264743944
E,A,465,-0.6264887,E465A,-0.470728494,0.0613679574788807
E,C,465,-0.6320203,E465C,-1.556598231,0.020718308467414
E,D,465,-0.6186188,E465D,-0.970122884,0.0372440923432285
E,F,465,-0.6389387,E465F,-1.597006046,0.0198978153007759
E,G,465,-0.6176742,E465G,-1.317962863,0.0263022173903991
E,H,465,-0.6408889,E465H,-1.031322072,0.0350331281713875
E,I,465,-0.6433486,E465I,-0.777373426,0.0451614046463706
E,K,465,-0.5932051,E465K,-1.069643158,0.033716017995015
E,L,465,-0.6308353,E465L,-0.186573382,0.0815358650639535
E,M,465,-0.6319771,E465M,0.7789801720743081,0.2141328497544532
E,N,465,-0.6373096,E465N,-2.408533063,0.0088381916944499
E,P,465,-0.6414984,E465P,-2.816622583,0.005876681348324
E,Q,465,-0.6301399,E465Q,-0.467946621,0.0615389130242954
E,R,465,-0.6323689,E465R,-1.37213373,0.0249153071267957
E,S,465,-0.6336289,E465S,-0.567700744,0.0556964030257282
E,T,465,-0.6334933,E465T,-0.804866864,0.0439366752621871
E,V,465,-0.62771,E465V,-0.675046937,0.0500273248470226
E,W,465,-0.6412236,E465W,-1.095080596,0.0328691849181215
E,Y,465,-0.6412299,E465Y,-0.828005198,0.0429317248537703
K,A,466,-0.597079,K466A,-0.357941223,0.0570243654877568
K,C,466,-0.5981718,K466C,-2.093197664,0.0100565220259287
K,D,466,-0.5998051,K466D,-0.285951572,0.0612809056515072
K,E,466,-0.5918026,K466E,-0.507438415,0.0491060095546091
K,F,466,-0.6109328,K466F,-0.770636901,0.0377423525701582
K,G,466,-0.6033151,K466G,-0.884621706,0.0336764249625309
K,H,466,-0.6008573,K466H,-0.279710582,0.0616645552037557
K,I,466,-0.595296,K466I,-1.282335161,0.0226256549295916
K,L,466,-0.6162809,K466L,-0.852619761,0.0347715662676954
K,M,466,-0.603617,K466M,-0.328080337,0.0587528423428398
K,N,466,-0.590917,K466N,-0.390623241,0.0551908190510961
K,P,466,-0.6039855,K466P,-2.262333991,0.0084916631052796
K,Q,466,-0.5932768,K466Q,-0.698361093,0.0405712099496247
K,R,466,-0.4568113,K466R,0.2491656829897395,0.1046462513222663
K,S,466,-0.5940485,K466S,-0.23708846,0.0643496454241493
K,T,466,-0.5869594,K466T,-0.25257546,0.0633607396669944
K,V,466,-0.5880629,K466V,-0.467597872,0.0511019150243598
K,W,466,-0.5972741,K466W,-0.980473584,0.0305983513136904
K,Y,466,-0.6007755,K466Y,-0.105201708,0.0734216018498622
T,A,467,-0.6411518,T467A,-2.375133069,0.0240872700789434
T,C,467,-0.6492221,T467C,-1.750135438,0.0450008470107878
T,D,467,-0.63931,T467D,-2.104967559,0.031558693465644
T,E,467,-0.6309574,T467E,-2.956611228,0.013466498405019
T,F,467,-0.62702,T467F,-2.253900706,0.0271918120079251
T,G,467,-0.6448483,T467G,-2.179627844,0.0292883195675771
T,H,467,-0.6367139,T467H,-1.895795037,0.0389010669463345
T,I,467,-0.6385415,T467I,-1.555556022,0.0546670290012656
T,K,467,-0.6241656,T467K,-1.885802818,0.0392917235408148
T,L,467,-0.6396039,T467L,-2.174479792,0.0294394861924792
T,M,467,-0.6368724,T467M,-1.923616936,0.0378336823089359
T,N,467,-0.6339982,T467N,-2.251002588,0.02727073141629
T,P,467,-0.641825,T467P,-1.576172057,0.0535515493224629
T,Q,467,-0.6416343,T467Q,-2.57310922,0.0197609396887144
T,R,467,-0.619009,T467R,-2.464883683,0.0220195971191253
T,S,467,-0.6301428,T467S,-2.735694552,0.0167956819188805
T,V,467,-0.6093976,T467V,-0.273053186,0.1971103523287784
T,W,467,-0.6439645,T467W,-2.525620152,0.020722008298933
T,Y,467,-0.64523,T467Y,-2.988365797,0.0130455934424908
K,A,468,-0.6194397,K468A,-1.008901175,0.0695180733127281
K,C,468,-0.6339324,K468C,-2.25370117,0.0200210939526133
K,D,468,-0.6202604,K468D,-1.924403968,0.0278291423636812
K,E,468,-0.5893457,K468E,-0.891760332,0.0781576253186107
K,F,468,-0.6085103,K468F,-1.94211812,0.0273405131175598
K,G,468,-0.6225683,K468G,-1.142400803,0.0608302451018722
K,H,468,-0.6255401,K468H,-1.951698424,0.0270798332812082
K,I,468,-0.6223617,K468I,-2.324123249,0.0186596660865861
K,L,468,-0.6200655,K468L,-2.362954782,0.0179489702586288
K,M,468,-0.6154407,K468M,-1.721672719,0.0340835571339743
K,N,468,-0.5992268,K468N,-1.338087504,0.0500188723273059
K,P,468,-0.6146692,K468P,-2.981302852,0.0096715075696307
K,Q,468,-0.6252104,K468Q,-1.944651799,0.0272713287008335
K,R,468,-0.5253186,K468R,-0.356031455,0.1335474112884791
K,S,468,-0.6086611,K468S,-0.966833138,0.07250494811922
K,T,468,-0.6112234,K468T,-0.989806897,0.0708582247897562
K,V,468,-0.6117823,K468V,-1.877036619,0.0291790540213185
K,W,468,-0.6312394,K468W,-2.034804435,0.024920312870641
K,Y,468,-0.6113412,K468Y,-2.957919322,0.0099003266669654
K,A,469,-0.6266182,K469A,-0.205642331,0.0625694541473732
K,C,469,-0.6151652,K469C,-0.828009225,0.0335793123888915
K,D,469,-0.618373,K469D,-0.854680189,0.0326955571658445
K,E,469,-0.6142607,K469E,-0.505762513,0.0463470187222574
K,F,469,-0.623039,K469F,-0.881627762,0.0318262563834974
K,G,469,-0.6085775,K469G,-0.673992985,0.0391705996566594
K,H,469,-0.6201463,K469H,-0.507684564,0.0462580229255019
K,I,469,-0.6203559,K469I,-0.330085614,0.0552480973241804
K,L,469,-0.6108928,K469L,0.0090838308949585,0.0775562437759446
K,M,469,-0.6272769,K469M,-0.02380363,0.0750471013409957
K,N,469,-0.5972106,K469N,-0.013969697,0.0757887502716844
K,P,469,-0.6220424,K469P,-2.304401124,0.0076715391731162
K,Q,469,-0.6140428,K469Q,-0.482093801,0.0474570782003945
K,R,469,-0.5494872,K469R,-0.429020813,0.0500438031126005
K,S,469,-0.6180731,K469S,-0.150566617,0.0661121755854505
K,T,469,-0.6216597,K469T,-0.324541702,0.0555552385685745
K,V,469,-0.6162138,K469V,-0.837056784,0.0332768717147196
K,W,469,-0.6250497,K469W,-0.782487099,0.0351432411462358
K,Y,469,-0.6158998,K469Y,-0.394554213,0.0517987123658895
Q,A,470,-0.6365098,Q470A,-0.666501235,0.0497096624148555
Q,C,470,-0.6396324,Q470C,-0.986102849,0.036111003998666
Q,D,470,-0.6417823,Q470D,-1.080613808,0.0328544319919404
Q,E,470,-0.6268125,Q470E,-1.603326559,0.0194797154717111
Q,F,470,-0.6438537,Q470F,-1.04481607,0.0340518512930549
Q,G,470,-0.6359115,Q470G,-2.171954914,0.0110313910954059
Q,H,470,-0.6253047,Q470H,-1.376844538,0.024431073285218
Q,I,470,-0.6417874,Q470I,-0.281261922,0.0730715213201246
Q,K,470,-0.6261836,Q470K,-0.807396532,0.043176829653137
Q,L,470,-0.6279409,Q470L,0.1794909607041908,0.1158378813561666
Q,M,470,-0.643239,Q470M,0.5503420289016394,0.1678453020437311
Q,N,470,-0.6249232,Q470N,-0.986776425,0.0360866886707569
Q,P,470,-0.6500413,Q470P,-1.382958147,0.0242821668338221
Q,R,470,-0.6219929,Q470R,-1.587304783,0.0197943288711558
Q,S,470,-0.6427583,Q470S,-0.826664185,0.042352876615525
Q,T,470,-0.6430616,Q470T,-0.372905553,0.0666726658342726
Q,V,470,-0.6384316,Q470V,-0.267356516,0.074094708093228
Q,W,470,-0.6439453,Q470W,-2.340582301,0.0093195783917236
Q,Y,470,-0.636737,Q470Y,-1.437591943,0.022991127649563
L,A,471,-0.6272465,L471A,-2.04692851,0.0505375198108878
L,C,471,-0.6447137,L471C,-2.335941714,0.0378527168445385
L,D,471,-0.6321706,L471D,-2.873281056,0.0221173689922222
L,E,471,-0.6332016,L471E,-3.036208124,0.0187920908039272
L,F,471,-0.6345276,L471F,-1.328643403,0.1036480717897816
L,G,471,-0.6355105,L471G,-2.957313097,0.02033474798846
L,H,471,-0.6369304,L471H,-2.943197527,0.0206238201024405
L,I,471,-0.62339,L471I,-3.065997496,0.018240541842387
L,K,471,-0.6383419,L471K,-2.94204468,0.0206476099200031
L,M,471,-0.6329082,L471M,-2.247139342,0.0413678972677724
L,N,471,-0.6284318,L471N,-2.732166684,0.0254693981464162
L,P,471,-0.641132,L471P,-2.388883407,0.0359008527668361
L,Q,471,-0.618966,L471Q,-2.282685544,0.0399232531977116
L,R,471,-0.6306256,L471R,-2.64715578,0.027729271677426
L,S,471,-0.6272095,L471S,-2.343289145,0.0375756157963485
L,T,471,-0.6281648,L471T,-2.928686256,0.0209252800867458
L,V,471,-0.6159809,L471V,-2.94682284,0.020549187631206
L,W,471,-0.6365387,L471W,-2.862931796,0.022347456066798
L,Y,471,-0.643529,L471Y,-2.789480132,0.0240507020450034
R,A,472,-0.6495441,R472A,-1.130714512,0.0459105794330821
R,C,472,-0.657637,R472C,-1.911411754,0.0210310113645214
R,D,472,-0.6556076,R472D,-1.235694831,0.0413352330488076
R,E,472,-0.6429659,R472E,0.1819780368736474,0.17061137132832
R,F,472,-0.6524681,R472F,-2.036789373,0.0185527940050761
R,G,472,-0.6535325,R472G,-0.623830539,0.0762166268918322
R,H,472,-0.649798,R472H,-0.228899062,0.1131270087819851
R,I,472,-0.6501181,R472I,-2.252158721,0.0149580694931142
R,K,472,-0.6277891,R472K,-1.172433995,0.0440346175582713
R,L,472,-0.6559096,R472L,-1.844219509,0.0224926897324917
R,M,472,-0.6506367,R472M,-1.065646767,0.0489972090535733
R,N,472,-0.6448302,R472N,-1.356243928,0.0366409368412353
R,P,472,-0.6528194,R472P,-2.632975656,0.0102208901012483
R,Q,472,-0.666001,R472Q,-1.019681117,0.0513019620265708
R,S,472,-0.656534,R472S,-0.805270807,0.0635698527970646
R,T,472,-0.6458886,R472T,-2.299789628,0.0142623041088585
R,V,472,-0.6508,R472V,-2.102558798,0.0173718474937751
R,W,472,-0.6532853,R472W,-1.776229982,0.0240751433622691
R,Y,472,-0.656108,R472Y,-1.81909951,0.0230648627410958
E,A,473,-0.6334625,E473A,-1.029324391,0.0760253042765461
E,C,473,-0.6306316,E473C,-2.348561537,0.0203245340298067
E,D,473,-0.6222377,E473D,-1.258279846,0.0604677851617032
E,F,473,-0.6374624,E473F,-1.779188579,0.0359166831862397
E,G,473,-0.6071374,E473G,-1.400211411,0.052466724860746
E,H,473,-0.6339826,E473H,-2.081523746,0.026545669732353
E,I,473,-0.6347804,E473I,-2.233058659,0.0228130253705418
E,K,473,-0.6359287,E473K,-2.138855823,0.0250665562085013
E,L,473,-0.635619,E473L,-1.299847846,0.0580057845586939
E,M,473,-0.6386986,E473M,-1.563995551,0.0445403260560483
E,N,473,-0.6135153,E473N,-1.155866393,0.0669887179170318
E,P,473,-0.6373352,E473P,-2.255921416,0.0222973735465589
E,Q,473,-0.6300695,E473Q,-1.586088098,0.0435671066337485
E,R,473,-0.6330109,E473R,-2.590688733,0.0159538694440006
E,S,473,-0.6321062,E473S,-0.92647499,0.084260707144968
E,T,473,-0.6306678,E473T,-1.37798419,0.0536459717157731
E,V,473,-0.6299639,E473V,-2.574642593,0.0162119325566155
E,W,473,-0.6495892,E473W,-1.851137418,0.0334232926170338
E,Y,473,-0.6292988,E473Y,-2.004519656,0.0286705583095245
N,A,474,-0.6318715,N474A,-2.810090502,0.0211697047558962
N,C,474,-0.6488032,N474C,-1.929297051,0.0510785613310642
N,D,474,-0.6414905,N474D,-2.012501297,0.0470006110615186
N,E,474,-0.6516979,N474E,-1.569162527,0.0732222582679833
N,F,474,-0.6380122,N474F,-2.452693891,0.0302642725077937
N,G,474,-0.6339609,N474G,-3.274873834,0.0133003124487217
N,H,474,-0.6484518,N474H,-2.81428658,0.0210810610826803
N,I,474,-0.6427326,N474I,-2.434491169,0.0308202092708679
N,K,474,-0.6392886,N474K,-1.707602521,0.0637557537373586
N,L,474,-0.6457097,N474L,-3.154981796,0.0149944427594239
N,M,474,-0.6501001,N474M,-1.99502275,0.0478293349692336
N,P,474,-0.652916,N474P,-2.383245745,0.0324407730608576
N,Q,474,-0.6520369,N474Q,-2.715988746,0.0232585530324428
N,R,474,-0.6484071,N474R,-3.331933451,0.0125626467332769
N,S,474,-0.6309756,N474S,-2.400460209,0.0318871016346362
N,T,474,-0.6320472,N474T,-2.980918944,0.0178453435472284
N,V,474,-0.6388366,N474V,-1.619470442,0.0696297227438848
N,W,474,-0.6368621,N474W,-2.983385535,0.0178013806077742
N,Y,474,-0.6481935,N474Y,-2.516310952,0.0283989112653434
A,C,475,-0.6501974,A475C,-2.341126141,0.0213562496232141
A,D,475,-0.6388891,A475D,-0.847627491,0.0950918657586506
A,E,475,-0.6428927,A475E,-2.178563131,0.0251261088783982
A,F,475,-0.6491567,A475F,-2.536422576,0.0175674522007331
A,G,475,-0.6427176,A475G,-1.055103709,0.0772747451811106
A,H,475,-0.6257873,A475H,-3.226008674,0.0088150564538235
A,I,475,-0.6418759,A475I,-0.054405562,0.2102012528876754
A,K,475,-0.6352908,A475K,-3.012258044,0.0109158086048802
A,L,475,-0.6433182,A475L,-2.219630717,0.0241151409189925
A,M,475,-0.642191,A475M,-1.767752047,0.0378911932731889
A,N,475,-0.6403573,A475N,-2.206261614,0.0244397035794778
A,P,475,-0.6515345,A475P,-2.649062479,0.0156960315517181
A,Q,475,-0.649273,A475Q,-1.636869141,0.0431896833900475
A,R,475,-0.6358263,A475R,-2.737332239,0.0143699338085354
A,S,475,-0.6414673,A475S,-1.340705602,0.0580767408875841
A,T,475,-0.6152703,A475T,-1.628276138,0.0435624116931351
A,V,475,-0.6321414,A475V,-2.82060383,0.013221792856104
A,W,475,-0.6444393,A475W,-2.492284689,0.0183602094864838
A,Y,475,-0.6447286,A475Y,-2.469974413,0.0187744346115879
E,A,476,-0.623723,E476A,-2.001487112,0.0224063904965115
E,C,476,-0.6416238,E476C,-2.778691174,0.0102999765802589
E,D,476,-0.6201628,E476D,-1.432047582,0.039598289828392
E,F,476,-0.6440686,E476F,-0.235126321,0.1310668330388808
E,G,476,-0.6270054,E476G,-1.719011611,0.0297200475111934
E,H,476,-0.6416213,E476H,-2.207319514,0.0182381162514142
E,I,476,-0.643384,E476I,-1.534677437,0.0357359094279154
E,K,476,-0.6320742,E476K,-0.74625022,0.0786166429445764
E,L,476,-0.6463983,E476L,-1.914962738,0.024431434898202
E,M,476,-0.6398959,E476M,-1.879654676,0.0253094715413013
E,N,476,-0.6344295,E476N,-0.786413569,0.0755217024226849
E,P,476,-0.6405711,E476P,-1.606972797,0.0332435468537518
E,Q,476,-0.6439108,E476Q,-2.1433452,0.0194430183530284
E,R,476,-0.627817,E476R,-2.609919712,0.012193624513477
E,S,476,-0.6329267,E476S,-1.723083737,0.0295992697866053
E,T,476,-0.6293911,E476T,-1.059738158,0.0574603666088972
E,V,476,-0.6363023,E476V,-0.112198174,0.1482107910939986
E,W,476,-0.6459015,E476W,-2.43467406,0.0145291796665491
E,Y,476,-0.6457081,E476Y,-1.758586273,0.0285668553906392
D,A,477,-0.6363571,D477A,-2.04705352,0.0233643606281772
D,C,477,-0.6286636,D477C,-0.844846661,0.077743812805666
D,E,477,-0.5958566,D477E,-1.524176665,0.0394127292116144
D,F,477,-0.6339065,D477F,-1.890496827,0.0273240855220382
D,G,477,-0.6150257,D477G,-0.713316487,0.0886724425231049
D,H,477,-0.630201,D477H,-1.11343849,0.0594316611861416
D,I,477,-0.6401694,D477I,-0.911887006,0.0727027067371599
D,K,477,-0.628195,D477K,-0.963069539,0.0690752213376224
D,L,477,-0.6252882,D477L,-1.61137015,0.0361217556084396
D,M,477,-0.6210178,D477M,-2.612695101,0.0132708500619499
D,N,477,-0.5910791,D477N,-0.692012674,0.090581769668741
D,P,477,-0.6222527,D477P,-1.818094903,0.0293757797337628
D,Q,477,-0.6252387,D477Q,-2.369821716,0.0169191049232891
D,R,477,-0.6245159,D477R,-2.219983035,0.0196540262439952
D,S,477,-0.6310961,D477S,-1.632668441,0.0353605586190669
D,T,477,-0.6266912,D477T,-1.819652572,0.029330057581675
D,V,477,-0.6266339,D477V,-1.900663148,0.0270477072387353
D,W,477,-0.628489,D477W,-1.328285398,0.0479414345851694
D,Y,477,-0.6303399,D477Y,-2.443853026,0.0157118011748416
M,A,478,-0.6023013,M478A,-2.080453414,0.0169817896019526
M,C,478,-0.6178858,M478C,-2.3139152,0.0134459726482583
M,D,478,-0.5892877,M478D,-1.006129459,0.0497229159733493
M,E,478,-0.609081,M478E,-0.889881316,0.0558524883399039
M,F,478,-0.6171817,M478F,-2.699341555,0.0091454174130584
M,G,478,-0.6101511,M478G,-2.494201275,0.0112278063077043
M,H,478,-0.6166827,M478H,-2.461047019,0.0116062957991255
M,I,478,-0.540986,M478I,0.0620013498317426,0.1446904819884933
M,K,478,-0.6089802,M478K,-1.65514081,0.0259833092050226
M,L,478,-0.5720178,M478L,-0.009809666,0.1346644101332092
M,N,478,-0.621479,M478N,-3.037012979,0.0065246092193473
M,P,478,-0.6258132,M478P,-2.530206631,0.010830736013405
M,Q,478,-0.6189247,M478Q,0.1151003643185697,0.1525810411061292
M,R,478,-0.6216841,M478R,-2.473976438,0.0114571989625592
M,S,478,-0.5976074,M478S,-2.057905586,0.0173690417489275
M,T,478,-0.6158375,M478T,-0.141283092,0.1180741003596985
M,V,478,-0.5777716,M478V,-1.122039422,0.0442810103736192
M,W,478,-0.628248,M478W,-2.313811399,0.0134473684273203
M,Y,478,-0.6097317,M478Y,-2.132405028,0.0161220826439
G,A,479,-0.6515932,G479A,-1.181722025,0.0677438998099971
G,C,479,-0.6451402,G479C,-0.897939998,0.0899736166736282
G,D,479,-0.6311019,G479D,-2.104161316,0.0269314540897781
G,E,479,-0.6609644,G479E,-2.418827172,0.0196608413203612
G,F,479,-0.6582938,G479F,-2.377351069,0.0204934440255743
G,H,479,-0.6493451,G479H,-1.957383746,0.0311892199750411
G,I,479,-0.6557641,G479I,-2.307188787,0.0219829542462985
G,K,479,-0.6567017,G479K,-1.94146491,0.0316896890819285
G,L,479,-0.6558853,G479L,-2.12123006,0.0264756687387934
G,M,479,-0.6475758,G479M,-1.495058614,0.0495210470508254
G,N,479,-0.6367444,G479N,-2.020997509,0.0292669454620555
G,P,479,-0.6514258,G479P,-2.301251382,0.0221138642607301
G,Q,479,-0.6510281,G479Q,-1.470713662,0.0507414296234306
G,R,479,-0.6545695,G479R,-1.488538798,0.0498449700353556
G,S,479,-0.6388246,G479S,-0.545798322,0.1279523831018896
G,T,479,-0.6568313,G479T,-2.709369628,0.0147035105837408
G,V,479,-0.6494339,G479V,-2.132479748,0.0261794946634662
G,W,479,-0.6702251,G479W,-2.451076923,0.0190368988462564
G,Y,479,-0.6510465,G479Y,-1.41488781,0.0536546743461457
N,A,480,-0.6336383,N480A,-2.171099829,0.0262654635465823
N,C,480,-0.6400498,N480C,-2.141322191,0.0270593486742269
N,D,480,-0.5977843,N480D,-1.546424777,0.0490544120736275
N,E,480,-0.6338869,N480E,-3.304637903,0.008454645282488
N,F,480,-0.6309498,N480F,-1.776154203,0.0389859238407669
N,G,480,-0.6287042,N480G,-2.051964397,0.0295886362821649
N,H,480,-0.6321568,N480H,-1.479032795,0.0524742266260807
N,I,480,-0.6418444,N480I,-2.064137325,0.0292306391855809
N,K,480,-0.6511013,N480K,-2.030089959,0.0302430021557139
N,L,480,-0.6272868,N480L,-2.085752222,0.0286056010963531
N,M,480,-0.629291,N480M,-2.179526611,0.0260450600876053
N,P,480,-0.6329871,N480P,-1.560614488,0.0483632592399353
N,Q,480,-0.6401438,N480Q,-1.941256359,0.0330525411676339
N,R,480,-0.6338474,N480R,-2.432351066,0.020226700797923
N,S,480,-0.6397636,N480S,-1.662338541,0.0436855045654832
N,T,480,-0.6266556,N480T,-1.10232814,0.0764798144584918
N,V,480,-0.6330535,N480V,-0.567810069,0.1305224141467778
N,W,480,-0.6360081,N480W,-2.229740631,0.0247695252843799
N,Y,480,-0.6309447,N480Y,-1.597761456,0.0465996692285574
G,A,481,-0.6522621,G481A,-2.428840255,0.0236714894285506
G,C,481,-0.6483352,G481C,-1.676581443,0.0502258775080582
G,D,481,-0.6535574,G481D,-2.047852189,0.0346486771091741
G,E,481,-0.6645797,G481E,-2.177424533,0.030437857985544
G,F,481,-0.6589974,G481F,-2.237918202,0.0286511468687273
G,H,481,-0.6580016,G481H,-2.286916969,0.0272811145480169
G,I,481,-0.6553459,G481I,-2.918354701,0.0145088184534937
G,K,481,-0.6669274,G481K,-2.909354645,0.0146399881077429
G,L,481,-0.6588501,G481L,-1.452353654,0.0628504572841185
G,M,481,-0.6506781,G481M,-2.103914968,0.0327596229927473
G,N,481,-0.6471617,G481N,-2.520937763,0.0215887813461223
G,P,481,-0.6661202,G481P,-1.884810267,0.0407844757254299
G,Q,481,-0.6585901,G481Q,-0.824043107,0.1178094904969967
G,R,481,-0.6485393,G481R,-2.229378159,0.0288968767769527
G,S,481,-0.6562105,G481S,-1.817627252,0.0436186382765885
G,T,481,-0.6503137,G481T,-2.737137163,0.0173913731343661
G,V,481,-0.6455256,G481V,-2.639109891,0.0191825615040606
G,W,481,-0.6575821,G481W,-1.480824227,0.0610863009151643
G,Y,481,-0.6575195,G481Y,-1.475761566,0.0613963443537003
C,A,482,-0.6650852,C482A,-0.996521383,0.0803779667463953
C,D,482,-0.6617319,C482D,-2.00189374,0.0294109637486279
C,E,482,-0.6490918,C482E,-2.330418405,0.0211754549211986
C,F,482,-0.6611286,C482F,-1.908890699,0.0322775064184525
C,G,482,-0.6454332,C482G,-3.026311925,0.010558684840936
C,H,482,-0.6565754,C482H,-2.959044283,0.0112933768297322
C,I,482,-0.6575408,C482I,-1.692104502,0.0400911996244305
C,K,482,-0.6594885,C482K,-2.309688855,0.0216189940747255
C,L,482,-0.6598184,C482L,-1.09269383,0.0730078985158627
C,M,482,-0.6571399,C482M,-2.148853282,0.0253913337581047
C,N,482,-0.6549102,C482N,-2.407328393,0.0196079029781333
C,P,482,-0.6630197,C482P,-1.217853727,0.0644189419127661
C,Q,482,-0.6521672,C482Q,-2.045711571,0.028150065324372
C,R,482,-0.6539714,C482R,-2.217433442,0.0237083601943119
C,S,482,-0.6633741,C482S,-1.86071126,0.0338706902423366
C,T,482,-0.6622627,C482T,-2.14650719,0.0254509741278601
C,V,482,-0.6676559,C482V,-2.826852541,0.0128894388730993
C,W,482,-0.6606622,C482W,-0.137672306,0.189727577785489
C,Y,482,-0.6779907,C482Y,-1.713528831,0.0392414079763622
F,A,483,-0.6603471,F483A,-1.872033018,0.0374935402439167
F,C,483,-0.6675321,F483C,-2.117494075,0.029332834691232
F,D,483,-0.6620863,F483D,-1.409143632,0.0595644037600056
F,E,483,-0.6578591,F483E,-2.439391065,0.0212596393185614
F,G,483,-0.6520485,F483G,-1.856690327,0.0380732278231623
F,H,483,-0.6670657,F483H,-2.184304809,0.0274371180229928
F,I,483,-0.6472253,F483I,-1.683543082,0.0452706373404914
F,K,483,-0.6557934,F483K,-2.354372875,0.0231461540606105
F,L,483,-0.6475022,F483L,-0.408611826,0.1619989826509175
F,M,483,-0.6709048,F483M,-1.723861735,0.0434816920613132
F,N,483,-0.6516963,F483N,-1.798549805,0.0403524410444518
F,P,483,-0.6558403,F483P,-2.227160907,0.0262861098097369
F,Q,483,-0.6664615,F483Q,-2.633077612,0.0175161578338085
F,R,483,-0.6464655,F483R,-1.736904293,0.0429182617419214
F,S,483,-0.6585848,F483S,-1.953215417,0.0345699993871805
F,T,483,-0.6603281,F483T,-2.366539618,0.0228662468663344
F,V,483,-0.6440647,F483V,-1.605072331,0.0489661580715237
F,W,483,-0.6591241,F483W,-2.674431483,0.0168065697238812
F,Y,483,-0.6535467,F483Y,-2.5572779,0.0188954946190214
K,A,484,-0.6167435,K484A,-1.78222694,0.0198346038020008
K,C,484,-0.6220975,K484C,-1.413111493,0.0286898580421677
K,D,484,-0.630129,K484D,-2.239647717,0.0125535941360001
K,E,484,-0.5921691,K484E,-1.745056541,0.0205857378077231
K,F,484,-0.6185282,K484F,-0.780405664,0.0540143458015967
K,G,484,-0.6216894,K484G,-1.690364077,0.021742980856599
K,H,484,-0.6239772,K484H,-0.643782013,0.0619218650212659
K,I,484,-0.6291866,K484I,-0.916633866,0.047135264890346
K,L,484,-0.6256931,K484L,-0.253913427,0.0914453921331786
K,M,484,-0.6226529,K484M,-0.028130042,0.1146088921729526
K,N,484,-0.6066643,K484N,-2.143356325,0.0138225107163263
K,P,484,-0.6188622,K484P,-2.067675812,0.0149092084723294
K,Q,484,-0.6100436,K484Q,-0.736029782,0.0564652589882257
K,R,484,-0.5670465,K484R,-0.458750958,0.0745078456602133
K,S,484,-0.6234804,K484S,-1.258973929,0.0334710636991706
K,T,484,-0.6150292,K484T,-0.264274626,0.0905027997468722
K,V,484,-0.6215213,K484V,-1.168544875,0.0366388947695406
K,W,484,-0.6312995,K484W,-1.135324779,0.037876485352794
K,Y,484,-0.6265268,K484Y,-0.830118729,0.0513947794204213
I,A,485,-0.6252274,I485A,-2.239222724,0.0240301979226128
I,C,485,-0.6192942,I485C,-1.382857517,0.0565811976139557
I,D,485,-0.6287366,I485D,-2.914958378,0.0122261271421934
I,E,485,-0.6328553,I485E,-2.313420492,0.02231175089559
I,F,485,-0.6141204,I485F,-2.731050926,0.0146946402705952
I,G,485,-0.6188343,I485G,-0.96147693,0.0862333833350802
I,H,485,-0.6287779,I485H,-2.259121331,0.0235567562905469
I,K,485,-0.6309436,I485K,-1.708398426,0.0408593530297612
I,L,485,-0.6243115,I485L,-0.852991515,0.0961147516268406
I,M,485,-0.6269757,I485M,-1.503558143,0.0501478721716605
I,N,485,-0.6183011,I485N,-1.223580081,0.0663506922888603
I,P,485,-0.631537,I485P,-2.18872551,0.0252748168908078
I,Q,485,-0.6269998,I485Q,-1.239531367,0.065300709813243
I,R,485,-0.611873,I485R,-2.075475167,0.028305578516127
I,S,485,-0.612286,I485S,-2.38300466,0.0208119904724529
I,T,485,-0.6119874,I485T,-1.362742242,0.0577308683798124
I,V,485,-0.5341155,I485V,-1.651145662,0.0432669270218869
I,W,485,-0.6276987,I485W,-2.820779666,0.0134335326302527
I,Y,485,-0.6260779,I485Y,-2.114562179,0.0272205412104401
Y,A,486,-0.6372774,Y486A,-1.619014771,0.0272511886971547
Y,C,486,-0.6508118,Y486C,-1.164752385,0.0429209333062709
Y,D,486,-0.645032,Y486D,-2.456675035,0.0117921776124582
Y,E,486,-0.6319163,Y486E,-0.863102564,0.0580328682403568
Y,F,486,-0.6199456,Y486F,-0.544218654,0.0798295311744203
Y,G,486,-0.6416956,Y486G,-1.606509945,0.0275940997608902
Y,H,486,-0.6278142,Y486H,-0.048688615,0.1310296441867277
Y,I,486,-0.6374602,Y486I,-2.399136379,0.0124905842515826
Y,K,486,-0.6414716,Y486K,-0.359557453,0.0960198290874133
Y,L,486,-0.6497791,Y486L,-1.167616805,0.04279816559386
Y,M,486,-0.6383793,Y486M,-1.82365743,0.022208040322491
Y,N,486,-0.6290459,Y486N,-0.725595422,0.066587489093876
Y,P,486,-0.6330089,Y486P,-2.685232949,0.0093828003721311
Y,Q,486,-0.6467604,Y486Q,-1.937889902,0.0198106936183149
Y,R,486,-0.6400083,Y486R,-1.244818258,0.0396184044840406
Y,S,486,-0.6364252,Y486S,-2.589712521,0.0103232516258417
Y,T,486,-0.6510108,Y486T,-2.779356735,0.0085399433525714
Y,V,486,-0.6270705,Y486V,-1.166217289,0.0428581042575609
Y,W,486,-0.6370906,Y486W,-0.193675093,0.1133450946061665
H,A,487,-0.6492886,H487A,-2.357329957,0.0188712637376154
H,C,487,-0.6550861,H487C,-1.044716821,0.0701232109244317
H,D,487,-0.6606042,H487D,-0.909797479,0.0802521226196668
H,E,487,-0.6657207,H487E,-2.045948795,0.0257651198174923
H,F,487,-0.6583638,H487F,-1.513429368,0.0438836239038194
H,G,487,-0.6595987,H487G,-1.552099044,0.0422190496870749
H,I,487,-0.6675131,H487I,-2.631341954,0.0143482525880411
H,K,487,-0.6611511,H487K,-2.040119228,0.0259157580072557
H,L,487,-0.6583413,H487L,-2.738098944,0.0128954056302891
H,M,487,-0.6606291,H487M,-1.730111883,0.0353344584916942
H,N,487,-0.6450544,H487N,-1.040562692,0.0704151177213246
H,P,487,-0.6543357,H487P,-1.928905593,0.0289643243117823
H,Q,487,-0.6670778,H487Q,-1.817932435,0.0323637209306683
H,R,487,-0.6540714,H487R,-0.427315419,0.1300157138756748
H,S,487,-0.6549568,H487S,-2.240375032,0.0212125993037103
H,T,487,-0.6455134,H487T,-2.690635463,0.0135222247847767
H,V,487,-0.6578728,H487V,-2.126437683,0.023772577511046
H,W,487,-0.6671733,H487W,-1.133898911,0.0641402279291413
H,Y,487,-0.6400063,H487Y,-1.452224153,0.0466534298661717
K,A,488,-0.6189447,K488A,-0.22592174,0.0574410338932779
K,C,488,-0.6179507,K488C,-1.16530211,0.0224519682441542
K,D,488,-0.6123212,K488D,-1.170563605,0.0223341475090452
K,E,488,-0.6043709,K488E,0.850873548578595,0.1686042625465212
K,F,488,-0.613988,K488F,-0.571353544,0.0406633440278281
K,G,488,-0.6114473,K488G,-0.845621814,0.0309093491903557
K,H,488,-0.6219271,K488H,-0.545875926,0.0417126596755215
K,I,488,-0.6073666,K488I,-1.236382458,0.0209114718778998
K,L,488,-0.6275143,K488L,0.3434576802371731,0.101508081876474
K,M,488,-0.6207056,K488M,-0.607774643,0.0392089854030722
K,N,488,-0.6021869,K488N,0.1436443428417324,0.083123301071239
K,P,488,-0.6251224,K488P,-0.604354169,0.0393433283751669
K,Q,488,-0.6160474,K488Q,-0.431709851,0.0467573177567704
K,R,488,-0.5530063,K488R,-0.229119571,0.0572576405167843
K,S,488,-0.6274135,K488S,-0.613065804,0.0390020721748297
K,T,488,-0.6099564,K488T,-0.670867384,0.0368116062367003
K,V,488,-0.6155648,K488V,-0.871154251,0.0301301477097845
K,W,488,-0.6238395,K488W,-1.296655815,0.0196882992947018
K,Y,488,-0.6200093,K488Y,-0.870829541,0.0301399328461007
C,A,489,-0.6632266,C489A,-1.44494501,0.0656550682473693
C,D,489,-0.6487013,C489D,-2.330446245,0.0270831928903346
C,E,489,-0.6615941,C489E,-1.725390132,0.0495989481735899
C,F,489,-0.6640197,C489F,-2.0287444,0.036620759812388
C,G,489,-0.6650462,C489G,-2.312237276,0.0275808674069821
C,H,489,-0.6640864,C489H,-1.964422712,0.0390536754029535
C,I,489,-0.6584942,C489I,-2.367110265,0.0261081966569365
C,K,489,-0.6698535,C489K,-2.105283478,0.0339224211951091
C,L,489,-0.6619986,C489L,-1.318277364,0.0745211116206077
C,M,489,-0.6635013,C489M,-2.440762368,0.0242543790381366
C,N,489,-0.6464702,C489N,-1.108204686,0.0919417446425678
C,P,489,-0.6679074,C489P,-1.913995565,0.0410735414021861
C,Q,489,-0.6551548,C489Q,-2.681677718,0.0190617120484808
C,R,489,-0.6625208,C489R,-2.556231048,0.021609400976163
C,S,489,-0.6511209,C489S,-2.768147149,0.0174827073218488
C,T,489,-0.6598182,C489T,-2.824242946,0.0165289999328071
C,V,489,-0.6605702,C489V,-2.13552513,0.0329119076607499
C,W,489,-0.6689201,C489W,-2.215885515,0.0303705721109238
C,Y,489,-0.6587233,C489Y,-1.797744871,0.0461369834571526
D,A,490,-0.6319047,D490A,-3.359416948,0.0093810035841994
D,C,490,-0.6305535,D490C,-2.543060863,0.0212221071521739
D,E,490,-0.6263292,D490E,-2.58348334,0.0203813635490803
D,F,490,-0.6197771,D490F,-2.581025297,0.0204315234692176
D,G,490,-0.6065155,D490G,-1.860489287,0.041997716069022
D,H,490,-0.6272649,D490H,-2.863296718,0.0154067757450773
D,I,490,-0.6158699,D490I,-2.136112424,0.031880419919102
D,K,490,-0.6181628,D490K,-2.208339062,0.0296589923730804
D,L,490,-0.6207181,D490L,-3.421270485,0.0088183355894549
D,M,490,-0.6209215,D490M,-2.539166078,0.0213049239105376
D,N,490,-0.5582202,D490N,-1.209783471,0.0805051508211397
D,P,490,-0.6369025,D490P,-0.162923048,0.2293345078937239
D,Q,490,-0.6237817,D490Q,-3.061333957,0.0126387818906328
D,R,490,-0.623326,D490R,-1.759853985,0.0464441521896982
D,S,490,-0.6128268,D490S,-2.714356044,0.0178811692022652
D,T,490,-0.6149947,D490T,-2.336379873,0.0260944985004346
D,V,490,-0.6168635,D490V,-2.483479194,0.022524984720765
D,W,490,-0.6138033,D490W,-2.779124796,0.0167597364485981
D,Y,490,-0.625617,D490Y,-1.547720686,0.057419496329388
N,A,491,-0.6417392,N491A,-1.38968473,0.0361373623026463
N,C,491,-0.6414892,N491C,-2.333552808,0.01406175616957
N,D,491,-0.5935685,N491D,0.411020442442114,0.2187725707170812
N,E,491,-0.6471814,N491E,-0.92216492,0.0576763499582997
N,F,491,-0.6428489,N491F,-1.824349671,0.0233982727464791
N,G,491,-0.6319192,N491G,-1.057997694,0.0503507951283967
N,H,491,-0.6435776,N491H,-1.171697815,0.0449393708057007
N,I,491,-0.6448508,N491I,-1.193545233,0.0439682087066043
N,K,491,-0.6395087,N491K,-1.629185684,0.0284408436323363
N,L,491,-0.6309249,N491L,-1.246378241,0.0417055337248619
N,M,491,-0.646444,N491M,-1.403959904,0.0356251595967104
N,P,491,-0.6421009,N491P,-2.150614943,0.016884512273603
N,Q,491,-0.6406071,N491Q,-1.984474601,0.019936200534533
N,R,491,-0.6416012,N491R,-1.735980742,0.0255600649539238
N,S,491,-0.6318958,N491S,-1.006074666,0.0530342244404939
N,T,491,-0.6255081,N491T,-0.897437322,0.0591203273057132
N,V,491,-0.6366354,N491V,-1.090753331,0.0487282413743418
N,W,491,-0.6563427,N491W,-2.627776095,0.0104775539971318
N,Y,491,-0.6464042,N491Y,-1.713458582,0.0261422646338075
A,C,492,-0.6325701,A492C,-1.82608984,0.0091408070477548
A,D,492,-0.6025413,A492D,0.0905327667371476,0.0621389011071632
A,E,492,-0.6222254,A492E,0.2626173709338744,0.073807241441104
A,F,492,-0.617322,A492F,-0.480594146,0.0351015462681096
A,G,492,-0.6131366,A492G,0.365623329470417,0.0818151816473333
A,H,492,-0.614939,A492H,0.0209418879454585,0.0579616351801625
A,I,492,-0.6216498,A492I,-0.207284289,0.0461342262001297
A,K,492,-0.6103845,A492K,-0.373056369,0.0390867286605189
A,L,492,-0.625213,A492L,-0.687877806,0.0285301509980813
A,M,492,-0.6239097,A492M,-0.191345706,0.0468754317411465
A,N,492,-0.6098203,A492N,-0.008922259,0.0562562517576885
A,P,492,-0.6203245,A492P,-1.096875563,0.0189530245113339
A,Q,492,-0.6280471,A492Q,-0.122540911,0.0502142325398702
A,R,492,-0.61413,A492R,-0.220309278,0.0455372246776505
A,S,492,-0.5910082,A492S,0.2175873599103384,0.0705574189862814
A,T,492,-0.535907,A492T,-0.155559093,0.0485833225550096
A,V,492,-0.5942746,A492V,-0.228922171,0.0451467015392235
A,W,492,-0.6252232,A492W,0.0905133318207167,0.0621376934543541
A,Y,492,-0.6236136,A492Y,0.1395681650906972,0.065261849139044
C,A,493,-0.6546886,C493A,-1.86403691,0.0397014158273568
C,D,493,-0.6619066,C493D,-2.03197388,0.0335638580093018
C,E,493,-0.6697486,C493E,-2.337809489,0.0247200367388627
C,F,493,-0.6613788,C493F,-1.787917948,0.0428414388039165
C,G,493,-0.6520162,C493G,-2.584712748,0.0193116925888191
C,H,493,-0.6686903,C493H,-2.415580969,0.0228703795913761
C,I,493,-0.6524653,C493I,-2.753227983,0.0163168026764044
C,K,493,-0.6648915,C493K,-2.473537537,0.021582569285998
C,L,493,-0.6568093,C493L,-1.317306555,0.068587980698843
C,M,493,-0.6618407,C493M,-2.007634047,0.0343908202135858
C,N,493,-0.6587265,C493N,-2.025183775,0.033792535709473
C,P,493,-0.6604629,C493P,-2.676985916,0.0176094823707506
C,Q,493,-0.6644839,C493Q,-2.418708212,0.0227989700333695
C,R,493,-0.6551909,C493R,-2.308376314,0.0254584396626479
C,S,493,-0.6521278,C493S,-1.373377112,0.0648480437969786
C,T,493,-0.6440074,C493T,-2.44513038,0.0222044602744976
C,V,493,-0.6652554,C493V,-1.969550629,0.0357257994947132
C,W,493,-0.6563434,C493W,-1.340815225,0.0669943734700154
C,Y,493,-0.6659659,C493Y,-0.673148574,0.1306177817154597
I,A,494,-0.621406,I494A,-2.470010787,0.0203426733757702
I,C,494,-0.6290799,I494C,-2.701833648,0.0161334995469304
I,D,494,-0.6269699,I494D,-2.444893671,0.020860093770774
I,E,494,-0.6348396,I494E,-1.372612044,0.0609540247158701
I,F,494,-0.6358683,I494F,-1.459492105,0.055881859535876
I,G,494,-0.6310181,I494G,-1.887488525,0.036424560838864
I,H,494,-0.6360249,I494H,-2.796144199,0.0146814855730995
I,K,494,-0.6278933,I494K,-2.186440853,0.0270122609405251
I,L,494,-0.6322606,I494L,-0.740092519,0.114736648424617
I,M,494,-0.5565739,I494M,-1.238346857,0.0697128801309523
I,N,494,-0.6191456,I494N,-1.900434577,0.0359560457162844
I,P,494,-0.6268231,I494P,-1.763459129,0.0412343944040965
I,Q,494,-0.6350999,I494Q,-2.601569422,0.0178349873904571
I,R,494,-0.624044,I494R,-2.277137789,0.0246701472789731
I,S,494,-0.6185297,I494S,-2.61243358,0.0176422738920516
I,T,494,-0.6088458,I494T,-2.132049271,0.0285221926305345
I,V,494,-0.5256151,I494V,-1.156292723,0.0756743480208003
I,W,494,-0.6280844,I494W,-2.416217297,0.0214669454643091
I,Y,494,-0.6498511,I494Y,-1.392465653,0.0597558010438049
G,A,495,-0.6250911,G495A,0.5629353323475268,0.0911334325383411
G,C,495,-0.6281859,G495C,-0.867027003,0.0218098573694053
G,D,495,-0.6085792,G495D,0.0208471387636652,0.0529970606005283
G,E,495,-0.5147964,G495E,0.4582607026051315,0.0820763640118608
G,F,495,-0.6110447,G495F,-0.528103584,0.0306087400417976
G,H,495,-0.6259587,G495H,0.1990547191565337,0.0633353777249916
G,I,495,-0.6287978,G495I,-0.208669664,0.0421282947693957
G,K,495,-0.6221296,G495K,-0.508441848,0.0312165165977151
G,L,495,-0.6282141,G495L,-0.225723913,0.0414159199510032
G,M,495,-0.6267224,G495M,0.1801583466328451,0.0621498054302432
G,N,495,-0.6167282,G495N,0.0859586501450535,0.0565625991803056
G,P,495,-0.6223417,G495P,-1.726179563,0.0092369233195161
G,Q,495,-0.6258961,G495Q,0.3704040818319569,0.0751730997130694
G,R,495,-0.6220739,G495R,-0.125679408,0.0457737084780945
G,S,495,-0.6113123,G495S,0.048099825897498,0.0544612338928403
G,T,495,-0.6181032,G495T,-0.111683528,0.0464188560876717
G,V,495,-0.615283,G495V,-0.083102364,0.0477647026316879
G,W,495,-0.6365158,G495W,-0.025658825,0.0505888137144105
G,Y,495,-0.6229013,G495Y,-0.182506867,0.0432450338956573
S,A,496,-0.6444775,S496A,0.0893252791242567,0.1341652640332938
S,C,496,-0.6547725,S496C,-1.368295542,0.0312322522428412
S,D,496,-0.6515272,S496D,-1.469776351,0.028218292663853
S,E,496,-0.658915,S496E,-0.795433493,0.0553852590200737
S,F,496,-0.6481719,S496F,-2.104495441,0.0149580712830158
S,G,496,-0.6477197,S496G,-0.925140849,0.0486477760488037
S,H,496,-0.6627667,S496H,-1.234641697,0.0356983750787923
S,I,496,-0.6514494,S496I,-2.032920601,0.0160679390915387
S,K,496,-0.6501224,S496K,-1.029774784,0.0438148208937642
S,L,496,-0.6554684,S496L,-0.589837131,0.0680273528150132
S,M,496,-0.6430963,S496M,-0.436351972,0.0793124448913639
S,N,496,-0.6414588,S496N,-0.992424449,0.0454822654839278
S,P,496,-0.6536384,S496P,-1.421710287,0.029607761053334
S,Q,496,-0.6530783,S496Q,-0.589768765,0.0680320037144556
S,R,496,-0.6492516,S496R,-0.573624154,0.0691392682103622
S,T,496,-0.6462349,S496T,-0.835555045,0.0532071037190028
S,V,496,-0.6445883,S496V,-2.098277417,0.0150513707591481
S,W,496,-0.6554366,S496W,-2.413649921,0.0109802292833604
S,Y,496,-0.6546599,S496Y,-1.399537795,0.0302715710692769
I,A,497,-0.628246,I497A,-1.574975662,0.0387027311746307
I,C,497,-0.6334471,I497C,-1.895090229,0.0281007286252036
I,D,497,-0.6208509,I497D,-1.628883079,0.0366716045995641
I,E,497,-0.6428005,I497E,-2.327961794,0.018227359754994
I,F,497,-0.6324705,I497F,-0.939281384,0.0730836423246366
I,G,497,-0.6181113,I497G,-1.976729151,0.025897761947659
I,H,497,-0.6290226,I497H,-2.432484468,0.0164183730286343
I,K,497,-0.6216797,I497K,-1.815092858,0.0304410767292495
I,L,497,-0.6275336,I497L,-0.934511741,0.0734330578529273
I,M,497,-0.624238,I497M,-2.081280915,0.023326842762186
I,N,497,-0.6205256,I497N,-2.654937818,0.0131437651449624
I,P,497,-0.6492639,I497P,-2.359696658,0.0176579987343914
I,Q,497,-0.6431808,I497Q,-1.702116775,0.0340819876160016
I,R,497,-0.6308935,I497R,-1.442571575,0.0441818596333827
I,S,497,-0.6301761,I497S,-2.581400907,0.0141467437990831
I,T,497,-0.6048557,I497T,-1.330477771,0.0494226152330561
I,V,497,-0.5382574,I497V,-1.107574543,0.0617634265758698
I,W,497,-0.6384145,I497W,0.0027195898217708,0.187467524463991
I,Y,497,-0.6519247,I497Y,-1.939781602,0.0268725176915045
R,A,498,-0.6436109,R498A,-1.168073682,0.0339641775422447
R,C,498,-0.657709,R498C,-0.710793833,0.053655625769953
R,D,498,-0.6349408,R498D,-1.950272064,0.0155351878665134
R,E,498,-0.6413863,R498E,-1.17540983,0.0337159229614302
R,F,498,-0.661106,R498F,-2.03129823,0.0143260766048472
R,G,498,-0.6424962,R498G,-1.883381878,0.0166098827278623
R,H,498,-0.6342101,R498H,-1.767760316,0.0186457733623318
R,I,498,-0.6378622,R498I,0.0673534381998286,0.1168316133599932
R,K,498,-0.5948648,R498K,-1.575507694,0.0225982440726207
R,L,498,-0.6496199,R498L,-0.234649253,0.0863778238725219
R,M,498,-0.6554046,R498M,-0.280207368,0.0825309070661739
R,N,498,-0.6467643,R498N,-2.075842428,0.0137019366651944
R,P,498,-0.6532584,R498P,-1.927378553,0.0158949454367229
R,Q,498,-0.6460564,R498Q,-0.77848573,0.0501437767662743
R,S,498,-0.6287386,R498S,-2.038721504,0.0142201238768261
R,T,498,-0.6349806,R498T,-0.448161255,0.0697710345200699
R,V,498,-0.629836,R498V,0.3689903106917216,0.157964542120083
R,W,498,-0.6429973,R498W,-1.652080949,0.0209324150518589
R,Y,498,-0.6481381,R498Y,-0.716351799,0.0533582367920389
N,A,499,-0.6474546,N499A,-1.181006138,0.0609011328002967
N,C,499,-0.6396722,N499C,-2.383593666,0.0182956598429981
N,D,499,-0.6405243,N499D,-1.323886232,0.0527926330913123
N,E,499,-0.6598714,N499E,-1.319868164,0.0530051842802704
N,F,499,-0.6691793,N499F,-1.940655241,0.0284914056506463
N,G,499,-0.6496108,N499G,-1.903238666,0.0295776519065011
N,H,499,-0.6593499,N499H,-1.471525745,0.0455464239729123
N,I,499,-0.6505626,N499I,-1.855802418,0.0310145155254638
N,K,499,-0.6452646,N499K,-1.415253429,0.0481829122557466
N,L,499,-0.6501076,N499L,-1.539013364,0.0425740315106444
N,M,499,-0.6600283,N499M,-1.580386046,0.040848568847122
N,P,499,-0.653483,N499P,-2.502143994,0.0162503340939199
N,Q,499,-0.6422005,N499Q,-0.714344869,0.0971166764369517
N,R,499,-0.6476275,N499R,-1.926897629,0.0288860881999325
N,S,499,-0.6471807,N499S,-1.204259019,0.0595013433850949
N,T,499,-0.6393659,N499T,-1.570895754,0.0412380791461927
N,V,499,-0.6435415,N499V,-2.533521403,0.015748356962349
N,W,499,-0.6527722,N499W,-1.533354807,0.0428156220608611
N,Y,499,-0.6628895,N499Y,-1.402143002,0.0488187700195596
G,A,500,-0.6405641,G500A,-1.454489894,0.0366698258560088
G,C,500,-0.6510772,G500C,-2.320429357,0.0154253829257697
G,D,500,-0.638188,G500D,-0.913237206,0.0630045556289399
G,E,500,-0.5867784,G500E,-0.801805962,0.0704313373082346
G,F,500,-0.6493172,G500F,-0.401251234,0.1051295154207565
G,H,500,-0.6460327,G500H,-1.561443676,0.0329503017897908
G,I,500,-0.6424688,G500I,-2.678339594,0.0107844348694391
G,K,500,-0.6398703,G500K,-1.473212349,0.0359896635241476
G,L,500,-0.6561099,G500L,-1.73820057,0.0276118068932677
G,M,500,-0.6555643,G500M,-1.412837003,0.0382294872338097
G,N,500,-0.6341109,G500N,-0.893076641,0.0642876537760652
G,P,500,-0.6500178,G500P,-0.068857346,0.1465822912715496
G,Q,500,-0.6449737,G500Q,-1.512964629,0.0345870550812059
G,R,500,-0.6448129,G500R,-2.095055379,0.019324785673749
G,S,500,-0.6355572,G500S,-1.258364509,0.0446154256813622
G,T,500,-0.6530409,G500T,-2.184523624,0.0176709175224113
G,V,500,-0.6311146,G500V,-1.781856376,0.0264323237386157
G,W,500,-0.6555591,G500W,-1.409485329,0.0383578350163586
G,Y,500,-0.6603074,G500Y,-2.356141575,0.0148842283589869
T,A,501,-0.6029448,T501A,-1.373217933,0.0485429722837535
T,C,501,-0.6348494,T501C,-2.578686834,0.0145411134791687
T,D,501,-0.6296665,T501D,-2.106906797,0.023307153828169
T,E,501,-0.630343,T501E,-1.314047034,0.0515019845810514
T,F,501,-0.6185615,T501F,-2.242911701,0.0203433764613004
T,G,501,-0.6200387,T501G,-2.107554786,0.0232920559350478
T,H,501,-0.6364122,T501H,-1.375957728,0.0484101564853734
T,I,501,-0.6097495,T501I,-1.287880009,0.0528674254358823
T,K,501,-0.6257296,T501K,-0.984456887,0.0716082681571923
T,L,501,-0.6442979,T501L,-2.045086837,0.0247934704615503
T,M,501,-0.6333744,T501M,-0.734378379,0.0919540580619266
T,N,501,-0.6271993,T501N,-1.615057744,0.0381150632471846
T,P,501,-0.6441686,T501P,-2.474466575,0.0161383814613957
T,Q,501,-0.6297935,T501Q,-1.837278782,0.0305201908990787
T,R,501,-0.6278955,T501R,-1.643053421,0.0370628040465613
T,S,501,-0.6219987,T501S,-1.016283312,0.0693651176988645
T,V,501,-0.6214258,T501V,-1.052218771,0.066916705896475
T,W,501,-0.6259582,T501W,-1.392391566,0.0476210930927392
T,Y,501,-0.6143198,T501Y,-1.807292569,0.0314492357891313
Y,A,502,-0.6523241,Y502A,-2.145948842,0.0237568736855153
Y,C,502,-0.6547958,Y502C,-1.770112785,0.0345949630810541
Y,D,502,-0.634988,Y502D,-1.048088374,0.071217078399241
Y,E,502,-0.6506358,Y502E,-1.866516245,0.0314156006609101
Y,F,502,-0.6381172,Y502F,-0.099763568,0.1838384803175492
Y,G,502,-0.6423768,Y502G,-1.772669504,0.0345066264341238
Y,H,502,-0.6295761,Y502H,-0.352717955,0.1427511842328229
Y,I,502,-0.6427613,Y502I,-2.270207759,0.0209809090977774
Y,K,502,-0.6430843,Y502K,-2.601873295,0.0150585691910483
Y,L,502,-0.6534771,Y502L,-1.609915353,0.0406055830348363
Y,M,502,-0.6446864,Y502M,-2.081209464,0.0253457562746221
Y,N,502,-0.6362325,Y502N,-1.931093795,0.0294509755452707
Y,P,502,-0.6515102,Y502P,-2.375547012,0.0188832186957085
Y,Q,502,-0.6319711,Y502Q,-2.592421932,0.0152015679880814
Y,R,502,-0.6349549,Y502R,-2.563126511,0.015653491955796
Y,S,502,-0.6426209,Y502S,-2.1953574,0.0226116062942409
Y,T,502,-0.6465363,Y502T,-2.547978214,0.0158924209536901
Y,V,502,-0.6429707,Y502V,-2.687789337,0.0138188155531311
Y,W,502,-0.6614917,Y502W,-1.593167493,0.0412913664887398
D,A,503,-0.6001452,D503A,-0.647459169,0.0507827860633246
D,C,503,-0.6032843,D503C,-1.105606711,0.0321177803865467
D,E,503,-0.5873977,D503E,-0.947726628,0.0376107499149395
D,F,503,-0.5804438,D503F,-1.372743019,0.0245883654028238
D,G,503,-0.5762054,D503G,-1.933375111,0.0140362179038504
D,H,503,-0.6083983,D503H,-1.469541954,0.0223198050501741
D,I,503,-0.6035397,D503I,-0.356735427,0.0679166509062135
D,K,503,-0.5896912,D503K,-0.062499879,0.0911509403088279
D,L,503,-0.6066461,D503L,-0.60680227,0.0528900032694768
D,M,503,-0.5952512,D503M,-0.488296484,0.0595442750237818
D,N,503,-0.4499778,D503N,-0.833748424,0.0421514103565949
D,P,503,-0.5936789,D503P,-1.699435498,0.0177357210460492
D,Q,503,-0.5928232,D503Q,-0.216566106,0.0781359745265371
D,R,503,-0.5899157,D503R,-0.317118886,0.0706612814905351
D,S,503,-0.6007995,D503S,-0.747815231,0.0459338058506381
D,T,503,-0.5884483,D503T,-0.862262545,0.0409664736516756
D,V,503,-0.5844185,D503V,-0.240132257,0.0763161376173671
D,W,503,-0.5965393,D503W,-1.137876098,0.0310979029072989
D,Y,503,-0.5927356,D503Y,-0.724569918,0.0470140585497205
H,A,504,-0.6386131,H504A,-0.059458319,0.1078588295978688
H,C,504,-0.6592296,H504C,-1.690159555,0.0211179126539832
H,D,504,-0.6362039,H504D,-2.178897907,0.0129537195600148
H,E,504,-0.663272,H504E,-0.43860564,0.0738234089115907
H,F,504,-0.655177,H504F,-1.99407233,0.0155834379224119
H,G,504,-0.6515614,H504G,-1.912014252,0.0169161165097158
H,I,504,-0.650146,H504I,-0.499420743,0.0694676212933287
H,K,504,-0.6499554,H504K,-2.249038933,0.0120762641935622
H,L,504,-0.6643062,H504L,-1.674275093,0.0214560378706419
H,M,504,-0.6549623,H504M,-1.378105073,0.0288519110081375
H,N,504,-0.6448081,H504N,-0.847340992,0.0490549184285095
H,P,504,-0.6599422,H504P,-0.436483498,0.0739802389683661
H,Q,504,-0.6615789,H504Q,-1.290995038,0.0314779183228658
H,R,504,-0.6471945,H504R,-2.26524309,0.0118821552769426
H,S,504,-0.6209749,H504S,-0.541443159,0.0666089092352447
H,T,504,-0.6543825,H504T,0.3501055860992776,0.1624527474788081
H,V,504,-0.6328859,H504V,-1.013451582,0.0415471874351154
H,W,504,-0.6533793,H504W,-1.162189539,0.0358051533810643
H,Y,504,-0.6593646,H504Y,-1.255383787,0.0326190853171734
D,A,505,-0.5459763,D505A,0.0045510252527947,0.0478818712082375
D,C,505,-0.5599532,D505C,-1.344096175,0.0124297049156896
D,E,505,-0.5488113,D505E,0.1071838449802919,0.0530571588469563
D,F,505,-0.5555192,D505F,0.2817780165082877,0.0631784968128652
D,G,505,-0.5177232,D505G,-0.328716731,0.0343111070456726
D,H,505,-0.5594502,D505H,-0.066094981,0.0446159286567732
D,I,505,-0.554792,D505I,0.0733089394585091,0.0512899532141028
D,K,505,-0.5586738,D505K,0.1997414914036013,0.0582024508292002
D,L,505,-0.5640223,D505L,0.2474254686969477,0.0610450093088242
D,M,505,-0.5501806,D505M,0.6213564616651008,0.0887250705500148
D,N,505,-0.3960745,D505N,0.2666690469518959,0.0622311097206463
D,P,505,-0.5501822,D505P,-2.366657013,0.0044706190767811
D,Q,505,-0.5459843,D505Q,-0.043204688,0.0456489788580389
D,R,505,-0.5348021,D505R,0.1209072923762626,0.0537903052544152
D,S,505,-0.5405361,D505S,0.0438087608198922,0.0497989901016281
D,T,505,-0.5244218,D505T,0.5896124204576743,0.0859528120733973
D,V,505,-0.5357886,D505V,-0.346319943,0.0337124061700401
D,W,505,-0.5709062,D505W,0.3273249495063184,0.0661226230355961
D,Y,505,-0.5656482,D505Y,-0.2842581,0.0358709496540695
V,A,506,-0.5665105,V506A,-0.125900456,0.0580952690738945
V,C,506,-0.6198612,V506C,-1.510491121,0.0145485750276051
V,D,506,-0.6057856,V506D,-0.056590657,0.062264662085843
V,E,506,-0.5943406,V506E,-0.893996647,0.0269501225170326
V,F,506,-0.6297082,V506F,-0.136042322,0.0575090521925857
V,G,506,-0.604056,V506G,-0.835378633,0.0285771051692417
V,H,506,-0.6309262,V506H,-0.138312037,0.0573786710857971
V,I,506,-0.524957,V506I,-0.46131097,0.0415406992184139
V,K,506,-0.6199548,V506K,0.4383750223675653,0.1021415693384839
V,L,506,-0.625757,V506L,-0.148436188,0.0568006913635711
V,M,506,-0.6227177,V506M,-0.107134582,0.0591957713790652
V,N,506,-0.6248808,V506N,-0.312826,0.0481903432498156
V,P,506,-0.6256385,V506P,-1.022818586,0.0236926732199691
V,Q,506,-0.6196538,V506Q,-0.44489456,0.0422282768496917
V,R,506,-0.621709,V506R,-0.062444091,0.0619012645485356
V,S,506,-0.6007276,V506S,-0.478493508,0.040833021639405
V,T,506,-0.5749056,V506T,-0.333202992,0.0472183060272581
V,W,506,-0.6284879,V506W,-0.478286164,0.0408414890140731
V,Y,506,-0.6175134,V506Y,-0.025941509,0.0642025671635784
Y,A,507,-0.6385727,Y507A,-1.813589654,0.0395098404451753
Y,C,507,-0.6451339,Y507C,-2.409824692,0.0217652469740113
Y,D,507,-0.621516,Y507D,-1.743135072,0.0423938949698237
Y,E,507,-0.6220636,Y507E,-2.491024993,0.0200677526691425
Y,F,507,-0.6182152,Y507F,-0.821783323,0.1065225028058899
Y,G,507,-0.629337,Y507G,-1.665396878,0.0458210034848625
Y,H,507,-0.6185688,Y507H,-1.532851586,0.0523152489926067
Y,I,507,-0.6368659,Y507I,-2.979839628,0.0123086126530267
Y,K,507,-0.6339886,Y507K,-2.183805863,0.0272849002280319
Y,L,507,-0.6274889,Y507L,-1.629129839,0.0475132977042703
Y,M,507,-0.632743,Y507M,-2.762480541,0.0152970267369804
Y,N,507,-0.620419,Y507N,-1.963588194,0.0340064830828466
Y,P,507,-0.6252438,Y507P,-2.192591555,0.0270462333520255
Y,Q,507,-0.633047,Y507Q,-2.091952859,0.0299098087891852
Y,R,507,-0.6243159,Y507R,-2.208486622,0.0266197301479872
Y,S,507,-0.6200565,Y507S,-2.09295713,0.0298797863090977
Y,T,507,-0.6227829,Y507T,-2.255678997,0.0253926632092742
Y,V,507,-0.6365375,Y507V,-2.545447045,0.0190048099503813
Y,W,507,-0.6402496,Y507W,-0.58449362,0.1350501214309722
R,A,508,-0.6438176,R508A,-1.07606253,0.0695211810743814
R,C,508,-0.6432963,R508C,-1.163327733,0.0637115747829161
R,D,508,-0.636782,R508D,-1.105487021,0.067505358166779
R,E,508,-0.6434905,R508E,-2.214914466,0.0222597302661956
R,F,508,-0.6459994,R508F,-2.286310837,0.0207258730217411
R,G,508,-0.6482569,R508G,-2.131528025,0.0241954767829073
R,H,508,-0.6452327,R508H,-1.081513783,0.0691432345527541
R,I,508,-0.6377977,R508I,-1.10132748,0.0677867342956361
R,K,508,-0.6278824,R508K,-1.831631958,0.0326570865864126
R,L,508,-0.6464345,R508L,-1.496629233,0.0456527886116259
R,M,508,-0.6498831,R508M,-1.764195583,0.0349353172858537
R,N,508,-0.6355409,R508N,-0.914752406,0.0816908185664413
R,P,508,-0.6381692,R508P,-1.850323685,0.0320523385544501
R,Q,508,-0.6489727,R508Q,-1.718626635,0.036564112828721
R,S,508,-0.64699,R508S,-2.466628219,0.0173062091310472
R,T,508,-0.6224194,R508T,-1.878114716,0.0311738345695424
R,V,508,-0.6482007,R508V,-1.47863245,0.0464818297847981
R,W,508,-0.6399299,R508W,-2.842046647,0.0118893929646989
R,Y,508,-0.6447553,R508Y,-2.281108687,0.0208339731076715
D,A,509,-0.6231656,D509A,0.2661952423680707,0.0741366336120487
D,C,509,-0.6237592,D509C,-1.295407817,0.0155538193141847
D,E,509,-0.5696123,D509E,-0.030237957,0.0551180112142065
D,F,509,-0.6171561,D509F,-0.407033651,0.0378140515495103
D,G,509,-0.6223494,D509G,-0.66522842,0.0292092640660297
D,H,509,-0.6221669,D509H,-0.338002219,0.0405166182507622
D,I,509,-0.6246623,D509I,-0.308122737,0.0417455019054494
D,K,509,-0.6082369,D509K,-0.646887343,0.0297499366940196
D,L,509,-0.6108583,D509L,-0.449249727,0.0362509171200619
D,M,509,-0.6201182,D509M,-0.180126471,0.0474457997391029
D,N,509,-0.5210878,D509N,0.3086796082210989,0.0773541449347838
D,P,509,-0.635439,D509P,-0.609619206,0.0308795809009137
D,Q,509,-0.6287393,D509Q,0.5502400963288903,0.0984899663161947
D,R,509,-0.6108776,D509R,-0.221113307,0.0455404597632611
D,S,509,-0.6145092,D509S,0.0889271424966104,0.0620935218108985
D,T,509,-0.6104749,D509T,0.0175699217035356,0.0578170914692603
D,V,509,-0.6066359,D509V,0.0437962170605548,0.0593534786592331
D,W,509,-0.6220189,D509W,-0.953839128,0.0218866114065121
D,Y,509,-0.6420342,D509Y,0.3698599912549176,0.0822344696551806
E,A,510,-0.6059725,E510A,-1.215068903,0.0643437514956963
E,C,510,-0.6428704,E510C,-2.232064114,0.0232718468843917
E,D,510,-0.6065443,E510D,-2.13734799,0.0255838298181395
E,F,510,-0.6238988,E510F,-1.735825604,0.0382247426928228
E,G,510,-0.6256007,E510G,-1.551456043,0.0459637308103888
E,H,510,-0.639477,E510H,-2.635246862,0.0155500115425303
E,I,510,-0.6260648,E510I,-0.80709164,0.0967583992954395
E,K,510,-0.6241959,E510K,-1.184011588,0.0663734513369152
E,L,510,-0.6397319,E510L,-1.644844196,0.0418655984860387
E,M,510,-0.6360356,E510M,-1.570814827,0.0450824861121061
E,N,510,-0.6421383,E510N,-2.547186812,0.016981448514231
E,P,510,-0.6320784,E510P,-1.858484142,0.0338122934529928
E,Q,510,-0.6297591,E510Q,-1.132523358,0.0698804122237442
E,R,510,-0.6217935,E510R,-2.513613506,0.0175612506932052
E,S,510,-0.6398157,E510S,-2.218057252,0.0236001061549141
E,T,510,-0.6249042,E510T,-1.661950562,0.0411555207983525
E,V,510,-0.621395,E510V,-1.237322043,0.0629277148361669
E,W,510,-0.63433,E510W,-2.816984804,0.0129659061760206
E,Y,510,-0.6240595,E510Y,-1.660259683,0.0412251686682091
A,C,511,-0.64089,A511C,-2.070938906,0.0335934302316545
A,D,511,-0.6407757,A511D,-2.033660166,0.0348693866155996
A,E,511,-0.6364258,A511E,-1.727557629,0.0473568691958467
A,F,511,-0.6457723,A511F,-2.297562903,0.0267813686410123
A,G,511,-0.6429301,A511G,-1.740518647,0.0467470364256907
A,H,511,-0.6431317,A511H,-2.598093264,0.0198296036335127
A,I,511,-0.6419833,A511I,-2.003610942,0.0359330865505617
A,K,511,-0.6363961,A511K,-1.730612326,0.0472124290284222
A,L,511,-0.6370346,A511L,-0.75623873,0.1250896789903819
A,M,511,-0.645572,A511M,-2.603467693,0.019723316660376
A,N,511,-0.6376576,A511N,-2.075325195,0.0334464023695677
A,P,511,-0.6529463,A511P,-2.057391993,0.0340516141105876
A,Q,511,-0.6458119,A511Q,-2.659925887,0.0186406242585206
A,R,511,-0.6435054,A511R,-3.04719219,0.0126553081248431
A,S,511,-0.6397703,A511S,-1.46694748,0.0614560373576469
A,T,511,-0.5935272,A511T,-1.862297998,0.0413871928835997
A,V,511,-0.6173187,A511V,-1.934605381,0.0385002248529637
A,W,511,-0.6382513,A511W,-1.933920319,0.0385266089184271
A,Y,511,-0.6384693,A511Y,-2.710143893,0.0177276446402719
L,A,512,-0.6060561,L512A,-1.577596372,0.0296006398709524
L,C,512,-0.6341922,L512C,-2.735057824,0.0093029707968334
L,D,512,-0.633083,L512D,-1.278350435,0.0399265694184611
L,E,512,-0.6429648,L512E,-2.40643603,0.0129223178702711
L,F,512,-0.6291438,L512F,-0.483199313,0.0884284068526128
L,G,512,-0.6283952,L512G,-1.898979913,0.0214647554660509
L,H,512,-0.6297051,L512H,-1.483673887,0.0325155518613466
L,I,512,-0.6130592,L512I,-0.413293421,0.094831265683382
L,K,512,-0.6527248,L512K,-0.996193125,0.0529421270528119
L,M,512,-0.6364894,L512M,-0.70566522,0.0707906780888199
L,N,512,-0.6398595,L512N,-0.964810388,0.0546299417916997
L,P,512,-0.6493322,L512P,-1.466198481,0.0330887685072248
L,Q,512,-0.6364876,L512Q,-1.310591592,0.038659820768925
L,R,512,-0.6304415,L512R,-0.5999196,0.0786866068840058
L,S,512,-0.6460403,L512S,-1.61993419,0.0283735719174145
L,T,512,-0.6432106,L512T,-1.712341126,0.025869150947473
L,V,512,-0.6189276,L512V,-0.615818219,0.0774454904964147
L,W,512,-0.6349732,L512W,-1.568583993,0.0298686178799092
L,Y,512,-0.6425325,L512Y,-1.346722981,0.0372879209385955
N,A,513,-0.651487,N513A,0.2069431747273511,0.0813686955681916
N,C,513,-0.6631996,N513C,-0.639290449,0.0349094245310681
N,D,513,-0.6429441,N513D,-0.684718608,0.0333590354735193
N,E,513,-0.639847,N513E,-0.52093629,0.0392955400374786
N,F,513,-0.6419282,N513F,0.0415227764746024,0.0689630051350533
N,G,513,-0.6317293,N513G,-0.33985762,0.047096078534028
N,H,513,-0.631711,N513H,-1.029252198,0.0236365667446574
N,I,513,-0.6472052,N513I,-0.072620052,0.0615240009289635
N,K,513,-0.646399,N513K,-0.356846485,0.0463027276182796
N,L,513,-0.6291209,N513L,-0.312240048,0.0484148854615701
N,M,513,-0.6516806,N513M,-0.51884697,0.039377726849416
N,P,513,-0.6463249,N513P,-1.985546724,0.0090838648587743
N,Q,513,-0.635585,N513Q,0.2652641935879249,0.0862553126135676
N,R,513,-0.6410065,N513R,-0.341998907,0.046995340214653
N,S,513,-0.6241323,N513S,-0.118192408,0.058783134975466
N,T,513,-0.641491,N513T,-0.092888296,0.0602895693967097
N,V,513,-0.6534256,N513V,-0.432157826,0.0429436809802921
N,W,513,-0.6412643,N513W,-0.231311697,0.0524959321690653
N,Y,513,-0.6471635,N513Y,-0.22653343,0.0527473720420946
N,A,514,-0.6585999,N514A,-1.208771413,0.0405075691265749
N,C,514,-0.6561659,N514C,-1.50135775,0.0302320441811256
N,D,514,-0.6519927,N514D,-1.344674323,0.0353601649584822
N,E,514,-0.6262243,N514E,-2.158018542,0.0156777314714002
N,F,514,-0.6384125,N514F,-2.404408964,0.0122539793397081
N,G,514,-0.6436213,N514G,-1.027738442,0.0485464883024812
N,H,514,-0.6470795,N514H,-0.785819559,0.0618332216504594
N,I,514,-0.6531415,N514I,-1.348722692,0.035217303273168
N,K,514,-0.6508079,N514K,-0.177873503,0.1135663124195348
N,L,514,-0.6500254,N514L,-1.163393513,0.0423880617137049
N,M,514,-0.6480821,N514M,-1.070618389,0.0465088168323439
N,P,514,-0.6471673,N514P,-1.67397039,0.0254391601658593
N,Q,514,-0.644141,N514Q,-1.854155151,0.0212446454758844
N,R,514,-0.6362392,N514R,-0.298330238,0.1006782884968377
N,S,514,-0.6339509,N514S,-1.949976055,0.0193034519097813
N,T,514,-0.658157,N514T,-0.913541319,0.054419307357044
N,V,514,-0.6495902,N514V,-0.845587477,0.058245850840439
N,W,514,-0.6597277,N514W,-1.138978773,0.0434356922432802
N,Y,514,-0.6574724,N514Y,-0.824836011,0.0594671660496361
R,A,515,-0.6491785,R515A,-2.230467817,0.02758694720105
R,C,515,-0.6633944,R515C,-2.176957831,0.0291033339956568
R,D,515,-0.6533962,R515D,-2.370264227,0.0239878216090797
R,E,515,-0.6491293,R515E,-1.010697824,0.0934207031293225
R,F,515,-0.6423543,R515F,-2.059037605,0.0327457440723503
R,G,515,-0.6432397,R515G,-2.494111651,0.0211935902501756
R,H,515,-0.656545,R515H,-2.046065269,0.0331733002234237
R,I,515,-0.6534538,R515I,-2.313711588,0.0253834891937546
R,K,515,-0.6445149,R515K,-1.96356715,0.0360260931089867
R,L,515,-0.661475,R515L,-1.597075973,0.0519735402308233
R,M,515,-0.6521619,R515M,-2.209889583,0.0281605193565323
R,N,515,-0.6469975,R515N,-1.888762592,0.0388243669319716
R,P,515,-0.6513918,R515P,-2.302065557,0.0256808342830165
R,Q,515,-0.655331,R515Q,-1.309719138,0.0692755222848957
R,S,515,-0.660243,R515S,-2.497160865,0.021129064854075
R,T,515,-0.654648,R515T,-2.526733945,0.0205133620190651
R,V,515,-0.6466255,R515V,-1.659737455,0.0488167383534648
R,W,515,-0.647036,R515W,-1.537488108,0.0551646650955489
R,Y,515,-0.6543206,R515Y,-1.434230427,0.0611653175190681
F,A,516,-0.6615341,F516A,-0.488136282,0.0911347549912553
F,C,516,-0.6522999,F516C,-1.682801613,0.0275960777287552
F,D,516,-0.6603565,F516D,-2.231171215,0.0159475272393131
F,E,516,-0.653931,F516E,-2.362353569,0.0139869023176061
F,G,516,-0.6401173,F516G,-1.020365022,0.0535229437999192
F,H,516,-0.6631218,F516H,-1.734812204,0.0261974752358221
F,I,516,-0.6469257,F516I,-1.194971074,0.0449479130219323
F,K,516,-0.676561,F516K,-1.922228517,0.0217202857205144
F,L,516,-0.6542393,F516L,-0.507717462,0.0893675868740207
F,M,516,-0.6623066,F516M,-0.778312933,0.0681807691147187
F,N,516,-0.6642848,F516N,-1.916950303,0.0218352331771962
F,P,516,-0.6664782,F516P,-1.284760191,0.0410879623900334
F,Q,516,-0.653697,F516Q,-0.857698418,0.0629774704538155
F,R,516,-0.6504462,F516R,-1.845311323,0.0234568808446205
F,S,516,-0.6530612,F516S,-1.890915685,0.0224111700167888
F,T,516,-0.6471626,F516T,-1.215866229,0.0440184634766391
F,V,516,-0.6409847,F516V,-1.857951756,0.023162241674088
F,W,516,-0.6687237,F516W,-0.657555166,0.0769318781187959
F,Y,516,-0.6626186,F516Y,-0.581240897,0.0830327086108518
Q,A,517,-0.624777,Q517A,-0.04790538,0.0614454832641533
Q,C,517,-0.6274523,Q517C,-1.710762251,0.0116498437134445
Q,D,517,-0.6321495,Q517D,-0.763987642,0.0300261268919364
Q,E,517,-0.6184927,Q517E,-0.4167462,0.0424917287343852
Q,F,517,-0.6258547,Q517F,0.2989087070550775,0.0869179409348459
Q,G,517,-0.6198134,Q517G,-0.096849527,0.0585104971226995
Q,H,517,-0.6208331,Q517H,0.3651022739300136,0.0928660414416439
Q,I,517,-0.621097,Q517I,-1.186855652,0.0196720670543617
Q,K,517,-0.5991663,Q517K,0.0198966706188383,0.0657560967139495
Q,L,517,-0.6248993,Q517L,0.0947102469630731,0.0708642432462146
Q,M,517,-0.6314786,Q517M,-0.43470468,0.0417354527692786
Q,N,517,-0.6227536,Q517N,-0.099547842,0.058352830157745
Q,P,517,-0.6314292,Q517P,-0.271379679,0.0491401289541778
Q,R,517,-0.6088417,Q517R,-0.232762993,0.051074874560052
Q,S,517,-0.6246107,Q517S,-0.380075438,0.044078855867069
Q,T,517,-0.6237149,Q517T,-0.829038128,0.0281350854718349
Q,V,517,-0.6255361,Q517V,-0.569136692,0.0364856454543683
Q,W,517,-0.626375,Q517W,-0.091581513,0.0588195445948162
Q,Y,517,-0.6281852,Q517Y,-0.851258269,0.0275168141491424
I,A,518,-0.638125,I518A,-2.269695937,0.0230669333566874
I,C,518,-0.6343764,I518C,-2.424274893,0.0197631898195947
I,D,518,-0.6307681,I518D,-2.303305284,0.02230455180298
I,E,518,-0.632706,I518E,-3.216241094,0.0089517970067367
I,F,518,-0.6328542,I518F,-2.24327234,0.0236845691146931
I,G,518,-0.6381041,I518G,-2.460958665,0.0190513376476589
I,H,518,-0.631856,I518H,-2.361517615,0.0210432199689086
I,K,518,-0.6164147,I518K,-2.522090357,0.0179215803247765
I,L,518,-0.6367544,I518L,-0.310505024,0.163627322998845
I,M,518,-0.6257267,I518M,-1.504262931,0.0495921906150793
I,N,518,-0.6374533,I518N,-0.836651789,0.0966836795222023
I,P,518,-0.6184769,I518P,-2.238936081,0.023787494580681
I,Q,518,-0.6186823,I518Q,-2.17884601,0.025260707
I,R,518,-0.6309287,I518R,-2.636760184,0.0159799641539665
I,S,518,-0.62276,I518S,-1.519921501,0.0488216958188572
I,T,518,-0.6235421,I518T,-2.343649041,0.0214226119713887
I,V,518,-0.5711097,I518V,-0.604767932,0.1219155378140275
I,W,518,-0.6336749,I518W,-2.015108465,0.0297547179255746
I,Y,518,-0.6333209,I518Y,-2.223372993,0.0241605974095215
K,A,519,-0.6071686,K519A,-0.203722943,0.0422672650541393
K,C,519,-0.6127031,K519C,-0.534881537,0.0303517514348214
K,D,519,-0.5954822,K519D,0.1946037443677761,0.0629499316854594
K,E,519,-0.6117838,K519E,-0.062432666,0.0486817013955325
K,F,519,-0.6015401,K519F,-0.055082156,0.0490408551601564
K,G,519,-0.6033861,K519G,0.1526259229884572,0.0603621255050483
K,H,519,-0.6173969,K519H,0.0770187260358401,0.0559665749766473
K,I,519,-0.6053385,K519I,0.3540259154037382,0.0738297575903165
K,L,519,-0.6200778,K519L,-0.172427594,0.0436109500370661
K,M,519,-0.6056036,K519M,-0.077526874,0.0479524074493332
K,N,519,-0.5831285,K519N,0.7088960176642671,0.1052808996069767
K,P,519,-0.6198434,K519P,0.2713305144598923,0.06797000174934
K,Q,519,-0.6076237,K519Q,-0.463935894,0.032583300045033
K,R,519,-0.5441849,K519R,0.1760135921852668,0.0617904931500904
K,S,519,-0.6144494,K519S,-0.666404758,0.0266111674422697
K,T,519,-0.6112591,K519T,-0.799704699,0.0232901601705092
K,V,519,-0.6120442,K519V,-0.426154247,0.0338379024013609
K,W,519,-0.6261725,K519W,-0.640248595,0.0273163965544018
K,Y,519,-0.6223003,K519Y,0.0502527688117826,0.0544884457739789
G,A,520,-0.6545653,G520A,0.0959877335922438,0.0858123781672696
G,C,520,-0.650303,G520C,-1.109110899,0.0257147397482978
G,D,520,-0.6457077,G520D,-1.119485575,0.0254493366621957
G,E,520,-0.6337923,G520E,-0.40986553,0.0517440744913398
G,F,520,-0.6367108,G520F,-0.609541126,0.042378208712342
G,H,520,-0.6526542,G520H,-0.446381785,0.0498886569297773
G,I,520,-0.6348564,G520I,-0.595465837,0.0429789120319132
G,K,520,-0.6372796,G520K,-0.471835251,0.0486348421177147
G,L,520,-0.653151,G520L,-0.845320444,0.0334768750804878
G,M,520,-0.6426619,G520M,-0.332545404,0.0559036718618567
G,N,520,-0.6571094,G520N,-0.606782548,0.0424952737358681
G,P,520,-0.6608529,G520P,-0.181926867,0.0649909887398175
G,Q,520,-0.6451077,G520Q,-0.257632441,0.0602524382146368
G,R,520,-0.6462231,G520R,-0.276530419,0.0591244803883638
G,S,520,-0.6261639,G520S,-0.800301779,0.0350183980617896
G,T,520,-0.6564987,G520T,-0.477619992,0.0483543142642667
G,V,520,-0.6483942,G520V,-0.432814585,0.0505701187805079
G,W,520,-0.6555527,G520W,-0.510973937,0.0467681069757081
G,Y,520,-0.6704331,G520Y,-0.395633333,0.0524857719890215
V,A,521,-0.6231609,V521A,-1.144401146,0.0441452618864623
V,C,521,-0.6168799,V521C,-1.679902116,0.0258415709544206
V,D,521,-0.6235781,V521D,-1.824382204,0.0223651584971586
V,E,521,-0.6343929,V521E,-1.696924557,0.0254054069710499
V,F,521,-0.6242989,V521F,-1.006628803,0.0506661469882771
V,G,521,-0.6239388,V521G,-2.485789307,0.0115432032625182
V,H,521,-0.6174335,V521H,-1.153320216,0.043753277796486
V,I,521,-0.5055882,V521I,-0.106217305,0.1246699181120526
V,K,521,-0.6267742,V521K,-2.038710454,0.0180505466072767
V,L,521,-0.6374109,V521L,-0.163878204,0.1176846613831296
V,M,521,-0.6192968,V521M,-0.682500826,0.0700623812833783
V,N,521,-0.6249428,V521N,-1.13844271,0.0444090838703644
V,P,521,-0.6224582,V521P,-1.744150314,0.0242335066621729
V,Q,521,-0.6320896,V521Q,-1.289036905,0.038200545980324
V,R,521,-0.6260998,V521R,-1.405299946,0.0340076920370468
V,S,521,-0.60645,V521S,-1.541517374,0.0296769088617914
V,T,521,-0.6339313,V521T,-0.422110273,0.0909015081439796
V,W,521,-0.6155263,V521W,-2.135003145,0.0163934722264098
V,Y,521,-0.6291593,V521Y,-1.552632218,0.0293488809102489
E,A,522,-0.6374804,E522A,-0.405482551,0.0707862809522584
E,C,522,-0.6346272,E522C,-2.712720185,0.0070457619800899
E,D,522,-0.6364925,E522D,-0.542798775,0.0617040127849871
E,F,522,-0.6361976,E522F,-1.260157147,0.0301140073358315
E,G,522,-0.6329015,E522G,-1.428803899,0.0254405309951254
E,H,522,-0.634912,E522H,-1.2634912,0.0300137727842015
E,I,522,-0.6475094,E522I,-0.067457818,0.0992547704980087
E,K,522,-0.6291798,E522K,-0.422605081,0.0695845581733242
E,L,522,-0.6459458,E522L,-0.650069618,0.0554276243456349
E,M,522,-0.6490437,E522M,-0.877153948,0.0441676989193761
E,N,522,-0.6328333,E522N,-0.389408435,0.0719333020329516
E,P,522,-0.6461159,E522P,-1.366649777,0.0270719396955014
E,Q,522,-0.6304997,E522Q,-0.421924788,0.0696319122375836
E,R,522,-0.6191345,E522R,-1.457236099,0.0247273866015519
E,S,522,-0.6373329,E522S,-0.967472806,0.0403533674944424
E,T,522,-0.627359,E522T,-0.915674103,0.0424987032703191
E,V,522,-0.6383163,E522V,-0.931838894,0.0418172431415542
E,W,522,-0.6443742,E522W,-1.19163922,0.0322496881124613
E,Y,522,-0.6502292,E522Y,-0.753201498,0.0499961600972064
L,A,523,-0.6205849,L523A,-1.898126311,0.0200351067455582
L,C,523,-0.6307768,L523C,0.1464481672073763,0.1547887036967354
L,D,523,-0.6396109,L523D,-2.554781681,0.0103898590504032
L,E,523,-5.3656136,L523E,-0.272325423,0.1018282286527357
L,F,523,-0.6399465,L523F,-1.176948268,0.0412093169977676
L,G,523,-0.6375776,L523G,-2.46637001,0.011350275216796
L,H,523,-0.644619,L523H,-2.044026248,0.0173152230023443
L,I,523,-0.6385893,L523I,-0.664550201,0.0687902855189825
L,K,523,-0.6244643,L523K,-2.529709499,0.0106536488078298
L,M,523,-0.6283575,L523M,-0.219066508,0.1073985071070362
L,N,523,-0.6306883,L523N,-2.044964483,0.0172989848573618
L,P,523,-0.6456896,L523P,-2.095785438,0.0164417993990105
L,Q,523,-0.6270919,L523Q,-2.075643103,0.0167763336748161
L,R,523,-0.6319466,L523R,-1.424998595,0.0321564797177188
L,S,523,-0.6492296,L523S,-1.677918835,0.0249704630196974
L,T,523,-0.6320196,L523T,-1.57751478,0.027607783404116
L,V,523,-0.6308457,L523V,-0.756767042,0.0627303687957109
L,W,523,-0.6442537,L523W,-0.551972026,0.0769873195221042
L,Y,523,-0.6479135,L523Y,-1.033423022,0.047569397753852
K,A,524,-0.6409325,K524A,-0.516978983,0.0486787558587436
K,C,524,-0.6413332,K524C,-1.409146443,0.0199469241689037
K,D,524,-0.6290384,K524D,-1.165647712,0.025446387630102
K,E,524,-0.5857203,K524E,-0.459413839,0.051563180682472
K,F,524,-0.6260033,K524F,-0.676565553,0.0414984511150808
K,G,524,-0.6328765,K524G,-0.594853956,0.0450317465727875
K,H,524,-0.628269,K524H,-0.446739556,0.0522208662077538
K,I,524,-0.6289119,K524I,-0.301849009,0.060362782021354
K,L,524,-0.6184125,K524L,-0.54922207,0.0471342359974833
K,M,524,-0.6258824,K524M,-0.077769608,0.0755241262458137
K,N,524,-0.6188767,K524N,-0.831288592,0.0355497464888933
K,P,524,-0.6336822,K524P,-1.371910977,0.0207036587981244
K,Q,524,-0.6264507,K524Q,-0.317596014,0.0594196937540167
K,R,524,-0.5671843,K524R,-0.095263116,0.0742144331416005
K,S,524,-0.6166195,K524S,-0.177587407,0.0683495066069703
K,T,524,-0.6237768,K524T,-0.343670995,0.0578903515587539
K,V,524,-0.6472061,K524V,-0.776749856,0.0375424306013586
K,W,524,-0.6165666,K524W,-0.446349925,0.052241217056111
K,Y,524,-0.6340842,K524Y,-0.594460455,0.0450494700769059
S,A,525,-0.6334585,S525A,-0.517432009,0.0343035338453203
S,C,525,-0.6409442,S525C,-0.388046164,0.0390418542584937
S,D,525,-0.6383766,S525D,-0.104364014,0.0518480056568971
S,E,525,-0.6350349,S525E,0.1856864914997844,0.0692946030085286
S,F,525,-3.096275,S525F,-0.191686239,0.0475125661921603
S,G,525,-13.6161037,S525G,-0.450786473,0.0366676146677877
S,H,525,-0.6458603,S525H,-0.112862997,0.0514092175141654
S,I,525,-3.1165928,S525I,-2.558383946,0.0044561915425995
S,K,525,-0.6293949,S525K,0.750830910562875,0.121937852092661
S,L,525,-2.9348415,S525L,-0.125171565,0.0507803219194005
S,M,525,-3.1454474,S525M,-0.20708004,0.046786767819765
S,N,525,-0.6302481,S525N,-0.264881298,0.0441591058234623
S,P,525,-0.6357505,S525P,-0.732084193,0.0276768444557175
S,Q,525,-0.6461691,S525Q,-0.889860516,0.0236371526364681
S,R,525,-0.6464626,S525R,-0.516652102,0.0343302978513133
S,T,525,-0.638727,S525T,-0.301211423,0.0425835922142866
S,V,525,-3.1825025,S525V,0.2979392178777393,0.0775264963409792
S,W,525,-3.2000281,S525W,-0.118839625,0.0511028800447619
S,Y,525,-3.1992732,S525Y,0.4177413142754949,0.0873935845946847
G,A,526,-0.6158141,G526A,-0.506174759,0.038039904718794
G,C,526,-0.6149547,G526C,-1.301241914,0.0171769481059561
G,D,526,-0.6129196,G526D,-1.336859517,0.0165759132704735
G,E,526,-0.5046592,G526E,-0.235272702,0.0498758966078388
G,F,526,-0.6055556,G526F,-0.716266193,0.0308317263858243
G,H,526,-0.6082304,G526H,-0.812672231,0.0279981424228
G,I,526,-0.6067661,G526I,-0.653120371,0.032841405388616
G,K,526,-0.6250491,G526K,0.3882913942612545,0.0930467487138468
G,L,526,-0.6171235,G526L,-0.730686515,0.0303903131338342
G,M,526,-0.6144957,G526M,-0.298309488,0.0468289242971414
G,N,526,-0.6096901,G526N,-0.188208543,0.0522793794913184
G,P,526,-0.6204568,G526P,-0.698125862,0.0313961280261884
G,Q,526,-0.6229011,G526Q,0.7803123121957096,0.1377062776453432
G,R,526,-0.6052754,G526R,-0.274233542,0.0479700570094231
G,S,526,-0.6202832,G526S,-0.067131142,0.0590083785355411
G,T,526,-0.606964,G526T,-0.255363608,0.0488838434298912
G,V,526,-0.5999192,G526V,-0.265354431,0.0483978851386228
G,W,526,-0.6108166,G526W,0.5937723813323812,0.1142721687591674
G,Y,526,-0.6093644,G526Y,-1.551475753,0.0133742906191285
Y,A,527,-0.651781,Y527A,-0.004854693,0.0642787871446594
Y,C,527,-0.6400011,Y527C,-0.971638826,0.0244454788710089
Y,D,527,-0.6286099,Y527D,-1.137171875,0.0207161204475338
Y,E,527,-0.642029,Y527E,-0.523389181,0.0382711013927755
Y,F,527,-0.6388502,Y527F,0.0667920282662035,0.0690531435352827
Y,G,527,-0.6284618,Y527G,-0.334952548,0.04620702102959
Y,H,527,-0.640031,Y527H,-0.488764901,0.0396194186258984
Y,I,527,-3.1936963,Y527I,0.504686709130516,0.1069938264992678
Y,K,527,-0.6412079,Y527K,-0.774272623,0.0297792416549972
Y,L,527,-2.9991723,Y527L,-0.633458835,0.0342821700203352
Y,M,527,-3.0552582,Y527M,0.6739501071456973,0.1267269217661415
Y,N,527,-0.6290988,Y527N,0.1322695616706761,0.0737258841297653
Y,P,527,-0.6455146,Y527P,-0.652272168,0.0336432370055277
Y,Q,527,-0.6384204,Y527Q,-1.039835705,0.0228339480439898
Y,R,527,-0.6474781,Y527R,0.198319418152626,0.0787598864498386
Y,S,527,-0.6387544,Y527S,-1.308355946,0.0174567780899746
Y,T,527,-0.6363341,Y527T,-0.511080662,0.03874507306719
Y,V,527,-3.0841997,Y527V,-0.23393919,0.0511184319246361
Y,W,527,-0.6378605,Y527W,-1.236787273,0.0187519306459388
K,A,528,-0.6269303,K528A,-0.29031803,0.0376914364730972
K,C,528,-0.638535,K528C,-0.601801617,0.0276036838202916
K,D,528,-0.617324,K528D,-0.402309163,0.0336981100677134
K,E,528,-0.6193976,K528E,0.039707024363683,0.0524289043022732
K,F,528,-3.8813425,K528F,0.2203627220884598,0.0628099673922816
K,G,528,-0.6343507,K528G,0.0092877610220045,0.0508580683149871
K,H,528,-3.7866536,K528H,-0.640271266,0.0265619455185477
K,I,528,-0.6269746,K528I,-0.436519688,0.0325647761973571
K,L,528,-0.6342042,K528L,0.4277488767350159,0.0772850057329321
K,M,528,-0.6396145,K528M,-0.137001141,0.0439366948893164
K,N,528,-0.6149458,K528N,0.71806700194856,0.1033186724883416
K,P,528,-0.6356398,K528P,0.1345878940418003,0.0576470419562065
K,Q,528,-0.6406426,K528Q,-0.258642361,0.0389044482933125
K,R,528,-0.5933566,K528R,0.3056635801621041,0.0684028608064078
K,S,528,-0.641074,K528S,-0.307666639,0.0370431817307643
K,T,528,-0.6285145,K528T,0.0002378537808946,0.0503998838145259
K,V,528,-0.6339322,K528V,0.0168706931584976,0.0512451875659742
K,W,528,-3.7781378,K528W,0.0992061198848821,0.0556430484629154
K,Y,528,-3.6177168,K528Y,-0.192391833,0.0415691847379688
D,A,529,-0.6286638,D529A,-0.756946084,0.0447672690983126
D,C,529,-0.6247109,D529C,-1.015171028,0.0345791971210816
D,E,529,-2.9335031,D529E,0.0351058938094461,0.0988426678183323
D,F,529,-0.6379297,D529F,-0.667879131,0.0489375132042856
D,G,529,-0.6288799,D529G,-1.017693566,0.0344920796750047
D,H,529,-0.6305278,D529H,-0.755740952,0.0448212521018991
D,I,529,-12.5402719,D529I,-1.225475258,0.0280208244666516
D,K,529,-0.6141241,D529K,-0.523795818,0.0565218666931912
D,L,529,-0.6357789,D529L,-0.77599841,0.0439224220008394
D,M,529,-0.6290424,D529M,-1.165615218,0.0297493720819824
D,N,529,-0.5824073,D529N,-1.193581149,0.0289289286213272
D,P,529,-0.630807,D529P,-1.13592874,0.0306457660280588
D,Q,529,-3.117091,D529Q,-0.58326814,0.0532583847168449
D,R,529,-0.6280611,D529R,-1.99908444,0.012927261373902
D,S,529,-0.6277024,D529S,-0.346915386,0.0674581931653982
D,T,529,-0.6276533,D529T,-0.531246029,0.0561023315703673
D,V,529,-0.6297051,D529V,-0.415416548,0.0629919457599247
D,W,529,-0.6382465,D529W,-0.382073697,0.0651276850792921
D,Y,529,-0.652474,D529Y,-0.423702872,0.0624721306549222
W,A,530,-0.6419574,W530A,-0.575762579,0.0483638882608302
W,C,530,-2.9282869,W530C,-0.845142121,0.0369429126017328
W,D,530,-0.6354582,W530D,-0.118105986,0.0764326601757219
W,E,530,-0.6545,W530E,-0.902967944,0.034867249516175
W,F,530,-2.9321556,W530F,-0.455824774,0.0545267416188514
W,G,530,-0.6438657,W530G,-0.618457832,0.0463424395598968
W,H,530,-0.6517881,W530H,-0.925856871,0.0340782396082384
W,I,530,-2.7489225,W530I,-0.445702698,0.0550814682722061
W,K,530,-0.657481,W530K,-1.151721775,0.027188499387745
W,L,530,-3.2149377,W530L,-0.539331838,0.0501583084714349
W,M,530,-2.958081,W530M,0.0011598612326326,0.0861143406375422
W,N,530,-0.6507552,W530N,-0.549900525,0.0496309923115039
W,P,530,-0.6417057,W530P,-0.925456478,0.0340918870303778
W,Q,530,-0.6366074,W530Q,-0.6593692,0.0444847656350745
W,R,530,-0.6433667,W530R,-1.262045147,0.0243485099063515
W,S,530,-0.6434679,W530S,-0.857409834,0.0364924759921611
W,T,530,-3.0145629,W530T,-0.675850679,0.0437575996198336
W,V,530,-2.5524693,W530V,-0.45817788,0.054398585204729
W,Y,530,-2.9848143,W530Y,-0.114824063,0.0766839183474426
I,A,531,-13.0764799,I531A,-0.431870825,0.0667890856709401
I,C,531,-3.2467114,I531C,-0.416572929,0.0678186734427795
I,D,531,-13.116909,I531D,-1.741303246,0.0180312588285489
I,E,531,-13.0899152,I531E,-1.707448501,0.0186521536450082
I,F,531,-3.183147,I531F,-0.079228874,0.0950289587199784
I,G,531,-13.1322628,I531G,-0.838680714,0.0444662162336193
I,H,531,-3.227175,I531H,-2.481991025,0.0085970443630901
I,K,531,-3.0847353,I531K,-1.730850759,0.0182207188560422
I,L,531,-3.0431192,I531L,-0.399283425,0.0690014199354389
I,M,531,-3.1319434,I531M,-0.657641888,0.0532910595207947
I,N,531,-13.1636962,I531N,-0.618052057,0.0554431635560393
I,P,531,-13.1528188,I531P,-0.491097989,0.0629482213964991
I,Q,531,-3.294118,I531Q,-0.871149816,0.0430456252221744
I,R,531,-3.2054559,I531R,-2.247120752,0.0108730688270207
I,S,531,-13.2782398,I531S,-1.828919492,0.0165186584344184
I,T,531,-3.2095561,I531T,-0.582159471,0.0574693066860428
I,V,531,-2.7980771,I531V,-0.068133939,0.0960891696286976
I,W,531,-3.2203009,I531W,-1.482211053,0.023364065330384
I,Y,531,-3.3094448,I531Y,-0.363883138,0.0714878407143155
L,A,532,-3.2816147,L532A,-0.652314837,0.0522190712593548
L,C,532,-3.3527948,L532C,-0.583615207,0.0559326014332203
L,D,532,-3.217085,L532D,-1.695800626,0.0183928432799641
L,E,532,-3.2390464,L532E,-0.573415127,0.0565060381368666
L,F,532,-3.2218591,L532F,-0.13253973,0.0878141775042394
L,G,532,-3.2329173,L532G,-0.702116791,0.0496821549647113
L,H,532,-3.2696333,L532H,-0.822503072,0.0440470996031292
L,I,532,-3.2188735,L532I,-0.384456374,0.0682587947183959
L,K,532,-3.3013801,L532K,-1.430302626,0.0239857466211888
L,M,532,-3.1924411,L532M,-0.036385026,0.0966772079750136
L,N,532,-3.2170668,L532N,-1.454800755,0.0234052796658313
L,P,532,-3.2378827,L532P,-0.713923747,0.0490990092259578
L,Q,532,-3.2362943,L532Q,-0.572227456,0.0565731886150879
L,R,532,-3.2321354,L532R,-2.278499189,0.0102703658166753
L,S,532,-3.3747437,L532S,-0.982191085,0.0375461729676145
L,T,532,-3.1359642,L532T,-0.504422407,0.0605421752633567
L,V,532,-3.2226123,L532V,-0.347366469,0.0708380436616103
L,W,532,-2.7394513,L532W,-2.587200116,0.0075425578690778
L,Y,532,-3.2464105,L532Y,-1.193060593,0.0304078830122708
W,A,533,-0.6394042,W533A,-3.975787958,0.0100847612148254
W,C,533,-0.6492026,W533C,-2.453577947,0.0462118509811184
W,D,533,-0.6478153,W533D,-3.523435299,0.0158533132038341
W,E,533,-0.6450612,W533E,-3.493629678,0.0163329436945343
W,F,533,-3.1558594,W533F,-3.137840908,0.0233121132400547
W,G,533,-0.6505672,W533G,-2.184326429,0.0604905920000133
W,H,533,-0.6455175,W533H,-3.397048409,0.0179890902863324
W,I,533,-2.8192189,W533I,-3.400270637,0.0179312185940894
W,K,533,-0.6481842,W533K,-3.270601582,0.0204138250845575
W,L,533,-2.8727754,W533L,-2.958647532,0.0278871651675425
W,M,533,-3.0472037,W533M,-2.361091562,0.0506896974594593
W,N,533,-0.652251,W533N,-3.37623542,0.0183674206630238
W,P,533,-0.6552581,W533P,-3.810636807,0.0118956976901902
W,Q,533,-0.653406,W533Q,-3.225828957,0.0213485755507253
W,R,533,-0.6387082,W533R,-2.373781939,0.050050490458166
W,S,533,-0.6498191,W533S,-4.328361329,0.007088343710128
W,T,533,-0.6453574,W533T,-3.806852877,0.0119407954845841
W,V,533,-2.9873984,W533V,-4.056238636,0.0093052125568789
W,Y,533,-0.6472507,W533Y,-3.05331193,0.0253683445613146
I,A,534,-3.098964,I534A,-2.732669654,0.0152325955372784
I,C,534,-2.9812393,I534C,-2.361977846,0.0220680218641971
I,D,534,-3.0425206,I534D,-1.955872896,0.0331232246688491
I,E,534,-3.0489661,I534E,-2.443781672,0.0203346376860919
I,F,534,-2.9404919,I534F,-0.497679028,0.1423699266596496
I,G,534,-2.9864788,I534G,-2.230514678,0.0251684898633527
I,H,534,-3.0363653,I534H,-2.067477724,0.029625332530649
I,K,534,-3.1087434,I534K,-2.587380697,0.0176145738832243
I,L,534,-3.0695694,I534L,-1.71224492,0.0422609177603062
I,M,534,-3.0785553,I534M,-0.631178355,0.1245776791827052
I,N,534,-3.0559379,I534N,-2.277454939,0.0240143730918376
I,P,534,-3.0199599,I534P,-3.029623459,0.0113190092106571
I,Q,534,-3.0698921,I534Q,-1.655184364,0.0447424760875865
I,R,534,-2.9932783,I534R,-3.147554672,0.010059849653118
I,S,534,-12.1279846,I534S,-1.394898604,0.0580444507326806
I,T,534,-2.9774682,I534T,-1.867611374,0.0361796293337049
I,V,534,-3.031173,I534V,-1.827692722,0.0376530853221694
I,W,534,-2.9748409,I534W,-2.542615695,0.0184210060638884
I,Y,534,-3.0780681,I534Y,-1.485692127,0.0530065541820814
S,A,535,-1.8493848,S535A,-2.379664505,0.0307811117484598
S,C,535,-1.8487768,S535C,-1.626183455,0.065390858404702
S,D,535,-1.8428461,S535D,-2.735327593,0.0215685885134936
S,E,535,-1.8740577,S535E,-2.674927509,0.0229114808269498
S,F,535,-1.7910264,S535F,-1.986218769,0.0456200397934701
S,G,535,-1.8118088,S535G,-2.904819576,0.0182059042602218
S,H,535,-1.8912031,S535H,-2.610860843,0.0244273846542449
S,I,535,-1.846853,S535I,-2.763815862,0.0209628062877446
S,K,535,-1.8736456,S535K,-2.453021375,0.0286039366306103
S,L,535,-1.8415484,S535L,-2.110353244,0.0402944033731091
S,M,535,-1.8354851,S535M,-2.591064571,0.0249157741934864
S,N,535,-1.7962097,S535N,-2.715089133,0.0220095508604891
S,P,535,-1.8265086,S535P,-1.328757041,0.0880415553397143
S,Q,535,-1.8718073,S535Q,-1.439824676,0.0787864694296496
S,R,535,-1.8510161,S535R,-3.913677214,0.0066385087780793
S,T,535,-1.8498374,S535T,-2.047189891,0.0429216324967462
S,V,535,-1.8766287,S535V,-3.359426498,0.0115552365259009
S,W,535,-1.8402207,S535W,-2.820256029,0.0198124304870583
S,Y,535,-1.9052552,S535Y,-1.81615935,0.0540768693974756
F,A,536,-1.8082244,F536A,-0.476877925,0.105387339544708
F,C,536,-0.6562729,F536C,-1.192705817,0.0515119860514366
F,D,536,-1.7694004,F536D,-2.321605534,0.0166583967091401
F,E,536,-1.8551166,F536E,-2.405948649,0.0153109954700517
F,G,536,-1.839361,F536G,-1.061669554,0.0587241353507015
F,H,536,-1.8278784,F536H,-1.817089427,0.0275893751818903
F,I,536,-0.6620382,F536I,-1.606640588,0.0340516894763147
F,K,536,-0.6592613,F536K,-2.996740121,0.0084805832789239
F,L,536,-0.6542357,F536L,-0.628001484,0.0906058641085831
F,M,536,-0.6730086,F536M,-1.706901247,0.0308032116632296
F,N,536,-1.8321431,F536N,-1.680009199,0.0316428120806455
F,P,536,-0.6553564,F536P,-1.643027237,0.0328349333434184
F,Q,536,-1.8554904,F536Q,-2.689172798,0.0115345498420218
F,R,536,-0.6520287,F536R,-1.826963128,0.027318306265854
F,S,536,-1.8103598,F536S,-0.379409664,0.1161765225595706
F,T,536,-0.6682663,F536T,-0.924926851,0.0673291670754312
F,V,536,-0.6404376,F536V,-1.551416346,0.0359850619605173
F,W,536,-0.6588082,F536W,-1.506648091,0.037632655623458
F,Y,536,-0.646243,F536Y,-1.712229209,0.0306395297119127
A,C,537,-0.636525,A537C,-2.983175807,0.0222452804281356
A,D,537,-1.7885872,A537D,-2.635804412,0.0314846900242533
A,E,537,-1.7692536,A537E,-3.270328969,0.0166927844792776
A,F,537,-0.6380557,A537F,-3.080997753,0.0201722495990855
A,G,537,-1.761865,A537G,-3.970055199,0.0082916561164838
A,H,537,-1.7797372,A537H,-2.928523683,0.0234948680958271
A,I,537,-0.6349122,A537I,-3.267422754,0.0167413678893903
A,K,537,-1.7590783,A537K,-2.945911689,0.0230898702733953
A,L,537,-0.6372162,A537L,-3.878326462,0.0090882154106816
A,M,537,-0.6329853,A537M,-2.642654483,0.0312697546012775
A,N,537,-1.7488317,A537N,-3.163728043,0.0185705602579594
A,P,537,-1.8022198,A537P,-2.676453934,0.0302305155290858
A,Q,537,-1.7944012,A537Q,-3.146242581,0.0188981307759494
A,R,537,-1.7436477,A537R,-4.106352274,0.0072351599724921
A,S,537,-1.7480331,A537S,-1.473211296,0.1006948575155233
A,T,537,-1.6143499,A537T,-1.452815683,0.1027696777718254
A,V,537,-0.6007853,A537V,-2.477475289,0.0368859443643847
A,W,537,-0.6482447,A537W,-3.188235399,0.0181209762548454
A,Y,537,-0.648839,A537Y,-2.879751823,0.0246691604515268
I,A,538,-0.6128325,I538A,-2.161746317,0.0299051714617449
I,C,538,-0.6224144,I538C,-3.120665029,0.0114628592097573
I,D,538,-0.6123223,I538D,-2.084251382,0.0323148340892473
I,E,538,-0.6191441,I538E,-1.319090631,0.0694555723322149
I,F,538,-0.6191882,I538F,-2.990626107,0.0130547389119234
I,G,538,-0.6184416,I538G,-2.202726473,0.0287044239322136
I,H,538,-0.6113682,I538H,-2.158254406,0.0300097802296544
I,K,538,-0.605541,I538K,-2.04841035,0.0334940371492349
I,L,538,-0.6101722,I538L,-3.087955774,0.0118440005638573
I,M,538,-0.5211286,I538M,-0.662056308,0.1339841746779407
I,N,538,-0.6051475,I538N,-1.412556098,0.0632580137603176
I,P,538,-0.6074832,I538P,-3.414272799,0.0085463484199054
I,Q,538,-0.6160692,I538Q,-2.835079754,0.0152518020927003
I,R,538,-0.6149668,I538R,-2.314833305,0.0256602828366284
I,S,538,-0.6371441,I538S,-1.227847539,0.0760910314272215
I,T,538,-0.5499499,I538T,-1.376055456,0.0656096289342066
I,V,538,-0.5255861,I538V,-1.844778205,0.0410585717682663
I,W,538,-0.6310127,I538W,-2.06204393,0.0330404921092636
I,Y,538,-0.6240076,I538Y,-2.698201713,0.0174890643429992
S,A,539,-1.8222994,S539A,-1.5239704,0.0583423862777745
S,C,539,-1.8441233,S539C,-1.687421449,0.0495448235867753
S,D,539,-1.8272122,S539D,-1.584661663,0.0549068214046319
S,E,539,-1.8202221,S539E,-0.291028566,0.2001907820531203
S,F,539,-1.8735636,S539F,-2.983840792,0.0135509669747484
S,G,539,-1.8225401,S539G,-2.801321998,0.0162643699812134
S,H,539,-1.8526961,S539H,-2.583654033,0.0202194479252365
S,I,539,-1.8322796,S539I,-3.02514123,0.0130027053339006
S,K,539,-1.8389532,S539K,-2.651709655,0.0188891796540877
S,L,539,-1.8410765,S539L,-2.421245912,0.0237849518387938
S,M,539,-1.8608738,S539M,-2.417440691,0.0238756312902074
S,N,539,-0.64057,S539N,-2.42957213,0.0235877352484226
S,P,539,-1.8722295,S539P,-2.313615431,0.0264877835734481
S,Q,539,-1.8503999,S539Q,-2.286653851,0.0272116507978538
S,R,539,-1.850718,S539R,-3.794520299,0.0060241565535376
S,T,539,-1.8002783,S539T,-1.319642781,0.071568606199528
S,V,539,-1.7996253,S539V,-2.458364238,0.0229182781227145
S,W,539,-1.8557109,S539W,-1.842520064,0.0424267533477915
S,Y,539,-1.8416052,S539Y,-2.625687004,0.0193871779698103
C,A,540,-0.6682391,C540A,-0.121962006,0.0630577959471213
C,D,540,-0.6661771,C540D,0.1202132695446747,0.0803367368371652
C,E,540,-0.6800224,C540E,-0.691049583,0.035693335925087
C,F,540,-0.6652328,C540F,-0.579090529,0.0399218217976867
C,G,540,-0.6631665,C540G,0.3572132107762313,0.1018220802258007
C,H,540,-0.6642356,C540H,0.1846475667853213,0.0856835892156397
C,I,540,-0.665515,C540I,-0.672619583,0.0363572636180197
C,K,540,-0.6715061,C540K,-2.136248337,0.0084128840031651
C,L,540,-12.9746021,C540L,-0.232916804,0.0564354149091363
C,M,540,-0.6690279,C540M,-0.349558448,0.0502221025287703
C,N,540,-0.6602541,C540N,0.4038767731844861,0.106686064531579
C,P,540,-0.6644221,C540P,-1.466816243,0.0164314472648249
C,Q,540,-0.663621,C540Q,-0.074310772,0.0661353197734424
C,R,540,-0.651062,C540R,-1.975165083,0.0098833129216189
C,S,540,-0.6659901,C540S,-0.42531648,0.0465579219746845
C,T,540,-0.6636544,C540T,-0.586126799,0.0396419069341117
C,V,540,-0.6616779,C540V,-0.866914449,0.0299371170522568
C,W,540,-0.6698686,C540W,-1.406423656,0.0174543628477425
C,Y,540,-0.6725081,C540Y,-0.625998201,0.0380924234287213
F,A,541,-1.8411988,F541A,-0.165899697,0.0532390974109503
F,C,541,-1.8204261,F541C,0.0182779717670413,0.0640056103242521
F,D,541,-1.8512213,F541D,0.1740414602850948,0.0747937445062292
F,E,541,-1.8358463,F541E,-0.410419935,0.0416904777207413
F,G,541,-1.8271157,F541G,-0.166802763,0.0531910406855762
F,H,541,-1.8326031,F541H,0.4723614354512673,0.1007915236713962
F,I,541,-0.6584788,F541I,-0.541432377,0.0365711718325782
F,K,541,-1.819725,F541K,-0.282138984,0.04739675329724
F,L,541,-0.627354,F541L,0.1168769747136493,0.0706381070255677
F,M,541,-0.645345,F541M,-0.163515533,0.0533661796094416
F,N,541,-1.8616535,F541N,-0.840923879,0.0271063678909942
F,P,541,-1.8511323,F541P,-1.43698315,0.0149350247065799
F,Q,541,-1.8238794,F541Q,-0.569123362,0.0355723724657263
F,R,541,-1.8481432,F541R,-1.476520983,0.0143560469830786
F,S,541,-1.8145703,F541S,-0.427024325,0.0410039480659418
F,T,541,-1.8342795,F541T,-0.475878039,0.039048896995771
F,V,541,-0.6338295,F541V,-0.222896836,0.0502894789924179
F,W,541,-1.8122567,F541W,0.0278828160278883,0.0646233361706444
F,Y,541,-1.8401079,F541Y,-0.141859627,0.0545344774508393
L,A,542,-0.654952,L542A,-1.212134056,0.0165914377172074
L,C,542,-0.6361054,L542C,0.3960829688846412,0.0828560088976567
L,D,542,-0.6491694,L542D,-0.349134867,0.039326016572357
L,E,542,-0.6548985,L542E,0.5199346899398503,0.0937804117069728
L,F,542,-0.6369349,L542F,0.2817100806133799,0.0739013699578892
L,G,542,-0.6562238,L542G,0.3305337130534758,0.0775990360181992
L,H,542,-0.653564,L542H,-1.012443435,0.0202585614464851
L,I,542,-0.6420541,L542I,0.1008599364281259,0.0616751561830753
L,K,542,-0.6459216,L542K,-1.967998207,0.0077914106641137
L,M,542,-0.6272868,L542M,0.6588498924441915,0.1077561948482432
L,N,542,-0.643823,L542N,-1.277217506,0.0155459984473187
L,P,542,-0.6470634,L542P,-0.950486971,0.0215534088146625
L,Q,542,-0.636348,L542Q,-0.472435707,0.0347641062690254
L,R,542,-0.6343172,L542R,-1.632192974,0.0109007056908773
L,S,542,-0.6341505,L542S,-0.811547288,0.0247660491262469
L,T,542,-0.6390002,L542T,0.0534722106149834,0.0588206780785822
L,V,542,-0.631454,L542V,0.3582178190834066,0.0797773088854828
L,W,542,-0.6442081,L542W,0.295037926726025,0.0748929090402963
L,Y,542,-0.6455575,L542Y,-0.290874731,0.0416852124918774
L,A,543,-1.7809631,L543A,-0.261605363,0.0481158513239801
L,C,543,-1.7836145,L543C,0.0017915177834186,0.0626152338459235
L,D,543,-1.8146292,L543D,-0.494976695,0.0381009907108895
L,E,543,-1.7494074,L543E,-0.345067005,0.0442630397317367
L,F,543,-1.7564182,L543F,-0.014720796,0.0615898007130288
L,G,543,-1.7857655,L543G,-0.395412967,0.0420897413785763
L,H,543,-1.7891415,L543H,-1.337765598,0.0164027833237761
L,I,543,-1.6002597,L543I,0.7440055455904018,0.131528388724574
L,K,543,-1.813714,L543K,-1.947457334,0.0089152098257812
L,M,543,-1.7017759,L543M,-0.701659194,0.0309866890180327
L,N,543,-1.7610949,L543N,-1.633290546,0.0122059785617156
L,P,543,-1.7912998,L543P,-0.208473623,0.0507414648096496
L,Q,543,-1.7858059,L543Q,-0.280673196,0.0472070778069276
L,R,543,-1.7804501,L543R,-0.73057578,0.03010349056259
L,S,543,-1.7768383,L543S,-0.061448933,0.0587780296341184
L,T,543,-1.7585998,L543T,0.1633335342039519,0.0735930536051344
L,V,543,-1.7321486,L543V,-0.04667597,0.0596528010334263
L,W,543,-1.8390716,L543W,0.0202418281037481,0.0637812279254299
L,Y,543,-1.7899207,L543Y,-0.095223284,0.0568259895186879
C,A,544,-0.6711751,C544A,-0.045548843,0.048470671897382
C,D,544,-0.6633515,C544D,-0.045837371,0.0484566887801903
C,E,544,-0.6652261,C544E,0.0042893549104903,0.0509475728185815
C,F,544,-0.6646494,C544F,-0.95764037,0.0194698492654028
C,G,544,-0.6589313,C544G,-0.068923671,0.0473508172666337
C,H,544,-0.6719386,C544H,0.1866351003507471,0.0611385682238562
C,I,544,-0.6849876,C544I,0.1911471195783418,0.0614150499407029
C,K,544,-0.6733912,C544K,0.8825009441817993,0.1226100291548053
C,L,544,-0.6582058,C544L,-0.27915103,0.0383730991313493
C,M,544,-0.6697799,C544M,-0.477380113,0.0314729211570777
C,N,544,-0.6573349,C544N,0.1080677330141526,0.0565189238509463
C,P,544,-0.6672201,C544P,-0.721179734,0.0246635839576608
C,Q,544,-0.6706505,C544Q,0.3179211298655295,0.069715937337449
C,R,544,-0.6719449,C544R,-1.113381761,0.0166619154053357
C,S,544,-0.6745092,C544S,-0.186728421,0.0420887002773685
C,T,544,-0.6746076,C544T,-0.305604288,0.0373713140428675
C,V,544,-0.6615159,C544V,-0.201076933,0.0414891018628721
C,W,544,-0.6624535,C544W,0.5099272752380268,0.0844732670692232
C,Y,544,-0.6618981,C544Y,-0.085283242,0.0465824799944277
V,A,545,-1.2366343,V545A,-0.399958258,0.0443145913862494
V,C,545,-1.5013968,V545C,-0.155140764,0.0566069371459963
V,D,545,-1.4653419,V545D,-0.323720867,0.0478251382676542
V,E,545,-1.5006779,V545E,-0.130659026,0.0580098767206545
V,F,545,-1.4308298,V545F,0.2537244260893105,0.0851996044712753
V,G,545,-1.4740347,V545G,-0.027199504,0.0643330067005369
V,H,545,-1.4844739,V545H,-1.514669179,0.0145356262069927
V,I,545,-1.0240873,V545I,-0.107807576,0.0593507488410999
V,K,545,-1.5766188,V545K,-0.407443912,0.0439841061038932
V,L,545,-1.5363775,V545L,0.1416293824878312,0.0761649767206225
V,M,545,-1.4822131,V545M,-0.171633778,0.0556809749327861
V,N,545,-1.4605392,V545N,-0.156523057,0.0565287437858373
V,P,545,-1.4988198,V545P,-0.714131848,0.0323670304279058
V,Q,545,-1.4857542,V545Q,-0.762115994,0.0308505989273724
V,R,545,-1.4642395,V545R,-1.75247567,0.0114592348309761
V,S,545,-1.4380514,V545S,0.0185125748709649,0.0673420535910849
V,T,545,-1.3701916,V545T,0.0432665042084368,0.0690298377368135
V,W,545,-1.5039061,V545W,-0.511976537,0.0396184806719111
V,Y,545,-1.4801902,V545Y,-1.161544892,0.0206915852321386
A,C,546,-1.5227747,A546C,-0.01007443,0.0820047665070239
A,D,546,-0.6476499,A546D,-0.799687356,0.0372318397135504
A,E,546,-0.6455731,A546E,-0.949295274,0.032058307049744
A,F,546,-1.5229093,A546F,-0.946198874,0.0321577262574874
A,G,546,-0.6455394,A546G,-0.027223103,0.0806104826906372
A,H,546,-0.6485767,A546H,-1.710845049,0.0149693714269114
A,I,546,-1.3583337,A546I,-0.351506485,0.0582850290714364
A,K,546,-0.6595525,A546K,-2.374645287,0.0077075883336539
A,L,546,-1.502962,A546L,-0.440207961,0.0533377202225344
A,M,546,-1.5113566,A546M,-0.738136888,0.0395954726655081
A,N,546,-0.6487503,A546N,-0.574702252,0.0466255866397664
A,P,546,-0.6668589,A546P,-0.036171343,0.0798923783229479
A,Q,546,-0.6536167,A546Q,-1.717691754,0.0148672305607116
A,R,546,-0.6289163,A546R,-1.920282367,0.0121407642323909
A,S,546,-0.6492795,A546S,-0.139804607,0.0720274416180107
A,T,546,-0.6167315,A546T,-0.153977038,0.0710138370939533
A,V,546,-0.9849709,A546V,0.0747763236408389,0.0892666660438171
A,W,546,-1.5324489,A546W,-1.25468363,0.0236217494054367
A,Y,546,-1.5342844,A546Y,-0.17192076,0.0697509487162912
L,A,547,-1.7007469,L547A,-0.279229141,0.0355577545184763
L,C,547,-1.7405894,L547C,-0.456380067,0.0297850706211501
L,D,547,-1.7452066,L547D,0.4300372371019803,0.0722711330778663
L,E,547,-1.7706828,L547E,0.5215166301775129,0.0791942890877185
L,F,547,-1.7117437,L547F,0.7022768511615012,0.0948848860053359
L,G,547,-1.7246575,L547G,0.0349461417395962,0.0486831814902851
L,H,547,-1.7753718,L547H,-0.107847675,0.0422050454007159
L,I,547,-1.6302703,L547I,-0.03004308,0.0456199164711052
L,K,547,-1.7640318,L547K,0.5239190820819704,0.0793847783113613
L,M,547,-1.6472151,L547M,0.3204459416002678,0.0647694131118445
L,N,547,-1.7012334,L547N,0.2945931872830423,0.06311640460696
L,P,547,-1.7506123,L547P,-1.886839275,0.0071245531315687
L,Q,547,-1.7279773,L547Q,0.2975532651515067,0.0633035108969492
L,R,547,-1.7539004,L547R,-1.645774173,0.009066736704028
L,S,547,-1.6147968,L547S,-0.135923634,0.0410365776577402
L,T,547,-1.7410911,L547T,-0.41256373,0.0311191577379885
L,V,547,-1.6712794,L547V,-0.045147297,0.0449360408848043
L,W,547,-1.7400501,L547W,0.1317218220244194,0.0536300379380553
L,Y,547,-1.7670404,L547Y,0.0061278344207709,0.0473002370844604
L,A,548,-0.6435753,L548A,-0.945151527,0.0327408696156054
L,C,548,-0.6366651,L548C,-0.667345145,0.0432254995737619
L,D,548,-0.6579085,L548D,0.2900707251844201,0.1126005501295714
L,E,548,-0.6509774,L548E,0.0736149526064884,0.0906848951937462
L,F,548,-0.6509521,L548F,-0.524235135,0.0498760351451158
L,G,548,-0.6463397,L548G,-0.415400485,0.055610681721711
L,H,548,-0.6532032,L548H,-1.150014968,0.0266759022976187
L,I,548,-0.6407123,L548I,-0.76816831,0.0390798660145439
L,K,548,-0.6491374,L548K,-2.960628093,0.0043629375475217
L,M,548,-0.6475783,L548M,-1.257806329,0.0239500214258618
L,N,548,-0.6372686,L548N,-0.133475587,0.0737219247880347
L,P,548,-0.6581545,L548P,-1.814303887,0.0137284641100345
L,Q,548,-0.6510943,L548Q,-1.031754561,0.0300247208696722
L,R,548,-0.6469153,L548R,-0.784907646,0.03843113963494
L,S,548,-0.6474367,L548S,-0.170167722,0.0710659346170479
L,T,548,-0.6499418,L548T,0.1604639381395878,0.098912913566073
L,V,548,-0.6393585,L548V,-0.760430371,0.0393834367028667
L,W,548,-0.6469044,L548W,-0.476353468,0.0523222811457464
L,Y,548,-0.6499915,L548Y,-1.470928116,0.0193529977990264
G,A,549,-0.6436572,G549A,-0.91303481,0.035845311993344
G,C,549,-0.6514867,G549C,-0.252008467,0.0694244609291153
G,D,549,-0.6530608,G549D,-2.42705959,0.0078867727566614
G,E,549,-0.6662506,G549E,-1.434805345,0.0212730723729383
G,F,549,-0.6493965,G549F,-0.997335236,0.0329473996784157
G,H,549,-0.6450926,G549H,-2.186960673,0.0100270476797333
G,I,549,-0.6652464,G549I,-0.284805298,0.0671844910272689
G,K,549,-0.6606819,G549K,-2.23523978,0.0095544503692139
G,L,549,-0.6415445,G549L,-1.128916221,0.0288852565966662
G,M,549,-0.6474593,G549M,0.1947500492806866,0.1085268748657343
G,N,549,-0.6535959,G549N,-2.550706521,0.0069694751702511
G,P,549,-0.6452878,G549P,-1.674399041,0.0167407897467337
G,Q,549,-0.650631,G549Q,-2.46416658,0.0075994812194422
G,R,549,-0.6482005,G549R,-1.83816606,0.0142119209494755
G,S,549,-0.6471121,G549S,-0.808728356,0.0397861663573258
G,T,549,-0.6553662,G549T,-0.79362871,0.0403914820488689
G,V,549,-0.6471585,G549V,0.6743801332612804,0.1753226439261287
G,W,549,-0.6589765,G549W,0.8140100963997614,0.2015944339783977
G,Y,549,-0.6455571,G549Y,-1.688494677,0.0165064728263554
F,A,550,-1.8038332,F550A,-0.185578357,0.0672971995317896
F,C,550,-1.8556949,F550C,-0.610663026,0.043993147196652
F,D,550,-1.8002236,F550D,-0.771453657,0.0374588578371423
F,E,550,-1.8023865,F550E,-1.069131176,0.0278147260568265
F,G,550,-1.7996149,F550G,-0.837420651,0.0350675497350177
F,H,550,-1.8003417,F550H,-1.089713653,0.0272480813692276
F,I,550,-0.6480223,F550I,0.1099524193438297,0.0904366348962177
F,K,550,-1.8236323,F550K,-1.264343307,0.0228820643052432
F,L,550,-0.6551427,F550L,0.3001026388448866,0.1093768957644018
F,M,550,-0.6531219,F550M,-0.312340749,0.0592849934441642
F,N,550,-1.787232,F550N,-0.209654909,0.0656962645971085
F,P,550,-1.8286819,F550P,-0.776207061,0.0372812232168039
F,Q,550,-1.8122788,F550Q,-1.02567261,0.0290501653498742
F,R,550,-1.8035719,F550R,-2.368775008,0.0075830902647936
F,S,550,-1.705528,F550S,-0.301020645,0.0599599187456031
F,T,550,-1.8050802,F550T,-0.100909391,0.0732433605106065
F,V,550,-0.6318731,F550V,-0.406953302,0.0539330597078488
F,W,550,-1.8124913,F550W,-0.805524378,0.0362041037533
F,Y,550,-1.8143261,F550Y,-0.834543626,0.035168585240393
I,A,551,-0.6348463,I551A,-1.428756829,0.0235802585817051
I,C,551,-0.6490957,I551C,-0.804852214,0.0440055020850508
I,D,551,-0.64543,I551D,-0.640490372,0.051866678446594
I,E,551,-0.6409258,I551E,-0.535856311,0.0575877936687785
I,F,551,-0.6163349,I551F,-0.466485835,0.0617245112631034
I,G,551,-0.6308824,I551G,-0.392326145,0.0664759892602158
I,H,551,-0.6342864,I551H,-1.220123347,0.0290507245181803
I,K,551,-0.639376,I551K,-1.395242067,0.0243839380259515
I,L,551,-0.6483778,I551L,-0.613719484,0.0532739486159437
I,M,551,-0.6156924,I551M,-0.393788481,0.066378850111038
I,N,551,-0.640413,I551N,-0.32508251,0.0710997957413156
I,P,551,-0.6399716,I551P,-1.487627485,0.0222321442361309
I,Q,551,-0.6380261,I551Q,-0.990910512,0.0365344747663098
I,R,551,-0.6460863,I551R,-1.633742779,0.0192098624157037
I,S,551,-0.6649587,I551S,-0.579022573,0.0551548321413894
I,T,551,-0.6280832,I551T,-0.279022044,0.0744512788346837
I,V,551,-0.5574751,I551V,-0.336048592,0.070324368910083
I,W,551,-0.6381154,I551W,-0.965615121,0.0374704164208525
I,Y,551,-0.6480642,I551Y,-0.984152478,0.0367822122217489
M,A,552,-1.7277225,M552A,-0.20132519,0.0619076050090571
M,C,552,-1.7910432,M552C,-0.420667066,0.0497147224817477
M,D,552,-1.7671759,M552D,-0.912468541,0.0304017299648577
M,E,552,-1.737957,M552E,0.0109833746839336,0.0765505745637371
M,F,552,-0.6165924,M552F,-0.056661639,0.0715435678954613
M,G,552,-1.7426109,M552G,-0.373547359,0.0521133332838003
M,H,552,-0.6179662,M552H,-1.333633513,0.0199520993779423
M,I,552,-0.5414247,M552I,-0.18887157,0.0626833996669836
M,K,552,-1.7849553,M552K,-2.103895955,0.0092356532370706
M,L,552,-0.622755,M552L,-0.274695895,0.0575280304486459
M,N,552,-1.7555067,M552N,-0.69515335,0.0377813188033436
M,P,552,-1.7821665,M552P,-0.987922505,0.0281922050672508
M,Q,552,-1.7392263,M552Q,0.0896333529061217,0.0828143715612189
M,R,552,-1.7334611,M552R,-2.28304352,0.0077208431027166
M,S,552,-1.7553534,M552S,-0.410922967,0.0502015155860463
M,T,552,-1.7501002,M552T,-0.599094235,0.0415905887031256
M,V,552,-0.5802506,M552V,-0.399989288,0.0507534146327455
M,W,552,-0.624342,M552W,0.0497740455375046,0.079578368517858
M,Y,552,-0.6170337,M552Y,-0.337571889,0.0540222668219746
W,A,553,-0.6604946,W553A,-0.686779183,0.0389876831414307
W,C,553,-0.6627573,W553C,-0.772768114,0.0357752683196422
W,D,553,-0.6580465,W553D,-0.516753764,0.0462134665325646
W,E,553,-0.6616721,W553E,-0.380924246,0.0529369077147993
W,F,553,-2.6102977,W553F,-0.166218688,0.0656151345228443
W,G,553,-0.6553015,W553G,-0.645137549,0.0406454713538563
W,H,553,-0.6497405,W553H,-1.289384584,0.021341214719574
W,I,553,-2.4981317,W553I,-0.037618052,0.0746198854869122
W,K,553,-0.6619892,W553K,-0.660953634,0.0400076759982182
W,L,553,-0.6611454,W553L,-0.141689129,0.0672445477870659
W,M,553,-0.6507206,W553M,-0.352657871,0.05445459115118
W,N,553,-0.652569,W553N,-0.624706703,0.0414844341307671
W,P,553,-0.6520089,W553P,-0.56478175,0.0440463832048384
W,Q,553,-0.6632819,W553Q,-0.833664995,0.0336616742328777
W,R,553,-0.6624563,W553R,-1.534658897,0.0166992819869794
W,S,553,-0.6506585,W553S,-0.23940949,0.0609842457896554
W,T,553,-0.65752,W553T,-0.15325455,0.0664713161400037
W,V,553,-0.6463892,W553V,-0.122523039,0.068545793134329
W,Y,553,-0.6616346,W553Y,-0.383805212,0.0527846177512245
A,C,554,-0.6350874,A554C,-1.001192154,0.0322104813276476
A,D,554,-0.6368308,A554D,0.3842917676417672,0.1287375789673918
A,E,554,-0.6320005,A554E,-0.979846668,0.0329054204487165
A,F,554,-0.646384,A554F,-1.831303346,0.0140437901047948
A,G,554,-0.6191531,A554G,0.0519778068402918,0.0923385828088965
A,H,554,-0.6335653,A554H,-1.978136056,0.012125946435339
A,I,554,-0.6286578,A554I,-0.906651969,0.0354042588667183
A,K,554,-0.6276176,A554K,-1.519902112,0.0191745089367689
A,L,554,-0.6321869,A554L,-1.533254098,0.0189201926136459
A,M,554,-0.636885,A554M,0.0357518907439584,0.0908523945394786
A,N,554,-0.6250239,A554N,-0.051118015,0.0832931435784779
A,P,554,-0.6326998,A554P,-0.838315674,0.0379082373561932
A,Q,554,-0.623824,A554Q,-1.20627821,0.0262379222830602
A,R,554,-0.6336521,A554R,-1.74791074,0.0152651579832543
A,S,554,-0.6359282,A554S,0.2346145002365509,0.1108412259978802
A,T,554,-0.5877179,A554T,-0.120410381,0.0777169873694065
A,V,554,-0.6069538,A554V,-1.02534948,0.0314416853979639
A,W,554,-2.4751771,A554W,-1.187178466,0.0267438764909009
A,Y,554,-0.6350957,A554Y,-1.208603539,0.0261769813492022
C,A,555,-0.664001,C555A,-0.965134873,0.0753679614760159
C,D,555,-0.6518869,C555D,-1.556414945,0.0417250676692667
C,E,555,-0.6715851,C555E,-1.4472237,0.0465391252295258
C,F,555,-0.6684101,C555F,-1.005697369,0.0723720206510686
C,G,555,-0.6636533,C555G,-1.267035223,0.0557279532370518
C,H,555,-0.6610672,C555H,-2.036458271,0.0258176564883535
C,I,555,-0.6726591,C555I,-1.267589715,0.0556970610699304
C,K,555,-0.6600104,C555K,-2.182680469,0.0223055685637875
C,L,555,-0.665796,C555L,-1.474816601,0.0452725303554103
C,M,555,-0.6737768,C555M,-1.942402086,0.0283638327109145
C,N,555,-0.6592438,C555N,-2.276159946,0.0203149453256739
C,P,555,-0.6671379,C555P,-2.717823703,0.0130618113387779
C,Q,555,-0.6614989,C555Q,-1.91075855,0.0292757165304386
C,R,555,-0.6636616,C555R,-2.371819907,0.0184616725215807
C,S,555,-0.6467129,C555S,-1.969144188,0.0276153762136784
C,T,555,-0.6720174,C555T,-0.87741915,0.0822775266869341
C,V,555,-0.6597697,C555V,-1.963464698,0.0277726637460467
C,W,555,-0.6708217,C555W,-1.083875061,0.0669296498621768
C,Y,555,-0.6618916,C555Y,-1.432058781,0.0472502660186491
Q,A,556,-0.6288553,Q556A,-0.440767431,0.0551752015638341
Q,C,556,-0.6321089,Q556C,-1.071251307,0.0293716396243506
Q,D,556,-0.6298953,Q556D,-0.791484234,0.0388534441697539
Q,E,556,-0.6292963,Q556E,-0.449867438,0.0546753843958699
Q,F,556,-0.6196799,Q556F,0.0089035298306372,0.0865034789128521
Q,G,556,-0.6347753,Q556G,-1.039885256,0.0303075128923896
Q,H,556,-0.6306347,Q556H,-1.046565363,0.0301057301021352
Q,I,556,-0.6334672,Q556I,-0.560856532,0.0489316526759161
Q,K,556,-0.6149737,Q556K,-0.621452176,0.0460546541477875
Q,L,556,-0.6293647,Q556L,0.0771538526452411,0.0926135039687729
Q,M,556,-0.626844,Q556M,-0.015656361,0.0844048393660701
Q,N,556,-0.6289081,Q556N,-1.098172295,0.0285914743355662
Q,P,556,-0.6440909,Q556P,-2.335413105,0.0082967751832435
Q,R,556,-0.6076641,Q556R,-0.811430422,0.0380861436818546
Q,S,556,-0.6204926,Q556S,-0.413036169,0.0567266928148722
Q,T,556,-0.6243894,Q556T,-1.395924449,0.0212287479392543
Q,V,556,-0.6199862,Q556V,-0.389702418,0.0580659031745447
Q,W,556,-0.6321811,Q556W,-0.306465324,0.0631059925912972
Q,Y,556,-0.629279,Q556Y,-0.686262184,0.0431645174052061
K,A,557,-0.6147884,K557A,-0.497412872,0.0363015843210285
K,C,557,-0.6110441,K557C,-1.338359694,0.0156569389220711
K,D,557,-0.6204337,K557D,-0.330934284,0.042877191398281
K,E,557,-0.6220275,K557E,-0.257435777,0.0461473039227551
K,F,557,-0.6312419,K557F,0.036946444020768,0.0619433845512526
K,G,557,-0.6046523,K557G,-0.264593966,0.0458181521802464
K,H,557,-0.6292599,K557H,-0.240616637,0.046930025950063
K,I,557,-0.6078572,K557I,0.0869369212445758,0.065118670189578
K,L,557,-0.6286031,K557L,0.2040185417305116,0.0732071385961084
K,M,557,-0.6187615,K557M,0.2013047355984203,0.0730087379195858
K,N,557,-0.6032666,K557N,0.2002823332514465,0.0729341317496237
K,P,557,-0.6177872,K557P,-2.522575356,0.0047907984536476
K,Q,557,-0.6145291,K557Q,0.0339091171395211,0.0617555276496954
K,R,557,-0.5648818,K557R,-0.54428399,0.0346393477672886
K,S,557,-0.6198584,K557S,0.1303269710926424,0.068006368617671
K,T,557,-0.6170655,K557T,0.0297939651654135,0.0615019164093201
K,V,557,-0.6221627,K557V,-0.030922649,0.0578788313592165
K,W,557,-0.6253439,K557W,-0.632779105,0.0317056567729747
K,Y,557,-0.6167446,K557Y,-0.398353535,0.0400817351754885
G,A,558,-0.645492,G558A,-2.64094745,0.0282156372928519
G,C,558,-0.6662735,G558C,-2.311043952,0.0392432688684301
G,D,558,-0.6417982,G558D,-2.588241504,0.02974265773008
G,E,558,-0.6555726,G558E,-2.680175594,0.027130218493161
G,F,558,-0.6492316,G558F,-3.798650711,0.0088655440164447
G,H,558,-0.6508202,G558H,-2.291641317,0.0400121267103103
G,I,558,-0.6501233,G558I,-2.928427674,0.0211659973776039
G,K,558,-0.659809,G558K,-1.855470789,0.0618896643267534
G,L,558,-0.6560511,G558L,-3.887664159,0.0081104937727036
G,M,558,-0.6477106,G558M,-2.046436068,0.051130842110414
G,N,558,-0.6353154,G558N,-1.75729883,0.0682737368484446
G,P,558,-0.6655575,G558P,-2.812498288,0.0237676505164008
G,Q,558,-0.6527428,G558Q,-2.322715397,0.0387879056598288
G,R,558,-0.6452605,G558R,-2.316181133,0.0390421860025301
G,S,558,-0.6543414,G558S,-3.500313832,0.0119473497304392
G,T,558,-0.6388276,G558T,-2.117152878,0.0476399195266233
G,V,558,-0.6556992,G558V,-2.935014974,0.0210270287542098
G,W,558,-0.6566621,G558W,-2.924338813,0.021252719419318
G,Y,558,-0.6638334,G558Y,-3.148277436,0.0169886609397692
N,A,559,-0.6372861,N559A,-0.210858123,0.0569251908264754
N,C,559,-0.6528164,N559C,-1.515371447,0.0154440554348745
N,D,559,-0.6465775,N559D,-0.545382311,0.0407401342468401
N,E,559,-0.6362068,N559E,-0.411357764,0.0465831218649709
N,F,559,-0.6273843,N559F,0.4880650024190474,0.1145098880213599
N,G,559,-0.6364822,N559G,-1.702517972,0.0128080965019785
N,H,559,-0.647564,N559H,-1.237048584,0.020400250658392
N,I,559,-0.638119,N559I,-0.404133985,0.0469208464476657
N,K,559,-0.6434388,N559K,-0.553786122,0.040399196368053
N,L,559,-0.6448852,N559L,-0.866353188,0.0295546985847002
N,M,559,-0.6421149,N559M,-0.014001022,0.0693104089304059
N,P,559,-0.6393937,N559P,-3.632043826,0.0018599452644744
N,Q,559,-0.6334759,N559Q,-0.38304423,0.0479209042359438
N,R,559,-0.6434106,N559R,-0.954581226,0.0270588646870444
N,S,559,-0.6269824,N559S,0.1016217486714929,0.0778059481465004
N,T,559,-0.6320786,N559T,-0.175216195,0.0589907055455695
N,V,559,-0.6476757,N559V,-0.723603383,0.0340896079719475
N,W,559,-0.6311767,N559W,0.2006866732895158,0.0859085036908191
N,Y,559,-0.6456932,N559Y,0.3770908299339641,0.1024819816962154
I,A,560,-0.6307452,I560A,-1.588289823,0.041538249153971
I,C,560,-0.6205095,I560C,-1.512324238,0.0448166745920762
I,D,560,-0.6373036,I560D,-2.412227756,0.0182228523078094
I,E,560,-0.6440469,I560E,-2.946852923,0.010676562018194
I,F,560,-0.6296969,I560F,-0.417629733,0.133924328065416
I,G,560,-0.6339139,I560G,-2.665906477,0.0141398570116334
I,H,560,-0.6281917,I560H,-2.407935259,0.0183012420216043
I,K,560,-0.6288662,I560K,-2.307381254,0.0202372099042052
I,L,560,-0.643384,I560L,-0.967799259,0.0772545136969309
I,M,560,-0.6344231,I560M,-1.086702381,0.0685938036886815
I,N,560,-0.6229736,I560N,-1.900825643,0.0303889410460586
I,P,560,-0.6400932,I560P,-2.500302843,0.016686521381631
I,Q,560,-0.6286328,I560Q,-2.411785566,0.0182309120591611
I,R,560,-0.6215323,I560R,-1.730386018,0.0360359999335064
I,S,560,-0.6211588,I560S,-1.933254123,0.0294192808117196
I,T,560,-0.6138799,I560T,-1.883244961,0.03092792347053
I,V,560,-0.5496528,I560V,-0.736929559,0.0973171342814559
I,W,560,-0.6312521,I560W,-1.769593955,0.0346504422499066
I,Y,560,-0.6352682,I560Y,-1.302268682,0.0552924222807449
R,A,561,-0.6296038,R561A,-0.972946232,0.0352779133570508
R,C,561,-0.64028,R561C,-1.522019903,0.0203724440358728
R,D,561,-0.6299815,R561D,-0.84840793,0.0399566620917937
R,E,561,-0.6349393,R561E,-1.500793155,0.0208095072835891
R,F,561,-0.6371925,R561F,-0.684098943,0.0470920616246558
R,G,561,-0.6244031,R561G,-1.043608632,0.0328711266508813
R,H,561,-0.6356552,R561H,-0.420178815,0.061315006735387
R,I,561,-0.632749,R561I,-0.310108641,0.0684494017668104
R,K,561,-0.497531,R561K,-0.702079582,0.046252883165628
R,L,561,-0.6367809,R561L,-0.545930025,0.0540696694292475
R,M,561,-0.6489146,R561M,-0.573363075,0.0526065340758502
R,N,561,-0.6265764,R561N,-1.417659811,0.0226134157180914
R,P,561,-0.6358106,R561P,-2.570492609,0.0071399772484176
R,Q,561,-0.6232211,R561Q,-0.640191404,0.0492058240919559
R,S,561,-0.6244501,R561S,-0.422575261,0.0611682445091762
R,T,561,-0.6469558,R561T,-0.230622113,0.074112288196426
R,V,561,-0.6351017,R561V,0.3380831612346715,0.1308807605758252
R,W,561,-0.628814,R561W,-0.789037167,0.0424007561745202
R,Y,561,-0.6323622,R561Y,-0.845581748,0.0400697466596531
C,A,562,-0.6746167,C562A,-1.376904121,0.0496382955130897
C,D,562,-0.6652905,C562D,-2.142897574,0.0230754420637648
C,E,562,-0.6628976,C562E,-2.489910137,0.016309637577624
C,F,562,-0.6765683,C562F,-0.538130435,0.1148396058690259
C,G,562,-0.6637501,C562G,-2.855758782,0.0113124883490655
C,H,562,-0.6595475,C562H,-1.382794877,0.0493467479173172
C,I,562,-0.6650293,C562I,-1.257260024,0.0559471078895607
C,K,562,-0.6705676,C562K,-2.042911003,0.025501966073249
C,L,562,-0.6523332,C562L,-0.535551767,0.1151361212397417
C,M,562,-0.6663457,C562M,-1.876839579,0.0301090874226168
C,N,562,-0.6592369,C562N,-1.661953988,0.0373268419051641
C,P,562,-0.665558,C562P,-3.130607614,0.0085939474232822
C,Q,562,-0.674582,C562Q,-1.903309561,0.029322555825179
C,R,562,-0.6563404,C562R,-2.4071636,0.017716612892196
C,S,562,-0.6628693,C562S,-2.130482203,0.0233637181865275
C,T,562,-0.6631027,C562T,-2.17124502,0.0224304964154249
C,V,562,-0.6556,C562V,-1.075590313,0.0670927831050195
C,W,562,-0.6715658,C562W,-0.998820122,0.0724463788040113
C,Y,562,-0.6755872,C562Y,-1.761422162,0.0337926893298783
N,A,563,-0.6372196,N563A,-0.905165572,0.0467219970851437
N,C,563,-0.6418872,N563C,-2.152502014,0.0134217712816519
N,D,563,-0.6281675,N563D,-1.37053485,0.029336887391955
N,E,563,-0.6424214,N563E,-0.73751389,0.0552499148099562
N,F,563,-0.6233333,N563F,-0.982689738,0.0432367531552358
N,G,563,-0.6361056,N563G,-1.077644811,0.0393200986587192
N,H,563,-0.6269538,N563H,-1.294991034,0.0316389678138666
N,I,563,-0.6434862,N563I,-1.146099854,0.0367185010414564
N,K,563,-0.6270357,N563K,-0.841634477,0.0497866159690706
N,L,563,-0.630966,N563L,-0.64338655,0.0607030628277732
N,M,563,-0.6297258,N563M,-1.011329467,0.0420160280306191
N,P,563,-0.6369985,N563P,-3.423917437,0.0037639192804613
N,Q,563,-0.6301881,N563Q,-0.843031696,0.0497171017368143
N,R,563,-0.6221624,N563R,-2.121656907,0.0138422185907319
N,S,563,-0.6231347,N563S,-0.154433166,0.0989829489907587
N,T,563,-0.618571,N563T,-0.13947048,0.1004751356277943
N,V,563,-0.6228186,N563V,-0.557172114,0.0661687703832079
N,W,563,-0.6214368,N563W,-0.574243539,0.0650487622849558
N,Y,563,-0.6409217,N563Y,-1.102943992,0.0383378100671049
I,A,564,-0.602829,I564A,-2.623189854,0.0110713448255026
I,C,564,-0.6126304,I564C,-1.534110682,0.0328989253962702
I,D,564,-0.6093126,I564D,-1.17567613,0.0470812408568153
I,E,564,-0.605574,I564E,-2.845925848,0.0088606843649952
I,F,564,-0.6063298,I564F,-0.586228706,0.0848871015241975
I,G,564,-0.6066809,I564G,-2.985239471,0.0077083966787973
I,H,564,-0.6097452,I564H,-2.421648239,0.0135434360187553
I,K,564,-0.6107284,I564K,-1.496741188,0.0341516021516291
I,L,564,-0.6063383,I564L,-0.316973185,0.111116333829151
I,M,564,-0.587142,I564M,-1.560720584,0.0320350329711446
I,N,564,-0.591064,I564N,-1.268818175,0.0428940264269877
I,P,564,-0.6010866,I564P,-1.856210847,0.0238394009461094
I,Q,564,-0.5977672,I564Q,-1.826938569,0.0245475487883515
I,R,564,-0.5867957,I564R,-1.939320058,0.0219382231857223
I,S,564,-0.603066,I564S,-1.556762128,0.0321620935945336
I,T,564,-0.5882994,I564T,-0.165748062,0.1292570220632382
I,V,564,-0.517409,I564V,-0.216885819,0.1228132709836255
I,W,564,-0.6037062,I564W,-2.200175183,0.0169010407979663
I,Y,564,-0.6029536,I564Y,-1.120854946,0.0497343495962458
C,A,565,-0.6413145,C565A,-0.596882817,0.1033401495419838
C,D,565,-0.6528515,C565D,-1.840105199,0.0298087909620827
C,E,565,-0.6434463,C565E,-2.697210504,0.0126505107367492
C,F,565,-0.6542581,C565F,-0.827726608,0.0820379671319791
C,G,565,-0.6296885,C565G,-1.918415468,0.027563517052685
C,H,565,-0.6463938,C565H,-1.570385496,0.0390375159688173
C,I,565,-0.6450361,C565I,-1.204776746,0.0562683359371663
C,K,565,-0.6507038,C565K,-1.761501846,0.0322464102476621
C,L,565,-0.6455751,C565L,-1.467035807,0.043287886807643
C,M,565,-0.6528632,C565M,-1.566394737,0.0391936165676162
C,N,565,-0.6446703,C565N,-2.580446717,0.0142173274362378
C,P,565,-0.6389633,C565P,-2.495345492,0.0154802148280166
C,Q,565,-0.6577236,C565Q,-2.147872187,0.0219120396243722
C,R,565,-0.6544231,C565R,-0.830317673,0.0818256764791942
C,S,565,-0.6393796,C565S,-2.435979377,0.0164270422979637
C,T,565,-0.6408536,C565T,-1.937129621,0.0270524856586977
C,V,565,-0.6344528,C565V,-1.114630841,0.0615763507528976
C,W,565,-0.6482497,C565W,-0.789708141,0.0852169728206077
C,Y,565,-0.6475198,C565Y,-2.093121154,0.0231451972595183
I,A,566,-0.5972972,I566A,-0.392529401,0.1372993952753445
I,C,566,-0.618012,I566C,-2.338639511,0.0196102690825798
I,D,566,-0.5967721,I566D,-1.859329083,0.031669813885468
I,E,566,-0.6064457,I566E,-1.935495675,0.0293472066131713
I,F,566,-0.6087764,I566F,-1.418977857,0.0491912283402194
I,G,566,-0.6027873,I566G,-2.517869605,0.016392487775248
I,H,566,-0.6044761,I566H,-2.537029715,0.0160813955206485
I,K,566,-0.5956524,I566K,-2.822235272,0.012090950533741
I,L,566,-0.601165,I566L,-1.124654137,0.0660253721091086
I,M,566,-0.591854,I566M,-1.280947279,0.0564720557133464
I,N,566,-0.6117553,I566N,-2.218133065,0.0221217185383188
I,P,566,-0.5859979,I566P,-2.288796934,0.0206124644541596
I,Q,566,-0.6078207,I566Q,-1.767160847,0.0347275127525899
I,R,566,-0.5972606,I566R,-2.830311467,0.0119936948459147
I,S,566,-0.5976583,I566S,-2.315473429,0.0200698653742528
I,T,566,-0.5944557,I566T,-1.065824904,0.0700261213934428
I,V,566,-0.5692365,I566V,-0.554237533,0.1167991466288628
I,W,566,-0.6156961,I566W,-1.810146929,0.0332663425979198
I,Y,566,-0.5943558,I566Y,-1.821196075,0.0329008009979897
