wt,mut,i,model_prediction,max_escape_experiment,ves_prediction,rescaled_measurements,raw_measurements
M,A,1,-1.8024178,0.0172,-0.8872966,,
M,C,1,-1.8647118,0.0172,-0.9647715,,
M,D,1,-1.4852219,0.0172,-0.555695,,
M,E,1,-1.774765,0.0172,-0.8541776,,
M,F,1,-1.5343094,0.0172,-0.600068,,
M,G,1,-1.5869789,0.0172,-0.6504951,,
M,H,1,-1.6232376,0.0172,-0.6869162,,
M,I,1,-1.6281891,0.0164478,-0.6919981,,
M,K,1,-1.9534492,0.0141108,-1.0818079,,
M,L,1,-1.7655754,0.0197552,-0.8433468,,
M,N,1,-1.8873329,0.0172,-0.9938727,,
M,P,1,-1.9411697,0.0172,-1.0651564,,
M,Q,1,-1.8873062,0.0172,-0.993838,,
M,R,1,-1.7601204,0.0150094,-0.8369591,,
M,S,1,-1.6910744,0.0172,-0.7588018,,
M,T,1,-1.713314,0.0240189,-0.7834289,,
M,V,1,-1.5243874,0.0210132,-0.5908956,,
M,W,1,-1.8255043,0.0172,-0.9155491,,
M,Y,1,-1.7089005,0.0172,-0.7785001,,
K,A,2,-1.2241402,0.0133326,-0.3604526,0.0192,0.0325
K,C,2,-1.568821,0.0141114,-0.6327793,0.0859,0.074
K,D,2,-1.209713,0.0200159,-0.3515497,0.0019,0.0092
K,E,2,-0.6175766,0.0148061,-0.1172264,0.0092,0.0216
K,F,2,-1.1765022,0.0250481,-0.3317522,0.0943,0.0778
K,G,2,-1.3195267,0.0099447,-0.4241058,0.0092,0.0216
K,H,2,-1.7515717,0.0240158,-0.8270111,0.0327,0.0435
K,I,2,-1.1651306,0.0166065,-0.3251928,0.0861,0.074
K,L,2,-1.4336319,0.0185293,-0.5117542,0.1114,0.0853
K,M,2,-1.1886787,0.0224141,-0.3388992,0.0386,0.0476
K,N,2,-1.2792587,0.0191504,-0.3962013,0.0652,0.0636
K,P,2,-1.4252167,0.0178453,-0.5048454,0.0148,0.0281
K,Q,2,-1.3581047,0.0207119,-0.4522986,0.0423,0.0501
K,R,2,-0.8466454,0.0153312,-0.1818097,0.0138,0.0271
K,S,2,-1.2133675,0.0236647,-0.3537874,0.0437,0.051
K,T,2,-1.2074661,0.0240889,-0.3501798,0.1658,0.1061
K,V,2,-1.474617,0.0132013,-0.5464384,0.0439,0.0511
K,W,2,-1.4639015,0.0160305,-0.5372035,0.0054,0.0162
K,Y,2,-1.3880272,0.1458799,-0.4751711,0.0593,0.0603
A,C,3,-1.9106979,0.0121982,-1.0244624,0.0174,0.0313
A,D,3,-1.5293236,0.0186441,-0.595446,0.039,0.0487
A,E,3,-1.9484787,0.0079256,-1.0750504,0.015,0.0289
A,F,3,-1.8689842,0.0160315,-0.9702287,0.0457,0.0532
A,G,3,-1.639637,0.0192378,-0.7038472,0.0025,0.0107
A,H,3,-2.082489,0.0160315,-1.2652247,0.0118,0.0252
A,I,3,-1.3742065,0.0201693,-0.4644964,0.0585,0.061
A,K,3,-1.7016602,0.0160315,-0.770459,0.0075,0.0196
A,L,3,-1.8078308,0.0092488,-0.8938719,0.2444,0.1338
A,M,3,-1.6589737,0.0172,-0.7241772,0.0655,0.0649
A,N,3,-2.0677986,0.0150116,-1.2435918,0.085,0.0748
A,P,3,-1.9795799,0.0133172,-1.117718,0.0127,0.0263
A,Q,3,-1.767662,0.0160315,-0.8457983,0.0193,0.0331
A,R,3,-1.7481918,0.024415,-0.8230991,0.0301,0.0423
A,S,3,-1.9174232,0.0109713,-1.0333664,0.0304,0.0425
A,T,3,-1.1521492,0.0118838,-0.3178394,0.0223,0.0359
A,V,3,-1.7717896,0.0116305,-0.8506612,0.0785,0.0717
A,W,3,-1.8824463,0.0172,-0.9875432,0.0237,0.0371
A,Y,3,-1.9383659,0.0189942,-1.0613746,0.0805,0.0726
K,A,4,-0.7328377,0.0162854,-0.1464448,0.15,0.0962
K,C,4,-1.2124443,0.0172,-0.353221,0.047,0.0508
K,D,4,-0.9276047,0.0160292,-0.211539,0.0053,0.0154
K,E,4,-1.0238495,0.0113038,-0.2525044,0.0206,0.0323
K,F,4,-1.0999489,0.0172,-0.2896831,0.0207,0.0324
K,G,4,-0.9193954,0.018199,-0.2083363,0.0182,0.0301
K,H,4,-1.0879173,0.0133111,-0.2835064,0.0267,0.0372
K,I,4,-0.061367,0.0151187,-0.0387791,0.0309,0.0404
K,L,4,-0.7892342,0.0247973,-0.1630905,0.0526,0.0541
K,M,4,-1.2079468,0.0225013,-0.3504725,0.0643,0.0603
K,N,4,-0.7014084,0.0190585,-0.1378665,0.0537,0.0547
K,P,4,-0.9410782,0.014351,-0.2168915,0.0417,0.0476
K,Q,4,-0.6729622,0.0133111,-0.1305086,0.0562,0.0561
K,R,4,-0.5885239,0.0233333,-0.1107787,0.0741,0.0652
K,S,4,-0.8531532,0.0173587,-0.1840512,0.0619,0.0591
K,T,4,-0.5892944,0.0148883,-0.1109453,0.0768,0.0665
K,V,4,-1.0391731,0.0152161,-0.2596363,0.0557,0.0558
K,W,4,-1.1576042,0.0150077,-0.3209121,0.0279,0.0382
K,Y,4,-1.0062485,0.0180093,-0.2445255,0.0218,0.0333
L,A,5,-1.7600479,0.0313529,-0.8368744,0.171,0.123
L,C,5,-1.7416229,0.0174956,-0.8155301,0.1159,0.0993
L,D,5,-1.8223991,0.015011,-0.9117174,0.0054,0.0184
L,E,5,-1.4964676,0.0172,-0.5656385,0.0111,0.0274
L,F,5,-1.4076042,0.0266662,-0.4906184,0.2337,0.146
L,G,5,-1.7079277,0.0119655,-0.7774165,0.0062,0.0198
L,H,5,-1.6776123,0.0147,-0.7441484,0.0418,0.0567
L,I,5,-0.839489,0.0153084,-0.1793737,0.0495,0.0622
L,K,5,-1.7201767,0.0213329,-0.7911336,0.0359,0.0521
L,M,5,-1.2975769,0.015011,-0.4087049,0.0174,0.035
L,N,5,-1.6231232,0.0172,-0.6867991,0.0042,0.0161
L,P,5,-1.4792862,0.0142708,-0.5504996,0.0028,0.0129
L,Q,5,-1.7421265,0.0224436,-0.8161087,0.0076,0.0222
L,R,5,-1.4241066,0.0180133,-0.5039394,0.0035,0.0146
L,S,5,-1.399353,0.0160311,-0.4840609,0.0028,0.0127
L,T,5,-1.298378,0.0172,-0.4092589,0.0076,0.0222
L,V,5,-1.5407944,0.0144308,-0.606119,0.0147,0.032
L,W,5,-1.7335548,0.015011,-0.8062954,0.0287,0.0461
L,Y,5,-1.658287,0.0200175,-0.7234484,0.0241,0.0419
L,A,6,-1.360775,0.0176003,-0.4543038,0.0251,0.0419
L,C,6,-1.607624,0.0172,-0.6710618,0.0193,0.0362
L,D,6,-1.5312157,0.0225607,-0.597197,0.0086,0.0232
L,E,6,-1.6269608,0.0172,-0.6907351,0.0033,0.0137
L,F,6,-1.3228302,0.0164598,-0.4264636,0.2169,0.1371
L,G,6,-1.5793839,0.0147,-0.6430426,0.0016,0.0092
L,H,6,-1.7422523,0.0172,-0.8162533,0.0558,0.065
L,I,6,-1.2178955,0.0192365,-0.3565763,0.0839,0.0813
L,K,6,-1.757164,0.0172,-0.8335102,0.0029,0.0127
L,M,6,-1.267765,0.0092955,-0.3885163,0.0531,0.0633
L,N,6,-1.352787,0.0147,-0.4483263,0.002,0.0105
L,P,6,-1.7927666,0.0246926,-0.8756479,0.0048,0.0168
L,Q,6,-1.6553574,0.0128479,-0.720345,0.0514,0.0621
L,R,6,-1.5733871,0.0172,-0.6372014,0.0056,0.0183
L,S,6,-1.6079025,0.0172,-0.6713423,0.0261,0.0428
L,T,6,-1.4214325,0.0160304,-0.5017621,0.0055,0.0182
L,V,6,-1.4046516,0.0189922,-0.488264,0.034,0.0495
L,W,6,-1.6245422,0.0172,-0.6882527,0.1389,0.1073
L,Y,6,-1.6822662,0.0180117,-0.7491925,0.0353,0.0505
V,A,7,-1.3617821,0.0189579,-0.4550619,0.0195,0.036
V,C,7,-1.6022911,0.0243603,-0.6657058,0.1145,0.0951
V,D,7,-1.5017357,0.0172,-0.5703419,0.0023,0.0111
V,E,7,-1.5510712,0.0150098,-0.6157986,0.0147,0.0307
V,F,7,-1.4664383,0.0158458,-0.5393791,0.1162,0.0959
V,G,7,-1.4690819,0.0147,-0.5416533,0.0023,0.011
V,H,7,-1.5859833,0.0172,-0.6495147,0.0016,0.0092
V,I,7,-0.3658028,0.0109754,-0.0714243,0.0754,0.0756
V,K,7,-1.5646896,0.0151231,-0.6287972,0.0248,0.041
V,L,7,-1.1166534,0.0124677,-0.2984509,0.1975,0.1284
V,M,7,-1.3946724,0.0183417,-0.4803714,0.1121,0.094
V,N,7,-1.1320572,0.0172,-0.3067369,0.0098,0.0247
V,P,7,-1.6122627,0.0172,-0.675745,0.0003,0.0034
V,Q,7,-1.5542984,0.0172,-0.6188612,0.0069,0.0203
V,R,7,-1.3917999,0.02286,-0.4781181,0.045,0.0569
V,S,7,-1.4893913,0.0147,-0.5593663,0.0024,0.0115
V,T,7,-1.2947426,0.0175948,-0.4067496,0.0219,0.0383
V,W,7,-1.5657501,0.0160304,-0.6298177,0.0888,0.0827
V,Y,7,-1.3715324,0.0150098,-0.462453,0.0175,0.0339
L,A,8,-1.5844116,0.0172,-0.6479691,0.0198,0.0419
L,C,8,-1.7924461,0.0202884,-0.8752627,0.0147,0.0357
L,D,8,-1.6605072,0.0172,-0.7258064,0.0013,0.0092
L,E,8,-1.7512741,0.0172,-0.8266662,0.0022,0.0124
L,F,8,-1.5822067,0.0160298,-0.6458053,0.2138,0.1553
L,G,8,-1.5620651,0.0172,-0.6262769,0.0042,0.018
L,H,8,-1.8183289,0.0172,-0.9067097,0.0059,0.0215
L,I,8,-1.3995667,0.0072057,-0.4842298,0.0888,0.0958
L,K,8,-1.5557251,0.0172,-0.6202187,0.0034,0.016
L,M,8,-1.5366173,0.0172,-0.6022164,0.0355,0.0579
L,N,8,-1.3986397,0.0150087,-0.4834972,0.0036,0.0165
L,P,8,-1.6700287,0.0212269,-0.7359782,0.0037,0.0168
L,Q,8,-1.3429527,0.0173243,-0.441053,0.0137,0.0343
L,R,8,-1.6820908,0.0227128,-0.749002,0.0062,0.0221
L,S,8,-1.5188141,0.0160205,-0.5857887,0.0218,0.0443
L,T,8,-1.4914398,0.0160298,-0.5611767,0.0086,0.0266
L,V,8,-1.2772522,0.0249,-0.3948508,0.0394,0.0613
L,W,8,-1.7962036,0.0150087,-0.8797853,0.0252,0.0479
L,Y,8,-1.6303177,0.0172,-0.6941908,0.0072,0.0241
L,A,9,-1.4537239,0.0160321,-0.5285417,0.0021,0.0112
L,C,9,-1.6542015,0.0172,-0.719123,0.121,0.1031
L,D,9,-1.6007195,0.0172,-0.6641332,0.0022,0.0114
L,E,9,-1.3929634,0.0172,-0.4790298,0.0029,0.0131
L,F,9,-0.6227341,0.0307979,-0.1184073,0.0487,0.0625
L,G,9,-1.4153557,0.0172,-0.4968412,0.0982,0.0919
L,H,9,-1.6076355,0.0172,-0.6710733,0.0029,0.0132
L,I,9,-1.277916,0.0279213,-0.3952972,0.044,0.0591
L,K,9,-1.6410942,0.0172,-0.7053654,0.002,0.0108
L,M,9,-1.1338997,0.0172,-0.3077411,0.1052,0.0955
L,N,9,-1.5860405,0.02064,-0.649571,0.0091,0.0249
L,P,9,-1.4699326,0.0160321,-0.5423867,0.0066,0.0209
L,Q,9,-1.5250778,0.0172,-0.5915305,0.0034,0.0145
L,R,9,-1.3943901,0.0150127,-0.4801496,0.0077,0.0227
L,S,9,-1.523346,0.020274,-0.5899389,0.0034,0.0145
L,T,9,-1.221508,0.0172,-0.3588145,0.006,0.0198
L,V,9,-1.5145035,0.0160066,-0.5818611,0.1251,0.105
L,W,9,-1.5387917,0.0172,-0.6042456,0.0476,0.0618
L,Y,9,-1.5646057,0.0197612,-0.6287166,0.0706,0.0767
Y,A,10,-0.0195274,0.02988,-0.0356327,0.0449,0.0577
Y,C,10,1.4376907,0.011857,-0.0018003,0.0691,0.0731
Y,D,10,0.0478935,0.0160304,-0.0310825,0.0026,0.012
Y,E,10,-0.0177765,0.0172,-0.0355066,0.0014,0.0087
Y,F,10,-0.1419411,0.0133324,-0.0456244,0.2599,0.1515
Y,G,10,-0.1333809,0.02058,-0.0448444,0.0042,0.0156
Y,H,10,-0.2077866,0.0187565,-0.0520835,0.0132,0.0294
Y,I,10,0.0340538,0.016379,-0.0319673,0.1137,0.0962
Y,K,10,-0.3867035,0.0150098,-0.074453,0.0753,0.0767
Y,L,10,0.2346382,0.0225616,-0.02126,0.0656,0.0711
Y,M,10,-0.0573578,0.020623,-0.0384662,0.0489,0.0605
Y,N,10,-0.3156967,0.0172,-0.0646401,0.0027,0.0124
Y,P,10,-0.3465958,0.0172,-0.0687462,0.0011,0.0075
Y,Q,10,-0.1175041,0.0172,-0.0434321,0.0041,0.0155
Y,R,10,-0.1383057,0.0172,-0.0452915,0.0045,0.0163
Y,S,10,-0.0969315,0.0149777,-0.0416667,0.1157,0.0971
Y,T,10,-0.1028671,0.011963,-0.0421687,0.0352,0.0505
Y,V,10,-0.1820755,0.0147,-0.0494616,0.0163,0.0331
Y,W,10,-0.3354149,0.0172,-0.0672321,0.0053,0.0178
A,C,11,-1.5633507,0.0351484,-0.6275106,0.0435,0.0535
A,D,11,-1.1393547,0.0172,-0.3107305,0.0021,0.0102
A,E,11,-1.0498009,0.0087073,-0.2646857,0.014,0.0286
A,F,11,-1.5476608,0.0159364,-0.612574,0.1912,0.1207
A,G,11,-1.2591896,0.0124775,-0.3828623,0.0101,0.0239
A,H,11,-1.2741508,0.0143136,-0.3927708,0.0297,0.0434
A,I,11,-1.2987251,0.0160345,-0.4094991,0.0658,0.0671
A,K,11,-1.210762,0.0172,-0.3521908,0.0019,0.0096
A,L,11,-1.0668297,0.0148036,-0.2729552,0.1545,0.1074
A,M,11,-0.7348785,0.0375,-0.1470187,0.0281,0.0421
A,N,11,-1.2400017,0.015017,-0.3704559,0.0144,0.0292
A,P,11,-1.5374107,0.0108758,-0.6029562,0.0047,0.0157
A,Q,11,-1.2708168,0.0160345,-0.3905448,0.0256,0.0399
A,R,11,-1.1191864,0.0211446,-0.2998001,0.0036,0.0137
A,S,11,-1.0739326,0.0113268,-0.2764705,0.0705,0.0697
A,T,11,-0.4620438,0.0112861,-0.0864289,0.0416,0.0522
A,V,11,-1.0772705,0.0128196,-0.2781359,0.1393,0.1014
A,W,11,-1.378006,0.0147,-0.4674121,0.0509,0.0583
A,Y,11,-1.3602905,0.0187163,-0.4539395,0.0191,0.034
F,A,12,-0.4360619,0.0110333,-0.0821039,0.0553,0.0641
F,C,12,-1.1389275,0.0196792,-0.3104955,0.1272,0.1014
F,D,12,-1.0009232,0.0172,-0.2421557,0.003,0.013
F,E,12,-1.2902908,0.0172,-0.4036937,0.0016,0.0092
F,G,12,-1.0450516,0.0172,-0.2624187,0.0978,0.0877
F,H,12,-1.0404205,0.0172,-0.2602245,0.0076,0.0215
F,I,12,-0.4222641,0.0150609,-0.0798922,0.0882,0.0829
F,K,12,-0.9147797,0.0172,-0.2065547,0.0021,0.0107
F,L,12,0.1630249,0.0129639,-0.0245988,0.0862,0.0819
F,M,12,-0.7129135,0.016032,-0.1409509,0.017,0.0335
F,N,12,-0.7706032,0.0192384,-0.1574074,0.0038,0.0148
F,P,12,-1.0343285,0.0192384,-0.2573626,0.0035,0.0141
F,Q,12,-1.2288437,0.0172,-0.3633953,0.0041,0.0153
F,R,12,-0.9143257,0.0186654,-0.2063802,0.0138,0.0299
F,S,12,-0.8922234,0.018015,-0.1980443,0.1351,0.1048
F,T,12,-1.0798912,0.0219,-0.2794496,0.0092,0.0239
F,V,12,-0.5874481,0.0185396,-0.1105465,0.1548,0.1129
F,W,12,-0.9841652,0.0150125,-0.2348302,0.0415,0.0547
F,Y,12,-0.7718926,0.0150125,-0.1577947,0.0039,0.015
V,A,13,0.9397163,0.0230407,-0.0050143,0.0746,0.0768
V,C,13,-0.4746284,0.0172,-0.0886015,0.0194,0.0366
V,D,13,-0.0980568,0.0172,-0.0417614,0.0057,0.0186
V,E,13,-0.6600418,0.0172,-0.1272895,0.1137,0.0968
V,F,13,-0.3780403,0.0172,-0.0731829,0.014,0.0306
V,G,13,-0.3775902,0.0160318,-0.0731175,0.0082,0.0227
V,H,13,-0.3863487,0.0309766,-0.0744005,0.0291,0.0458
V,I,13,-0.1245956,0.0154437,-0.0440575,0.0592,0.0676
V,K,13,-0.5284996,0.0172,-0.0985053,0.0067,0.0204
V,L,13,-0.2777672,0.0254579,-0.0599237,0.0066,0.0202
V,M,13,-0.5147629,0.0172,-0.0958841,0.0231,0.0403
V,N,13,-0.3223953,0.0147,-0.0655096,0.0092,0.0242
V,P,13,-0.6669579,0.0160318,-0.1290033,0.0049,0.0172
V,Q,13,-0.641304,0.02408,-0.1227529,0.0267,0.0437
V,R,13,-0.2838745,0.0172,-0.0606599,0.0265,0.0435
V,S,13,0.4319115,0.0178575,-0.0142096,0.1568,0.1155
V,T,13,-0.0937195,0.0136681,-0.0413975,0.0334,0.0493
V,W,13,-0.5568886,0.0172,-0.1041399,0.0091,0.0242
V,Y,13,-0.3356705,0.0160318,-0.0672663,0.0076,0.0219
A,C,14,-1.6825294,0.015027,-0.7494785,0.0506,0.057
A,D,14,-1.5946045,0.0067558,-0.6580391,0.0155,0.0297
A,E,14,-1.3631172,0.0172,-0.4560684,0.0711,0.0687
A,F,14,-1.6425629,0.0172,-0.7068979,0.0318,0.0441
A,G,14,-1.564846,0.0179527,-0.6289477,0.022,0.036
A,H,14,-1.7117043,0.0172,-0.7816289,0.0224,0.0364
A,I,14,-1.4771118,0.0172,-0.5486056,0.01,0.0233
A,K,14,-1.2133827,0.0172,-0.3537967,0.0153,0.0295
A,L,14,-1.6504593,0.0244213,-0.7151765,0.0714,0.0689
A,M,14,-1.6353226,0.0172,-0.6993653,0.0328,0.0449
A,N,14,-1.4080505,0.015027,-0.490975,0.0646,0.0652
A,P,14,-1.634079,0.0172,-0.698077,0.009,0.0221
A,Q,14,-1.4508171,0.015027,-0.5260874,0.1242,0.0934
A,R,14,-1.5906372,0.0200261,-0.6541066,0.0222,0.0362
A,S,14,-1.0712624,0.0133416,-0.2751444,0.0361,0.0474
A,T,14,-1.3136749,0.0163887,-0.419955,0.0216,0.0357
A,V,14,-1.1651878,0.0213464,-0.3252255,0.0189,0.0332
A,W,14,-1.8796043,0.0172,-0.9838729,0.0265,0.0399
A,Y,14,-1.6524811,0.0172,-0.7173068,0.0181,0.0324
T,A,15,0.0035248,0.0135237,-0.0340077,0.0321,0.053
T,C,15,-1.1441765,0.0172,-0.3133935,0.0599,0.0746
T,D,15,-0.8815765,0.0172,-0.1941385,0.0062,0.0215
T,E,15,-1.1089668,0.0172,-0.2943885,0.0074,0.0237
T,F,15,-1.2026176,0.0172,-0.3472389,0.0025,0.0129
T,G,15,-0.9974174,0.0150151,-0.2406067,0.0081,0.0248
T,H,15,-0.9730072,0.0172,-0.2300623,0.003,0.0144
T,I,15,-0.5498314,0.0169093,-0.1027113,0.2623,0.168
T,K,15,-0.9728126,0.0110234,-0.2299799,0.0079,0.0245
T,L,15,-0.7722816,0.0172,-0.1579117,0.0007,0.0066
T,M,15,-0.7370224,0.0172,-0.1476237,0.0468,0.0652
T,N,15,-0.7892227,0.0172,-0.1630869,0.0051,0.0193
T,P,15,-1.102314,0.0160335,-0.2909109,0.0434,0.0625
T,Q,15,-1.3333893,0.0172,-0.4340704,0.0019,0.0113
T,R,15,-0.8979416,0.0160335,-0.2001713,0.0016,0.0102
T,S,15,-0.7605743,0.0150151,-0.1544244,0.0435,0.0626
T,V,15,-0.6588135,0.020513,-0.1269873,0.1119,0.1052
T,W,15,-1.0588646,0.0172,-0.2690596,0.0104,0.0285
T,Y,15,-1.0567131,0.0172,-0.2680157,0.0041,0.0171
D,A,16,-0.6588516,0.02064,-0.1269967,0.1435,0.1082
D,C,16,-1.1680489,0.0172,-0.3268656,0.0093,0.024
D,E,16,-0.6855583,0.0194182,-0.1337203,0.0348,0.0497
D,F,16,-0.9784508,0.0172,-0.2323775,0.0035,0.0141
D,G,16,-0.9264183,0.0231255,-0.2110734,0.0133,0.0292
D,H,16,-0.9720421,0.0213238,-0.2296539,0.0629,0.0687
D,I,16,-0.8792572,0.0172,-0.193297,0.0099,0.0248
D,K,16,-0.5278626,0.0172,-0.0983822,0.0913,0.0844
D,L,16,-1.1116486,0.0160351,-0.2958004,0.0129,0.0287
D,M,16,-0.9958153,0.0172,-0.2399017,0.0884,0.0829
D,N,16,-0.2865753,0.0172,-0.0609883,0.012,0.0277
D,P,16,-0.9686737,0.0172,-0.2282339,0.0007,0.0058
D,Q,16,-0.8540611,0.0172,-0.1843659,0.0094,0.0242
D,R,16,-0.8506088,0.0136439,-0.1831718,0.0759,0.0762
D,S,16,-0.6280365,0.012199,-0.1196332,0.0269,0.0431
D,T,16,-0.8620186,0.0172,-0.1871451,0.0138,0.0299
D,V,16,-0.7654114,0.0172,-0.1558565,0.0161,0.0325
D,W,16,-0.8534164,0.0172,-0.1841424,0.0178,0.0344
D,Y,16,-0.429142,0.0132876,-0.0809874,0.0228,0.0393
A,C,17,-1.7536507,0.0172,-0.8294234,0.0081,0.03
A,D,17,-1.6477509,0.0172,-0.7123296,0.0229,0.053
A,E,17,-1.6883736,0.0095559,-0.7558467,0.0104,0.0343
A,F,17,-1.7857704,0.0172,-0.8672638,0.0038,0.0199
A,G,17,-1.5132294,0.0160426,-0.580704,0.0478,0.0795
A,H,17,-1.8332329,0.0172,-0.9251287,0.0106,0.0348
A,I,17,-1.8737373,0.0172,-0.9763214,0.0106,0.0348
A,K,17,-1.7212563,0.0172,-0.7923502,0.0082,0.0303
A,L,17,-1.8151093,0.0172,-0.9027605,0.0017,0.0125
A,M,17,-1.9781227,0.0172,-1.1156985,0.0122,0.0375
A,N,17,-1.7126236,0.0172,-0.7826565,0.0077,0.0292
A,P,17,-1.7765312,0.0172,-0.8562693,0.0031,0.0175
A,Q,17,-1.7844849,0.0172,-0.8657288,0.0078,0.0293
A,R,17,-1.5909843,0.0172,-0.65445,0.0017,0.0126
A,S,17,-1.7234802,0.0234595,-0.7948601,0.0275,0.0587
A,T,17,-1.2681236,0.0185936,-0.3887542,0.0046,0.0219
A,V,17,-1.6249809,0.0147756,-0.6887025,0.0126,0.0382
A,W,17,-1.6461258,0.0172,-0.7106251,0.0138,0.0402
A,Y,17,-1.9413452,0.0172,-1.0653934,0.0025,0.0158
D,A,18,-1.6856117,0.0160392,-0.7528326,0.0099,0.0342
D,C,18,-1.7194862,0.0172,-0.7903561,0.0029,0.0173
D,E,18,-1.7134438,0.0139472,-0.7835742,0.021,0.0518
D,F,18,-1.5805206,0.0172,-0.6441541,0.0018,0.0133
D,G,18,-1.4971199,0.0216372,-0.5662193,0.0625,0.0943
D,H,18,-1.8374939,0.0186646,-0.9304362,0.0033,0.0188
D,I,18,-1.7398834,0.0172,-0.8135333,0.0016,0.0125
D,K,18,-1.8058052,0.0172,-0.8914078,0.0076,0.0297
D,L,18,-1.8677979,0.0172,-0.9687116,0.0007,0.0077
D,M,18,-1.9167938,0.0172,-1.0325312,0.0066,0.0274
D,N,18,-1.4815025,0.0136111,-0.5524352,0.0206,0.0513
D,P,18,-1.792717,0.0172,-0.8755883,0.0029,0.0176
D,Q,18,-2.1898193,0.0172,-1.4287485,0.0049,0.0234
D,R,18,-2.0409508,0.0172,-1.2045434,0.0054,0.0245
D,S,18,-1.8530006,0.0172,-0.9499064,0.0013,0.0112
D,T,18,-1.6691246,0.0172,-0.7350082,0.0049,0.0232
D,V,18,-1.8770027,0.01764,-0.9805201,0.0202,0.0508
D,W,18,-1.6328354,0.0172,-0.6967905,0.0072,0.0288
D,Y,18,-1.9433403,0.0172,-1.0680894,0.0583,0.0907
T,A,19,-1.8492699,0.0196904,-0.9452,0.0006,0.0055
T,C,19,-1.9599991,0.0172,-1.0907485,0.0008,0.0062
T,D,19,-1.8298645,0.0150312,-0.9209461,0.003,0.0131
T,E,19,-1.9013863,0.0190005,-1.0122072,0.0249,0.0418
T,F,19,-1.749382,0.0225646,-0.8244753,0.0047,0.0167
T,G,19,-1.8210335,0.0172,-0.9100354,0.0003,0.0038
T,H,19,-2.0069542,0.0192064,-1.156021,0.0396,0.054
T,I,19,-1.4274635,0.0150409,-0.506683,0.028,0.0447
T,K,19,-1.6517792,0.0092475,-0.7165668,0.0631,0.0697
T,L,19,-1.8179855,0.0138747,-0.906288,0.2213,0.139
T,M,19,-1.6616783,0.0150312,-0.7270523,0.0278,0.0444
T,N,19,-1.8386154,0.0150312,-0.9318362,0.0497,0.0612
T,P,19,-1.9052238,0.0141397,-1.0172475,0.0002,0.0032
T,Q,19,-1.8661957,0.0160426,-0.9666648,0.1975,0.1306
T,R,19,-1.7593117,0.0217656,-0.8360148,0.0789,0.0789
T,S,19,-1.751358,0.013851,-0.8267634,0.0944,0.0871
T,V,19,-1.9463043,0.023695,-1.0721016,0.0471,0.0594
T,W,19,-1.8354492,0.0172,-0.9278871,0.0025,0.0117
T,Y,19,-1.7336311,0.0195194,-0.8063824,0.0309,0.0471
I,A,20,-1.8102531,0.0172,-0.896824,0.0015,0.0124
I,C,20,-2.101307,0.0172,-1.2932066,0.0019,0.014
I,D,20,-1.9275551,0.0172,-1.0468636,0.0085,0.0317
I,E,20,-1.8788872,0.0172,-0.982948,0.0062,0.0266
I,F,20,-2.002304,0.0172,-1.1494655,0.0029,0.0174
I,G,20,-1.9772453,0.0172,-1.1144835,0.001,0.0099
I,H,20,-2.068615,0.0172,-1.2447891,0.0016,0.0128
I,K,20,-1.8821602,0.0190087,-0.9871733,0.1045,0.1259
I,L,20,-1.447506,0.0187447,-0.5233023,0.0413,0.0756
I,M,20,-1.9532967,0.0192961,-1.0816002,0.0218,0.0532
I,N,20,-1.8370438,0.0172,-0.9298747,0.0039,0.0206
I,P,20,-1.8095741,0.0172,-0.8959959,0.0056,0.0252
I,Q,20,-2.1708336,0.0172,-1.3991452,0.0122,0.0387
I,R,20,-1.7424927,0.013389,-0.8165297,0.0017,0.0132
I,S,20,-2.1903725,0.0172,-1.4296153,0.0033,0.0188
I,T,20,-1.7900391,0.0368264,-0.8723733,0.0105,0.0356
I,V,20,-1.5508575,0.0135839,-0.6155962,0.0271,0.06
I,W,20,-1.8797646,0.0172,-0.9840797,0.0025,0.0162
I,Y,20,-1.7387314,0.0160574,-0.8122126,0.0049,0.0234
C,A,21,-2.2931824,0.016037,-1.5946582,0.0018,0.0159
C,D,21,-1.9815369,0.0172,-1.1204332,0.0739,0.1233
C,E,21,-2.081932,0.0172,-1.2644011,0.0011,0.0122
C,F,21,-1.9351311,0.0201967,-1.0570208,0.0066,0.0326
C,G,21,-2.1159897,0.0133325,-1.3152476,0.0008,0.0104
C,H,21,-2.055481,0.0172,-1.2255978,0.0012,0.013
C,I,21,-1.9663544,0.0172,-1.0994624,0.0009,0.0109
C,K,21,-1.9118233,0.0172,-1.0259493,0.0062,0.0314
C,L,21,-2.2701569,0.0172,-1.5570317,0.0024,0.0188
C,M,21,-2.0224,0.0172,-1.1779369,0.0043,0.026
C,N,21,-2.1451416,0.0172,-1.3595391,0.0019,0.0163
C,P,21,-2.0343323,0.0172,-1.1950154,0.0038,0.0241
C,Q,21,-1.9542694,0.0172,-1.0829252,0.0023,0.0183
C,R,21,-2.1486435,0.0227213,-1.3649063,0.0032,0.0219
C,S,21,-2.0374718,0.0192444,-1.1995301,0.0026,0.0195
C,T,21,-2.1087837,0.0172,-1.3044077,0.0012,0.013
C,V,21,-2.275982,0.0172,-1.5665157,0.0065,0.0324
C,W,21,-2.049614,0.0172,-1.217074,0.0228,0.0645
C,Y,21,-2.0697594,0.010201,-1.2464684,0.0033,0.0223
I,A,22,-1.9434738,0.0172,-1.0682699,0.006,0.0271
I,C,22,-2.0067558,0.0160445,-1.1557409,0.0042,0.0224
I,D,22,-2.151867,0.0172,-1.3698557,0.0298,0.0655
I,E,22,-1.6984901,0.0172,-0.7669556,0.0037,0.0207
I,F,22,-1.8269272,0.0172,-0.9173083,0.0023,0.0162
I,G,22,-1.7855988,0.0172,-0.8670588,0.0008,0.0087
I,H,22,-1.9766006,0.0172,-1.1135912,0.0051,0.0248
I,K,22,-1.9456444,0.0160234,-1.0712076,0.0077,0.0311
I,L,22,-2.0903587,0.0170802,-1.27689,0.042,0.0791
I,M,22,-1.7807121,0.0234955,-0.8612335,0.0063,0.0278
I,N,22,-1.8386459,0.0172,-0.9318743,0.0068,0.029
I,P,22,-1.9236794,0.0172,-1.0416888,0.0006,0.0074
I,Q,22,-1.8826828,0.0172,-0.9878489,0.0025,0.0169
I,R,22,-1.9629517,0.0160445,-1.0947922,0.0011,0.0108
I,S,22,-2.043129,0.0172,-1.2076877,0.0036,0.0206
I,T,22,-1.8404617,0.0222576,-0.9341438,0.005,0.0246
I,V,22,-1.2653809,0.0262096,-0.3869375,0.0468,0.0839
I,W,22,-1.8000069,0.0172,-0.8843777,0.0036,0.0205
I,Y,22,-1.8152237,0.0172,-0.9029007,0.0295,0.0652
G,A,23,-1.8173409,0.016038,-0.9054967,0.0028,0.0204
G,C,23,-1.9357834,0.0172,-1.0578979,0.006,0.0311
G,D,23,-1.9327583,0.0096416,-1.0538336,0.0061,0.0313
G,E,23,-2.1306725,0.0172,-1.3374684,0.0025,0.0193
G,F,23,-2.0247421,0.0172,-1.1812789,0.0012,0.0129
G,H,23,-1.9470177,0.0172,-1.0730686,0.0025,0.0192
G,I,23,-1.6802635,0.0172,-0.7470191,0.0013,0.0132
G,K,23,-2.15971,0.0172,-1.3819326,0.0025,0.0193
G,L,23,-1.8934937,0.0172,-1.0018863,0.002,0.017
G,M,23,-2.1488953,0.0172,-1.3652926,0.0035,0.0232
G,N,23,-1.9473953,0.0172,-1.0735806,0.0023,0.0185
G,P,23,-2.0985374,0.0172,-1.2890694,0.0057,0.0304
G,Q,23,-2.1541367,0.0172,-1.3733455,0.0023,0.0185
G,R,23,-2.0862503,0.01764,-1.2707935,0.0026,0.0197
G,S,23,-1.9797363,0.0205751,-1.1179348,0.1044,0.1495
G,T,23,-2.227436,0.0172,-1.4882198,0.0007,0.0093
G,V,23,-2.2586784,0.0221507,-1.5384136,0.0065,0.0325
G,W,23,-1.9335938,0.0172,-1.0549553,0.0046,0.027
G,Y,23,-1.6406364,0.0172,-0.7048882,0.0022,0.0177
Y,A,24,-2.030548,0.0172,-1.1895851,0.0026,0.0156
Y,C,24,-1.9741898,0.0311561,-1.110258,0.0105,0.0334
Y,D,24,-1.779026,0.01764,-0.8592293,0.0025,0.0153
Y,E,24,-1.9333115,0.0172,-1.0545762,0.0043,0.0204
Y,F,24,-1.8033829,0.0307408,-0.8884667,0.0746,0.0982
Y,G,24,-1.6791878,0.0172,-0.7458535,0.0002,0.004
Y,H,24,-2.0130577,0.0295341,-1.1646552,0.008,0.0287
Y,I,24,-1.9486885,0.0172,-1.0753351,0.0054,0.0232
Y,K,24,-2.0914726,0.0172,-1.2785455,0.0103,0.033
Y,L,24,-1.8925247,0.0172,-1.0006234,0.0009,0.0085
Y,M,24,-1.7992249,0.0172,-0.8834323,0.0192,0.0466
Y,N,24,-2.0080223,0.0180127,-1.1575295,0.0015,0.0115
Y,P,24,-1.9256859,0.0172,-1.044366,0.0003,0.0045
Y,Q,24,-1.9600754,0.0160309,-1.0908529,0.0321,0.0618
Y,R,24,-1.990509,0.0172,-1.1329271,0.0013,0.0107
Y,S,24,-1.7938232,0.0192371,-0.8769185,0.0078,0.0283
Y,T,24,-1.9579849,0.0121979,-1.0879948,0.1185,0.1267
Y,V,24,-1.9129868,0.0172,-1.0274878,0.0196,0.0471
Y,W,24,-1.6932144,0.0160309,-0.7611489,0.03,0.0595
H,A,25,-2.0096092,0.0192462,-1.1597726,0.0539,0.0713
H,C,25,-2.0240402,0.0172,-1.1802768,0.0094,0.0274
H,D,25,-1.8878708,0.0172,-0.9945708,0.0038,0.0165
H,E,25,-1.9739342,0.0172,-1.109905,0.0023,0.0127
H,F,25,-2.0218315,0.0172,-1.1771264,0.001,0.0081
H,G,25,-1.9931488,0.0172,-1.1366174,0.0023,0.0125
H,I,25,-1.8478584,0.0160385,-0.9434229,0.0212,0.0427
H,K,25,-2.0546074,0.0172,-1.2243267,0.0436,0.0634
H,L,25,-1.8060837,0.0154553,-0.8917463,0.1467,0.1237
H,M,25,-2.1403923,0.0172,-1.3522758,0.017,0.0378
H,N,25,-2.0356445,0.0147,-1.1969013,0.0093,0.0272
H,P,25,-1.928791,0.0136073,-1.0485168,0.0024,0.0129
H,Q,25,-2.2918358,0.0219671,-1.5924476,0.0694,0.0819
H,R,25,-1.8774567,0.0278688,-0.9811047,0.0019,0.0114
H,S,25,-1.8355141,0.0172,-0.9279679,0.0116,0.0306
H,T,25,-2.010601,0.0160041,-1.1611758,0.0317,0.0532
H,V,25,-2.294239,0.0294684,-1.5963936,0.0489,0.0676
H,W,25,-2.1831093,0.0172,-1.4182538,0.003,0.0145
H,Y,25,-2.0340233,0.0235379,-1.1945715,0.0205,0.0419
A,C,26,-2.0124245,0.0172,-1.1637579,0.0284,0.0596
A,D,26,-1.6379738,0.0172,-0.7021171,0.0009,0.0091
A,E,26,-1.9553795,0.0078148,-1.0844385,0.0071,0.0277
A,F,26,-1.7744293,0.0172,-0.8537804,0.0021,0.0143
A,G,26,-1.773674,0.0160152,-0.8528871,0.0021,0.0143
A,H,26,-1.8494186,0.0172,-0.9453873,0.0016,0.0123
A,I,26,-1.8034859,0.0147,-0.8885917,0.0022,0.0146
A,K,26,-1.7403374,0.0172,-0.8140541,0.0014,0.0112
A,L,26,-1.8029404,0.0147,-0.8879301,0.0006,0.0068
A,M,26,-1.8557243,0.0172,-0.9533513,0.006,0.0254
A,N,26,-1.5234146,0.0189962,-0.5900019,0.0424,0.0743
A,P,26,-1.959755,0.014138,-1.0904146,0.0006,0.0071
A,Q,26,-1.9585953,0.0172,-1.0888289,0.0029,0.0171
A,R,26,-1.7623901,0.0172,-0.8396131,0.0005,0.0067
A,S,26,-1.3396072,0.0163492,-0.4386002,0.0631,0.0925
A,T,26,-1.55476,0.0142489,-0.6193002,0.0061,0.0255
A,V,26,-1.8901024,0.0282186,-0.9974704,0.0987,0.1182
A,W,26,-1.8951874,0.0172,-1.0040959,0.0034,0.0185
A,Y,26,-1.9456253,0.0172,-1.0711817,0.0954,0.116
N,A,27,-2.045662,0.0172,-1.2113495,0.0049,0.0287
N,C,27,-1.9224701,0.0172,-1.0400771,0.0013,0.0138
N,D,27,-2.0028954,0.0377383,-1.1502981,0.0102,0.0431
N,E,27,-2.0064697,0.0160357,-1.155337,0.0014,0.0144
N,F,27,-2.0299797,0.0172,-1.1887707,0.0142,0.0516
N,G,27,-1.9168243,0.0160357,-1.0325717,0.0016,0.0153
N,H,27,-1.8882141,0.0160357,-0.9950166,0.0108,0.0443
N,I,27,-2.3120613,0.0172,-1.6257807,0.0053,0.0299
N,K,27,-2.0878906,0.0070447,-1.2732258,0.0128,0.0487
N,L,27,-1.958313,0.0172,-1.0884431,0.0007,0.0097
N,M,27,-2.1321983,0.0172,-1.3397877,0.0025,0.0198
N,P,27,-2.0991287,0.0172,-1.2899521,0.0005,0.0084
N,Q,27,-1.8887177,0.0172,-0.9956707,0.0013,0.0137
N,R,27,-1.7466698,0.0249,-0.8213413,0.0087,0.0394
N,S,27,-1.9838715,0.0095945,-1.123677,0.011,0.0448
N,T,27,-1.8725166,0.01764,-0.9747545,0.0021,0.018
N,V,27,-2.0216064,0.0172,-1.1768055,0.0004,0.0073
N,W,27,-1.9840736,0.0172,-1.123958,0.0028,0.0209
N,Y,27,-1.9463463,0.0172,-1.0721585,0.0029,0.0216
N,A,28,-2.0210419,0.0172,-1.1760012,0.0649,0.1126
N,C,28,-1.9103622,0.0172,-1.0240191,0.001,0.0113
N,D,28,-2.047058,0.0177692,-1.21337,0.0301,0.0739
N,E,28,-2.1394653,0.0160358,-1.3508603,0.0046,0.0264
N,F,28,-2.2219086,0.0172,-1.4794142,0.0027,0.0194
N,G,28,-2.0774078,0.0172,-1.2577211,0.0027,0.0195
N,H,28,-2.075531,0.0150192,-1.2549552,0.001,0.0115
N,I,28,-2.0444603,0.0172,-1.2096116,0.0011,0.0123
N,K,28,-2.1535454,0.0066621,-1.372436,0.005,0.0274
N,L,28,-2.0512543,0.0172,-1.219454,0.0007,0.0097
N,M,28,-1.993515,0.0172,-1.1371298,0.0037,0.0233
N,P,28,-2.0533066,0.0172,-1.2224352,0.0005,0.0076
N,Q,28,-1.9326401,0.0172,-1.053675,0.0022,0.0176
N,R,28,-2.140499,0.01764,-1.3524388,0.0008,0.0101
N,S,28,-2.052082,0.0197152,-1.2206559,0.0045,0.026
N,T,28,-1.7762184,0.0172,-0.8558986,0.0017,0.0151
N,V,28,-2.0311737,0.0172,-1.1904821,0.0015,0.014
N,W,28,-1.8684578,0.0172,-0.9695553,0.0409,0.0874
N,Y,28,-1.9811783,0.0150192,-1.1199354,0.0023,0.018
S,A,29,-2.033516,0.0133375,-1.1938429,0.0722,0.1007
S,C,29,-2.1598206,0.0160388,-1.3821032,0.0182,0.0472
S,D,29,-2.0531807,0.0172,-1.2222522,0.0006,0.0069
S,E,29,-1.9759979,0.01764,-1.1127574,0.0196,0.0492
S,F,29,-2.0549278,0.0172,-1.2247928,0.0017,0.0129
S,G,29,-2.0608063,0.0170776,-1.2333609,0.0078,0.0295
S,H,29,-1.6527557,0.0172,-0.7175965,0.0078,0.0296
S,I,29,-2.1001701,0.0172,-1.2915075,0.0011,0.01
S,K,29,-1.8400955,0.0172,-0.9336858,0.0145,0.0416
S,L,29,-2.050541,0.02064,-1.2184187,0.0009,0.0093
S,M,29,-1.9621239,0.0172,-1.0936576,0.0049,0.023
S,N,29,-1.9257622,0.02614,-1.0444679,0.0524,0.0845
S,P,29,-2.0127716,0.0214518,-1.1642497,0.002,0.014
S,Q,29,-2.0887756,0.0172,-1.2745391,0.0054,0.0243
S,R,29,-1.9821854,0.0172,-1.1213337,0.0016,0.0126
S,T,29,-1.9437294,0.0151457,-1.0686156,0.0441,0.0768
S,V,29,-1.72995,0.0160388,-0.8021915,0.0044,0.0215
S,W,29,-1.9106789,0.0172,-1.0244373,0.0077,0.0293
S,Y,29,-1.9489784,0.0172,-1.0757287,0.003,0.0175
T,A,30,-1.980629,0.0214396,-1.1191731,0.0022,0.0157
T,C,30,-2.0095177,0.0172,-1.1596432,0.0017,0.0137
T,D,30,-1.8282738,0.0172,-0.9189749,0.0019,0.0145
T,E,30,-1.9040413,0.0172,-1.0156928,0.0042,0.0223
T,F,30,-1.9398537,0.0172,-1.0633804,0.0022,0.0156
T,G,30,-2.0727196,0.0172,-1.2508176,0.003,0.0186
T,H,30,-2.0806465,0.0172,-1.2625012,0.0181,0.0499
T,I,30,-2.0621643,0.0199888,-1.2353445,0.003,0.0186
T,K,30,-2.0315094,0.0172,-1.1909634,0.0027,0.0176
T,L,30,-1.9935989,0.0172,-1.1372472,0.001,0.0101
T,M,30,-2.085949,0.0172,-1.270347,0.0068,0.0292
T,N,30,-1.9868164,0.0090988,-1.127776,0.0753,0.1092
T,P,30,-1.8347588,0.0126483,-0.9270273,0.0093,0.0346
T,Q,30,-1.8868675,0.0172,-0.9932688,0.0024,0.0165
T,R,30,-2.0023575,0.0172,-1.1495408,0.0009,0.0095
T,S,30,-1.8649025,0.0120125,-0.9650147,0.0392,0.0762
T,V,30,-1.9697227,0.0172,-1.1040962,0.001,0.0102
T,W,30,-2.0060883,0.0160452,-1.1547988,0.0987,0.1267
T,Y,30,-2.0598145,0.0172,-1.2319132,0.0014,0.0121
D,A,31,-1.7986107,0.0172,-0.8826901,0.0084,0.0292
D,C,31,-1.6715546,0.0172,-0.7376173,0.0019,0.0128
D,E,31,-1.4067307,0.0095659,-0.4899209,0.0553,0.0822
D,F,31,-1.7633209,0.0172,-0.840703,0.004,0.0193
D,G,31,-1.6614685,0.020456,-0.726829,0.0033,0.0174
D,H,31,-1.6935501,0.0180535,-0.7615175,0.0205,0.0476
D,I,31,-1.7781143,0.0172,-0.8581469,0.004,0.0195
D,K,31,-1.811245,0.0150446,-0.8980346,0.0086,0.0296
D,L,31,-1.6512909,0.0172,-0.7160522,0.0017,0.0119
D,M,31,-1.6989708,0.0172,-0.7674862,0.0031,0.017
D,N,31,-1.7769318,0.0157116,-0.8567441,0.0101,0.0323
D,P,31,-1.7765884,0.0160502,-0.8563371,0.0006,0.0067
D,Q,31,-1.6903458,0.0172,-0.7580039,0.0935,0.1097
D,R,31,-1.6511192,0.0172,-0.7158714,0.001,0.0091
D,S,31,-1.7905884,0.0172,-0.8730322,0.0007,0.0075
D,T,31,-1.753315,0.0160502,-0.8290336,0.0882,0.1063
D,V,31,-1.871273,0.0160502,-0.9731597,0.0359,0.0648
D,W,31,-1.8446541,0.0172,-0.9393964,0.0061,0.0244
D,Y,31,-1.907856,0.0115245,-1.0207131,0.0126,0.0365
T,A,32,-1.9286003,0.0175685,-1.0482616,0.0076,0.0263
T,C,32,-1.9075394,0.0172,-1.0202959,0.0065,0.0243
T,D,32,-1.9612007,0.0172,-1.0923932,0.002,0.0128
T,E,32,-2.0714493,0.0160627,-1.2489503,0.2383,0.1753
T,F,32,-1.8677635,0.0172,-0.9686676,0.0016,0.0113
T,G,32,-1.913929,0.0172,-1.0287347,0.0048,0.0204
T,H,32,-1.8434563,0.0160627,-0.9378938,0.003,0.0159
T,I,32,-1.5797768,0.0162159,-0.6434266,0.0106,0.0316
T,K,32,-1.8067894,0.0160627,-0.8926045,0.0028,0.0154
T,L,32,-1.8505592,0.0134038,-0.9468249,0.0446,0.0698
T,M,32,-1.8986778,0.0160627,-1.0086585,0.0341,0.0602
T,N,32,-1.8908653,0.0066742,-0.9984628,0.0096,0.0299
T,P,32,-1.9935799,0.0172,-1.1372206,0.003,0.0157
T,Q,32,-1.7933693,0.0147,-0.8763725,0.0091,0.029
T,R,32,-1.8281403,0.0147,-0.9188096,0.051,0.0751
T,S,32,-1.9124794,0.0225709,-1.0268167,0.0175,0.0417
T,V,32,-1.5615234,0.0160627,-0.6257577,0.0187,0.0433
T,W,32,-1.933857,0.0172,-1.0553087,0.0051,0.0212
T,Y,32,-1.8926773,0.0172,-1.0008222,0.0011,0.0091
V,A,33,-1.9541855,0.0286137,-1.0828109,0.0062,0.0283
V,C,33,-1.7450676,0.0160851,-0.8194936,0.0053,0.0259
V,D,33,-1.8310432,0.0160851,-0.9224084,0.0474,0.0866
V,E,33,-1.8990593,0.0172,-1.0091579,0.0027,0.0181
V,F,33,-2.0132713,0.0190832,-1.164958,0.005,0.0252
V,G,33,-1.7929688,0.0160851,-0.875891,0.0032,0.0196
V,H,33,-2.0106163,0.0172,-1.1611974,0.0016,0.0134
V,I,33,-1.300209,0.0122322,-0.4105275,0.0667,0.1045
V,K,33,-1.796814,0.0172,-0.8805213,0.0221,0.057
V,L,33,-1.799099,0.0172,-0.8832801,0.0325,0.0704
V,M,33,-1.828701,0.0172,-0.9195041,0.0039,0.0219
V,N,33,-1.7891922,0.0172,-0.8713581,0.0011,0.0112
V,P,33,-1.888298,0.0172,-0.9951255,0.0005,0.0069
V,Q,33,-1.621048,0.0172,-0.6846773,0.0036,0.0209
V,R,33,-1.8360329,0.0172,-0.9286143,0.001,0.0102
V,S,33,-1.8967171,0.0172,-1.006094,0.0068,0.0297
V,T,33,-1.6807175,0.0172,-0.7475114,0.0012,0.0116
V,W,33,-1.8955994,0.0172,-1.0046339,0.0024,0.0168
V,Y,33,-1.7944946,0.0172,-0.8777265,0.0023,0.0166
D,A,34,-2.0018806,0.0172,-1.1488696,0.0025,0.018
D,C,34,-1.9920158,0.0172,-1.1350327,0.0021,0.0164
D,E,34,-1.983551,0.0077926,-1.1232314,0.0171,0.0523
D,F,34,-1.8969498,0.0172,-1.0063982,0.0073,0.0327
D,G,34,-1.8555756,0.013288,-0.953163,0.0119,0.0428
D,H,34,-1.7880898,0.0142971,-0.8700377,0.0038,0.0228
D,I,34,-1.7641487,0.0172,-0.8416731,0.0018,0.015
D,K,34,-1.9091644,0.0172,-1.0224383,0.0015,0.0136
D,L,34,-2.1378174,0.0172,-1.3483456,0.0023,0.0173
D,M,34,-1.7316589,0.0172,-0.8041353,0.0098,0.0385
D,N,34,-1.6493416,0.0189499,-0.7140007,0.0185,0.0546
D,P,34,-2.058525,0.0172,-1.2300322,0.0067,0.0313
D,Q,34,-1.84095,0.0172,-0.9347546,0.0026,0.0187
D,R,34,-2.003086,0.0172,-1.1505665,0.0021,0.0165
D,S,34,-1.7987518,0.0172,-0.8828606,0.0013,0.0129
D,T,34,-1.9105949,0.0147,-1.0243263,0.0065,0.0308
D,V,34,-1.7126007,0.02408,-0.7826309,0.0094,0.0376
D,W,34,-1.8497391,0.0172,-0.9457911,0.0046,0.0256
D,Y,34,-1.7572327,0.0172,-0.8335902,0.0144,0.0477
T,A,35,-1.9233665,0.0170848,-1.0412716,0.0049,0.0281
T,C,35,-1.9571571,0.0172,-1.0868642,0.0025,0.0197
T,D,35,-1.7304573,0.0172,-0.8027682,0.0024,0.0192
T,E,35,-1.9800987,0.0172,-1.1184374,0.002,0.0172
T,F,35,-1.738575,0.0172,-0.8120335,0.0023,0.0187
T,G,35,-1.7356071,0.0172,-0.808638,0.0012,0.0129
T,H,35,-1.9454994,0.0172,-1.0710112,0.0054,0.0297
T,I,35,-1.9847031,0.0133148,-1.1248337,0.0061,0.0319
T,K,35,-1.9231339,0.0093809,-1.0409616,0.0092,0.04
T,L,35,-1.7604599,0.0172,-0.8373557,0.0014,0.0142
T,M,35,-1.7764435,0.0172,-0.8561653,0.0052,0.0292
T,N,35,-1.960434,0.0172,-1.0913436,0.0092,0.04
T,P,35,-1.9789009,0.0219,-1.1167767,0.0015,0.0147
T,Q,35,-1.9056511,0.0172,-1.0178097,0.0067,0.0336
T,R,35,-1.8317757,0.0160718,-0.9233179,0.0016,0.0154
T,S,35,-1.7149506,0.0172,-0.7852618,0.0373,0.0862
T,V,35,-2.123806,0.0172,-1.3270545,0.0016,0.015
T,W,35,-1.5994492,0.0172,-0.662864,0.0019,0.0169
T,Y,35,-1.9666748,0.0172,-1.0999027,0.0033,0.0227
I,A,36,-0.9041405,0.0172,-0.2025003,0.0161,0.0415
I,C,36,-0.7517548,0.0172,-0.1518445,0.0143,0.0389
I,D,36,-0.9818001,0.0172,-0.2338123,0.0017,0.0119
I,E,36,-0.7408142,0.0172,-0.1486995,0.002,0.0133
I,F,36,-0.7887573,0.0172,-0.1629427,0.0158,0.0411
I,G,36,-0.6686859,0.02064,-0.1294348,0.0027,0.0154
I,H,36,-1.0008392,0.0172,-0.2421185,0.0017,0.0121
I,K,36,-0.9289169,0.02058,-0.2120551,0.0065,0.0253
I,L,36,-0.5147438,0.0171975,-0.0958805,0.0442,0.0724
I,M,36,-0.599556,0.0201078,-0.1131866,0.1294,0.1306
I,N,36,-0.7187118,0.0172,-0.1425297,0.0023,0.0143
I,P,36,-0.7352371,0.0170959,-0.1471197,0.0126,0.0363
I,Q,36,-0.685566,0.0172,-0.1337222,0.0064,0.025
I,R,36,-0.8083839,0.02058,-0.1691282,0.002,0.0134
I,S,36,-0.7641945,0.0172,-0.1554951,0.003,0.0165
I,T,36,-0.5517578,0.0189375,-0.1030994,0.0544,0.0811
I,V,36,1.0537415,0.0278285,-0.0039665,0.0104,0.0327
I,W,36,-0.6712227,0.0172,-0.1300708,0.0035,0.018
I,Y,36,-0.7710686,0.0172,-0.1575471,0.0162,0.0416
L,A,37,-1.8295403,0.0160887,-0.9205442,0.0052,0.0202
L,C,37,-1.9317894,0.0172,-1.0525337,0.0224,0.0451
L,D,37,-1.6072235,0.0172,-0.6706585,0.0454,0.0665
L,E,37,-1.9024086,0.0172,-1.0135485,0.0049,0.0196
L,F,37,-1.7505074,0.0194844,-0.825778,0.0142,0.0351
L,G,37,-1.6440773,0.0160887,-0.7084805,0.001,0.0083
L,H,37,-1.6590424,0.0160062,-0.7242501,0.0006,0.0062
L,I,37,-1.7295609,0.0157474,-0.8017493,0.0118,0.0317
L,K,37,-1.6546631,0.0172,-0.7196108,0.0046,0.019
L,M,37,-1.3286934,0.0160887,-0.4306742,0.0059,0.0216
L,N,37,-1.5201187,0.0195325,-0.5869812,0.0034,0.016
L,P,37,-1.6997147,0.0275864,-0.7683077,0.0017,0.0108
L,Q,37,-1.6032982,0.0199468,-0.666715,0.0388,0.061
L,R,37,-1.6496582,0.0128244,-0.7143336,0.1415,0.1242
L,S,37,-1.7056465,0.0159428,-0.7748793,0.4049,0.2214
L,T,37,-1.7404633,0.0198851,-0.8141986,0.2116,0.1549
L,V,37,-1.5370483,0.0151123,-0.6026182,0.0005,0.0058
L,W,37,-1.8131485,0.0172,-0.9003606,0.0044,0.0184
L,Y,37,-1.7386475,0.0172,-0.8121165,0.0136,0.0343
E,A,38,-1.7598953,0.0175273,-0.8366962,0.1084,0.1176
E,C,38,-1.8836937,0.0172,-0.9891566,0.0017,0.0118
E,D,38,-1.8942337,0.0148577,-1.0028514,0.0141,0.0383
E,F,38,-1.9014664,0.0172,-1.0123123,0.005,0.0218
E,G,38,-1.846695,0.0170799,-0.9419598,0.0083,0.0287
E,H,38,-2.132763,0.0161959,-1.3406466,0.0072,0.0264
E,I,38,-2.0309067,0.0172,-1.1900993,0.0031,0.0166
E,K,38,-1.6981926,0.0146752,-0.7666274,0.007,0.0261
E,L,38,-1.7989502,0.0172,-0.8831003,0.0007,0.0072
E,M,38,-1.9194565,0.0172,-1.036067,0.0045,0.0204
E,N,38,-2.1141129,0.0249,-1.3124201,0.016,0.041
E,P,38,-2.0676765,0.0172,-1.2434128,0.0004,0.0057
E,Q,38,-1.9928703,0.0122441,-1.1362277,0.1504,0.1408
E,R,38,-1.9547539,0.0172,-1.0835856,0.0116,0.0345
E,S,38,-2.081955,0.0161959,-1.2644351,0.0299,0.0579
E,T,38,-2.1480904,0.0172,-1.364058,0.0045,0.0204
E,V,38,-1.9756584,0.0153025,-1.1122879,0.004,0.0193
E,W,38,-2.1825752,0.0172,-1.41742,0.0201,0.0465
E,Y,38,-1.9146996,0.0172,-1.0297551,0.0035,0.0179
K,A,39,-1.9791641,0.0172,-1.1171415,0.0073,0.0278
K,C,39,-1.9360619,0.0172,-1.0582726,0.007,0.0271
K,D,39,-1.8681526,0.0172,-0.9691651,0.0029,0.0167
K,E,39,-1.7506485,0.0133751,-0.8259414,0.0124,0.0372
K,F,39,-1.9587135,0.0172,-1.0889905,0.0022,0.0144
K,G,39,-1.794281,0.0172,-0.8774694,0.0373,0.0682
K,H,39,-1.9944687,0.0172,-1.1384649,0.0071,0.0273
K,I,39,-2.0245628,0.0172,-1.1810229,0.002,0.0137
K,L,39,-1.7762299,0.0162829,-0.8559122,0.0011,0.0097
K,M,39,-1.7952385,0.0174255,-0.8786223,0.0172,0.0446
K,N,39,-1.7580986,0.0158627,-0.8345995,0.0115,0.0357
K,P,39,-2.0515175,0.0172,-1.2198361,0.0041,0.0202
K,Q,39,-1.6246147,0.0172,-0.688327,0.0022,0.0146
K,R,39,-1.4385071,0.0191633,-0.5157896,0.383,0.2454
K,S,39,-2.0109215,0.0172,-1.1616294,0.0015,0.0118
K,T,39,-2.0249329,0.0147139,-1.1815514,0.0257,0.0556
K,V,39,-2.0522194,0.0172,-1.2208555,0.0023,0.0148
K,W,39,-1.8856316,0.0172,-0.9916663,0.005,0.0225
K,Y,39,-1.9039268,0.0172,-1.0155424,0.0039,0.0198
N,A,40,-1.9515038,0.0172,-1.0791603,0.0099,0.0348
N,C,40,-2.0319252,0.0172,-1.1915598,0.0034,0.0192
N,D,40,-1.9455223,0.0184913,-1.0710422,0.0103,0.0354
N,E,40,-2.0250359,0.0172,-1.1816985,0.0252,0.058
N,F,40,-1.9032211,0.0172,-1.0146153,0.0034,0.0193
N,G,40,-1.8948364,0.0183695,-1.0036378,0.0203,0.0515
N,H,40,-2.156227,0.0145099,-1.3765632,0.0102,0.0352
N,I,40,-1.9123535,0.0161989,-1.0266502,0.0017,0.0134
N,K,40,-1.8281822,0.011549,-0.9188615,0.038,0.0727
N,L,40,-2.1809158,0.0172,-1.4148307,0.001,0.0096
N,M,40,-2.0549583,0.0172,-1.2248372,0.0077,0.0301
N,P,40,-1.9925957,0.0172,-1.1358436,0.0021,0.0148
N,Q,40,-2.082737,0.0153079,-1.2655915,0.012,0.0386
N,R,40,-2.1270142,0.0172,-1.3319153,0.009,0.0329
N,S,40,-2.168171,0.0251518,-1.3950162,0.0184,0.0487
N,T,40,-2.0230484,0.018702,-1.1788616,0.0047,0.023
N,V,40,-1.8331413,0.0161989,-0.9250149,0.0033,0.0189
N,W,40,-2.2336807,0.0172,-1.4981954,0.0048,0.0234
N,Y,40,-2.0295334,0.0172,-1.1881314,0.0077,0.0301
V,A,41,-1.9599953,0.0216055,-1.0907433,0.0095,0.0334
V,C,41,-1.9710007,0.0172,-1.1058571,0.0131,0.0398
V,D,41,-1.9746628,0.0172,-1.1109116,0.0033,0.0187
V,E,41,-1.7821426,0.0172,-0.8629362,0.0098,0.0338
V,F,41,-2.0199432,0.0172,-1.1744364,0.005,0.0234
V,G,41,-1.9470558,0.0190898,-1.0731202,0.0106,0.0353
V,H,41,-2.1142654,0.0172,-1.3126498,0.0041,0.0209
V,I,41,-1.690506,0.0147,-0.7581793,0.0929,0.1167
V,K,41,-1.7373734,0.0172,-0.8106576,0.0042,0.0211
V,L,41,-1.6230049,0.0172,-0.686678,0.0109,0.0359
V,M,41,-1.8896599,0.0151337,-0.9968951,0.0171,0.046
V,N,41,-1.7724915,0.0172,-0.8514899,0.0176,0.0468
V,P,41,-1.8873444,0.0172,-0.9938876,0.0021,0.0147
V,Q,41,-1.9318161,0.0172,-1.0525695,0.0107,0.0356
V,R,41,-1.8062973,0.0172,-0.892006,0.0018,0.0135
V,S,41,-1.9036942,0.0172,-1.0152368,0.0009,0.0093
V,T,41,-1.8194656,0.0172,-0.9081065,0.004,0.0206
V,W,41,-2.1557274,0.0172,-1.3757939,0.0156,0.0437
V,Y,41,-2.0180397,0.0172,-1.1717281,0.0035,0.0191
A,C,42,-0.4778671,0.0172,-0.089169,0.1428,0.1029
A,D,42,-0.4555626,0.0172,-0.0853301,0.0107,0.0248
A,E,42,-0.2041321,0.0191689,-0.0517027,0.013,0.0276
A,F,42,-0.3551407,0.0172,-0.0699254,0.0669,0.0678
A,G,42,-0.3948288,0.015506,-0.0756634,0.0207,0.0356
A,H,42,-0.4196129,0.0172,-0.0794738,0.0147,0.0295
A,I,42,-0.4113426,0.015506,-0.0781823,0.0392,0.0506
A,K,42,-0.2913399,0.0172,-0.0615718,0.0923,0.081
A,L,42,-0.4016724,0.0172,-0.0766977,0.0049,0.0162
A,M,42,-0.4622421,0.0172,-0.0864628,0.015,0.0298
A,N,42,-0.3442879,0.0172,-0.068431,0.0027,0.0116
A,P,42,-0.4487724,0.0142697,-0.0841931,0.1899,0.1203
A,Q,42,-0.5552483,0.0172,-0.1038062,0.0102,0.0242
A,R,42,-0.5708046,0.0172,-0.1070124,0.0334,0.0463
A,S,42,-0.3782654,0.0172,-0.0732156,0.0109,0.0251
A,T,42,1.3494873,0.0164515,-0.0021586,0.0253,0.0397
A,V,42,-0.3047104,0.0311696,-0.0632382,0.1427,0.1028
A,W,42,-0.3271446,0.0172,-0.066133,0.026,0.0403
A,Y,42,-0.3244591,0.0172,-0.0657798,0.0139,0.0286
V,A,43,-1.8889465,0.0184297,-0.9959679,0.059,0.0684
V,C,43,-1.9968452,0.0172,-1.1417955,0.0214,0.0391
V,D,43,-1.895031,0.0172,-1.0038918,0.0187,0.0364
V,E,43,-1.870533,0.02064,-0.9722115,0.0266,0.0441
V,F,43,-1.7524643,0.0172,-0.8280463,0.015,0.0322
V,G,43,-2.1079216,0.02064,-1.3031137,0.0125,0.0292
V,H,43,-2.1835594,0.0172,-1.4189567,0.0539,0.065
V,I,43,-1.8940392,0.0172,-1.0025976,0.0599,0.0689
V,K,43,-2.105938,0.0172,-1.3001389,0.027,0.0445
V,L,43,-2.082859,0.0192099,-1.265772,0.0024,0.0117
V,M,43,-1.963829,0.0174334,-1.0959952,0.0382,0.0538
V,N,43,-2.0047684,0.0172,-1.1529371,0.0276,0.045
V,P,43,-2.1033783,0.0172,-1.296305,0.0174,0.0349
V,Q,43,-1.8138237,0.0172,-0.9011866,0.0251,0.0427
V,R,43,-2.0248756,0.0172,-1.1814696,0.0065,0.0203
V,S,43,-1.9189873,0.0172,-1.0354435,0.0103,0.0262
V,T,43,-1.8718834,0.0172,-0.9739423,0.0126,0.0292
V,W,43,-1.9774895,0.0172,-1.1148216,0.0234,0.0411
V,Y,43,-2.0462112,0.0172,-1.2121442,0.0239,0.0416
T,A,44,-1.8671379,0.0339495,-0.9678682,0.0055,0.0283
T,C,44,-1.9687881,0.0172,-1.1028094,0.0015,0.014
T,D,44,-1.8910904,0.0172,-0.9987557,0.0109,0.041
T,E,44,-1.8489037,0.0172,-0.9447387,0.005,0.0267
T,F,44,-1.8889809,0.0172,-0.9960126,0.0139,0.0469
T,G,44,-1.8410606,0.0172,-0.934893,0.0022,0.0169
T,H,44,-1.7157516,0.0172,-0.7861599,0.0038,0.023
T,I,44,-1.8748779,0.0244324,-0.9777868,0.0074,0.0333
T,K,44,-1.9423103,0.0172578,-1.0666971,0.015,0.0489
T,L,44,-1.990345,0.0172,-1.1326981,0.0048,0.0262
T,M,44,-1.9559784,0.0172,-1.0852554,0.0058,0.0289
T,N,44,-1.873249,0.0172,-0.9756944,0.0057,0.0288
T,P,44,-2.0116196,0.0172,-1.1626177,0.0004,0.0068
T,Q,44,-1.8320656,0.0172,-0.923678,0.0043,0.0245
T,R,44,-1.8269272,0.0172,-0.9173083,0.0017,0.0147
T,S,44,-1.8256073,0.0154049,-0.9156764,0.0065,0.031
T,V,44,-1.8244896,0.0172,-0.9142959,0.0112,0.0417
T,W,44,-2.0537071,0.0172,-1.2230174,0.0084,0.0355
T,Y,44,-1.8623734,0.0172,-0.9617924,0.0039,0.0235
H,A,45,-2.0656548,0.02032,-1.2404505,0.0301,0.0594
H,C,45,-2.0707817,0.0172,-1.2479695,0.0037,0.0189
H,D,45,-1.8590317,0.0213063,-0.9575445,0.0262,0.0551
H,E,45,-1.8645859,0.0172,-0.964611,0.0068,0.0261
H,F,45,-1.9928284,0.0172,-1.1361691,0.0384,0.068
H,G,45,-2.0284767,0.0174713,-1.1866183,0.0062,0.025
H,I,45,-2.0350647,0.0172,-1.1960678,0.0014,0.011
H,K,45,-2.0768242,0.0172,-1.2568607,0.0015,0.0113
H,L,45,-2.1578712,0.0154184,-1.3790967,0.005,0.0221
H,M,45,-2.0270462,0.0172,-1.1845716,0.0249,0.0536
H,N,45,-2.0812988,0.0137516,-1.2634651,0.0096,0.0317
H,P,45,-1.9746437,0.017591,-1.1108852,0.003,0.0167
H,Q,45,-1.9301414,0.0249637,-1.0503248,0.0253,0.054
H,R,45,-1.9675407,0.0232494,-1.1010932,0.003,0.0166
H,S,45,-1.8980789,0.1332394,-1.0078748,0.1047,0.118
H,T,45,-1.7892036,0.0172,-0.8713718,0.0016,0.012
H,V,45,-1.9243851,0.0172,-1.0426299,0.001,0.0094
H,W,45,-2.0859756,0.0172,-1.2703864,0.0074,0.0276
H,Y,45,-1.829998,0.0147212,-0.9211117,0.009,0.0306
S,A,46,-1.9381294,0.0148414,-1.0610559,0.0171,0.0421
S,C,46,-2.0741005,0.0163347,-1.252849,0.0074,0.0266
S,D,46,-2.1506233,0.0172,-1.3679451,0.0065,0.0247
S,E,46,-1.9657364,0.0172,-1.0986134,0.0034,0.0174
S,F,46,-2.0063667,0.0128781,-1.1551917,0.0316,0.059
S,G,46,-1.9544716,0.0172,-1.0832008,0.0023,0.0139
S,H,46,-2.0196838,0.0163347,-1.1740672,0.0391,0.0664
S,I,46,-2.066124,0.0172,-1.2411377,0.0062,0.0241
S,K,46,-1.8292198,0.0172,-0.9201469,0.0118,0.0343
S,L,46,-2.1140823,0.0172,-1.3123741,0.0261,0.0532
S,M,46,-1.9165916,0.0172,-1.032263,0.0131,0.0364
S,N,46,-2.0962868,0.0172,-1.2857122,0.0138,0.0373
S,P,46,-2.1818733,0.0316849,-1.4163245,0.0055,0.0225
S,Q,46,-2.1675072,0.0172,-1.3939876,0.0064,0.0245
S,R,46,-2.1265793,0.0172,-1.3312558,0.0023,0.014
S,T,46,-1.7621841,0.0187758,-0.839372,0.0113,0.0335
S,V,46,-2.0137367,0.0172,-1.1656178,0.0037,0.0182
S,W,46,-2.013916,0.0155523,-1.1658721,0.0853,0.1019
S,Y,46,-1.9210243,0.0085498,-1.0381521,0.0071,0.026
V,A,47,-1.9038544,0.0229587,-1.0154473,0.0117,0.0298
V,C,47,-2.1629868,0.0172,-1.3869929,0.0056,0.0198
V,D,47,-1.964901,0.0197035,-1.0974663,0.0034,0.0151
V,E,47,-1.934864,0.0172,-1.0566618,0.0034,0.0151
V,F,47,-2.1130905,0.016996,-1.3108811,0.0893,0.0911
V,G,47,-1.8365898,0.0164057,-0.9293085,0.0029,0.0139
V,H,47,-1.9263611,0.0150186,-1.0452678,0.0065,0.0215
V,I,47,-1.5696487,0.0504748,-0.6335793,0.0752,0.0829
V,K,47,-1.9347038,0.0406,-1.0564464,0.0691,0.0791
V,L,47,-2.030014,0.0150186,-1.1888199,0.0318,0.0517
V,M,47,-1.936367,0.0172,-1.058683,0.0282,0.0483
V,N,47,-1.8544273,0.0172,-0.9517099,0.0012,0.0085
V,P,47,-2.0425224,0.0172,-1.2068116,0.0005,0.0051
V,Q,47,-2.0569687,0.016096,-1.227764,0.0468,0.0639
V,R,47,-1.8708,0.0227749,-0.9725536,0.0171,0.0367
V,S,47,-1.6814499,0.0172,-0.7483061,0.0034,0.0151
V,T,47,-1.8346825,0.0176929,-0.9269323,0.0217,0.0419
V,W,47,-2.0630379,0.0172,-1.2366215,0.0062,0.021
V,Y,47,-1.8696327,0.0270186,-0.9710586,0.1704,0.13
N,A,48,-2.0704918,0.0160666,-1.2475438,0.0008,0.0086
N,C,48,-1.8956757,0.0172,-1.0047335,0.002,0.0142
N,D,48,-1.915657,0.0119748,-1.0310237,0.0279,0.0607
N,E,48,-1.905716,0.02064,-1.017895,0.0258,0.0581
N,F,48,-1.9018326,0.0172,-1.0127927,0.0051,0.0238
N,G,48,-1.9998093,0.0172,-1.1459568,0.0022,0.0152
N,H,48,-2.071415,0.0150734,-1.2488999,0.0012,0.0109
N,I,48,-2.0331306,0.02064,-1.1932896,0.0014,0.0118
N,K,48,-1.7843704,0.0095684,-0.8655921,0.0085,0.0316
N,L,48,-1.9952812,0.0172,-1.139603,0.0009,0.0092
N,M,48,-1.957016,0.0172,-1.0866716,0.0054,0.0247
N,P,48,-2.013115,0.018788,-1.1647364,0.01,0.0345
N,Q,48,-1.9200325,0.0150734,-1.0368328,0.0044,0.0219
N,R,48,-1.9461632,0.0172,-1.0719104,0.0043,0.0218
N,S,48,-1.8806953,0.0212798,-0.9852809,0.0864,0.1129
N,T,48,-2.0346107,0.0203442,-1.1954154,0.0683,0.0992
N,V,48,-2.0067406,0.02408,-1.1557194,0.0025,0.0161
N,W,48,-1.8251266,0.0172,-0.9150825,0.0173,0.0466
N,Y,48,-1.8559151,0.0192799,-0.9535929,0.0022,0.0151
L,A,49,-1.9521217,0.02064,-1.0800008,0.0006,0.0086
L,C,49,-1.8307381,0.0172,-0.9220298,0.0047,0.027
L,D,49,-2.0516129,0.0172,-1.2199747,0.0027,0.0199
L,E,49,-1.7475853,0.0172,-0.8223983,0.005,0.0279
L,F,49,-1.779541,0.0172,-0.8598412,0.0405,0.0882
L,G,49,-1.7762451,0.0172,-0.8559302,0.0007,0.0097
L,H,49,-1.5169258,0.0172,-0.5840658,0.0029,0.0208
L,I,49,-1.8901176,0.0172,-0.9974902,0.0198,0.0595
L,K,49,-1.8570099,0.0172,-0.9549799,0.0025,0.019
L,M,49,-1.7502174,0.0144672,-0.8254422,0.0064,0.032
L,N,49,-1.8017731,0.0172,-0.8865155,0.0017,0.0156
L,P,49,-1.9361877,0.0234163,-1.0584418,0.0095,0.0398
L,Q,49,-1.9683189,0.0175262,-1.1021637,0.0082,0.0366
L,R,49,-1.6978798,0.0153956,-0.7662824,0.0024,0.0185
L,S,49,-1.9707146,0.0172,-1.1054628,0.0015,0.0145
L,T,49,-1.7664337,0.0172,-0.8443546,0.002,0.0168
L,V,49,-1.8680992,0.0172,-0.9690968,0.0021,0.0175
L,W,49,-1.922184,0.0172,-1.039696,0.0034,0.0227
L,Y,49,-1.9269066,0.0172,-1.0459967,0.0045,0.0264
L,A,50,-1.8409576,0.0213501,-0.9347641,0.004,0.0255
L,C,50,-1.9242859,0.0172,-1.0424976,0.0039,0.0252
L,D,50,-1.8964653,0.0172,-1.005765,0.0326,0.0812
L,E,50,-1.8186188,0.0172,-0.9070658,0.0014,0.0143
L,F,50,-1.9125252,0.0183384,-1.0268773,0.0052,0.0295
L,G,50,-1.8795891,0.0172,-0.9838533,0.0018,0.0165
L,H,50,-1.8073082,0.022581,-0.8932357,0.0017,0.016
L,I,50,-1.8200493,0.0079478,-0.9088243,0.0034,0.0233
L,K,50,-1.8285675,0.0172,-0.9193387,0.0031,0.0222
L,M,50,-1.7639809,0.0161293,-0.8414764,0.0082,0.038
L,N,50,-2.0482292,0.0172,-1.2150665,0.0009,0.0114
L,P,50,-1.8056526,0.0142479,-0.8912223,0.0031,0.0223
L,Q,50,-1.8158379,0.0172,-0.9036533,0.0025,0.0196
L,R,50,-1.8094177,0.0172,-0.8958052,0.0008,0.0103
L,S,50,-1.9763565,0.0172,-1.1132535,0.0054,0.0301
L,T,50,-1.9918098,0.0172,-1.1347447,0.0007,0.0095
L,V,50,-1.729126,0.0172,-0.8012553,0.0129,0.0487
L,W,50,-1.9521523,0.0172,-1.0800425,0.0041,0.0261
L,Y,50,-1.9471817,0.0172,-1.0732909,0.0042,0.0262
E,A,51,-1.7888031,0.0136697,-0.8708919,0.2634,0.173
E,C,51,-1.9499168,0.0269414,-1.0770031,0.0588,0.0759
E,D,51,-1.5657196,0.01593,-0.6297883,0.0242,0.0465
E,F,51,-1.9077606,0.0160558,-1.0205874,0.0081,0.0255
E,G,51,-1.8138885,0.0125414,-0.9012659,0.0038,0.0167
E,H,51,-1.8932228,0.0172,-1.0015331,0.0032,0.0154
E,I,51,-1.8358536,0.0114756,-0.9283909,0.0466,0.0667
E,K,51,-1.9646873,0.0156728,-1.0971729,0.0093,0.0276
E,L,51,-1.9705086,0.0172,-1.1051789,0.0117,0.0312
E,M,51,-1.7677383,0.0150544,-0.8458881,0.0024,0.0131
E,N,51,-1.8131485,0.0172,-0.9003606,0.0009,0.0076
E,P,51,-1.9389725,0.0172,-1.0621922,0.0001,0.0026
E,Q,51,-1.7474174,0.0147,-0.8222044,0.0146,0.0353
E,R,51,-1.8923988,0.0172,-1.0004594,0.0025,0.0134
E,S,51,-1.8193893,0.0160558,-0.9080127,0.0012,0.009
E,T,51,-1.751049,0.0155488,-0.8264054,0.0592,0.0761
E,V,51,-1.825428,0.013776,-0.9154549,0.2253,0.1587
E,W,51,-1.9377785,0.0172,-1.0605833,0.0021,0.0122
E,Y,51,-1.9495811,0.0172,-1.0765471,0.0068,0.0232
D,A,52,-1.5477982,0.012038,-0.6127037,0.1307,0.1031
D,C,52,-1.675457,0.0172,-0.7418202,0.0029,0.0127
D,E,52,-0.8474579,0.0140706,-0.1820882,0.0475,0.0591
D,F,52,-1.6615944,0.0172068,-0.726963,0.0013,0.0081
D,G,52,-1.3480911,0.0132078,-0.4448415,0.0472,0.0589
D,H,52,-1.66008,0.0378961,-0.7253523,0.0536,0.0631
D,I,52,-1.4019585,0.014339,-0.4861241,0.0066,0.0199
D,K,52,-1.7117615,0.0135857,-0.7816928,0.0202,0.037
D,L,52,-1.494957,0.0135857,-0.5642952,0.0133,0.0293
D,M,52,-1.4402122,0.0172,-0.5172068,0.0188,0.0355
D,N,52,-0.681778,0.0154165,-0.1327487,0.0568,0.0652
D,P,52,-1.7585335,0.0172,-0.8351067,0.0007,0.0057
D,Q,52,-1.473526,0.014339,-0.5454927,0.0029,0.0127
D,R,52,-1.5596123,0.014339,-0.6239281,0.0055,0.018
D,S,52,-1.1329498,0.011925,-0.307223,0.1321,0.1037
D,T,52,-1.0428963,0.0270766,-0.2613956,0.0829,0.0803
D,V,52,-1.7299423,0.0195711,-0.8021827,0.0377,0.0521
D,W,52,-1.5304413,0.0172,-0.5964799,0.006,0.019
D,Y,52,-1.5147057,0.0189943,-0.5820449,0.0449,0.0573
S,A,53,-1.1936188,0.0136438,-0.3418355,0.0993,0.0847
S,C,53,-1.3122673,0.0183515,-0.4189614,0.0017,0.009
S,D,53,-1.0823021,0.0140735,-0.2806629,0.0071,0.0199
S,E,53,-1.2256126,0.0300187,-0.3613717,0.3175,0.1605
S,F,53,-1.2175522,0.0207983,-0.3563642,0.0299,0.0438
S,G,53,-1.0390816,0.0194836,-0.2595932,0.0723,0.0712
S,H,53,-1.4270248,0.0201949,-0.5063238,0.0389,0.0506
S,I,53,-1.1857986,0.0186077,-0.3371971,0.0129,0.0276
S,K,53,-0.752903,0.0182494,-0.1521781,0.0259,0.0405
S,L,53,-1.1825752,0.0236496,-0.3353007,0.0258,0.0403
S,M,53,-1.094326,0.015231,-0.2867822,0.0522,0.0595
S,N,53,-0.5140877,0.0248858,-0.095757,0.0308,0.0445
S,P,53,-1.1270332,0.0172,-0.304013,0.0001,0.0018
S,Q,53,-0.9839859,0.0219661,-0.2347529,0.0662,0.0678
S,R,53,-0.8898506,0.0088921,-0.1971678,0.0346,0.0474
S,T,53,-0.9559326,0.0150388,-0.2229328,0.0575,0.0628
S,V,53,-0.8672981,0.0214867,-0.18901,0.0361,0.0486
S,W,53,-1.1572227,0.0172,-0.3206963,0.0086,0.0221
S,Y,53,-1.0235825,0.0207112,-0.2523816,0.0131,0.0278
H,A,54,-1.9239311,0.0243161,-1.0420244,0.0416,0.0676
H,C,54,-1.932457,0.0172,-1.0534293,0.0033,0.0168
H,D,54,-1.8421364,0.0219,-0.9362398,0.0036,0.0176
H,E,54,-1.7991714,0.0172,-0.8833676,0.0037,0.0179
H,F,54,-1.8098831,0.0172,-0.8963727,0.0014,0.0106
H,G,54,-1.7472496,0.0172,-0.8220106,0.0023,0.0139
H,I,54,-2.054882,0.0172,-1.2247262,0.0077,0.0267
H,K,54,-1.807476,0.0172,-0.89344,0.0033,0.0169
H,L,54,-2.0484543,0.0172,-1.2153927,0.0005,0.0062
H,M,54,-1.9390182,0.0172,-1.0622538,0.0219,0.0475
H,N,54,-1.6616287,0.011354,-0.7269995,0.0065,0.0243
H,P,54,-1.9578323,0.0156039,-1.0877863,0.0181,0.0428
H,Q,54,-2.0344505,0.0108843,-1.1951852,0.0161,0.0401
H,R,54,-1.7700539,0.0209125,-0.8486141,0.0147,0.0381
H,S,54,-1.8030891,0.0161533,-0.8881104,0.0208,0.0462
H,T,54,-1.6822662,0.0122202,-0.7491925,0.143,0.1332
H,V,54,-1.6993027,0.0226,-0.7678526,0.0073,0.026
H,W,54,-1.9554367,0.0172,-1.0845165,0.0057,0.0226
H,Y,54,-1.8240814,0.0161335,-0.9137921,0.0693,0.0895
N,A,55,-1.8878937,0.0172,-0.9946006,0.0016,0.0133
N,C,55,-1.8670654,0.0172,-0.9677755,0.0019,0.0145
N,D,55,-1.7502937,0.0282776,-0.8255305,0.0126,0.0409
N,E,55,-1.8458748,0.0161181,-0.9409291,0.005,0.0246
N,F,55,-1.8553085,0.0172,-0.9528249,0.0817,0.1142
N,G,55,-1.9307442,0.0172,-1.0511325,0.0051,0.0248
N,H,55,-1.8915787,0.0161181,-0.9993913,0.0042,0.0225
N,I,55,-1.9770317,0.0172,-1.1141879,0.0053,0.0253
N,K,55,-1.977066,0.0108793,-1.1142353,0.018,0.0496
N,L,55,-1.7331314,0.0172,-0.8058127,0.0009,0.0096
N,M,55,-1.9530487,0.0172,-1.0812625,0.0077,0.0313
N,P,55,-2.0749435,0.0172,-1.25409,0.001,0.0099
N,Q,55,-1.8352661,0.02058,-0.927659,0.0071,0.0298
N,R,55,-1.8768692,0.0172,-0.9803482,0.0011,0.0108
N,S,55,-1.8060532,0.017982,-0.8917093,0.0336,0.07
N,T,55,-1.7321815,0.014714,-0.8047304,0.0295,0.0652
N,V,55,-1.8493767,0.0172,-0.9453345,0.0018,0.014
N,W,55,-2.061512,0.0172,-1.2343915,0.0042,0.0224
N,Y,55,-1.8971901,0.0172,-1.0067123,0.0017,0.0136
G,A,56,-2.081192,0.0188411,-1.2633073,0.0206,0.0425
G,C,56,-1.9060593,0.0172,-1.0183468,0.0037,0.0165
G,D,56,-1.8102493,0.0172,-0.8968194,0.0134,0.0335
G,E,56,-1.5703545,0.0195336,-0.634262,0.0412,0.0622
G,F,56,-1.8635445,0.0172,-0.9632837,0.0137,0.0339
G,H,56,-2.0168152,0.0172,-1.1699876,0.0489,0.0683
G,I,56,-2.003933,0.0172,-1.1517597,0.0307,0.0529
G,K,56,-1.8352547,0.0172,-0.9276448,0.0085,0.026
G,L,56,-2.0623894,0.0172,-1.2356735,0.0005,0.0052
G,M,56,-1.9593811,0.0172,-1.0899032,0.1543,0.1284
G,N,56,-2.0214462,0.0160821,-1.1765772,0.0134,0.0336
G,P,56,-1.9849815,0.0172,-1.1252211,0.0014,0.0097
G,Q,56,-1.7682533,0.0172,-0.8464939,0.0166,0.0378
G,R,56,-2.0435944,0.0123208,-1.2083601,0.0122,0.0318
G,S,56,-1.9400291,0.0105806,-1.063617,0.0338,0.0557
G,T,56,-1.8330688,0.013458,-0.9249247,0.0114,0.0306
G,V,56,-1.8068619,0.0172,-0.8926927,0.0028,0.0142
G,W,56,-1.9108162,0.0172,-1.0246186,0.0113,0.0305
G,Y,56,-1.953125,0.0160821,-1.0813664,0.0096,0.0278
K,A,57,-1.7729759,0.0277988,-0.8520621,0.1543,0.119
K,C,57,-1.7641411,0.0160513,-0.8416642,0.0054,0.0188
K,D,57,-2.0813103,0.0172,-1.2634821,0.0032,0.0141
K,E,57,-1.7200546,0.0167139,-0.7909961,0.0008,0.0064
K,F,57,-1.9569321,0.0150464,-1.086557,0.2247,0.1464
K,G,57,-1.7063255,0.0109379,-0.7756339,0.0064,0.0207
K,H,57,-1.613842,0.0196723,-0.6773447,0.0535,0.0665
K,I,57,-1.8761711,0.0172,-0.9794498,0.0014,0.009
K,L,57,-1.9982948,0.0211186,-1.1438296,0.0183,0.0369
K,M,57,-1.7470245,0.0147,-0.8217508,0.0589,0.0701
K,N,57,-1.754879,0.0240743,-0.8308507,0.0071,0.0219
K,P,57,-1.8687592,0.0172,-0.9699409,0.001,0.0073
K,Q,57,-1.7298317,0.0160513,-0.802057,0.071,0.0777
K,R,57,-1.3050156,0.0150879,-0.4138728,0.046,0.0612
K,S,57,-1.8471794,0.0172,-0.9425688,0.0006,0.0054
K,T,57,-1.8319321,0.0172,-0.9235122,0.0014,0.0089
K,V,57,-1.827961,0.0202274,-0.9185876,0.0397,0.0564
K,W,57,-1.7195969,0.0147,-0.7904807,0.0385,0.0555
K,Y,57,-1.8936081,0.0136086,-1.0020354,0.027,0.0456
L,A,58,-2.0309486,0.0172,-1.1901593,0.001,0.0108
L,C,58,-1.784874,0.0172,-0.8661932,0.0043,0.0243
L,D,58,-1.8970871,0.0172,-1.0065777,0.0014,0.0132
L,E,58,-2.1046333,0.0172,-1.298184,0.0101,0.0387
L,F,58,-1.8319397,0.0172,-0.9235216,0.0048,0.0257
L,G,58,-1.6951561,0.0172,-0.7632826,0.0011,0.0114
L,H,58,-1.7308617,0.0172,-0.8032281,0.0059,0.0287
L,I,58,-1.6746254,0.0105858,-0.7409232,0.0462,0.0892
L,K,58,-1.8742905,0.0172,-0.9770319,0.0036,0.022
L,M,58,-1.8661308,0.0172,-0.966582,0.0103,0.039
L,N,58,-1.844677,0.0151153,-0.9394251,0.0073,0.0323
L,P,58,-1.8637695,0.0274019,-0.9635703,0.0063,0.0297
L,Q,58,-1.7473068,0.0160904,-0.8220767,0.0052,0.0267
L,R,58,-1.6744881,0.0160904,-0.7407752,0.0062,0.0297
L,S,58,-1.9443398,0.0151153,-1.0694414,0.0028,0.019
L,T,58,-1.7774391,0.0160904,-0.8573457,0.0019,0.0154
L,V,58,-1.7003365,0.01764,-0.7689948,0.0034,0.0212
L,W,58,-1.8013992,0.0172,-0.8860627,0.0131,0.0445
L,Y,58,-1.9379311,0.0172,-1.0607888,0.008,0.0339
C,A,59,-1.965435,0.0150535,-1.0981994,0.0013,0.0131
C,D,59,-1.8048706,0.0172,-0.8902723,0.0046,0.0265
C,E,59,-1.9085426,0.0172,-1.0216182,0.0086,0.0373
C,F,59,-1.9890175,0.0121974,-1.130845,0.008,0.0358
C,G,59,-1.855259,0.02408,-0.9527623,0.0045,0.026
C,H,59,-2.0014877,0.0172,-1.1483168,0.0017,0.015
C,I,59,-1.8687172,0.0172,-0.9698871,0.0036,0.0229
C,K,59,-1.9106407,0.0172,-1.0243868,0.0013,0.0132
C,L,59,-2.0247993,0.0172,-1.1813606,0.0027,0.0198
C,M,59,-1.9630241,0.0160553,-1.0948914,0.0122,0.0451
C,N,59,-1.8735085,0.0172,-0.9760276,0.0048,0.0271
C,P,59,-1.9001007,0.0172,-1.0105219,0.0011,0.0121
C,Q,59,-1.8705559,0.0172,-0.9722409,0.0306,0.0748
C,R,59,-1.9060707,0.0331177,-1.0183618,0.0019,0.0164
C,S,59,-2.0018158,0.0160553,-1.1487784,0.0018,0.016
C,T,59,-2.232212,0.0172,-1.4958467,0.0009,0.0108
C,V,59,-1.859314,0.0160553,-0.9579029,0.0031,0.0212
C,W,59,-2.0564575,0.0160553,-1.2270195,0.0055,0.0292
C,Y,59,-2.013176,0.0214135,-1.1648229,0.0229,0.0638
K,A,60,-0.9447288,0.0204157,-0.2183625,0.0375,0.0534
K,C,60,-1.1253395,0.0160355,-0.3030994,0.0014,0.0086
K,D,60,-0.7996063,0.0172,-0.1663356,0.0078,0.0225
K,E,60,-1.0320892,0.0161761,-0.2563176,0.005,0.0177
K,F,60,-1.0706902,0.0090924,-0.274861,0.0538,0.0652
K,G,60,-0.9790535,0.0172,-0.2326351,0.0007,0.0058
K,H,60,-1.0989914,0.0351253,-0.2891874,0.0605,0.0695
K,I,60,-1.0493126,0.0172,-0.2644519,0.0006,0.0055
K,L,60,-0.8495789,0.0105307,-0.182817,0.0363,0.0525
K,M,60,-1.0465736,0.0201893,-0.2631434,0.0151,0.0324
K,N,60,-0.6734581,0.016298,-0.1306337,0.1175,0.1001
K,P,60,-1.3123207,0.0172,-0.4189991,0.0001,0.0024
K,Q,60,-0.6426735,0.0114742,-0.1230793,0.0197,0.0375
K,R,60,-0.0603828,0.0185705,-0.0387021,0.205,0.136
K,S,60,-0.6764412,0.0215418,-0.1313884,0.0761,0.0789
K,T,60,-0.9288673,0.0138552,-0.2120355,0.0336,0.0503
K,V,60,-0.9523315,0.0172,-0.2214546,0.0002,0.0026
K,W,60,-1.1917915,0.0249,-0.3407469,0.0066,0.0206
K,Y,60,-1.1958656,0.0138212,-0.3431779,0.1598,0.1186
L,A,61,-1.5516319,0.0172,-0.6163299,0.0004,0.0063
L,C,61,-1.8635216,0.0172,-0.9632545,0.0009,0.0095
L,D,61,-1.6510391,0.0172,-0.715787,0.0011,0.0108
L,E,61,-1.7463303,0.0172,-0.8209496,0.0044,0.0234
L,F,61,-1.4956245,0.0191051,-0.5648885,0.0045,0.0237
L,G,61,-1.7989426,0.0172,-0.8830911,0.0015,0.0129
L,H,61,-1.6510162,0.0172,-0.7157629,0.0006,0.0078
L,I,61,-1.4631271,0.0298801,-0.5365407,0.2586,0.2199
L,K,61,-1.8245621,0.0172,-0.9143854,0.001,0.0103
L,M,61,-1.5719643,0.0172117,-0.6358211,0.0198,0.0535
L,N,61,-1.6104164,0.0172,-0.6738782,0.0024,0.0167
L,P,61,-1.732235,0.0172,-0.8047913,0.0015,0.013
L,Q,61,-1.5233994,0.0172,-0.5899879,0.0007,0.0084
L,R,61,-1.3902893,0.0172,-0.4769364,0.0006,0.0075
L,S,61,-1.5096169,0.0218074,-0.5774323,0.0015,0.0132
L,T,61,-1.7090645,0.0172,-0.7786829,0.0018,0.0144
L,V,61,-1.4891739,0.0182454,-0.5591744,0.1273,0.149
L,W,61,-1.7686081,0.0172,-0.8469114,0.0017,0.0137
L,Y,61,-1.7372475,0.0172,-0.8105136,0.0193,0.0528
K,A,62,-0.992733,0.0125376,-0.2385506,0.0269,0.0456
K,C,62,-1.3292694,0.0160625,-0.4310896,0.0007,0.0062
K,D,62,-0.817482,0.0160839,-0.172068,0.0759,0.0805
K,E,62,-0.774231,0.0158899,-0.1584994,0.0385,0.0555
K,F,62,-1.1541176,0.0131725,-0.3189452,0.0277,0.0462
K,G,62,-0.9769211,0.0152428,-0.2317248,0.0236,0.0424
K,H,62,-1.2557106,0.01524,-0.3805878,0.2897,0.1683
K,I,62,-0.9979858,0.0167153,-0.2408572,0.0003,0.0038
K,L,62,-1.1508598,0.0150661,-0.3171168,0.0025,0.0123
K,M,62,-1.1983948,0.0160625,-0.3446944,0.0095,0.0257
K,N,62,-0.2220383,0.0443048,-0.0535946,0.1857,0.1317
K,P,62,-1.1043816,0.0172,-0.2919879,0.0002,0.0028
K,Q,62,-1.2585602,0.0154628,-0.38245,0.0561,0.0682
K,R,62,-0.5013962,0.0239841,-0.0933974,0.025,0.0437
K,S,62,-0.8835297,0.0083404,-0.1948498,0.008,0.0234
K,T,62,-0.6569405,0.0134033,-0.1265279,0.0013,0.0088
K,V,62,-1.059452,0.0150661,-0.2693453,0.0003,0.0042
K,W,62,-1.2734947,0.0172,-0.3923319,0.0235,0.0423
K,Y,62,-1.1274185,0.0178125,-0.3042212,0.0772,0.0813
G,A,63,-1.9244499,0.0172,-1.0427164,0.0017,0.0127
G,C,63,-1.9619827,0.0172,-1.0934642,0.0031,0.0177
G,D,63,-1.7049065,0.0172,-0.7740575,0.0183,0.0472
G,E,63,-1.7986565,0.0210143,-0.8827454,0.0107,0.0351
G,F,63,-2.0389328,0.0172,-1.2016341,0.0065,0.0267
G,H,63,-2.0352669,0.01502,-1.1963585,0.0966,0.1178
G,I,63,-1.96632,0.0172,-1.0994151,0.0018,0.0131
G,K,63,-1.5767288,0.0172,-0.6404517,0.0079,0.0297
G,L,63,-1.8244553,0.0172,-0.9142536,0.0008,0.0085
G,M,63,-2.0539246,0.0172,-1.2233337,0.0065,0.0267
G,N,63,-1.9234009,0.0133289,-1.0413175,0.0391,0.0717
G,P,63,-1.95298,0.0172,-1.081169,0.0012,0.0106
G,Q,63,-2.0515022,0.0172,-1.2198139,0.0092,0.0323
G,R,63,-1.7763824,0.0124698,-0.8560929,0.0086,0.0311
G,S,63,-2.0197601,0.021028,-1.1741758,0.0411,0.0736
G,T,63,-1.935009,0.0172,-1.0568567,0.0045,0.0217
G,V,63,-2.171566,0.0256894,-1.4002819,0.0059,0.0253
G,W,63,-2.1111488,0.0172,-1.3079607,0.0052,0.0237
G,Y,63,-2.0104523,0.0172,-1.1609653,0.0029,0.0172
I,A,64,-1.4629402,0.0150314,-0.5363808,0.0123,0.0285
I,C,64,-1.4081955,0.0172,-0.4910909,0.0037,0.0148
I,D,64,-1.5282822,0.0172,-0.5944839,0.0091,0.0242
I,E,64,-1.3986626,0.0133484,-0.4835153,0.0231,0.0404
I,F,64,-1.6193352,0.0160427,-0.6829294,0.0068,0.0205
I,G,64,-1.2992287,0.0249,-0.4098479,0.0095,0.0247
I,H,64,-1.4716148,0.0310043,-0.5438391,0.0893,0.0849
I,K,64,-1.1106491,0.0162305,-0.2952735,0.0948,0.0878
I,L,64,-1.3675385,0.0177331,-0.4594141,0.0142,0.0309
I,M,64,-0.8955727,0.0158035,-0.1992876,0.0316,0.0479
I,N,64,-1.41185,0.01414,-0.4940194,0.0561,0.0658
I,P,64,-1.4983826,0.0172,-0.5673449,0.0003,0.0039
I,Q,64,-1.5007477,0.0172,-0.5694576,0.0539,0.0644
I,R,64,-1.4080315,0.0133277,-0.4909598,0.1864,0.1273
I,S,64,-1.3061142,0.0184477,-0.4146405,0.0064,0.0199
I,T,64,-1.0374489,0.0207596,-0.2588251,0.0155,0.0325
I,V,64,-0.5705452,0.0226303,-0.1069582,0.1503,0.113
I,W,64,-1.5893745,0.0160427,-0.6528584,0.0036,0.0146
I,Y,64,-1.3635712,0.0172,-0.4564111,0.0022,0.011
A,C,65,-1.455761,0.0172,-0.5302669,0.0009,0.0065
A,D,65,-1.420414,0.0152886,-0.5009348,0.0235,0.0388
A,E,65,-1.0296669,0.0386425,-0.2551914,0.3233,0.164
A,F,65,-1.570549,0.0172,-0.6344502,0.0064,0.019
A,G,65,-1.3314819,0.0208222,-0.4326883,0.0296,0.044
A,H,65,-1.545681,0.0147,-0.6107077,0.0457,0.0559
A,I,65,-1.2886238,0.0172,-0.4025542,0.0017,0.0092
A,K,65,-1.4119377,0.0225595,-0.4940898,0.0994,0.0857
A,L,65,-1.5225449,0.016038,-0.5892037,0.03,0.0443
A,M,65,-1.4169884,0.01524,-0.4981597,0.0567,0.063
A,N,65,-1.4913673,0.016038,-0.5611125,0.0561,0.0626
A,P,65,-1.0765495,0.0154215,-0.2777754,0.045,0.0554
A,Q,65,-1.4719391,0.0229852,-0.5441194,0.0485,0.0578
A,R,65,-1.4492455,0.0108886,-0.5247641,0.0296,0.044
A,S,65,-0.9546623,0.0147,-0.2224104,0.0185,0.034
A,T,65,-0.9250107,0.0140461,-0.2105222,0.0274,0.0422
A,V,65,-1.1002312,0.0188607,-0.2898295,0.005,0.0165
A,W,65,-1.450016,0.016038,-0.5254125,0.0049,0.0164
A,Y,65,-1.3873634,0.0176764,-0.474654,0.036,0.0491
P,A,66,-2.1268654,0.0169575,-1.3316896,0.0642,0.1161
P,C,66,-1.7464142,0.0172,-0.8210464,0.0034,0.023
P,D,66,-1.9523735,0.0172,-1.0803435,0.0033,0.0229
P,E,66,-1.7382393,0.0172,-0.8116489,0.0028,0.0209
P,F,66,-1.8728447,0.0172,-0.9751755,0.003,0.0215
P,G,66,-1.5699005,0.0172,-0.6338228,0.0059,0.0312
P,H,66,-1.9860611,0.0172,-1.1267239,0.0064,0.0328
P,I,66,-2.0435448,0.0172,-1.2082884,0.0026,0.02
P,K,66,-1.8629684,0.0172,-0.9625499,0.0033,0.0225
P,L,66,-1.830616,0.0192398,-0.9218783,0.002,0.0172
P,M,66,-1.9871483,0.0172,-1.1282385,0.0085,0.0381
P,N,66,-2.065876,0.0172,-1.2407745,0.0018,0.0165
P,Q,66,-1.8438454,0.0172,-0.9383818,0.0014,0.0142
P,R,66,-1.9640121,0.0172,-1.0962464,0.0009,0.0111
P,S,66,-1.8907852,0.0170904,-0.9983586,0.0026,0.0199
P,T,66,-1.8361092,0.0172,-0.9287094,0.0018,0.016
P,V,66,-1.5632591,0.0172,-0.6274226,0.0015,0.0146
P,W,66,-1.7789307,0.0172,-0.8591161,0.0058,0.031
P,Y,66,-1.8827057,0.0172,-0.9878786,0.0031,0.0221
L,A,67,-1.8916321,0.0172,-0.9994609,0.0009,0.0099
L,C,67,-1.9138832,0.0172,-1.0286741,0.0043,0.023
L,D,67,-1.9122581,0.0172,-1.0265241,0.0019,0.0147
L,E,67,-1.641552,0.0172,-0.7058428,0.0022,0.0158
L,F,67,-1.836689,0.019242,-0.9294322,0.014,0.044
L,G,67,-1.6223946,0.0172,-0.6860536,0.0007,0.0084
L,H,67,-1.5582962,0.0172,-0.6226704,0.0094,0.0355
L,I,67,-1.4405098,0.0070555,-0.5174544,0.0399,0.0784
L,K,67,-1.9765015,0.0172,-1.1134541,0.0047,0.0242
L,M,67,-1.4523468,0.0172,-0.5273779,0.014,0.0441
L,N,67,-1.7598648,0.0172,-0.8366605,0.0058,0.0273
L,P,67,-1.4040604,0.013582,-0.4877936,0.0048,0.0244
L,Q,67,-1.7790756,0.0170641,-0.8592882,0.004,0.0221
L,R,67,-1.5736046,0.0159925,-0.6374126,0.0064,0.0288
L,S,67,-1.6882782,0.0172,-0.7557424,0.0022,0.016
L,T,67,-1.5532494,0.0172,-0.6178645,0.0059,0.0274
L,V,67,-1.7740211,0.016035,-0.8532976,0.0343,0.0722
L,W,67,-1.5016937,0.0172,-0.5703043,0.0121,0.0407
L,Y,67,-1.8391151,0.0172,-0.9324604,0.006,0.0278
Q,A,68,-1.4981728,0.0206071,-0.5671578,0.0352,0.047
Q,C,68,-1.5893631,0.0249,-0.6528472,0.0024,0.0107
Q,D,68,-1.2639275,0.0135979,-0.3859777,0.2072,0.1245
Q,E,68,-1.2329826,0.0154555,-0.3660012,0.124,0.0939
Q,F,68,-1.343998,0.0179009,-0.4418216,0.0192,0.0337
Q,G,68,-1.3266792,0.0245593,-0.429224,0.0095,0.0229
Q,H,68,-1.4687767,0.0257591,-0.5413904,0.0112,0.025
Q,I,68,-1.678791,0.0228868,-0.7454238,0.0866,0.0771
Q,K,68,-1.4151611,0.011324,-0.4966843,0.0064,0.0185
Q,L,68,-1.3387566,0.0222865,-0.4379783,0.0709,0.0691
Q,M,68,-1.7544937,0.0200253,-0.8304028,0.128,0.0955
Q,N,68,-1.2005539,0.0150312,-0.3459935,0.0037,0.0135
Q,P,68,-1.4729424,0.0135979,-0.5449874,0.0111,0.0249
Q,R,68,-1.4113235,0.0145877,-0.4935966,0.0477,0.0556
Q,S,68,-1.5738487,0.009386,-0.6376497,0.0187,0.0332
Q,T,68,-1.4162102,0.0239695,-0.4975309,0.0322,0.0448
Q,V,68,-1.4426079,0.0230012,-0.5192029,0.0718,0.0695
Q,W,68,-1.6873741,0.0150312,-0.754755,0.0144,0.0288
Q,Y,68,-1.4788399,0.0172617,-0.5501105,0.0317,0.0443
L,A,69,-1.9849358,0.0172,-1.1251575,0.0006,0.0089
L,C,69,-1.6842575,0.0172,-0.7513577,0.0015,0.0149
L,D,69,-1.8527145,0.0172,-0.949545,0.0043,0.0267
L,E,69,-2.017807,0.0172,-1.1713972,0.0087,0.0393
L,F,69,-1.7632217,0.0172,-0.8405868,0.0113,0.0452
L,G,69,-1.8955307,0.0172,-1.0045441,0.0087,0.0391
L,H,69,-2.0763664,0.0172,-1.256186,0.0013,0.0136
L,I,69,-1.4519577,0.0172,-0.5270494,0.0123,0.0474
L,K,69,-1.7844772,0.0172,-0.8657196,0.0009,0.0113
L,M,69,-1.7216339,0.0172,-0.7927759,0.0067,0.034
L,N,69,-1.8114738,0.0172,-0.898314,0.0037,0.0246
L,P,69,-2.0040894,0.02058,-1.1519801,0.0007,0.0098
L,Q,69,-1.8977356,0.0172,-1.0074257,0.0009,0.0111
L,R,69,-1.8772354,0.0160427,-0.9808197,0.013,0.0489
L,S,69,-1.8035393,0.0431617,-0.8886564,0.0099,0.0421
L,T,69,-1.8901901,0.0172,-0.9975845,0.0017,0.0158
L,V,69,-1.6573296,0.0150312,-0.7224332,0.0034,0.0232
L,W,69,-1.9926109,0.02628,-1.1358649,0.0045,0.0273
L,Y,69,-1.7930832,0.0172,-0.8760285,0.0013,0.0135
G,A,70,-2.0447273,0.0118841,-1.2099976,0.0186,0.035
G,C,70,-1.9148941,0.0172,-1.0300128,0.0025,0.0117
G,D,70,-2.12574,0.0300195,-1.3299837,0.0591,0.0661
G,E,70,-1.8144455,0.0115548,-0.9019476,0.0776,0.0768
G,F,70,-2.0131645,0.0150097,-1.1648066,0.019,0.0354
G,H,70,-2.0505524,0.013815,-1.2184353,0.1015,0.089
G,I,70,-2.0287437,0.0249,-1.1870005,0.0012,0.0078
G,K,70,-1.7217941,0.0199101,-0.7929566,0.0729,0.0742
G,L,70,-1.7869987,0.0248174,-0.8687321,0.0505,0.0606
G,M,70,-2.2587166,0.0172,-1.5384754,0.0337,0.0485
G,N,70,-2.0227432,0.0217214,-1.1784263,0.0358,0.0502
G,P,70,-2.086876,0.0172,-1.2717211,0.0036,0.0141
G,Q,70,-2.076641,0.0159093,-1.2565906,0.1063,0.0913
G,R,70,-1.758194,0.0108252,-0.8347107,0.0748,0.0753
G,S,70,-1.9239922,0.01864,-1.0421059,0.0193,0.0357
G,T,70,-1.9788017,0.0159771,-1.1166393,0.009,0.0234
G,V,70,-2.115181,0.0225587,-1.3140289,0.0018,0.0097
G,W,70,-2.1203232,0.0172,-1.3217873,0.0018,0.0096
G,Y,70,-2.1389885,0.0172,-1.3501325,0.0088,0.0232
K,A,71,-1.72509,0.01778,-0.7966801,0.057,0.0659
K,C,71,-1.3948708,0.0172,-0.4805274,0.0017,0.0097
K,D,71,-1.2496986,0.0172,-0.3766836,0.0035,0.0143
K,E,71,-1.2529755,0.0279458,-0.3788075,0.032,0.048
K,F,71,-1.6818581,0.0208479,-0.7487493,0.0083,0.0228
K,G,71,-1.5035248,0.0145351,-0.5719458,0.1005,0.09
K,H,71,-1.6260643,0.0160323,-0.6898142,0.0053,0.0179
K,I,71,-1.5482254,0.0184848,-0.613107,0.023,0.04
K,L,71,-1.4798698,0.0108676,-0.5510088,0.0127,0.0289
K,M,71,-1.4116516,0.0172,-0.49386,0.0273,0.044
K,N,71,-1.0632362,0.016136,-0.2711917,0.0138,0.0302
K,P,71,-1.6673775,0.0172966,-0.7331363,0.1876,0.1269
K,Q,71,-1.4907761,0.0134898,-0.5605896,0.0221,0.0391
K,R,71,-0.779541,0.0121948,-0.1601105,0.0263,0.0431
K,S,71,-1.4898415,0.0189937,-0.5597638,0.0242,0.0412
K,T,71,-1.661541,0.0159113,-0.7269062,0.3567,0.1807
K,V,71,-1.666748,0.0141157,-0.7324626,0.0064,0.0199
K,W,71,-1.7684784,0.015013,-0.8467587,0.0185,0.0355
K,Y,71,-1.4727135,0.0375,-0.5447893,0.025,0.0419
C,A,72,-2.1708984,0.0160298,-1.3992457,0.0018,0.0179
C,D,72,-1.9463081,0.0172,-1.0721068,0.0012,0.0145
C,E,72,-1.8797913,0.0172,-0.9841141,0.0016,0.0168
C,F,72,-1.9076653,0.0136405,-1.0204618,0.0063,0.0358
C,G,72,-1.9483299,0.0195129,-1.0748484,0.0008,0.0117
C,H,72,-2.0680237,0.0172,-1.2439219,0.0013,0.0151
C,I,72,-1.846592,0.0172,-0.9418303,0.0019,0.0184
C,K,72,-1.792984,0.0172,-0.8759093,0.0027,0.0223
C,L,72,-2.0269852,0.0172,-1.1844844,0.0014,0.0158
C,M,72,-1.945961,0.0172,-1.0716365,0.0431,0.1027
C,N,72,-2.0050697,0.0172,-1.153362,0.0015,0.016
C,P,72,-1.9222412,0.0160298,-1.0397722,0.0005,0.009
C,Q,72,-2.0086899,0.0172,-1.1584729,0.0021,0.0195
C,R,72,-2.0228462,0.0247843,-1.1785732,0.0043,0.0287
C,S,72,-1.8897934,0.0150087,-0.9970686,0.0011,0.0135
C,T,72,-2.0118408,0.0172,-1.162931,0.0006,0.0096
C,V,72,-1.9361839,0.0172,-1.0584367,0.0044,0.0292
C,W,72,-2.1365623,0.0121955,-1.3464318,0.0026,0.0219
C,Y,72,-2.0324974,0.0146694,-1.1923808,0.0048,0.0306
N,A,73,-1.3971558,0.0150073,-0.4823262,0.026,0.0481
N,C,73,-1.5282059,0.016029,-0.5944134,0.009,0.0268
N,D,73,-1.0184784,0.0294979,-0.2500456,0.0561,0.0734
N,E,73,-1.3632088,0.0147,-0.4561375,0.0236,0.0456
N,F,73,-1.1403542,0.0172,-0.3112809,0.001,0.0079
N,G,73,-1.4038239,0.0133294,-0.4876055,0.0707,0.0834
N,H,73,-1.4241409,0.0147,-0.5039674,0.0086,0.0261
N,I,73,-1.3871956,0.0192348,-0.4745234,0.0005,0.0054
N,K,73,-1.2772255,0.0131942,-0.3948329,0.0117,0.031
N,L,73,-1.3822479,0.0150073,-0.4706842,0.0006,0.006
N,M,73,-1.4992561,0.0172,-0.5681245,0.0198,0.0414
N,P,73,-1.355259,0.0172,-0.4501694,0.0006,0.0058
N,Q,73,-1.3339844,0.0191406,-0.4345023,0.0467,0.0663
N,R,73,-1.4515266,0.0133104,-0.5266857,0.0072,0.0238
N,S,73,-0.6552124,0.0197048,-0.1261054,0.2448,0.165
N,T,73,-1.1392632,0.017309,-0.3106802,0.1573,0.1294
N,V,73,-1.2279396,0.0172,-0.3628281,0.0004,0.0048
N,W,73,-1.317234,0.0172,-0.4224757,0.0021,0.012
N,Y,73,-1.3593979,0.016029,-0.4532688,0.0013,0.0092
I,A,74,-1.2819786,0.0172,-0.3980379,0.0004,0.0062
I,C,74,-1.5256729,0.0172,-0.5920782,0.0051,0.0236
I,D,74,-1.6232414,0.0172,-0.6869201,0.0004,0.0055
I,E,74,-1.5664978,0.0172,-0.6305379,0.0006,0.0071
I,F,74,-1.4388809,0.0225544,-0.5161001,0.0628,0.0936
I,G,74,-1.5910187,0.0172,-0.654484,0.0005,0.0064
I,H,74,-1.5882645,0.0172,-0.6517626,0.0009,0.0092
I,K,74,-1.4883041,0.0172,-0.5584072,0.0006,0.0075
I,L,74,-1.7037926,0.0112109,-0.7728215,0.2551,0.2023
I,M,74,-1.3783646,0.0209062,-0.467688,0.0427,0.0757
I,N,74,-1.4653397,0.0141465,-0.5384361,0.0009,0.0091
I,P,74,-1.5953407,0.0172,-0.6587707,0.0235,0.0545
I,Q,74,-1.7365036,0.0172,-0.8096627,0.002,0.0139
I,R,74,-1.6219254,0.0172,-0.6855738,0.0005,0.0064
I,S,74,-1.9426041,0.0172,-1.0670941,0.0002,0.0037
I,T,74,-1.5870361,0.0116744,-0.6505515,0.0037,0.0198
I,V,74,-0.3422318,0.0227149,-0.0681513,0.205,0.1793
I,W,74,-1.5471878,0.0172,-0.6121278,0.0021,0.0143
I,Y,74,-1.4776268,0.0172,-0.5490537,0.0004,0.0055
T,A,75,1.4219284,0.0213613,-0.0018596,0.0277,0.0461
T,C,75,-0.3665924,0.0172,-0.0715366,0.0284,0.0468
T,D,75,-0.3405533,0.02752,-0.0679239,0.0003,0.0038
T,E,75,-0.1767082,0.0210353,-0.0489308,0.004,0.016
T,F,75,-0.235363,0.0150252,-0.055046,0.0038,0.0154
T,G,75,-0.3814545,0.0133306,-0.0736809,0.0109,0.0277
T,H,75,-0.3860016,0.0160064,-0.0743493,0.0124,0.0297
T,I,75,-0.1609192,0.0198658,-0.0474012,0.2074,0.1396
T,K,75,-0.464489,0.0172,-0.086847,0.0092,0.0251
T,L,75,-0.1388817,0.0101335,-0.0453441,0.1134,0.1002
T,M,75,-0.1875954,0.0160392,-0.0500134,0.0305,0.0487
T,N,75,-0.172905,0.0098966,-0.048558,0.0157,0.0338
T,P,75,-0.3207207,0.0114165,-0.0652912,0.0453,0.0605
T,Q,75,-0.5119858,0.0178873,-0.0953623,0.0096,0.0258
T,R,75,-0.340889,0.0172,-0.0679693,0.0058,0.0196
T,S,75,-0.547226,0.0254962,-0.1021886,0.0184,0.0369
T,V,75,-0.244606,0.0142228,-0.0560752,0.1855,0.1313
T,W,75,-0.1366005,0.0160392,-0.0451362,0.0024,0.012
T,Y,75,-0.2659569,0.020437,-0.0585245,0.0074,0.0223
G,A,76,-1.9817162,0.014899,-1.1206821,0.0477,0.1052
G,C,76,-1.8419342,0.0172,-0.9359866,0.002,0.0182
G,D,76,-1.9104462,0.0172,-1.02413,0.0023,0.0199
G,E,76,-1.8974457,0.0147607,-1.0070465,0.0082,0.04
G,F,76,-1.9959259,0.0172,-1.1405065,0.0014,0.0153
G,H,76,-1.9443779,0.0172,-1.069493,0.0012,0.014
G,I,76,-2.1069756,0.0172,-1.3016946,0.0007,0.0101
G,K,76,-1.8731079,0.0172,-0.9755133,0.0046,0.0292
G,L,76,-1.953701,0.0172,-1.0821509,0.0012,0.0141
G,M,76,-1.8651505,0.0172,-0.965331,0.0055,0.0319
G,N,76,-1.9587708,0.0172,-1.0890688,0.0016,0.0163
G,P,76,-1.9297523,0.0172,-1.0498037,0.0005,0.0085
G,Q,76,-2.0296364,0.0172,-1.1882789,0.0019,0.0181
G,R,76,-1.8756828,0.0187335,-0.9788216,0.003,0.0229
G,S,76,-2.12986,0.0150143,-1.3362341,0.0017,0.017
G,T,76,-1.9455986,0.0172,-1.0711456,0.0008,0.0111
G,V,76,-2.1694183,0.0135901,-1.3969497,0.0078,0.0389
G,W,76,-1.7084961,0.0172,-0.7780495,0.0036,0.0253
G,Y,76,-2.0309753,0.0172,-1.1901976,0.0012,0.0139
W,A,77,-2.2228775,0.0172,-1.4809561,0.0008,0.0113
W,C,77,-2.1275063,0.0187842,-1.3326616,0.0087,0.0419
W,D,77,-2.0404205,0.0172,-1.2037786,0.0019,0.0184
W,E,77,-2.0065308,0.0172,-1.1554233,0.0031,0.0237
W,F,77,-2.0415115,0.0172,-1.2053524,0.0024,0.0206
W,G,77,-1.9330254,0.0133128,-1.0541921,0.0072,0.0377
W,H,77,-2.126152,0.0172,-1.3306081,0.0021,0.0192
W,I,77,-2.288231,0.0172,-1.5865359,0.0036,0.0256
W,K,77,-2.0328827,0.0172,-1.1929338,0.0041,0.0277
W,L,77,-1.8781395,0.0172,-0.9819843,0.0075,0.0387
W,M,77,-2.1018562,0.0172,-1.2940278,0.0028,0.0226
W,N,77,-1.8380508,0.0172,-0.9311313,0.0041,0.0275
W,P,77,-2.1665192,0.0172,-1.3924574,0.0004,0.008
W,Q,77,-2.1524582,0.0172,-1.3707643,0.0033,0.0246
W,R,77,-1.6022606,0.0159077,-0.6656753,0.0014,0.0156
W,S,77,-2.0014954,0.0160298,-1.1483276,0.001,0.0129
W,T,77,-2.0506248,0.0172,-1.2185403,0.0011,0.0136
W,V,77,-2.152588,0.0172,-1.3709638,0.0073,0.0379
W,Y,77,-2.1163445,0.0172,-1.3157824,0.0033,0.0248
L,A,78,-1.3894615,0.0172,-0.4762898,0.0019,0.0149
L,C,78,-1.1557999,0.0172,-0.319893,0.0013,0.0121
L,D,78,-1.5468445,0.015017,-0.611804,0.0055,0.0267
L,E,78,-1.3277245,0.0172,-0.4299761,0.0019,0.0147
L,F,78,-1.4000244,0.0172,-0.4845919,0.009,0.0351
L,G,78,-1.5459671,0.0172,-0.6109772,0.0027,0.018
L,H,78,-1.3951492,0.015017,-0.4807462,0.004,0.0225
L,I,78,-0.3334084,0.0110408,-0.0669638,0.006,0.028
L,K,78,-1.5817413,0.0172,-0.6453492,0.0015,0.013
L,M,78,-1.1584511,0.0172,-0.3213913,0.0294,0.0674
L,N,78,-1.5335083,0.0172,-0.5993236,0.0026,0.0179
L,P,78,-1.6396103,0.0136798,-0.7038194,0.0152,0.047
L,Q,78,-1.4522171,0.0172,-0.5272684,0.0013,0.0119
L,R,78,-1.1644478,0.0157346,-0.3248025,0.0026,0.0176
L,S,78,-1.5339165,0.0172,-0.5997028,0.0689,0.1077
L,T,78,-1.4509315,0.0172,-0.5261838,0.0009,0.0101
L,V,78,-1.125248,0.0151186,-0.3030501,0.0531,0.0933
L,W,78,-1.2341423,0.0172,-0.3667341,0.0029,0.0187
L,Y,78,-1.4452782,0.0172,-0.5214347,0.0013,0.0122
L,A,79,-2.139717,0.0160334,-1.3512445,0.0048,0.0254
L,C,79,-2.0042343,0.015015,-1.1521843,0.0015,0.0134
L,D,79,-1.7825508,0.0249,-0.8634225,0.0009,0.0101
L,E,79,-1.7634544,0.0172,-0.8408594,0.0016,0.0138
L,F,79,-2.012249,0.0141183,-1.1635092,0.0035,0.0214
L,G,79,-1.862957,0.0172,-0.9625354,0.0003,0.0058
L,H,79,-2.0091248,0.0172,-1.1590877,0.0007,0.0089
L,I,79,-1.9602203,0.0133327,-1.0910512,0.0913,0.1285
L,K,79,-1.9257736,0.0172,-1.0444831,0.0008,0.0096
L,M,79,-1.9179611,0.0210236,-1.0340804,0.014,0.0459
L,N,79,-1.8048973,0.0172,-0.8903048,0.0063,0.0295
L,P,79,-2.1712646,0.0172,-1.3998141,0.0262,0.0646
L,Q,79,-2.0684814,0.0172,-1.2445931,0.0015,0.0133
L,R,79,-2.0316467,0.0172,-1.1911604,0.0108,0.0398
L,S,79,-1.8117409,0.0261235,-0.8986402,0.0016,0.0138
L,T,79,-2.0340614,0.0160334,-1.1946262,0.0075,0.0325
L,V,79,-1.9217072,0.0212297,-1.0390611,0.0066,0.0303
L,W,79,-2.0186005,0.0224468,-1.1725257,0.0087,0.0353
L,Y,79,-1.831871,0.020496,-0.9234363,0.0078,0.0333
G,A,80,-1.820507,0.0150104,-0.9093874,0.0184,0.07
G,C,80,-2.0263672,0.0172,-1.1836008,0.0011,0.0146
G,D,80,-2.1150742,0.0172,-1.313868,0.0006,0.0106
G,E,80,-2.1369057,0.0185394,-1.3469553,0.0028,0.0248
G,F,80,-1.9627228,0.0172,-1.0944784,0.0007,0.0111
G,H,80,-2.1111984,0.0172,-1.3080352,0.0008,0.0126
G,I,80,-1.8981857,0.0172,-1.0080145,0.0004,0.0086
G,K,80,-2.2220726,0.0172,-1.4796752,0.0021,0.0213
G,L,80,-2.0377197,0.0172,-1.199887,0.0003,0.0068
G,M,80,-1.9995575,0.0172,-1.145603,0.0027,0.0242
G,N,80,-1.9855194,0.0172,-1.1259697,0.0012,0.0157
G,P,80,-2.1345978,0.0172,-1.343439,0.001,0.0141
G,Q,80,-2.0815315,0.0172,-1.263809,0.0024,0.0228
G,R,80,-2.0271034,0.0185965,-1.1846535,0.0028,0.0249
G,S,80,-2.0843925,0.0172,-1.2680414,0.0006,0.0102
G,T,80,-2.0359993,0.0172,-1.1974115,0.0006,0.0111
G,V,80,-1.8458939,0.0165205,-0.9409531,0.0091,0.0475
G,W,80,-1.9793243,0.0172,-1.1173636,0.0026,0.0239
G,Y,80,-1.9606361,0.0172,-1.0916202,0.001,0.0142
N,A,81,-1.6240234,0.0172,-0.687721,0.0114,0.0414
N,C,81,-1.9003716,0.0172,-1.0108769,0.0017,0.0144
N,D,81,-1.6685295,0.0226723,-0.7343702,0.011,0.0408
N,E,81,-1.7855835,0.0172,-0.8670405,0.0024,0.0177
N,F,81,-1.892601,0.0172,-1.0007228,0.0007,0.0089
N,G,81,-1.8103371,0.0172,-0.8969265,0.001,0.0109
N,H,81,-1.7357826,0.0172516,-0.8088385,0.1529,0.173
N,I,81,-2.019802,0.0172,-1.1742354,0.0057,0.0282
N,K,81,-1.9068642,0.0145445,-1.0194065,0.0063,0.0301
N,L,81,-1.8320122,0.0147,-0.9236116,0.0012,0.012
N,M,81,-1.788948,0.0172,-0.8710655,0.0014,0.0132
N,P,81,-2.114891,0.0172,-1.313592,0.0001,0.003
N,Q,81,-1.975441,0.0172,-1.1119873,0.0024,0.0174
N,R,81,-1.7359009,0.0160346,-0.8089737,0.002,0.0159
N,S,81,-1.7149162,0.0172,-0.7852232,0.0453,0.0886
N,T,81,-1.8865585,0.015991,-0.992868,0.007,0.0317
N,V,81,-1.7807198,0.0160346,-0.8612427,0.0017,0.0145
N,W,81,-1.9545784,0.0172,-1.0833464,0.0016,0.0143
N,Y,81,-1.8919029,0.0172,-0.9998135,0.0011,0.0113
P,A,82,-2.0624962,0.019236,-1.2358296,0.0016,0.0163
P,C,82,-2.1569214,0.0172,-1.3776329,0.0029,0.0227
P,D,82,-2.0303612,0.01603,-1.1893174,0.0038,0.0261
P,E,82,-1.9804115,0.0172,-1.1188713,0.0049,0.0303
P,F,82,-2.1545753,0.0172,-1.3740204,0.0009,0.0118
P,G,82,-1.913105,0.0172,-1.0276442,0.001,0.0127
P,H,82,-1.9370918,0.0172,-1.0596586,0.0824,0.1422
P,I,82,-1.8287392,0.0172,-0.9195514,0.0009,0.0122
P,K,82,-1.7718239,0.0172,-0.8507017,0.0018,0.0175
P,L,82,-2.0589256,0.0136046,-1.2306164,0.0047,0.0295
P,M,82,-2.100174,0.0172,-1.2915134,0.0025,0.0207
P,N,82,-1.9594193,0.0172,-1.0899555,0.001,0.0123
P,Q,82,-2.007824,0.0172,-1.1572493,0.0013,0.0146
P,R,82,-1.8034325,0.01603,-0.8885269,0.0011,0.0131
P,S,82,-2.023487,0.020545,-1.1794874,0.0031,0.0236
P,T,82,-2.0820198,0.0090863,-1.2645309,0.0036,0.0255
P,V,82,-1.6249619,0.0172,-0.688683,0.0019,0.0177
P,W,82,-2.026474,0.0172,-1.1837535,0.0015,0.016
P,Y,82,-1.7579231,0.0172,-0.8343949,0.0011,0.013
E,A,83,-1.2911034,0.0153478,-0.4042501,0.1261,0.1029
E,C,83,-1.5286865,0.0206218,-0.5948572,0.009,0.0241
E,D,83,-1.3852158,0.0123613,-0.4729843,0.045,0.0584
E,F,83,-1.6424141,0.0173803,-0.7067425,0.0122,0.0285
E,G,83,-1.4864731,0.0149497,-0.5567949,0.0449,0.0583
E,H,83,-1.7114105,0.015942,-0.7813006,0.0063,0.0198
E,I,83,-1.5485878,0.0133318,-0.6134493,0.0078,0.0223
E,K,83,-0.9868736,0.0218602,-0.2360006,0.0099,0.0254
E,L,83,-1.3502274,0.03415,-0.4464242,0.0276,0.0446
E,M,83,-1.627121,0.028021,-0.6908997,0.0323,0.0487
E,N,83,-1.6025658,0.0113872,-0.665981,0.0981,0.0896
E,P,83,-1.5773048,0.0172,-0.6410131,0.0001,0.0021
E,Q,83,-1.6348724,0.016935,-0.6988987,0.0271,0.0442
E,R,83,-1.6095161,0.0172,-0.6729693,0.0007,0.006
E,S,83,-1.426506,0.0187392,-0.5058993,0.0196,0.0369
E,T,83,-1.5269089,0.0268,-0.5932168,0.0249,0.0421
E,V,83,-1.3836021,0.0150107,-0.4717326,0.0093,0.0246
E,W,83,-1.442173,0.0172,-0.5188401,0.0198,0.0371
E,Y,83,-1.6852379,0.0147,-0.7524253,0.1272,0.1034
C,A,84,-1.9871063,0.0172,-1.12818,0.001,0.0132
C,D,84,-2.1882286,0.0172,-1.4262574,0.0021,0.0195
C,E,84,-1.992939,0.0172,-1.1363239,0.002,0.019
C,F,84,-1.9958725,0.0201685,-1.1404316,0.0067,0.0372
C,G,84,-1.9508209,0.0160217,-1.0782317,0.0041,0.0285
C,H,84,-2.1369057,0.0172,-1.3469553,0.0011,0.0135
C,I,84,-1.9270821,0.0172,-1.0462312,0.0014,0.0154
C,K,84,-1.9392967,0.0172,-1.0626292,0.0019,0.0185
C,L,84,-2.019535,0.0172,-1.1738554,0.0002,0.0052
C,M,84,-2.149578,0.0172,-1.3663403,0.0039,0.0274
C,N,84,-1.9793091,0.0172,-1.1173425,0.0037,0.0269
C,P,84,-2.0781708,0.0172,-1.2588464,0.001,0.0132
C,Q,84,-2.0636253,0.0172,-1.2374804,0.0018,0.0178
C,R,84,-1.9724312,0.0215587,-1.10783,0.0061,0.0352
C,S,84,-1.9329033,0.0192415,-1.0540282,0.002,0.0192
C,T,84,-1.9674225,0.0172,-1.1009306,0.0015,0.0164
C,V,84,-2.0989723,0.01764,-1.2897186,0.0035,0.026
C,W,84,-2.1132126,0.0150171,-1.3110649,0.0148,0.0574
C,Y,84,-2.0436668,0.0099356,-1.2084647,0.004,0.0279
D,A,85,-0.9352226,0.02058,-0.2145506,0.0056,0.0277
D,C,85,-0.8947525,0.0172,-0.1989825,0.0053,0.0268
D,E,85,0.1458931,0.0090036,-0.0254713,0.1705,0.1809
D,F,85,-1.0435677,0.0172,-0.2617139,0.0015,0.0134
D,G,85,-0.9200401,0.0248986,-0.2085862,0.0057,0.028
D,H,85,-1.013134,0.0160306,-0.24762,0.0034,0.021
D,I,85,-1.1337891,0.0172,-0.3076807,0.001,0.0109
D,K,85,-0.8187408,0.0172,-0.1724785,0.0007,0.0085
D,L,85,-0.8911362,0.0150101,-0.1976423,0.0049,0.0256
D,M,85,-1.2313995,0.0172,-0.3650026,0.004,0.0231
D,N,85,-0.770607,0.0074489,-0.1574085,0.0083,0.0344
D,P,85,-1.0313606,0.0172,-0.2559784,0.0009,0.0102
D,Q,85,-1.0839157,0.0160306,-0.2814775,0.0106,0.0393
D,R,85,-1.0308533,0.0172,-0.2557424,0.0005,0.007
D,S,85,-0.7990761,0.0160306,-0.1661683,0.0025,0.0177
D,T,85,-0.9870491,0.0147,-0.2360767,0.0153,0.048
D,V,85,-0.9355736,0.0160306,-0.2146902,0.0024,0.0173
D,W,85,-1.1771812,0.0172,-0.3321474,0.002,0.0158
D,Y,85,-1.161377,0.0113417,-0.3230519,0.0098,0.0376
S,A,86,-0.9216118,0.010571,-0.2091966,0.0483,0.054
S,C,86,-0.9456215,0.0172,-0.2187235,0.0031,0.0119
S,D,86,-0.8343582,0.0117182,-0.1776455,0.1454,0.099
S,E,86,-0.9323463,0.0180951,-0.213409,0.0731,0.0679
S,F,86,-0.6569443,0.0251575,-0.1265288,0.0283,0.0403
S,G,86,-0.8637085,0.0174695,-0.1877402,0.0156,0.029
S,H,86,-0.9821854,0.0492923,-0.2339778,0.1023,0.0816
S,I,86,-0.6339989,0.0239035,-0.1210258,0.0719,0.0672
S,K,86,-1.1444283,0.0189755,-0.3135331,0.004,0.0137
S,L,86,-0.2401848,0.0175323,-0.0555806,0.1072,0.0838
S,M,86,-0.5900078,0.0210137,-0.1110997,0.0311,0.0424
S,N,86,-0.9464684,0.0160316,-0.2190665,0.0226,0.0356
S,P,86,-0.5392227,0.0114208,-0.1005987,0.0229,0.0359
S,Q,86,-0.9306755,0.0153256,-0.2127484,0.0405,0.049
S,R,86,-0.8050652,0.02058,-0.1680673,0.0114,0.0244
S,T,86,-0.8952942,0.0257559,-0.199184,0.0212,0.0344
S,V,86,-0.6657104,0.0169008,-0.1286926,0.039,0.048
S,W,86,-1.127533,0.0249,-0.3042831,0.0117,0.0248
S,Y,86,-1.0882187,0.0135944,-0.2836597,0.1448,0.0988
L,A,87,-1.3734131,0.0172,-0.4638894,0.0074,0.0322
L,C,87,-1.5877266,0.0172,-0.6512321,0.0036,0.0216
L,D,87,-1.2219734,0.015008,-0.3591036,0.0099,0.0378
L,E,87,-1.5779419,0.0172,-0.6416345,0.0018,0.0149
L,F,87,-1.07547,0.0172,-0.2772365,0.0018,0.0148
L,G,87,-1.3830833,0.0172,-0.4713308,0.0011,0.0111
L,H,87,-1.5572624,0.0172,-0.6216838,0.0038,0.0223
L,I,87,-1.3189735,0.0258453,-0.423712,0.1315,0.157
L,K,87,-1.5582352,0.0172,-0.6226122,0.0014,0.0128
L,M,87,-1.0046196,0.0077683,-0.2437985,0.0171,0.0511
L,N,87,-1.4745865,0.0172,-0.546412,0.001,0.011
L,P,87,-1.6037827,0.0176728,-0.6672008,0.0039,0.0228
L,Q,87,-1.3107986,0.0120368,-0.4179268,0.0065,0.0301
L,R,87,-1.5645943,0.0192353,-0.6287056,0.0058,0.0282
L,S,87,-1.5031357,0.0172,-0.5715967,0.0018,0.0146
L,T,87,-1.0022011,0.0172,-0.2427225,0.0059,0.0286
L,V,87,-1.0716896,0.0125994,-0.2753562,0.0064,0.0299
L,W,87,-1.7974663,0.0172,-0.8813083,0.0039,0.0226
L,Y,87,-1.5999069,0.0172,-0.6633211,0.0026,0.0182
L,A,88,-1.0582008,0.00882,-0.2687372,0.0245,0.0423
L,C,88,-1.5104866,0.0172,-0.5782187,0.001,0.0073
L,D,88,-0.7788353,0.0172,-0.1598955,0.0055,0.0186
L,E,88,-0.993351,0.0160285,-0.2388209,0.0803,0.0813
L,F,88,-0.2069359,0.0158812,-0.0519946,0.0184,0.0361
L,G,88,-1.090126,0.014907,-0.2846317,0.0072,0.0217
L,H,88,-1.1835938,0.015971,-0.335899,0.0141,0.0313
L,I,88,-0.756485,0.0083159,-0.1532232,0.1966,0.133
L,K,88,-1.0469589,0.0172,-0.2633271,0.0236,0.0414
L,M,88,-0.8229752,0.0169283,-0.1738656,0.1332,0.1074
L,N,88,-1.1347885,0.0133318,-0.3082265,0.0053,0.0183
L,P,88,-1.0610313,0.015857,-0.2701145,0.0016,0.0093
L,Q,88,-1.1631584,0.0191308,-0.3240665,0.0554,0.0663
L,R,88,-0.9413567,0.0158874,-0.2170034,0.0005,0.0049
L,S,88,-0.5291328,0.0166006,-0.0986278,0.013,0.0299
L,T,88,-0.6079254,0.0172,-0.1150462,0.0102,0.0261
L,V,88,-0.6198196,0.0147689,-0.1177386,0.0251,0.0429
L,W,88,-0.9504318,0.0133318,-0.2206783,0.1289,0.1055
L,Y,88,-1.4090157,0.0125968,-0.491747,0.0104,0.0265
P,A,89,-0.2264023,0.0114406,-0.0540658,0.0325,0.0435
P,C,89,-0.5922966,0.0172,-0.1115966,0.0001,0.0019
P,D,89,-0.4051819,0.2319885,-0.0772333,0.1211,0.0896
P,E,89,-0.1150169,0.2308179,-0.0432149,0.0604,0.0611
P,F,89,-0.5326843,0.048185,-0.0993173,0.1245,0.091
P,G,89,-0.4819794,0.024121,-0.0898946,0.0866,0.0745
P,H,89,-0.4668426,0.0159703,-0.0872513,0.0353,0.0455
P,I,89,-0.4482231,0.069281,-0.0841018,0.0754,0.069
P,K,89,-0.2614861,0.0133086,-0.0580032,0.0146,0.028
P,L,89,-0.5339966,0.0509739,-0.0995732,0.1428,0.0981
P,M,89,-0.38768,0.020283,-0.0745974,0.0385,0.0477
P,N,89,-0.4271355,0.0164218,-0.0806664,0.0358,0.0459
P,Q,89,-0.6535835,0.0141065,-0.1257084,0.0062,0.0175
P,R,89,-0.4701042,0.0143473,-0.0878145,0.0084,0.0207
P,S,89,0.622551,0.015445,-0.0096162,0.0261,0.0385
P,T,89,0.202816,0.0129815,-0.0226843,0.0351,0.0454
P,V,89,-0.1782646,0.0111698,-0.0490841,0.0294,0.0411
P,W,89,-0.6631928,0.0229256,-0.1280676,0.0074,0.0192
P,Y,89,-0.5294914,0.1217353,-0.0986972,0.0658,0.0641
A,C,90,-1.379158,0.0172,-0.468299,0.0028,0.0112
A,D,90,-1.2229843,0.3456528,-0.3597325,0.0358,0.0459
A,E,90,-1.0374413,0.0996908,-0.2588215,0.0681,0.0653
A,F,90,-1.3285065,0.1609261,-0.4305394,0.1167,0.0878
A,G,90,-1.0119667,0.015883,-0.247093,0.0123,0.0255
A,H,90,-1.2556725,0.1976776,-0.380563,0.0474,0.0535
A,I,90,-1.0803947,0.0120663,-0.2797026,0.1745,0.1095
A,K,90,-0.6980591,0.0435106,-0.1369805,0.0432,0.0508
A,L,90,-1.1198349,0.0172213,-0.3001464,0.0526,0.0566
A,M,90,-1.2986908,0.0417856,-0.4094754,0.0803,0.0714
A,N,90,-1.4130707,0.1173112,-0.4950005,0.0185,0.0319
A,P,90,-1.1415367,0.0262224,-0.3119332,0.0126,0.0258
A,Q,90,-1.2401237,0.0573566,-0.3705337,0.0376,0.0471
A,R,90,-0.7427559,0.3827657,-0.1492532,0.0094,0.0219
A,S,90,-1.146492,0.0168488,-0.3146792,0.0413,0.0495
A,T,90,-0.6912727,0.0131636,-0.1352015,0.1279,0.0923
A,V,90,-0.5609703,0.0176942,-0.1049748,0.0252,0.0378
A,W,90,-1.277195,0.0160295,-0.3948124,0.0046,0.0148
A,Y,90,-1.0042953,0.028536,-0.243654,0.0269,0.0392
R,A,91,-0.8852043,0.186116,-0.1954615,0.0195,0.033
R,C,91,-0.8578148,0.0172,-0.1856722,0.0027,0.011
R,D,91,-0.5074882,0.140658,-0.0945231,0.0108,0.0239
R,E,91,-0.2125206,0.0329156,-0.0525808,0.115,0.0874
R,F,91,-0.805542,0.1001441,-0.1682193,0.0162,0.0298
R,G,91,-0.8098297,0.1329115,-0.1695922,0.0272,0.0396
R,H,91,-0.8520279,0.0610708,-0.1836618,0.1323,0.0945
R,I,91,-0.9231987,0.1252775,-0.2098146,0.039,0.0483
R,K,91,-0.2595062,0.0200128,-0.0577738,0.0355,0.0458
R,L,91,-0.8307342,0.2673072,-0.176434,0.0468,0.0533
R,M,91,-0.7105255,0.0739606,-0.1403055,0.0665,0.0647
R,N,91,-0.1453171,0.1922077,-0.0459356,0.1434,0.0987
R,P,91,-0.9433289,0.0160289,-0.2177973,0.0019,0.0092
R,Q,91,-0.7659073,0.1267851,-0.1560041,0.0358,0.046
R,S,91,-0.2397156,0.3927538,-0.0555283,0.0287,0.0408
R,T,91,-0.6172447,0.5222133,-0.1171507,0.0358,0.046
R,V,91,-0.781456,0.421177,-0.1606952,0.073,0.0681
R,W,91,-0.9070816,0.0172,-0.2036139,0.0077,0.0198
R,Y,91,-0.8958397,0.1428722,-0.1993871,0.0432,0.051
S,A,92,-2.0655746,0.0133502,-1.2403331,0.0104,0.0232
S,C,92,-1.9708786,0.0172,-1.1056888,0.001,0.0064
S,D,92,-1.7797127,0.0177632,-0.8600452,0.0708,0.0664
S,E,92,-1.9657745,0.0172,-1.0986657,0.0542,0.0573
S,F,92,-1.9851952,0.015007,-1.1255185,0.0366,0.0462
S,G,92,-1.9896584,0.0295874,-1.1317394,0.0331,0.0437
S,H,92,-2.026371,0.0172,-1.1836063,0.0578,0.0594
S,I,92,-2.1582527,0.0236064,-1.3796848,0.051,0.0554
S,K,92,-1.9676666,0.0133324,-1.1012663,0.0169,0.0302
S,L,92,-1.9109154,0.028223,-1.0247496,0.0156,0.029
S,M,92,-2.0269432,0.0249,-1.1844244,0.1735,0.1087
S,N,92,-2.1337318,0.0955802,-1.3421207,0.037,0.0465
S,P,92,-2.0092926,0.1893787,-1.1593249,0.0335,0.044
S,Q,92,-1.8409042,0.0200436,-0.9346973,0.1562,0.1026
S,R,92,-2.1294632,0.0153112,-1.3356315,0.01,0.0226
S,T,92,-1.9725418,0.0225606,-1.1079826,0.0571,0.059
S,V,92,-1.9656868,0.0260291,-1.0985452,0.0261,0.0384
S,W,92,-2.0271645,0.0360756,-1.1847408,0.0129,0.026
S,Y,92,-1.9414749,0.0256462,-1.0655685,0.0605,0.0609
W,A,93,-2.1049118,0.0172,-1.2986012,0.0013,0.0111
W,C,93,-2.052761,0.0157744,-1.2216423,0.0518,0.0858
W,D,93,-1.8551788,0.0172,-0.9526608,0.0297,0.0632
W,E,93,-1.8829956,0.0172,-0.9882535,0.0048,0.0233
W,F,93,-1.9603958,0.0190686,-1.0912913,0.2086,0.1845
W,G,93,-1.9926872,0.0160284,-1.1359716,0.0028,0.0172
W,H,93,-2.1137848,0.0172,-1.3119262,0.0023,0.0156
W,I,93,-2.1023788,0.0172,-1.2948094,0.0038,0.0205
W,K,93,-2.2186089,0.0172,-1.4741684,0.011,0.0366
W,L,93,-2.0125504,0.0160284,-1.1639363,0.0183,0.0484
W,M,93,-2.068592,0.0172,-1.2447554,0.0042,0.0217
W,N,93,-1.8639145,0.0172,-0.9637551,0.0037,0.0201
W,P,93,-1.8647232,0.0172,-0.964786,0.0014,0.0119
W,Q,93,-1.9215088,0.0172,-1.038797,0.0042,0.0217
W,R,93,-1.8309975,0.0239188,-0.9223517,0.0039,0.0206
W,S,93,-1.9041748,0.01764,-1.0158683,0.0012,0.011
W,T,93,-1.8983078,0.0172,-1.0081743,0.0011,0.0105
W,V,93,-1.8447456,0.0172,-0.9395112,0.0018,0.0134
W,Y,93,-2.2075653,0.0172,-1.456671,0.0041,0.0213
S,A,94,-1.8074188,0.0133706,-0.8933703,0.0576,0.1011
S,C,94,-1.8683128,0.02064,-0.9693699,0.0041,0.0237
S,D,94,-2.0472603,0.0172,-1.213663,0.0038,0.0227
S,E,94,-1.9251328,0.0172,-1.0436276,0.0029,0.0195
S,F,94,-1.9427757,0.0158894,-1.067326,0.0061,0.0294
S,G,94,-2.0208092,0.0217114,-1.1756697,0.1462,0.1689
S,H,94,-2.0854073,0.0172,-1.2695443,0.0018,0.015
S,I,94,-1.862648,0.0172,-0.9621419,0.0007,0.0089
S,K,94,-1.9338531,0.0172,-1.0553035,0.0007,0.0092
S,L,94,-2.1499672,0.0172,-1.3669377,0.0005,0.0071
S,M,94,-1.9713974,0.0172,-1.106404,0.0029,0.0196
S,N,94,-1.9864311,0.0172,-1.1272393,0.0009,0.0102
S,P,94,-1.7768135,0.0182826,-0.8566039,0.0051,0.0266
S,Q,94,-1.9227486,0.0172,-1.0404482,0.0044,0.0247
S,R,94,-1.7792702,0.0150074,-0.8595194,0.0005,0.0078
S,T,94,-1.9068031,0.0150074,-1.019326,0.0017,0.0147
S,V,94,-1.8820839,0.0172,-0.9870747,0.0007,0.0091
S,W,94,-1.7449493,0.0172,-0.8193573,0.0128,0.0442
S,Y,94,-1.8547401,0.0172,-0.9521056,0.0045,0.025
Y,A,95,-2.0338898,0.0172,-1.1943797,0.0006,0.0109
Y,C,95,-1.7504234,0.0242224,-0.8256807,0.0058,0.037
Y,D,95,-1.8333092,0.0150077,-0.9252236,0.0031,0.0261
Y,E,95,-2.2293625,0.0172,-1.4912942,0.0006,0.0103
Y,F,95,-2.1251411,0.0160292,-1.3290763,0.0075,0.0427
Y,G,95,-1.9895973,0.0172,-1.1316542,0.0013,0.0162
Y,H,95,-1.8777122,0.0324374,-0.9814338,0.0043,0.0315
Y,I,95,-2.0061035,0.0147,-1.1548202,0.0003,0.0077
Y,K,95,-2.0125618,0.0172,-1.1639524,0.0018,0.0194
Y,L,95,-2.0009155,0.0172,-1.1475119,0.0007,0.0116
Y,M,95,-2.0568924,0.0172,-1.2276529,0.0018,0.0193
Y,N,95,-1.9413338,0.0186658,-1.065378,0.0025,0.0233
Y,P,95,-1.9906502,0.0172,-1.1331244,0.0008,0.0121
Y,Q,95,-2.1259766,0.0172,-1.3303422,0.0028,0.0246
Y,R,95,-1.9779816,0.0172,-1.1155031,0.0013,0.0161
Y,S,95,-1.9057426,0.0172,-1.01793,0.0035,0.0282
Y,T,95,-1.8587341,0.0172,-0.9571668,0.0016,0.0182
Y,V,95,-2.1086502,0.0172,-1.3042073,0.0008,0.0124
Y,W,95,-2.1853104,0.0172,-1.4216926,0.0018,0.0193
I,A,96,-1.8545227,0.0172,-0.9518306,0.0005,0.008
I,C,96,-2.051941,0.0172,-1.2204511,0.009,0.0379
I,D,96,-1.734932,0.0172,-0.8078669,0.0014,0.0134
I,E,96,-1.8801537,0.0172,-0.9845818,0.0011,0.0118
I,F,96,-1.8738403,0.0154616,-0.9764536,0.0061,0.0306
I,G,96,-1.8222923,0.0172,-0.9115858,0.0007,0.0095
I,H,96,-1.6819801,0.0249,-0.7488818,0.0019,0.0159
I,K,96,-1.9675789,0.0172,-1.1011457,0.0008,0.0103
I,L,96,-1.4783936,0.0124432,-0.5497215,0.0314,0.0751
I,M,96,-1.6433525,0.0161698,-0.7077227,0.004,0.0241
I,N,96,-1.9451599,0.0192862,-1.0705515,0.005,0.0275
I,P,96,-1.5998306,0.0172,-0.6632449,0.0005,0.0076
I,Q,96,-1.8601532,0.0172,-0.9589689,0.0029,0.0203
I,R,96,-1.6881676,0.0172,-0.7556216,0.0007,0.0092
I,S,96,-1.9671478,0.0178804,-1.1005529,0.0036,0.0228
I,T,96,-1.8699379,0.025909,-0.9714494,0.0037,0.0231
I,V,96,-1.5597191,0.0257047,-0.6240303,0.1447,0.1742
I,W,96,-1.8698425,0.0172,-0.9713272,0.0053,0.0282
I,Y,96,-1.964138,0.0172,-1.0964191,0.0011,0.012
V,A,97,-0.4098816,0.0437855,-0.0779562,0.0313,0.0742
V,C,97,-1.180912,0.0172,-0.3343257,0.0037,0.023
V,D,97,-1.1911125,0.0172,-0.3403431,0.0044,0.0252
V,E,97,-1.2550468,0.0161694,-0.3801551,0.0063,0.0307
V,F,97,-1.2550697,0.0172,-0.3801701,0.0009,0.0107
V,G,97,-1.179306,0.0161694,-0.3333865,0.0011,0.0116
V,H,97,-1.1153069,0.0172,-0.2977358,0.0063,0.0307
V,I,97,-0.0682106,0.0171272,-0.0393191,0.1827,0.1956
V,K,97,-1.3019753,0.0172,-0.4117542,0.0013,0.0127
V,L,97,-1.2121086,0.0218326,-0.3530152,0.0049,0.0269
V,M,97,-1.1404533,0.0172,-0.3113355,0.0045,0.0255
V,N,97,-1.0834274,0.0172,-0.2812307,0.0016,0.0144
V,P,97,-1.1003876,0.0172,-0.2899105,0.0007,0.0089
V,Q,97,-1.0886154,0.0172,-0.2838617,0.002,0.0162
V,R,97,-1.1178894,0.0161694,-0.2991086,0.0003,0.0058
V,S,97,-1.1206741,0.0172,-0.300595,0.0007,0.0089
V,T,97,-0.9755364,0.0172,-0.2311354,0.003,0.0203
V,W,97,-1.1634903,0.0172,-0.3242558,0.004,0.0239
V,Y,97,-1.1493683,0.0172,-0.3162826,0.0013,0.0127
E,A,98,-1.4483185,0.0161704,-0.5239847,0.0012,0.0116
E,C,98,-1.7617645,0.0172,-0.838881,0.0021,0.0159
E,D,98,-1.4442406,0.0118973,-0.5205666,0.0137,0.0445
E,F,98,-1.750721,0.0172,-0.8260254,0.0089,0.0352
E,G,98,-1.5653801,0.0193896,-0.6294615,0.0073,0.0316
E,H,98,-1.4349823,0.0172,-0.5128696,0.0013,0.0121
E,I,98,-1.7506218,0.0172,-0.8259105,0.0418,0.0823
E,K,98,-1.6735802,0.0134715,-0.7397969,0.0043,0.0235
E,L,98,-1.7862244,0.0172,-0.8678063,0.006,0.0282
E,M,98,-1.6400948,0.0172,-0.7043239,0.0057,0.0276
E,N,98,-1.5909538,0.0172,-0.6544198,0.0014,0.0126
E,P,98,-1.6362152,0.0172,-0.7002909,0.0015,0.0134
E,Q,98,-1.7963066,0.0152571,-0.8799094,0.0428,0.0834
E,R,98,-1.6547279,0.0172,-0.7196793,0.0007,0.0086
E,S,98,-1.5982857,0.0172,-0.661703,0.0029,0.019
E,T,98,-1.8063965,0.0172,-0.8921267,0.0031,0.0197
E,V,98,-1.5483398,0.0152571,-0.6132151,0.0358,0.0755
E,W,98,-1.6877403,0.0172,-0.7551548,0.0029,0.0188
E,Y,98,-1.7284164,0.0172,-0.8004497,0.002,0.0154
T,A,99,-0.3339653,0.0111534,-0.0670382,0.1342,0.1025
T,C,99,-1.581913,0.0161709,-0.6455175,0.0015,0.0086
T,D,99,-1.2378082,0.0161709,-0.369059,0.0799,0.077
T,E,99,-1.3571243,0.0210295,-0.4515642,0.1042,0.0892
T,F,99,-1.5794029,0.0161709,-0.6430612,0.0019,0.01
T,G,99,-1.3899841,0.026337,-0.4766979,0.0104,0.0251
T,H,99,-1.3639412,0.0244729,-0.4566905,0.0328,0.0473
T,I,99,-1.119854,0.012604,-0.3001566,0.0059,0.0184
T,K,99,-1.0779533,0.0096187,-0.2784777,0.0126,0.0279
T,L,99,-1.3968582,0.0286803,-0.4820916,0.0401,0.0527
T,M,99,-1.296257,0.0172,-0.4077934,0.0013,0.0082
T,N,99,-1.1600952,0.0192126,-0.3223235,0.0119,0.027
T,P,99,-1.3519287,0.0161878,-0.4476877,0.0139,0.0294
T,Q,99,-1.2390099,0.0144426,-0.3698237,0.2613,0.1478
T,R,99,-1.1543999,0.0172551,-0.3191041,0.0594,0.0655
T,S,99,-1.2346687,0.020826,-0.3670672,0.0949,0.0847
T,V,99,-1.0280952,0.0147,-0.254463,0.0311,0.0459
T,W,99,-1.15765,0.0159563,-0.320938,0.0198,0.0358
T,Y,99,-1.3293152,0.0334175,-0.4311226,0.0088,0.023
P,A,100,-1.0722313,0.0150532,-0.2756249,0.1007,0.0787
P,C,100,-1.3005219,0.0172,-0.4107446,0.0004,0.0038
P,D,100,-1.0838966,0.0147,-0.2814678,0.0437,0.0498
P,E,100,-1.465126,0.0161715,-0.5382528,0.057,0.0576
P,F,100,-1.4794502,0.0172,-0.5506427,0.0218,0.034
P,G,100,-1.4888649,0.0183108,-0.5589018,0.0687,0.0638
P,H,100,-1.5178642,0.0178892,-0.5849216,0.0985,0.0778
P,I,100,-1.2003479,0.0172,-0.3458694,0.0487,0.0528
P,K,100,-1.494194,0.0161715,-0.5636176,0.0144,0.0271
P,L,100,-1.1980705,0.0181187,-0.3444997,0.0314,0.0415
P,M,100,-1.2712364,0.0172,-0.3908244,0.0471,0.0518
P,N,100,-1.201973,0.0172,-0.3468495,0.0183,0.0308
P,Q,100,-1.3507462,0.0114606,-0.4468092,0.0669,0.0629
P,R,100,-1.1379051,0.0137116,-0.3099337,0.0225,0.0345
P,S,100,-0.1893883,0.0260241,-0.050194,0.0204,0.0327
P,T,100,-1.1451874,0.0061655,-0.3139543,0.0185,0.031
P,V,100,-1.2820663,0.0218995,-0.3980972,0.0608,0.0597
P,W,100,-1.4358711,0.014444,-0.5136047,0.0923,0.075
P,Y,100,-1.5025826,0.0182699,-0.5711007,0.0321,0.042
N,A,101,-1.2926445,0.0162359,-0.405307,0.0238,0.0412
N,C,101,-1.6992416,0.0172,-0.7677852,0.0106,0.0264
N,D,101,-0.741291,0.0196926,-0.1488353,0.358,0.1832
N,E,101,-1.0948524,0.0137129,-0.2870527,0.0253,0.0427
N,F,101,-1.5823288,0.0172,-0.645925,0.1057,0.0937
N,G,101,-1.1547165,0.0191463,-0.3192824,0.1436,0.1108
N,H,101,-1.3328552,0.0152598,-0.433683,0.0087,0.0237
N,I,101,-1.2541351,0.0158207,-0.3795615,0.0187,0.0361
N,K,101,-1.1107788,0.0078901,-0.2953418,0.0099,0.0255
N,L,101,-1.4186974,0.0124508,-0.4995427,0.0385,0.0538
N,M,101,-1.4054413,0.0172,-0.4888928,0.0132,0.0298
N,P,101,-1.5744286,0.0172,-0.6382132,0.0011,0.0077
N,Q,101,-1.2172089,0.0161719,-0.3561522,0.016,0.0332
N,R,101,-1.315052,0.0130514,-0.4209289,0.0419,0.0563
N,S,101,-0.9703903,0.0156108,-0.2289566,0.0288,0.0459
N,T,101,-1.2280159,0.0170257,-0.3628759,0.0073,0.0216
N,V,101,-1.1965828,0.0197339,-0.3436074,0.0087,0.0237
N,W,101,-1.5243187,0.0147,-0.5908325,0.006,0.0194
N,Y,101,-1.5368652,0.0161719,-0.6024475,0.0077,0.0222
S,A,102,-1.1179161,0.0190221,-0.2991229,0.0386,0.0574
S,C,102,-1.8293686,0.016173,-0.9203313,0.0145,0.0335
S,D,102,-1.4842644,0.0172,-0.5548545,0.0017,0.0102
S,E,102,-1.6731339,0.0172,-0.7393163,0.0039,0.0163
S,F,102,-1.6381493,0.0143715,-0.7022995,0.0068,0.0221
S,G,102,-1.5298576,0.0149455,-0.5959398,0.1027,0.0983
S,H,102,-1.7205505,0.0172,-0.7915547,0.001,0.0075
S,I,102,-1.4334488,0.0172,-0.5116031,0.0013,0.0088
S,K,102,-1.7324333,0.0172,-0.8050172,0.0003,0.0042
S,L,102,-1.609127,0.0172,-0.6725767,0.0002,0.0029
S,M,102,-1.6867943,0.0172,-0.7541222,0.0036,0.0156
S,N,102,-1.6474724,0.0227532,-0.7120373,0.1077,0.1009
S,P,102,-0.923336,0.0106812,-0.2098681,0.1156,0.1049
S,Q,102,-1.9271507,0.0218895,-1.0463229,0.2628,0.1648
S,R,102,-1.713417,0.0172,-0.7835442,0.001,0.0077
S,T,102,-1.649231,0.0141767,-0.7138844,0.0863,0.0893
S,V,102,-1.3756828,0.0162883,-0.4656276,0.0763,0.0835
S,W,102,-1.7609901,0.0172,-0.8379754,0.0051,0.0188
S,Y,102,-1.6195602,0.0094802,-0.6831588,0.0101,0.0275
E,A,103,-0.8465614,0.031578,-0.181781,0.0281,0.0403
E,C,103,-1.3890572,0.0249,-0.4759742,0.0146,0.0282
E,D,103,-0.4646454,0.0118298,-0.0868739,0.0618,0.0622
E,F,103,-1.361805,0.0369344,-0.4550791,0.012,0.0252
E,G,103,-1.0089569,0.0175862,-0.2457386,0.023,0.0361
E,H,103,-1.1853065,0.0161732,-0.336907,0.0528,0.057
E,I,103,-1.108757,0.0172,-0.2942783,0.1224,0.0906
E,K,103,-0.8055115,0.0226361,-0.1682096,0.0176,0.0312
E,L,103,-1.2719765,0.0150557,-0.3913179,0.0262,0.0388
E,M,103,-1.210556,0.02058,-0.3520648,0.0239,0.0369
E,N,103,-0.9271736,0.0161732,-0.2113697,0.0464,0.0531
E,P,103,-1.3591995,0.0159693,-0.4531199,0.0605,0.0615
E,Q,103,-1.3124046,0.0288091,-0.4190583,0.0842,0.0737
E,R,103,-0.8809891,0.0152621,-0.1939251,0.0124,0.0257
E,S,103,-1.1809044,0.0172,-0.3343213,0.0173,0.0309
E,T,103,-1.1496239,0.0102391,-0.3164254,0.048,0.0541
E,V,103,-0.9140854,0.0117948,-0.2062879,0.079,0.0712
E,W,103,-1.2442131,0.0172,-0.3731501,0.0128,0.0261
E,Y,103,-1.3488121,0.0183145,-0.4453751,0.011,0.024
N,A,104,-1.2340164,0.0233581,-0.3666545,0.0205,0.0366
N,C,104,-1.719635,0.0315753,-0.7905236,0.0217,0.0377
N,D,104,-1.2471313,0.0233537,-0.3750264,0.0048,0.0164
N,E,104,-1.2892418,0.015654,-0.4029764,0.1581,0.1123
N,F,104,-1.6600075,0.0132177,-0.7252753,0.1299,0.1008
N,G,104,-1.3640747,0.0183075,-0.4567913,0.0023,0.011
N,H,104,-1.8922119,0.013279,-1.0002159,0.2478,0.1438
N,I,104,-1.6469498,0.0194116,-0.711489,0.0398,0.0526
N,K,104,-1.4034691,0.0204332,-0.4873235,0.0107,0.0256
N,L,104,-1.8249092,0.023719,-0.914814,0.0269,0.0424
N,M,104,-1.7720337,0.0144404,-0.8509493,0.0082,0.022
N,P,104,-1.7491798,0.0161699,-0.8242414,0.0002,0.0029
N,Q,104,-1.5528183,0.0243551,-0.6174553,0.0385,0.0517
N,R,104,-1.381607,0.0169538,-0.4701887,0.0046,0.0161
N,S,104,-1.4853973,0.0115606,-0.5558491,0.0168,0.0327
N,T,104,-1.3408203,0.0110625,-0.4394883,0.0084,0.0223
N,V,104,-1.5452995,0.0131719,-0.6103486,0.0423,0.0544
N,W,104,-1.6197548,0.0137073,-0.6833573,0.0963,0.0855
N,Y,104,-1.6743393,0.0101178,-0.7406148,0.0609,0.0665
G,A,105,-1.7878952,0.0157918,-0.8698048,0.0337,0.0748
G,C,105,-1.9331665,0.0172,-1.0543815,0.0027,0.0187
G,D,105,-1.737999,0.0152703,-0.8113737,0.0068,0.0309
G,E,105,-1.7077065,0.0161891,-0.7771702,0.0081,0.0341
G,F,105,-2.0887413,0.0172,-1.2744882,0.0033,0.0209
G,H,105,-2.06818,0.0172,-1.2441511,0.006,0.0289
G,I,105,-1.7964134,0.0172,-0.8800382,0.0005,0.0075
G,K,105,-2.044567,0.0161778,-1.2097658,0.0145,0.047
G,L,105,-2.0622559,0.0161778,-1.2354784,0.0004,0.0066
G,M,105,-2.0005836,0.0172,-1.1470452,0.0048,0.0256
G,N,105,-1.7380333,0.0172,-0.811413,0.0064,0.0299
G,P,105,-1.9674149,0.0172,-1.1009202,0.0027,0.0185
G,Q,105,-2.0083618,0.0172,-1.1580092,0.0013,0.0123
G,R,105,-1.8222961,0.0267029,-0.9115904,0.0066,0.0306
G,S,105,-1.8949661,0.0137099,-1.003807,0.0289,0.0686
G,T,105,-1.8548431,0.0172,-0.952236,0.001,0.0107
G,V,105,-2.0043068,0.0245024,-1.1522864,0.0054,0.0273
G,W,105,-2.0999603,0.0172,-1.2911941,0.0086,0.0352
G,Y,105,-2.0205421,0.0172,-1.1752892,0.0066,0.0306
A,C,106,-0.7693214,0.0161714,-0.1570232,0.0203,0.0401
A,D,106,-0.7479973,0.0172,-0.1507575,0.0033,0.0146
A,E,106,-0.3119011,0.0066423,-0.0641524,0.0646,0.0757
A,F,106,-0.8376579,0.0249,-0.1787551,0.0249,0.0448
A,G,106,-0.6842613,0.0161714,-0.1333862,0.0022,0.0118
A,H,106,-0.7825546,0.0152588,-0.1610316,0.0029,0.0136
A,I,106,0.1961746,0.0161714,-0.0229933,0.0039,0.0162
A,K,106,-0.5725594,0.0172,-0.1073799,0.0014,0.0094
A,L,106,-0.5723686,0.0250975,-0.1073399,0.0857,0.0884
A,M,106,-0.682621,0.0172,-0.1329648,0.0077,0.0235
A,N,106,-0.6217537,0.0124489,-0.118182,0.0123,0.0304
A,P,106,-0.8877602,0.017715,-0.1963984,0.2781,0.1688
A,Q,106,-0.7363167,0.0172,-0.1474243,0.0231,0.043
A,R,106,-0.7914085,0.0172,-0.1637659,0.0002,0.0035
A,S,106,-0.7906342,0.0132085,-0.163525,0.0669,0.0772
A,T,106,0.4232101,0.0316306,-0.0144648,0.0068,0.022
A,V,106,-0.4042282,0.0317527,-0.0770874,0.1606,0.1249
A,W,106,-0.8320923,0.0172,-0.1768871,0.0039,0.0161
A,Y,106,-0.6903648,0.0172,-0.1349651,0.0101,0.0272
C,A,107,-1.9744377,0.0172,-1.1106005,0.0016,0.0181
C,D,107,-1.9028015,0.0172,-1.0140643,0.0011,0.0148
C,E,107,-2.0241623,0.0172,-1.1804511,0.001,0.0138
C,F,107,-2.3232155,0.0230877,-1.6442816,0.0021,0.0209
C,G,107,-2.0344238,0.0130551,-1.1951468,0.0006,0.0107
C,H,107,-2.0009842,0.0172,-1.1476086,0.0013,0.0158
C,I,107,-2.0053024,0.0172,-1.1536901,0.0015,0.0169
C,K,107,-2.1327438,0.0172,-1.3406174,0.0024,0.0223
C,L,107,-2.2034378,0.0172,-1.450155,0.0004,0.0083
C,M,107,-1.7036171,0.0172,-0.7726269,0.0141,0.059
C,N,107,-1.8876343,0.0172,-0.9942638,0.0014,0.0167
C,P,107,-2.3150444,0.0172,-1.6307205,0.0006,0.0106
C,Q,107,-1.943119,0.0172,-1.0677901,0.0009,0.0134
C,R,107,-2.040432,0.0192027,-1.2037951,0.0014,0.0164
C,S,107,-1.9273338,0.0183142,-1.0465677,0.0031,0.0257
C,T,107,-2.1739464,0.0172,-1.4039794,0.0013,0.016
C,V,107,-2.0733986,0.0172,-1.2518163,0.0006,0.0102
C,W,107,-2.0604744,0.0152618,-1.2328763,0.011,0.0514
C,Y,107,-2.190113,0.0139416,-1.4292086,0.0084,0.0443
Y,A,108,-2.2028084,0.0172,-1.4491626,0.0026,0.0207
Y,C,108,-2.1006317,0.0139549,-1.2921973,0.0033,0.0238
Y,D,108,-2.0506325,0.0249,-1.2185515,0.0019,0.0177
Y,E,108,-1.9180756,0.0172,-1.0342325,0.0012,0.0134
Y,F,108,-1.981781,0.0185298,-1.1207721,0.0271,0.0756
Y,G,108,-1.8834724,0.0172,-0.9888703,0.0014,0.0148
Y,H,108,-1.879406,0.0163932,-0.9836171,0.0047,0.0287
Y,I,108,-1.8888016,0.0172,-0.9957797,0.0037,0.0254
Y,K,108,-1.9272995,0.0172,-1.0465218,0.0011,0.0131
Y,L,108,-2.0312004,0.0161815,-1.1905203,0.0024,0.0199
Y,M,108,-1.9988976,0.0172,-1.144676,0.0063,0.034
Y,N,108,-1.9694557,0.0172,-1.1037285,0.0039,0.0259
Y,P,108,-2.0402756,0.0172,-1.2035696,0.001,0.0122
Y,Q,108,-2.1679382,0.0172,-1.3946554,0.0025,0.0202
Y,R,108,-1.9323578,0.0172,-1.0532962,0.0009,0.0118
Y,S,108,-2.0758057,0.0172,-1.2553598,0.0017,0.0166
Y,T,108,-1.8199997,0.0161815,-0.9087633,0.0037,0.0252
Y,V,108,-2.0073586,0.0172,-1.156592,0.0045,0.028
Y,W,108,-2.067131,0.0172,-1.2426131,0.0131,0.0506
P,A,109,-1.8923569,0.0164062,-1.0004048,0.002,0.0193
P,C,109,-2.0263062,0.0172,-1.1835136,0.0014,0.0158
P,D,109,-2.0764084,0.0172,-1.2562478,0.0015,0.0164
P,E,109,-1.902111,0.0172,-1.013158,0.0029,0.0234
P,F,109,-2.0550652,0.0172,-1.2249927,0.001,0.0133
P,G,109,-2.0228195,0.0161761,-1.1785351,0.0008,0.0118
P,H,109,-1.9375954,0.0172,-1.0603367,0.0025,0.0218
P,I,109,-1.7835808,0.0172,-0.8646502,0.0008,0.012
P,K,109,-1.6796608,0.0172,-0.7463659,0.0011,0.0137
P,L,109,-2.0567017,0.0172,-1.2273751,0.0091,0.0442
P,M,109,-2.0929337,0.0172,-1.2807185,0.0022,0.0199
P,N,109,-1.845398,0.0172,-0.9403302,0.0013,0.0151
P,Q,109,-1.9651871,0.0172,-1.097859,0.0029,0.0235
P,R,109,-1.9700127,0.0161761,-1.1044956,0.0013,0.0149
P,S,109,-1.980381,0.0222771,-1.118829,0.0019,0.0186
P,T,109,-2.077076,0.0123609,-1.2572319,0.0029,0.0236
P,V,109,-2.0782166,0.0172,-1.258914,0.0154,0.0588
P,W,109,-2.156456,0.0172,-1.376916,0.0103,0.0472
P,Y,109,-2.110073,0.0172,-1.306344,0.0029,0.0236
G,A,110,-2.062313,0.02064,-1.2355618,0.0012,0.0137
G,C,110,-1.926117,0.0172,-1.0449417,0.0059,0.0332
G,D,110,-1.9391251,0.0172,-1.0623979,0.0015,0.0159
G,E,110,-2.0143585,0.012181,-1.1664998,0.0203,0.0656
G,F,110,-2.0298958,0.0172,-1.1886505,0.0044,0.0281
G,H,110,-2.073677,0.0172,-1.2522258,0.0007,0.0106
G,I,110,-2.0508232,0.0172,-1.2188283,0.0011,0.0132
G,K,110,-1.811058,0.0172,-0.8978063,0.0021,0.0189
G,L,110,-1.9261589,0.0152717,-1.0449977,0.0002,0.0056
G,M,110,-2.1415977,0.0172,-1.3541175,0.0135,0.0524
G,N,110,-2.0125237,0.0172,-1.1638984,0.0012,0.0138
G,P,110,-1.9339523,0.0172,-1.0554367,0.0013,0.0143
G,Q,110,-2.0184402,0.0172,-1.1722977,0.0013,0.0145
G,R,110,-1.9550552,0.0214518,-1.0839963,0.0054,0.0318
G,S,110,-1.9549675,0.0172,-1.0838768,0.0016,0.0163
G,T,110,-1.7705231,0.0172,-0.8491672,0.0015,0.0154
G,V,110,-1.913208,0.0172,-1.0277805,0.0074,0.0377
G,W,110,-2.193287,0.0172,-1.4341857,0.0086,0.0408
G,Y,110,-1.9412308,0.0172,-1.0652389,0.0038,0.026
D,A,111,-0.9928589,0.0158249,-0.2386056,0.0959,0.0805
D,C,111,-0.9407616,0.0161852,-0.2167643,0.0085,0.0213
D,E,111,-0.2112236,0.0203334,-0.0524441,0.1326,0.0962
D,F,111,-0.9178772,0.0161852,-0.2077487,0.0108,0.0242
D,G,111,-0.8671608,0.0159399,-0.1889613,0.0474,0.0547
D,H,111,-0.9919357,0.014477,-0.2382022,0.0131,0.027
D,I,111,-1.1482201,0.0172,-0.3156417,0.0272,0.0403
D,K,111,-1.0003357,0.014477,-0.2418955,0.0163,0.0304
D,L,111,-0.9772415,0.0165016,-0.2318614,0.0449,0.0531
D,M,111,-0.978569,0.0161852,-0.232428,0.0202,0.0342
D,N,111,-0.6587715,0.0205073,-0.126977,0.056,0.0599
D,P,111,-0.8517113,0.0182754,-0.1835524,0.0608,0.0627
D,Q,111,-0.6324959,0.0147,-0.1206733,0.0211,0.035
D,R,111,-0.7239151,0.0172,-0.1439603,0.0091,0.0221
D,S,111,-0.6083565,0.0190872,-0.1151427,0.0368,0.0476
D,T,111,-0.7503242,0.0152835,-0.1514298,0.0345,0.0459
D,V,111,-0.8675919,0.0208477,-0.1891143,0.0481,0.0551
D,W,111,-0.9500313,0.0147,-0.220515,0.0073,0.0196
D,Y,111,-0.7176857,0.0119537,-0.1422491,0.0362,0.0472
L,A,112,-0.2350769,0.0172,-0.0550144,0.0003,0.0047
L,C,112,-0.2249146,0.0172,-0.0539047,0.0019,0.0131
L,D,112,-0.2602081,0.0172,-0.057855,0.0019,0.013
L,E,112,-0.3904877,0.0172,-0.0750144,0.0011,0.0096
L,F,112,1.473774,0.0375492,-0.0016714,0.0498,0.0788
L,G,112,-0.3893814,0.0172,-0.0748498,0.0003,0.0043
L,H,112,-0.3314819,0.0172,-0.0667072,0.008,0.0289
L,I,112,-0.3627968,0.0060428,-0.0709986,0.2305,0.183
L,K,112,-0.3214951,0.0172,-0.0653921,0.0008,0.0083
L,M,112,-0.1732254,0.0194172,-0.0485893,0.0414,0.0712
L,N,112,-0.1817436,0.0172,-0.0494287,0.0017,0.0123
L,P,112,-0.2751274,0.0141105,-0.0596082,0.0009,0.0089
L,Q,112,-0.2153358,0.0172,-0.0528787,0.0015,0.0115
L,R,112,0.010704,0.019302,-0.0335166,0.0006,0.0072
L,S,112,0.0416412,0.0172,-0.0314792,0.001,0.009
L,T,112,0.0294914,0.0172,-0.0322644,0.0205,0.0483
L,V,112,-0.1902084,0.0139413,-0.0502767,0.0901,0.1092
L,W,112,-0.3451881,0.0172,-0.0685538,0.077,0.1002
L,Y,112,-0.1816788,0.0172,-0.0494222,0.0008,0.0079
I,A,113,-0.3461609,0.0101903,-0.0686867,0.2009,0.1183
I,C,113,-1.4510231,0.0223306,-0.5262611,0.0322,0.0433
I,D,113,-1.3582039,0.0152715,-0.452373,0.029,0.0408
I,E,113,-1.1319122,0.0247131,-0.306658,0.0124,0.0256
I,F,113,-1.1012421,0.0177243,-0.2903539,0.055,0.058
I,G,113,-1.1484528,0.0206062,-0.3157715,0.0466,0.053
I,H,113,-1.3567696,0.0105294,-0.4512987,0.1123,0.0859
I,K,113,-1.3486938,0.0147,-0.4452875,0.022,0.0351
I,L,113,-1.3346748,0.0124783,-0.4350038,0.029,0.0408
I,M,113,-0.9529572,0.0146437,-0.2217108,0.0459,0.0525
I,N,113,-1.1153412,0.026426,-0.297754,0.0442,0.0515
I,P,113,-1.4633789,0.0172,-0.5367561,0.0001,0.0021
I,Q,113,-1.175354,0.0152715,-0.3310849,0.058,0.0597
I,R,113,-1.170166,0.0199719,-0.3280837,0.0096,0.0222
I,S,113,-0.7793999,0.0106004,-0.1600675,0.1037,0.0822
I,T,113,-0.5621605,0.0281498,-0.1052194,0.0774,0.07
I,V,113,-0.9926071,0.0229643,-0.2384955,0.0109,0.0238
I,W,113,-1.2498817,0.0172,-0.376802,0.0135,0.0268
I,Y,113,-1.3461151,0.0170621,-0.4433816,0.0429,0.0506
D,A,114,-1.4243965,0.0237911,-0.5041759,0.1323,0.1182
D,C,114,-1.8244553,0.0172,-0.9142536,0.0027,0.0139
D,E,114,-1.4924736,0.0087536,-0.562092,0.0858,0.0931
D,F,114,-1.6254196,0.0152848,-0.6891525,0.0079,0.025
D,G,114,-1.4215355,0.0180279,-0.5018459,0.0044,0.0181
D,H,114,-1.3756409,0.0175834,-0.4655955,0.0538,0.072
D,I,114,-1.4122086,0.0172,-0.4943074,0.0003,0.0044
D,K,114,-1.3328934,0.0172,-0.4337107,0.0011,0.0085
D,L,114,-1.3755226,0.0220238,-0.4655048,0.0553,0.0732
D,M,114,-1.2146454,0.0194231,-0.3545726,0.0333,0.0554
D,N,114,-0.4878082,0.0144461,-0.0909327,0.042,0.0629
D,P,114,-1.2524757,0.0172,-0.3784829,0.0013,0.0092
D,Q,114,-1.4942741,0.02064,-0.5636887,0.0532,0.0716
D,R,114,-1.5678482,0.03504,-0.6318401,0.0005,0.0056
D,S,114,-0.9978485,0.0119565,-0.2407967,0.0482,0.0678
D,T,114,-1.4132652,0.0161859,-0.495157,0.0009,0.0077
D,V,114,-1.5602989,0.0172,-0.624585,0.0004,0.0046
D,W,114,-1.5118446,0.0172,-0.5794482,0.0072,0.0238
D,Y,114,-1.5530434,0.0286097,-0.6176689,0.0118,0.0312
Y,A,115,-2.0122795,0.020706,-1.1635524,0.0273,0.0461
Y,C,115,-1.6964798,0.0181708,-0.7647395,0.0071,0.022
Y,D,115,-1.9948578,0.0161856,-1.1390099,0.0034,0.0146
Y,E,115,-1.9325066,0.0161856,-1.0534958,0.0017,0.01
Y,F,115,-1.9230652,0.0251313,-1.0408701,0.028,0.0468
Y,G,115,-1.8564491,0.0220039,-0.9542693,0.017,0.0356
Y,H,115,-1.9753914,0.0238714,-1.1119187,0.0062,0.0205
Y,I,115,-1.9470329,0.0154946,-1.0730892,0.1895,0.1338
Y,K,115,-2.06781,0.0172,-1.2436085,0.0016,0.0098
Y,L,115,-2.032528,0.0157593,-1.1924247,0.0752,0.0805
Y,M,115,-2.069706,0.018341,-1.24639,0.0401,0.057
Y,N,115,-1.9534378,0.0192924,-1.0817924,0.0114,0.0285
Y,P,115,-1.8904686,0.0147,-0.9979467,0.0178,0.0364
Y,Q,115,-1.9963989,0.0161856,-1.1411696,0.0289,0.0476
Y,R,115,-2.1043625,0.0220212,-1.2977785,0.0029,0.0134
Y,S,115,-1.7342339,0.0223702,-0.8070701,0.1264,0.1071
Y,T,115,-1.7823105,0.0130962,-0.8631362,0.0334,0.0516
Y,V,115,-2.0732841,0.0094779,-1.2516478,0.0117,0.0289
Y,W,115,-2.0296898,0.0161856,-1.1883554,0.0048,0.0177
E,A,116,-1.9168663,0.0273938,-1.0326274,0.0774,0.0995
E,C,116,-1.7657738,0.02408,-0.8435797,0.0048,0.0216
E,D,116,-1.944725,0.0162123,-1.0699627,0.005,0.0221
E,F,116,-2.0524292,0.0172,-1.2211602,0.0136,0.0383
E,G,116,-1.8197708,0.0202093,-0.9084818,0.0226,0.0506
E,H,116,-2.0887642,0.0120171,-1.2745222,0.0194,0.0465
E,I,116,-1.9075165,0.0172,-1.0202657,0.0006,0.0068
E,K,116,-1.615757,0.0151147,-0.6792879,0.0053,0.0228
E,L,116,-1.8862839,0.018788,-0.9925119,0.0012,0.0103
E,M,116,-1.8055611,0.0172,-0.8911112,0.0062,0.0248
E,N,116,-1.9073563,0.0172,-1.0200547,0.0007,0.0076
E,P,116,-1.9694557,0.0222277,-1.1037285,0.0766,0.099
E,Q,116,-2.1130524,0.0191613,-1.3108238,0.1542,0.1454
E,R,116,-1.8967476,0.0172,-1.0061339,0.0005,0.0062
E,S,116,-1.8201523,0.0172,-0.908951,0.004,0.0195
E,T,116,-1.904808,0.0162123,-1.0167007,0.0007,0.0073
E,V,116,-1.8810196,0.0194528,-0.9856996,0.005,0.0222
E,W,116,-2.081337,0.0172,-1.2635216,0.0042,0.02
E,Y,116,-1.8688812,0.0172,-0.9700969,0.0063,0.0252
E,A,117,-1.8846092,0.0162343,-0.9903418,0.0025,0.02
E,C,117,-1.8753586,0.0172,-0.9784047,0.0013,0.0137
E,D,117,-2.0890007,0.0162343,-1.2748733,0.006,0.0321
E,F,117,-1.7263794,0.0172,-0.7981399,0.0036,0.0244
E,G,117,-1.7357674,0.0155549,-0.8088211,0.0036,0.0244
E,H,117,-1.8546104,0.0172,-0.9519416,0.0031,0.0225
E,I,117,-1.9433708,0.0172,-1.0681306,0.0067,0.0342
E,K,117,-1.8046112,0.0113291,-0.8899573,0.0147,0.0526
E,L,117,-1.8021393,0.0172,-0.8869591,0.0004,0.0076
E,M,117,-1.8797989,0.0172,-0.9841239,0.0095,0.0415
E,N,117,-1.5718842,0.0172,-0.6357435,0.0038,0.0249
E,P,117,-1.7895927,0.0172,-0.8718381,0.0027,0.0206
E,Q,117,-1.9439278,0.0172,-1.068884,0.003,0.0218
E,R,117,-1.8918724,0.0172,-0.9997738,0.0008,0.0103
E,S,117,-1.9339485,0.0172,-1.0554316,0.0017,0.0162
E,T,117,-1.9223557,0.0172,-1.0399247,0.013,0.0493
E,V,117,-2.0432777,0.022728,-1.2079025,0.0012,0.0133
E,W,117,-1.9420891,0.0172,-1.0663982,0.0132,0.0496
E,Y,117,-1.927185,0.0172,-1.0463688,0.0012,0.0132
L,A,118,-1.9446144,0.0147,-1.069813,0.0009,0.0129
L,C,118,-1.9054184,0.0172,-1.0175035,0.0013,0.0157
L,D,118,-1.8350334,0.0172,-0.9273692,0.0032,0.0254
L,E,118,-1.9240837,0.0172,-1.0422279,0.0009,0.013
L,F,118,-2.0171127,0.016219,-1.1704103,0.0051,0.033
L,G,118,-1.8708954,0.0172,-0.9726758,0.0005,0.009
L,H,118,-1.8029213,0.0172,-0.8879069,0.0004,0.0084
L,I,118,-1.7955742,0.0138494,-0.8790267,0.013,0.0553
L,K,118,-1.8279266,0.0172,-0.918545,0.0009,0.0131
L,M,118,-1.9364586,0.0068095,-1.0588063,0.0127,0.0548
L,N,118,-1.7872086,0.0172,-0.8689832,0.001,0.0137
L,P,118,-2.0805206,0.0232909,-1.2623153,0.0027,0.0235
L,Q,118,-2.0235367,0.02988,-1.1795583,0.0075,0.0408
L,R,118,-1.7367249,0.0145584,-0.8099157,0.0005,0.0093
L,S,118,-1.9783707,0.0172,-1.1160421,0.0003,0.0064
L,T,118,-1.8567581,0.0172,-0.9546608,0.0009,0.0126
L,V,118,-1.9115562,0.0193552,-1.0255963,0.0031,0.0251
L,W,118,-1.9242401,0.0172,-1.0424365,0.0024,0.022
L,Y,118,-1.9703522,0.0172,-1.1049634,0.0028,0.0236
R,A,119,-2.0419579,0.0162066,-1.2059967,0.0024,0.0132
R,C,119,-2.0303307,0.0162066,-1.1892737,0.0097,0.0285
R,D,119,-1.759079,0.0172,-0.8357432,0.0007,0.0066
R,E,119,-1.90345,0.0172,-1.014916,0.0018,0.0113
R,F,119,-1.8935127,0.0200886,-1.0019111,0.078,0.0897
R,G,119,-1.8363419,0.0211793,-0.9289995,0.0017,0.011
R,H,119,-1.9128151,0.0114485,-1.0272607,0.1232,0.1154
R,I,119,-1.7583504,0.0132218,-0.8348931,0.0343,0.0572
R,K,119,-1.5795975,0.0098886,-0.6432513,0.0345,0.0573
R,L,119,-1.9142494,0.0145284,-1.0291589,0.0119,0.0319
R,M,119,-2.0496902,0.0172,-1.2171845,0.0086,0.0267
R,N,119,-2.057846,0.0219,-1.2290424,0.0055,0.0208
R,P,119,-1.8928604,0.0172,-1.0010608,0.0005,0.0057
R,Q,119,-1.672802,0.0172,-0.738959,0.0015,0.0102
R,S,119,-1.8626366,0.0162066,-0.9621274,0.0017,0.0109
R,T,119,-1.9560966,0.0153217,-1.0854167,0.0155,0.0369
R,V,119,-1.9340057,0.0220323,-1.0555085,0.0174,0.0393
R,W,119,-1.8732147,0.0183398,-0.9756504,0.0273,0.0504
R,Y,119,-1.9880104,0.011467,-1.1294402,0.19,0.1464
E,A,120,-1.8857384,0.02058,-0.9918047,0.0049,0.0273
E,C,120,-2.0040321,0.0172,-1.1518993,0.0037,0.0233
E,D,120,-1.9707031,0.0155951,-1.1054469,0.0092,0.0386
E,F,120,-1.9046936,0.0172,-1.0165503,0.0047,0.0268
E,G,120,-1.5362282,0.0157351,-0.6018538,0.0036,0.023
E,H,120,-2.0154724,0.0172,-1.1680805,0.0057,0.0296
E,I,120,-1.7867737,0.0172,-0.868463,0.0018,0.0156
E,K,120,-2.0573502,0.0169113,-1.2283199,0.0359,0.0816
E,L,120,-1.8729477,0.0172,-0.9753077,0.0014,0.0136
E,M,120,-1.9196663,0.0172,-1.0363459,0.008,0.0357
E,N,120,-1.7878609,0.0172,-0.8697637,0.0061,0.0308
E,P,120,-1.8687744,0.0172,-0.9699603,0.0004,0.0069
E,Q,120,-1.8108025,0.0172,-0.8974944,0.0039,0.0239
E,R,120,-2.09169,0.0172,-1.2788687,0.0032,0.0217
E,S,120,-1.8371849,0.0172,-0.9300507,0.0055,0.0291
E,T,120,-2.1388092,0.0172,-1.3498588,0.0013,0.013
E,V,120,-1.8498573,0.0172,-0.9459401,0.0015,0.0141
E,W,120,-2.0039902,0.0172,-1.1518403,0.0097,0.0396
E,Y,120,-1.8427162,0.0172,-0.9369662,0.0063,0.0314
Q,A,121,-2.0381165,0.0161764,-1.2004583,0.0061,0.0251
Q,C,121,-1.7193832,0.0172,-0.7902402,0.0045,0.0214
Q,D,121,-1.732357,0.0172,-0.8049303,0.0046,0.0216
Q,E,121,-1.5459175,0.0161764,-0.6109305,0.005,0.0227
Q,F,121,-1.7017021,0.0152677,-0.7705053,0.0064,0.026
Q,G,121,-1.6582947,0.0161764,-0.7234566,0.0018,0.0127
Q,H,121,-1.5793533,0.0264199,-0.6430127,0.1005,0.1176
Q,I,121,-1.7143517,0.0152677,-0.7845907,0.0042,0.0205
Q,K,121,-1.8237648,0.011391,-0.9134014,0.0092,0.0316
Q,L,121,-1.707531,0.0137257,-0.7769749,0.0047,0.0219
Q,M,121,-1.6480141,0.0172,-0.7126059,0.0077,0.0286
Q,N,121,-1.8252983,0.0172,-0.9152946,0.006,0.025
Q,P,121,-1.8310165,0.0172,-0.9223753,0.0005,0.0061
Q,R,121,-1.6070251,0.0485632,-0.6704588,0.0601,0.0886
Q,S,121,-1.8526268,0.0172,-0.9494342,0.0159,0.0426
Q,T,121,-1.7427826,0.0161764,-0.816863,0.0142,0.0401
Q,V,121,-1.7805748,0.0161764,-0.8610702,0.0037,0.0191
Q,W,121,-1.9785576,0.0172,-1.116301,0.0116,0.0359
Q,Y,121,-1.8858299,0.0147,-0.9919233,0.0193,0.0475
L,A,122,-1.6061821,0.0172,-0.6696107,0.0018,0.0156
L,C,122,-2.0182228,0.0172,-1.1719885,0.0015,0.014
L,D,122,-2.0142517,0.0172,-1.1663482,0.0036,0.0226
L,E,122,-1.9996147,0.0172,-1.1456834,0.0018,0.0157
L,F,122,-1.7643661,0.0172,-0.841928,0.0078,0.0348
L,G,122,-1.9890022,0.0172,-1.1308236,0.0002,0.005
L,H,122,-1.8524933,0.0172,-0.9492656,0.0027,0.0194
L,I,122,-1.7141037,0.016186,-0.784313,0.1354,0.1668
L,K,122,-2.0606232,0.0172,-1.2330936,0.0024,0.0181
L,M,122,-1.5922661,0.0144788,-0.6557192,0.01,0.0397
L,N,122,-1.9358978,0.0172,-1.0580518,0.0011,0.0116
L,P,122,-2.0325851,0.0172,-1.1925066,0.0008,0.0099
L,Q,122,-1.7557297,0.0172,-0.8318402,0.0029,0.0201
L,R,122,-1.8173447,0.0172,-0.9055014,0.0005,0.0076
L,S,122,-1.7111664,0.0257887,-0.781028,0.02,0.0582
L,T,122,-1.9131737,0.0172,-1.0277351,0.0012,0.0126
L,V,122,-1.5419655,0.01764,-0.6072164,0.0144,0.0487
L,W,122,-1.7839088,0.0172,-0.8650414,0.0051,0.0275
L,Y,122,-1.956253,0.0172,-1.0856301,0.0014,0.0135
S,A,123,-2.027523,0.0154336,-1.1852536,0.0432,0.0531
S,C,123,-1.8543167,0.0192122,-0.9515701,0.052,0.0588
S,D,123,-1.9917374,0.0172,-1.1346435,0.0039,0.0141
S,E,123,-1.8293953,0.0172,-0.9203644,0.0252,0.0395
S,F,123,-2.0717926,0.0156689,-1.2494548,0.0609,0.0641
S,G,123,-1.9702492,0.0190211,-1.1048214,0.2574,0.1417
S,H,123,-2.2166557,0.0147,-1.4710671,0.0249,0.0392
S,I,123,-1.9116402,0.0122031,-1.0257073,0.0357,0.0478
S,K,123,-2.124298,0.0183549,-1.3277994,0.0118,0.0261
S,L,123,-1.8235703,0.0191678,-0.9131615,0.0156,0.0303
S,M,123,-1.8931465,0.0172,-1.0014337,0.0347,0.0471
S,N,123,-1.962265,0.0285241,-1.093851,0.0653,0.0667
S,P,123,-1.8739815,0.0172,-0.976635,0.0009,0.0062
S,Q,123,-1.9209747,0.0161921,-1.0380861,0.0388,0.05
S,R,123,-1.8988838,0.0075863,-1.0089281,0.0161,0.0309
S,T,123,-1.8898697,0.0110002,-0.9971678,0.0996,0.0841
S,V,123,-1.6217499,0.0131173,-0.6853944,0.0178,0.0326
S,W,123,-2.0619125,0.0172,-1.2349766,0.0054,0.0169
S,Y,123,-1.995327,0.0161921,-1.1396672,0.0251,0.0394
S,A,124,-1.8754349,0.0157061,-0.9785028,0.1021,0.0857
S,C,124,-2.3468437,0.0172,-1.6837427,0.0039,0.0142
S,D,124,-2.0742378,0.0144722,-1.2530511,0.0295,0.0433
S,E,124,-1.9829826,0.0195106,-1.1224413,0.0836,0.0768
S,F,124,-1.8409576,0.0313563,-0.9347641,0.0342,0.047
S,G,124,-1.8328362,0.0201485,-0.9246356,0.0983,0.084
S,H,124,-2.1391945,0.0161832,-1.3504469,0.0066,0.019
S,I,124,-2.075348,0.0137456,-1.2546856,0.0419,0.0525
S,K,124,-1.8354416,0.0161832,-0.9278776,0.002,0.0099
S,L,124,-1.8591232,0.0125921,-0.9576607,0.0515,0.0589
S,M,124,-2.22192,0.018336,-1.4794324,0.0341,0.0469
S,N,124,-2.0611992,0.0172,-1.2339346,0.0061,0.0182
S,P,124,-2.1196976,0.0143865,-1.3208422,0.0017,0.0089
S,Q,124,-1.9472237,0.0144722,-1.0733479,0.1098,0.0892
S,R,124,-1.7765694,0.0161832,-0.8563145,0.0216,0.0365
S,T,124,-1.9243622,0.0172056,-1.0425994,0.028,0.0421
S,V,124,-1.8259621,0.01528,-0.9161149,0.051,0.0585
S,W,124,-1.938652,0.0172,-1.0617602,0.0045,0.0155
S,Y,124,-2.0464592,0.0172,-1.2125031,0.0435,0.0536
V,A,125,-1.7485161,0.0220643,-0.8234739,0.1302,0.1264
V,C,125,-2.230156,0.0173678,-1.4925614,0.0219,0.0474
V,D,125,-2.0552483,0.0172,-1.2252592,0.0008,0.0079
V,E,125,-1.9017258,0.0161836,-1.0126525,0.0014,0.0103
V,F,125,-1.943325,0.0161836,-1.0680687,0.017,0.0413
V,G,125,-1.9653358,0.0172,-1.0980632,0.0008,0.0076
V,H,125,-1.8878479,0.0172,-0.9945411,0.0008,0.0076
V,I,125,-1.5232086,0.0130995,-0.5898128,0.259,0.1845
V,K,125,-1.8461647,0.0172,-0.9412933,0.0012,0.0098
V,L,125,-2.0297394,0.0149314,-1.1884265,0.0247,0.0507
V,M,125,-1.7954216,0.0161836,-0.8788428,0.0166,0.0408
V,N,125,-1.7718506,0.0172,-0.8507332,0.0012,0.0094
V,P,125,-1.7597122,0.0172,-0.8364823,0.0002,0.0036
V,Q,125,-1.8482742,0.0172,-0.9439462,0.0008,0.0076
V,R,125,-2.1419106,0.0161836,-1.3545958,0.0003,0.0046
V,S,125,-1.9322586,0.0218817,-1.0531631,0.0202,0.0454
V,T,125,-2.1305084,0.0172289,-1.337219,0.2489,0.1805
V,W,125,-1.8304176,0.0172,-0.9216321,0.0041,0.019
V,Y,125,-2.0999641,0.0254,-1.2911998,0.003,0.0159
S,A,126,-2.004486,0.0152926,-1.152539,0.0181,0.0316
S,C,126,-2.0745811,0.0172,-1.2535564,0.0021,0.0098
S,D,126,-1.9184074,0.0182297,-1.0346731,0.071,0.067
S,E,126,-1.931942,0.0137659,-1.0527384,0.0557,0.0586
S,F,126,-1.9914589,0.0161903,-1.1342543,0.0525,0.0568
S,G,126,-2.0824966,0.0186518,-1.265236,0.0348,0.0452
S,H,126,-1.9943619,0.0161903,-1.1383154,0.0043,0.0143
S,I,126,-1.9452171,0.0143677,-1.0706289,0.1213,0.0899
S,K,126,-1.8461876,0.0137659,-0.9413221,0.0345,0.045
S,L,126,-2.0657425,0.0224263,-1.2405789,0.1266,0.0921
S,M,126,-1.8935966,0.0203071,-1.0020204,0.0163,0.0298
S,N,126,-1.7631874,0.020969,-0.8405467,0.0195,0.0329
S,P,126,-1.8454285,0.0313179,-0.9403685,0.0025,0.0105
S,Q,126,-1.8009453,0.0147,-0.8855131,0.0627,0.0625
S,R,126,-1.9643898,0.0224416,-1.0967646,0.0498,0.0551
S,T,126,-2.0399551,0.0220253,-1.2031075,0.1356,0.0956
S,V,126,-1.8585663,0.0197457,-0.9569538,0.04,0.0489
S,W,126,-1.8916855,0.0172,-0.9995304,0.011,0.0241
S,Y,126,-2.1633224,0.0172,-1.3875116,0.039,0.0482
S,A,127,-2.0271034,0.0130842,-1.1846535,0.0462,0.0549
S,C,127,-2.0795898,0.0172,-1.2609406,0.0025,0.0109
S,D,127,-2.0654144,0.0153819,-1.2400985,0.097,0.0826
S,E,127,-2.0298424,0.0120105,-1.188574,0.0756,0.072
S,F,127,-2.0295944,0.0161832,-1.1882188,0.0263,0.0403
S,G,127,-1.9455299,0.023075,-1.0710525,0.0343,0.0467
S,H,127,-1.9888725,0.0172,-1.1306427,0.0121,0.0263
S,I,127,-2.1782646,0.0249,-1.4106983,0.0022,0.0102
S,K,127,-2.106041,0.0258931,-1.3002933,0.094,0.0812
S,L,127,-2.0478363,0.0211263,-1.2144973,0.0414,0.0517
S,M,127,-1.8995323,0.0172,-1.0097773,0.015,0.0295
S,N,127,-1.9398422,0.0132199,-1.0633649,0.0159,0.0306
S,P,127,-2.0465126,0.03024,-1.2125804,0.0016,0.0086
S,Q,127,-1.922432,0.0147,-1.0400264,0.2324,0.1335
S,R,127,-1.8785362,0.016993,-0.9824955,0.054,0.0599
S,T,127,-1.7615585,0.0178315,-0.8386401,0.0561,0.0611
S,V,127,-1.9864006,0.0152799,-1.1271968,0.0396,0.0505
S,W,127,-2.0042648,0.0172,-1.1522272,0.0046,0.0154
S,Y,127,-1.9240189,0.0161832,-1.0421415,0.0252,0.0394
L,A,128,-0.2165375,0.0144878,-0.0530064,0.149,0.1199
L,C,128,-0.3080368,0.0172,-0.0636596,0.0026,0.013
L,D,128,-0.2471161,0.0172,-0.0563579,0.0016,0.0099
L,E,128,-0.2768669,0.0172,-0.0598159,0.0008,0.0068
L,F,128,1.8292809,0.0197929,-0.0008038,0.0376,0.0562
L,G,128,-0.0906601,0.0172,-0.0411426,0.0108,0.0283
L,H,128,-0.3022118,0.0172,-0.0629235,0.0105,0.0278
L,I,128,-0.1144066,0.0197584,-0.0431617,0.0998,0.0962
L,K,128,-0.3046379,0.0172,-0.0632291,0.0032,0.0146
L,M,128,-0.2462997,0.0172,-0.0562658,0.1737,0.1304
L,N,128,-0.2962685,0.0172,-0.062181,0.0004,0.0046
L,P,128,-0.2844009,0.0172,-0.0607238,0.0006,0.0058
L,Q,128,-0.4051743,0.0172,-0.0772321,0.0042,0.0167
L,R,128,-0.2208023,0.0172,-0.0534619,0.0003,0.0037
L,S,128,-0.2043953,0.0266785,-0.0517301,0.0194,0.0391
L,T,128,-0.2138252,0.0249,-0.0527186,0.0637,0.0752
L,V,128,-0.2215157,0.0238937,-0.0535384,0.0453,0.0623
L,W,128,-0.2305527,0.0172,-0.0545177,0.089,0.0903
L,Y,128,-0.2721748,0.0172,-0.0592572,0.0129,0.0313
E,A,129,-1.6903038,0.02064,-0.7579579,0.0098,0.0297
E,C,129,-1.6071739,0.0172,-0.6706085,0.0017,0.0112
E,D,129,-1.6094627,0.0221827,-0.6729154,0.0877,0.0991
E,F,129,-1.7109413,0.0172,-0.7807766,0.0017,0.0112
E,G,129,-1.5129509,0.0202311,-0.5804513,0.0023,0.0134
E,H,129,-1.6301689,0.0194872,-0.6940374,0.0475,0.0708
E,I,129,-1.582058,0.0234071,-0.6456596,0.0127,0.0342
E,K,129,-1.15728,0.0139207,-0.3207287,0.02,0.044
E,L,129,-1.8102341,0.0172,-0.8968008,0.0062,0.0231
E,M,129,-1.8425522,0.0172,-0.9367607,0.0549,0.0766
E,N,129,-1.7366295,0.0172,-0.8098066,0.0079,0.0264
E,P,129,-1.7338295,0.0172,-0.8066087,0.0018,0.0116
E,Q,129,-1.7290115,0.0172,-0.8011253,0.0049,0.0202
E,R,129,-1.6419067,0.0172,-0.7062129,0.0013,0.0098
E,S,129,-1.6057243,0.0296643,-0.6691504,0.0315,0.0565
E,T,129,-1.6088066,0.0220519,-0.6722535,0.0439,0.0677
E,V,129,-1.7058716,0.0194872,-0.7751295,0.0296,0.0545
E,W,129,-1.8303757,0.0172,-0.9215802,0.0038,0.0176
E,Y,129,-1.669796,0.0172,-0.7357285,0.0111,0.0318
R,A,130,-1.4298286,0.0172,-0.5086228,0.0018,0.0158
R,C,130,-1.7746811,0.0172,-0.8540783,0.0047,0.0271
R,D,130,-1.6642265,0.0162293,-0.7297683,0.0046,0.0268
R,E,130,-1.5428543,0.0172,-0.6080503,0.0043,0.0258
R,F,130,-1.754467,0.0172,-0.8303718,0.0032,0.0218
R,G,130,-1.4546127,0.0153265,-0.5292939,0.0061,0.0313
R,H,130,-1.8341827,0.0172,-0.9263102,0.0042,0.0254
R,I,130,-1.489296,0.0153142,-0.5592822,0.008,0.0362
R,K,130,-0.5679245,0.0189317,-0.1064118,0.039,0.0865
R,L,130,-1.6815491,0.0172,-0.7484138,0.0012,0.0129
R,M,130,-1.6162491,0.0172,-0.6797879,0.0088,0.0382
R,N,130,-1.6549759,0.0172,-0.7199415,0.0028,0.0202
R,P,130,-1.7402573,0.0172,-0.8139622,0.0063,0.0319
R,Q,130,-1.63237,0.0172,-0.6963094,0.0026,0.0194
R,S,130,-1.6835365,0.0172,-0.7505733,0.0013,0.0134
R,T,130,-1.61969,0.0172,-0.6832912,0.0034,0.0225
R,V,130,-1.5676155,0.0172,-0.6316155,0.002,0.017
R,W,130,-1.7624702,0.0172,-0.8397069,0.0051,0.0281
R,Y,130,-1.6710739,0.0172,-0.7371006,0.0021,0.0173
F,A,131,-1.9048157,0.0172,-1.0167108,0.003,0.0192
F,C,131,-2.1690292,0.02064,-1.3963464,0.0039,0.0221
F,D,131,-2.190525,0.0172,-1.4298542,0.0058,0.0274
F,E,131,-1.9939461,0.0172,-1.1377332,0.0044,0.0236
F,G,131,-2.052929,0.0172,-1.2218864,0.0051,0.0256
F,H,131,-1.9306717,0.0172,-1.0510353,0.0042,0.0231
F,I,131,-1.7923203,0.014427,-0.8751116,0.025,0.0614
F,K,131,-2.067337,0.0172,-1.2429151,0.0044,0.0236
F,L,131,-2.089779,0.0115679,-1.2760289,0.0073,0.0312
F,M,131,-2.0779343,0.0172,-1.2584976,0.0079,0.0327
F,N,131,-2.0886917,0.0172,-1.2744146,0.0031,0.0193
F,P,131,-2.003521,0.0172,-1.1511792,0.0026,0.0177
F,Q,131,-1.9834213,0.0172,-1.1230511,0.0039,0.0222
F,R,131,-2.221367,0.0172,-1.4785527,0.0011,0.0111
F,S,131,-2.0788307,0.0176894,-1.2598201,0.0049,0.025
F,T,131,-1.9943581,0.0172,-1.13831,0.0031,0.0194
F,V,131,-1.9868393,0.01524,-1.1278079,0.0112,0.0396
F,W,131,-2.062664,0.0172,-1.2360749,0.0128,0.0426
F,Y,131,-2.0584984,0.02064,-1.2299934,0.0496,0.0896
E,A,132,-1.9062157,0.0158682,-1.0185527,0.035,0.0604
E,C,132,-1.7258301,0.0172,-0.7975178,0.0101,0.0306
E,D,132,-1.7689819,0.0153345,-0.8473514,0.0175,0.0412
E,F,132,-1.6397133,0.0172,-0.7039266,0.004,0.0184
E,G,132,-1.9293289,0.0296064,-1.0492367,0.0033,0.0166
E,H,132,-1.8318558,0.0172,-0.9234174,0.0032,0.0162
E,I,132,-1.9600449,0.0172,-1.0908112,0.0054,0.0217
E,K,132,-1.6726952,0.0238433,-0.738844,0.026,0.0513
E,L,132,-1.9826851,0.0172,-1.1220279,0.0092,0.029
E,M,132,-1.9692879,0.0172,-1.1034974,0.0095,0.0294
E,N,132,-1.72155,0.0172,-0.7926813,0.0159,0.0391
E,P,132,-1.9004974,0.0198206,-1.0110418,0.1073,0.1118
E,Q,132,-1.9568329,0.0145457,-1.0864216,0.0224,0.0473
E,R,132,-1.8336258,0.0172,-0.9256174,0.0021,0.0128
E,S,132,-1.8092384,0.0147,-0.8955866,0.0084,0.0275
E,T,132,-1.9328842,0.0172,-1.0540026,0.0145,0.0372
E,V,132,-1.9194298,0.0220348,-1.0360315,0.0299,0.0554
E,W,132,-2.2238426,0.0172,-1.4824927,0.0101,0.0306
E,Y,132,-1.9571838,0.0172,-1.0869007,0.0044,0.0194
I,A,133,-1.8261414,0.0151549,-0.9163365,0.0282,0.0561
I,C,133,-1.8410301,0.0172,-0.9348549,0.0111,0.0335
I,D,133,-1.8132019,0.0172,-0.9004259,0.0057,0.0234
I,E,133,-1.5524406,0.0172,-0.6170968,0.0053,0.0225
I,F,133,-1.8633766,0.0249,-0.9630698,0.0193,0.0456
I,G,133,-1.6315727,0.0172,-0.6954858,0.0021,0.0134
I,H,133,-1.813961,0.0172,-0.9013546,0.0036,0.018
I,K,133,-1.5417824,0.0203901,-0.6070447,0.007,0.0261
I,L,133,-1.3339882,0.0185169,-0.434505,0.1183,0.1235
I,M,133,-1.481636,0.0258049,-0.552552,0.1144,0.1212
I,N,133,-1.6457062,0.0172,-0.7101854,0.0101,0.0319
I,P,133,-1.6428337,0.0172,-0.7071807,0.0016,0.0114
I,Q,133,-1.6271706,0.0172,-0.6909507,0.0027,0.0154
I,R,133,-1.7845612,0.03784,-0.8658198,0.002,0.013
I,S,133,-1.6357613,0.0172,-0.6998201,0.0012,0.0098
I,T,133,-1.636425,0.0302812,-0.7005086,0.0043,0.0199
I,V,133,-1.2291794,0.0159641,-0.3636061,0.0168,0.0422
I,W,133,-1.4626808,0.0172,-0.536159,0.0127,0.0362
I,Y,133,-1.6707916,0.0172,-0.7367974,0.0081,0.0283
F,A,134,-1.9929962,0.0172,-1.1364039,0.0033,0.022
F,C,134,-1.8753204,0.0194816,-0.9783556,0.0083,0.0364
F,D,134,-2.0891953,0.0153719,-1.2751622,0.0073,0.0338
F,E,134,-2.0598373,0.0172,-1.2319465,0.0025,0.0189
F,G,134,-2.154045,0.0172,-1.3732045,0.0006,0.0083
F,H,134,-1.8516998,0.0172,-0.9482638,0.0023,0.0179
F,I,134,-2.0270119,0.0204347,-1.1845226,0.0061,0.0307
F,K,134,-1.9585495,0.0172,-1.0887663,0.0048,0.027
F,L,134,-1.932106,0.0280511,-1.0529584,0.0037,0.0233
F,M,134,-1.9608421,0.0172,-1.0919022,0.0618,0.1095
F,N,134,-1.8728409,0.0172,-0.9751706,0.0019,0.016
F,P,134,-2.1496162,0.0172,-1.3663989,0.0005,0.0078
F,Q,134,-2.0854454,0.0172,-1.2696008,0.0017,0.0152
F,R,134,-1.8183403,0.0172,-0.9067237,0.0007,0.0096
F,S,134,-1.7325745,0.0264544,-0.805178,0.0027,0.0195
F,T,134,-2.04319,0.0172,-1.2077758,0.0013,0.0129
F,V,134,-1.796814,0.02064,-0.8805213,0.0023,0.0179
F,W,134,-2.0518417,0.0172,-1.2203069,0.007,0.033
F,Y,134,-2.1396065,0.0138951,-1.3510758,0.0334,0.078
P,A,135,-1.8861084,0.0306262,-0.9922844,0.0186,0.0411
P,C,135,-1.8161049,0.0172,-0.9039806,0.001,0.0083
P,D,135,-2.0659142,0.0120886,-1.2408304,0.4721,0.2432
P,E,135,-1.8957558,0.0174026,-1.0048381,0.0745,0.0881
P,F,135,-2.068348,0.0172,-1.2443975,0.0049,0.0196
P,G,135,-1.9062653,0.0147524,-1.018618,0.0083,0.0264
P,H,135,-1.975071,0.0212213,-1.1114758,0.0048,0.0196
P,I,135,-1.9984665,0.0172,-1.1440707,0.0013,0.0095
P,K,135,-1.6396904,0.0201355,-0.7039028,0.061,0.0789
P,L,135,-2.047081,0.0164848,-1.2134033,0.0007,0.0068
P,M,135,-2.005371,0.0162986,-1.1537869,0.0014,0.0098
P,N,135,-1.9329338,0.0161423,-1.0540692,0.0733,0.0873
P,Q,135,-1.9482689,0.015487,-1.0747657,0.0287,0.0522
P,R,135,-2.1734657,0.015487,-1.4032324,0.0079,0.0256
P,S,135,-1.9679375,0.0225112,-1.1016389,0.0492,0.0702
P,T,135,-1.794548,0.0100545,-0.8777908,0.007,0.024
P,V,135,-2.006031,0.0162986,-1.1547179,0.0038,0.017
P,W,135,-1.9708939,0.0172,-1.1057099,0.0021,0.0125
P,Y,135,-1.9766006,0.0162986,-1.1135912,0.0047,0.0193
K,A,136,-1.2568893,0.0877868,-0.3813572,0.0578,0.0605
K,C,136,-1.763958,0.0208881,-0.8414496,0.0069,0.0188
K,D,136,-1.502449,0.1037716,-0.5709809,0.0399,0.0493
K,E,136,-1.2863426,0.0440753,-0.4009992,0.049,0.0553
K,F,136,-1.624466,0.0637202,-0.6881746,0.224,0.1274
K,G,136,-1.3703308,0.0386508,-0.461537,0.024,0.0373
K,H,136,-1.549099,0.0275199,-0.6139324,0.0078,0.0201
K,I,136,-1.2705917,0.0163533,-0.3903949,0.0064,0.0181
K,L,136,-1.5733109,0.067855,-0.6371274,0.0785,0.0716
K,M,136,-1.3297424,0.0361394,-0.431431,0.017,0.0309
K,N,136,-1.1598892,0.0525502,-0.3222066,0.0027,0.0112
K,P,136,-1.6469498,0.0616518,-0.711489,0.0267,0.0396
K,Q,136,-1.5385132,0.0305505,-0.6039854,0.0294,0.0417
K,R,136,-0.9542618,0.0264773,-0.2222459,0.0147,0.0285
K,S,136,-1.4562149,0.0334596,-0.5306519,0.0477,0.0545
K,T,136,-1.5368919,0.0566306,-0.6024724,0.0439,0.052
K,V,136,-1.4068146,0.0776948,-0.4899879,0.083,0.0738
K,W,136,-1.364315,0.0992562,-0.4569729,0.0312,0.0431
K,Y,136,-1.59441,0.0324422,-0.6578459,0.078,0.0714
E,A,137,-0.4977798,0.0241696,-0.0927353,0.157,0.118
E,C,137,-1.066433,0.0172,-0.2727601,0.0002,0.0029
E,D,137,-0.7427292,0.0139673,-0.1492456,0.1593,0.119
E,F,137,-1.1417313,0.0147996,-0.3120407,0.0086,0.024
E,G,137,-1.0496521,0.0190741,-0.2646145,0.0336,0.0506
E,H,137,-1.2985802,0.022323,-0.4093988,0.0205,0.0385
E,I,137,-0.8876343,0.0230856,-0.1963522,0.014,0.0312
E,K,137,-0.6696281,0.0177397,-0.1296707,0.0016,0.0096
E,L,137,-1.3540459,0.0216404,-0.4492642,0.0166,0.0343
E,M,137,-1.2234535,0.0172,-0.3600246,0.0227,0.0407
E,N,137,-0.9330025,0.0224193,-0.213669,0.1049,0.0946
E,P,137,-1.3204994,0.0147996,-0.424799,0.006,0.0196
E,Q,137,-1.2478752,0.02064,-0.375506,0.0074,0.022
E,R,137,-1.0501328,0.0172,-0.2648448,0.0002,0.0031
E,S,137,-1.2939072,0.0153646,-0.4061747,0.0734,0.0777
E,T,137,-0.7635689,0.0237578,-0.1553096,0.0522,0.0644
E,V,137,-1.17033,0.0110669,-0.3281782,0.0237,0.0418
E,W,137,-1.2649689,0.0163178,-0.3866653,0.0092,0.0248
E,Y,137,-1.080677,0.0172,-0.2798446,0.0064,0.0203
S,A,138,-1.4923592,0.0264785,-0.5619906,0.0589,0.063
S,C,138,-1.5751038,0.0179096,-0.6388697,0.0008,0.0059
S,D,138,-1.3844719,0.0147,-0.4724069,0.0116,0.0259
S,E,138,-1.2770576,0.016592,-0.39472,0.0487,0.0568
S,F,138,-1.497467,0.0193923,-0.5665286,0.0182,0.033
S,G,138,-1.3600578,0.0217033,-0.4537646,0.1536,0.1068
S,H,138,-1.6577911,0.0217382,-0.7229225,0.0152,0.03
S,I,138,-1.5787506,0.0102046,-0.6424239,0.0838,0.0765
S,K,138,-1.4613342,0.0171532,-0.5350085,0.0046,0.0154
S,L,138,-1.640213,0.0195201,-0.704447,0.0481,0.0564
S,M,138,-1.7044334,0.0219,-0.7735324,0.0442,0.0539
S,N,138,-1.0742035,0.0100725,-0.2766053,0.2743,0.1469
S,P,138,-1.5733185,0.0137411,-0.6371348,0.0086,0.0219
S,Q,138,-1.5327301,0.0323352,-0.5986011,0.0311,0.0444
S,R,138,-1.35606,0.0171919,-0.4507679,0.0117,0.026
S,T,138,-1.0771332,0.0111248,-0.2780672,0.0218,0.0365
S,V,138,-1.3784027,0.0250493,-0.4677174,0.0195,0.0343
S,W,138,-1.4934616,0.0172,-0.5629677,0.0242,0.0387
S,Y,138,-1.7137337,0.0157185,-0.7838987,0.055,0.0607
S,A,139,-1.5832939,0.0169977,-0.6468716,0.4262,0.2237
S,C,139,-1.8129005,0.0180308,-0.9000574,0.0024,0.013
S,D,139,-1.7948723,0.0172,-0.8781812,0.0005,0.0054
S,E,139,-1.7792778,0.0156867,-0.8595284,0.0004,0.0051
S,F,139,-1.9045715,0.0196902,-1.0163898,0.016,0.0368
S,G,139,-1.8217506,0.0181112,-0.9109184,0.0175,0.0387
S,H,139,-1.7906837,0.0239672,-0.8731465,0.0129,0.0326
S,I,139,-1.6765518,0.0265457,-0.7430022,0.0068,0.023
S,K,139,-1.6797104,0.02628,-0.7464196,0.0064,0.0222
S,L,139,-1.7255974,0.0185783,-0.7972544,0.0019,0.0115
S,M,139,-2.0459366,0.0147,-1.2117468,0.0246,0.0466
S,N,139,-1.7188606,0.0257168,-0.7896522,0.0144,0.0347
S,P,139,-1.582859,0.0224231,-0.6464449,0.0001,0.0026
S,Q,139,-2.013256,0.0173018,-1.1649363,0.0455,0.0653
S,R,139,-1.8521957,0.0198918,-0.9488898,0.0036,0.0161
S,T,139,-1.5917854,0.0197635,-0.655243,0.0903,0.0953
S,V,139,-1.785656,0.0164085,-0.8671271,0.0456,0.0655
S,W,139,-1.7621231,0.0083447,-0.8393006,0.2004,0.1477
S,Y,139,-1.8631172,0.0227598,-0.9627394,0.01,0.0284
W,A,140,-1.6829758,0.0172,-0.7499636,0.0009,0.0113
W,C,140,-2.0404282,0.0198823,-1.2037897,0.0071,0.0346
W,D,140,-1.9269485,0.0172,-1.0460527,0.0007,0.0099
W,E,140,-1.9819489,0.0172,-1.1210053,0.001,0.0118
W,F,140,-1.9260521,0.0172,-1.044855,0.1207,0.1646
W,G,140,-1.8391533,0.0242038,-0.9325081,0.0024,0.0193
W,H,140,-2.0131378,0.0172,-1.1647687,0.0044,0.0265
W,I,140,-1.958355,0.0172,-1.0885005,0.0006,0.0087
W,K,140,-1.6954651,0.0172,-0.7636225,0.0007,0.0098
W,L,140,-1.8125038,0.0172,-0.8995724,0.002,0.0173
W,M,140,-2.320301,0.02064,-1.6394395,0.0121,0.0464
W,N,140,-1.969677,0.0172,-1.1040332,0.0006,0.0086
W,P,140,-1.9921913,0.0172,-1.1352781,0.0002,0.0043
W,Q,140,-1.6363411,0.0172,-0.7004215,0.0008,0.0102
W,R,140,-1.8809547,0.0324642,-0.9856158,0.0007,0.0095
W,S,140,-1.9722977,0.0172,-1.1076458,0.0002,0.0054
W,T,140,-1.7190018,0.0172,-0.789811,0.0008,0.0103
W,V,140,-2.0145226,0.0172,-1.1667326,0.0013,0.0137
W,Y,140,-1.821537,0.0203511,-0.9106553,0.0681,0.1202
P,A,141,-1.6035995,0.0154391,-0.6670171,0.0136,0.0305
P,C,141,-1.7941246,0.0172,-0.8772812,0.0158,0.0331
P,D,141,-1.7380142,0.01524,-0.8113912,0.0093,0.0248
P,E,141,-1.8970985,0.0183882,-1.0065926,0.0898,0.0863
P,F,141,-2.1025352,0.0172,-1.2950434,0.0101,0.026
P,G,141,-2.0298233,0.0160639,-1.1885467,0.0251,0.0428
P,H,141,-1.7538414,0.0144605,-0.8296449,0.0018,0.01
P,I,141,-1.8263359,0.0375,-0.916577,0.0227,0.0405
P,K,141,-1.5158081,0.0172,-0.5830478,0.0059,0.0193
P,L,141,-1.8486023,0.037752,-0.9443592,0.0177,0.0353
P,M,141,-2.0559921,0.020565,-1.2263418,0.0859,0.0842
P,N,141,-1.8823586,0.0172,-0.9874298,0.0147,0.0318
P,Q,141,-1.921814,0.0172,-1.0392033,0.1446,0.1121
P,R,141,-1.9396858,0.0162729,-1.063154,0.0203,0.0381
P,S,141,-1.0730896,0.0303877,-0.2760512,0.0467,0.0602
P,T,141,-1.6477432,0.0138434,-0.7123215,0.0483,0.0613
P,V,141,-1.7461853,0.0286053,-0.8207823,0.0235,0.0413
P,W,141,-1.7762909,0.0172,-0.8559845,0.002,0.0108
P,Y,141,-1.6518822,0.0172,-0.7166753,0.0041,0.0158
N,A,142,-1.0706253,0.0172,-0.2748288,0.0004,0.0085
N,C,142,-1.2218704,0.0172,-0.3590396,0.0021,0.02
N,D,142,-0.7112122,0.0251596,-0.1404908,0.0034,0.0259
N,E,142,-1.3349457,0.0172,-0.4352007,0.0034,0.0261
N,F,142,-1.3293076,0.0172,-0.4311172,0.0005,0.0091
N,G,142,-1.4364815,0.0172,-0.51411,0.0017,0.0179
N,H,142,-1.3263168,0.0145204,-0.4289635,0.0089,0.0441
N,I,142,-1.2267876,0.0172,-0.3621065,0.0024,0.0213
N,K,142,-0.4386406,0.0093463,-0.0825237,0.0032,0.0253
N,L,142,-1.1355057,0.0406,-0.3086186,0.0031,0.0248
N,M,142,-1.4039574,0.0172,-0.4877117,0.0013,0.0152
N,P,142,-1.1735611,0.0172,-0.3300451,0.0022,0.0207
N,Q,142,-1.15382,0.0172,-0.3187778,0.0076,0.0406
N,R,142,-1.0880585,0.0172,-0.2835782,0.0012,0.0145
N,S,142,-1.4115562,0.0210007,-0.4937834,0.0044,0.0299
N,T,142,-1.0754776,0.0172,-0.2772403,0.0007,0.0113
N,V,142,-1.2682495,0.0172,-0.3888377,0.0009,0.0125
N,W,142,-1.233551,0.0172,-0.3663603,0.0036,0.0268
N,Y,142,-1.4531212,0.02064,-0.5280321,0.0048,0.0314
H,A,143,-2.0010147,0.0125975,-1.1476515,0.0037,0.0175
H,C,143,-2.0135727,0.0172,-1.1653853,0.0004,0.0055
H,D,143,-1.5600243,0.0172,-0.6243222,0.0019,0.0122
H,E,143,-1.7672653,0.0172,-0.8453319,0.0018,0.0119
H,F,143,-1.9199829,0.0162128,-1.0367669,0.0831,0.097
H,G,143,-1.9439201,0.0162128,-1.0688736,0.0001,0.0029
H,I,143,-1.9386063,0.02064,-1.0616986,0.0039,0.0179
H,K,143,-1.7675133,0.0172,-0.8456235,0.0005,0.0057
H,L,143,-1.8186035,0.0442276,-0.907047,0.0062,0.0234
H,M,143,-2.0702744,0.0145433,-1.2472245,0.0183,0.0422
H,N,143,-1.7833328,0.0084656,-0.8643545,0.0501,0.0735
H,P,143,-2.192688,0.0185079,-1.4332459,0.0002,0.0037
H,Q,143,-2.0258331,0.0162128,-1.1828375,0.0152,0.0381
H,R,143,-2.128212,0.0184597,-1.3337322,0.0019,0.0123
H,S,143,-2.2253838,0.011004,-1.4849479,0.0591,0.0804
H,T,143,-2.0440826,0.0153327,-1.2090656,0.0554,0.0776
H,V,143,-1.8330078,0.0170647,-0.9248489,0.0189,0.0429
H,W,143,-2.1170921,0.0172,-1.3169097,0.0044,0.0192
H,Y,143,-1.4842415,0.0068544,-0.5548344,0.4185,0.2359
T,A,144,-0.6944771,0.0520315,-0.1360388,0.0049,0.0249
T,C,144,-1.107254,0.0172,-0.2934898,0.0012,0.0116
T,D,144,-0.2414474,0.0172,-0.0557214,0.0101,0.037
T,E,144,-0.4767532,0.0163501,-0.0889734,0.0045,0.0239
T,F,144,-0.7725906,0.0172,-0.1580048,0.0024,0.0168
T,G,144,-0.7166481,0.0158444,-0.1419659,0.2615,0.2221
T,H,144,-0.9391518,0.0172,-0.2161188,0.0015,0.0129
T,I,144,-0.877739,0.0221714,-0.1927479,0.0091,0.0351
T,K,144,-0.7204857,0.0109191,-0.1430159,0.0772,0.1136
T,L,144,-1.1832542,0.0172,-0.3356994,0.001,0.0104
T,M,144,-0.7513924,0.0163501,-0.1517393,0.0026,0.0175
T,N,144,-0.4458313,0.0172,-0.0837052,0.001,0.0107
T,P,144,-0.7825165,0.0186964,-0.1610199,0.0019,0.0146
T,Q,144,-1.0009003,0.0172,-0.2421455,0.0024,0.0167
T,R,144,-0.6888733,0.0163501,-0.1345777,0.0006,0.0077
T,S,144,-0.0614815,0.0284294,-0.0387881,0.0122,0.0412
T,V,144,-0.5312157,0.0172,-0.0990316,0.0004,0.0064
T,W,144,-0.9883156,0.0172,-0.2366259,0.0018,0.0146
T,Y,144,-0.8621902,0.0163501,-0.1872055,0.0011,0.0108
F,A,145,0.3840485,0.0133126,-0.0156708,0.0566,0.0809
F,C,145,-0.1293106,0.0147,-0.0444781,0.0068,0.0252
F,D,145,0.2660103,0.0146322,-0.0199425,0.2304,0.175
F,E,145,0.130394,0.0095732,-0.0262871,0.5279,0.2761
F,G,145,0.0838242,0.0227669,-0.0288963,0.006,0.0235
F,H,145,0.1366272,0.0157827,-0.025956,0.0039,0.0187
F,I,145,0.981945,0.0159557,-0.0045974,0.0058,0.0231
F,K,145,0.1798019,0.0151582,-0.0237729,0.0007,0.0074
F,L,145,0.087738,0.0116125,-0.0286675,0.0032,0.0167
F,M,145,0.4499931,0.0179366,-0.0136936,0.0117,0.034
F,N,145,0.0964356,0.0249,-0.0281655,0.0169,0.0416
F,P,145,0.2497978,0.0157827,-0.0206129,0.0003,0.0043
F,Q,145,0.0177994,0.023909,-0.0330382,0.0079,0.0275
F,R,145,-0.0183411,0.0189393,-0.0355472,0.0008,0.0076
F,S,145,0.3804283,0.0175264,-0.0157872,0.0107,0.0324
F,T,145,0.7768745,0.0140466,-0.0070062,0.0029,0.0159
F,V,145,1.1107063,0.0140466,-0.0035281,0.0049,0.0211
F,W,145,0.0506859,0.0196481,-0.0309069,0.0258,0.0526
F,Y,145,0.008976,0.0156103,-0.0336342,0.0072,0.0261
N,A,146,-0.4485855,0.0110403,-0.0841621,0.0565,0.0632
N,C,146,-0.8001022,0.0172,-0.1664923,0.0021,0.0104
N,D,146,-0.2727165,0.272302,-0.0593214,0.0659,0.0688
N,E,146,-0.6101761,0.0125198,-0.1155512,0.0788,0.0759
N,F,146,-0.8551559,0.0086048,-0.184746,0.0678,0.0699
N,G,146,-0.5369759,0.0151814,-0.1001566,0.0323,0.0465
N,H,146,-0.851902,0.0065401,-0.1836183,0.0555,0.0626
N,I,146,-0.5190773,0.0133957,-0.0967001,0.0054,0.0173
N,K,146,-0.04422,0.008876,-0.037458,0.0059,0.0182
N,L,146,-0.7914619,0.0110924,-0.1637825,0.0068,0.0197
N,M,146,-0.6233444,0.0172,-0.1185478,0.023,0.0385
N,P,146,-0.7179756,0.0136705,-0.1423283,0.0127,0.0279
N,Q,146,-0.4882736,0.0119838,-0.0910161,0.2332,0.1378
N,R,146,-0.1840172,0.0080591,-0.0496551,0.018,0.0337
N,S,146,-0.4471741,0.014132,-0.0839276,0.0054,0.0175
N,T,146,0.091938,0.0180222,-0.028424,0.0064,0.019
N,V,146,-0.4686317,0.0047084,-0.0875598,0.0549,0.0622
N,W,146,-0.9109497,0.0162756,-0.2050868,0.0039,0.0145
N,Y,146,-0.6627045,0.0147905,-0.1279467,0.1953,0.125
G,A,147,-1.7675781,0.0147,-0.8456997,0.0397,0.0607
G,C,147,-1.7492561,0.0172,-0.8243297,0.0036,0.0161
G,D,147,-1.5703087,0.0172,-0.6342177,0.0257,0.0477
G,E,147,-2.0016823,0.0267125,-1.1485906,0.0207,0.0424
G,F,147,-2.0245552,0.0172,-1.1810121,0.0114,0.0305
G,H,147,-1.999691,0.0154774,-1.1457906,0.0246,0.0466
G,I,147,-1.7560425,0.0172,-0.8322042,0.0205,0.0421
G,K,147,-1.4895668,0.0154774,-0.5595212,0.0375,0.0588
G,L,147,-1.7760048,0.0172,-0.8556455,0.0134,0.0334
G,M,147,-1.6903648,0.0172,-0.7580247,0.0059,0.0214
G,N,147,-1.5083122,0.0172,-0.576254,0.0266,0.0486
G,P,147,-2.1031647,0.0172,-1.2959853,0.0069,0.0231
G,Q,147,-2.102581,0.0172,-1.2951119,0.0232,0.0451
G,R,147,-1.8132057,0.0170045,-0.9004306,0.0112,0.0302
G,S,147,-2.1541824,0.0147,-1.3734159,0.012,0.0314
G,T,147,-1.7998314,0.0147393,-0.8841655,0.0132,0.0331
G,V,147,-1.9106293,0.0172,-1.0243718,0.0139,0.034
G,W,147,-1.9790192,0.0172,-1.1169407,0.0224,0.0443
G,Y,147,-2.1773186,0.0147,-1.4092252,0.0086,0.0261
V,A,148,-0.7601662,0.0159289,-0.1543041,0.03,0.0503
V,C,148,-1.5534477,0.0172,-0.6180529,0.0003,0.0038
V,D,148,-1.1763725,0.0182997,-0.3316768,0.007,0.0226
V,E,148,-0.9449425,0.0168452,-0.2184489,0.0081,0.0245
V,F,148,-1.349575,0.0172,-0.4459404,0.0033,0.0151
V,G,148,-1.2588615,0.0122597,-0.3826473,0.005,0.0188
V,H,148,-1.3444824,0.0133047,-0.4421781,0.0174,0.0373
V,I,148,-1.364357,0.0417081,-0.4570046,0.3041,0.1797
V,K,148,-0.870369,0.0153969,-0.1901025,0.0352,0.0549
V,L,148,-1.3822594,0.0130622,-0.4706931,0.0085,0.0251
V,M,148,-1.3973923,0.0172,-0.4825127,0.014,0.0331
V,N,148,-1.1354523,0.0172,-0.3085894,0.0223,0.0427
V,P,148,-1.5152435,0.0162486,-0.582534,0.0041,0.0168
V,Q,148,-1.6434937,0.0153969,-0.7078703,0.0047,0.0181
V,R,148,-1.3656273,0.01463,-0.4579655,0.0314,0.0515
V,S,148,-1.3473129,0.2506315,-0.4442661,0.1162,0.1059
V,T,148,-0.8270454,0.249673,-0.1752087,0.2711,0.1687
V,W,148,-1.5359459,0.01463,-0.6015908,0.0014,0.0092
V,Y,148,-1.34301,0.0172,-0.4410951,0.0048,0.0185
T,A,149,-0.9772492,0.0152629,-0.2318647,0.0011,0.0133
T,C,149,-1.6952591,0.0172,-0.7633959,0.0024,0.0202
T,D,149,-1.5634499,0.0172,-0.6276059,0.0009,0.012
T,E,149,-1.3423653,0.0172,-0.4406215,0.0019,0.0176
T,F,149,-1.5173569,0.0172,-0.5844588,0.0005,0.0082
T,G,149,-1.2788048,0.0147,-0.3958954,0.0008,0.0113
T,H,149,-1.5766869,0.0172,-0.6404109,0.0046,0.0288
T,I,149,-1.3701286,0.010778,-0.461383,0.0042,0.0275
T,K,149,-1.0401115,0.0085304,-0.2600787,0.0017,0.0166
T,L,149,-1.550003,0.0172,-0.6147873,0.0003,0.0063
T,M,149,-1.268631,0.0172,-0.389091,0.0034,0.0247
T,N,149,-1.2742844,0.0172,-0.3928602,0.0026,0.0213
T,P,149,-1.6048508,0.0162516,-0.6682728,0.0012,0.0141
T,Q,149,-1.594387,0.0162516,-0.6578231,0.0012,0.0139
T,R,149,-1.3297195,0.0162516,-0.4314144,0.0003,0.007
T,S,149,-1.1963425,0.0042214,-0.3434635,0.802,0.4943
T,V,149,-1.144783,0.0172,-0.3137299,0.0013,0.0147
T,W,149,-1.6599464,0.0172,-0.7252103,0.0025,0.0207
T,Y,149,-1.5922813,0.0172,-0.6557342,0.0025,0.0209
V,A,150,0.9766274,0.0097076,-0.004648,0.3378,0.1957
V,C,150,-0.6468315,0.0172,-0.1240751,0.0008,0.0072
V,D,150,-0.4403839,0.0162615,-0.0828086,0.0018,0.011
V,E,150,-0.58675,0.0172,-0.1103961,0.0039,0.0169
V,F,150,-0.6290245,0.0141449,-0.1198629,0.108,0.1045
V,G,150,-0.3932152,0.0200579,-0.0754216,0.0131,0.0328
V,H,150,-0.5069428,0.0292707,-0.0944217,0.0056,0.0206
V,I,150,-0.5268135,0.015543,-0.0981799,0.0058,0.021
V,K,150,-0.3262253,0.0147,-0.0660118,0.0011,0.0082
V,L,150,-0.5457497,0.0076887,-0.1018935,0.0481,0.067
V,M,150,-0.4358788,0.0172,-0.0820741,0.0066,0.0225
V,N,150,-0.3292046,0.0162615,-0.0664051,0.0073,0.0238
V,P,150,-0.2668037,0.0154202,-0.0586238,0.0009,0.0074
V,Q,150,-0.404026,0.0123686,-0.0770565,0.1252,0.1134
V,R,150,-0.3377342,0.0172,-0.0675435,0.0003,0.0042
V,S,150,-0.6217918,0.011187,-0.1181907,0.2277,0.1576
V,T,150,0.1293335,0.0113202,-0.0263438,0.0234,0.0451
V,W,150,-0.6272507,0.0509725,-0.1194507,0.0516,0.0696
V,Y,150,-0.6159401,0.0446886,-0.1168539,0.019,0.0402
S,A,151,0.105587,0.0041433,-0.0276466,0.2944,0.1936
S,C,151,-1.0061951,0.0172,-0.2445017,0.0151,0.0378
S,D,151,-1.0221481,0.0172,-0.2517232,0.0058,0.0223
S,E,151,-0.8830223,0.0172,-0.1946648,0.0044,0.0191
S,F,151,-1.0463715,0.0154034,-0.2630471,0.0096,0.0294
S,G,151,-0.7771339,0.0162522,-0.1593783,0.0091,0.0287
S,H,151,-1.0106697,0.01764,-0.2465085,0.0117,0.0328
S,I,151,-1.095581,0.0172,-0.2874275,0.0016,0.0109
S,K,151,-1.0385704,0.0162522,-0.2593525,0.0121,0.0335
S,L,151,-1.101677,0.0123412,-0.2905798,0.122,0.1193
S,M,151,-1.3492966,0.0172,-0.445734,0.0237,0.0485
S,N,151,-0.8480339,0.0172,-0.1822859,0.0072,0.0251
S,P,151,-0.8506775,0.0164194,-0.1831955,0.0013,0.0097
S,Q,151,-0.9669342,0.0172,-0.2275036,0.0056,0.0219
S,R,151,-0.997982,0.0172,-0.2408555,0.0062,0.0233
S,T,151,-0.5165825,0.0264812,-0.0962275,0.0302,0.0554
S,V,151,-0.7719002,0.0172,-0.157797,0.0056,0.0219
S,W,151,-1.1264343,0.0162522,-0.3036897,0.0017,0.0113
S,Y,151,-0.888691,0.0172,-0.1967406,0.0037,0.0174
C,A,152,-1.8746529,0.0172,-0.9774976,0.0058,0.0294
C,D,152,-2.0778503,0.0172,-1.2583737,0.0046,0.0259
C,E,152,-2.1018257,0.016229,-1.2939822,0.0053,0.0279
C,F,152,-2.1788406,0.0124653,-1.4115957,0.0088,0.0371
C,G,152,-2.0070915,0.0184856,-1.1562148,0.0093,0.0382
C,H,152,-1.9585075,0.0172,-1.0887089,0.0024,0.0181
C,I,152,-2.3328476,0.0172,-1.660324,0.0009,0.0107
C,K,152,-2.1069984,0.0172,-1.3017288,0.0059,0.0298
C,L,152,-1.8870125,0.0172,-0.9934569,0.0028,0.0199
C,M,152,-2.1588783,0.0172,-1.3806496,0.003,0.0206
C,N,152,-1.8479652,0.0172,-0.9435573,0.0014,0.0136
C,P,152,-2.0266457,0.0147,-1.183999,0.0062,0.0306
C,Q,152,-1.7895813,0.0172,-0.8718244,0.0037,0.0229
C,R,152,-1.9912186,0.020424,-1.1339185,0.0029,0.02
C,S,152,-2.1955605,0.0145825,-1.4377555,0.01,0.0398
C,T,152,-1.90168,0.0172,-1.0125925,0.005,0.0273
C,V,152,-2.0217552,0.0172,-1.1770176,0.0039,0.0238
C,W,152,-2.190796,0.0172,-1.430279,0.0105,0.0409
C,Y,152,-1.9184914,0.018849,-1.0347847,0.0183,0.0553
S,A,153,-1.3085632,0.1223542,-0.4163559,0.0127,0.0264
S,C,153,-1.4959946,0.0482702,-0.5652176,0.002,0.0096
S,D,153,-1.4169235,0.0118161,-0.4981072,0.0054,0.0165
S,E,153,-1.595459,0.0062756,-0.6588883,0.092,0.0783
S,F,153,-1.4638901,0.3164314,-0.5371937,0.0132,0.027
S,G,153,-1.378933,0.2540227,-0.4681257,0.0792,0.0721
S,H,153,-1.4405937,0.1311075,-0.5175242,0.0241,0.0375
S,I,153,-1.3590584,0.3984215,-0.453014,0.0882,0.0765
S,K,153,-1.4020157,0.3442218,-0.4861695,0.0275,0.0403
S,L,153,-1.2645988,0.4005771,-0.3864208,0.0285,0.0411
S,M,153,-1.143673,0.0996122,-0.3131145,0.0091,0.022
S,N,153,-1.4019585,0.0561645,-0.4861241,0.1433,0.0999
S,P,153,-0.8466682,0.3673058,-0.1818176,0.13,0.0947
S,Q,153,-1.3538208,0.2960484,-0.4490964,0.0905,0.0776
S,R,153,-1.3802071,0.2911473,-0.4691078,0.0281,0.0408
S,T,153,-1.2405739,0.0915849,-0.370821,0.1149,0.0885
S,V,153,-1.3094101,0.2637084,-0.4169505,0.0382,0.0483
S,W,153,-1.4833145,0.1619307,-0.5540215,0.0038,0.0136
S,Y,153,-1.4451027,0.2396353,-0.5212878,0.0486,0.0551
H,A,154,-1.1131973,0.0257062,-0.2966184,0.1967,0.1225
H,C,154,-1.5884285,0.0143689,-0.6519244,0.0153,0.0301
H,D,154,-0.8965683,0.3153563,-0.1996586,0.1024,0.0856
H,E,154,-1.0689011,0.3101688,-0.2739763,0.0599,0.0637
H,F,154,-1.5623741,0.030116,-0.6265733,0.0066,0.0189
H,G,154,-1.3032074,0.0147,-0.4126117,0.0013,0.0077
H,I,154,-1.431694,0.02286,-0.5101568,0.0331,0.046
H,K,154,-0.5371742,0.0178951,-0.1001955,0.0071,0.0198
H,L,154,-1.200367,0.0466577,-0.3458809,0.0082,0.0214
H,M,154,-1.3400688,0.0115467,-0.438938,0.0547,0.0606
H,N,154,-1.5482979,0.0089544,-0.6131755,0.0358,0.048
H,P,154,-1.3901672,0.0166095,-0.476841,0.0013,0.0077
H,Q,154,-1.0656586,0.0149895,-0.2723794,0.0349,0.0474
H,R,154,-1.1418076,0.0205551,-0.3120828,0.0371,0.0489
H,S,154,-1.3520622,0.0345782,-0.447787,0.0638,0.066
H,T,154,-1.2226448,0.0317604,-0.3595212,0.1953,0.122
H,V,154,-1.4087944,0.0104772,-0.4915699,0.0812,0.0753
H,W,154,-1.3576736,0.0268024,-0.4519756,0.0217,0.0364
H,Y,154,-0.8170548,0.0194927,-0.1719289,0.0148,0.0296
R,A,155,0.2983666,0.0143027,-0.0186683,0.0521,0.0566
R,C,155,-0.3485184,0.0172,-0.0690098,0.0005,0.0043
R,D,155,-0.0803719,0.0384577,-0.0402969,0.0029,0.0115
R,E,155,-0.0667725,0.0152981,-0.039205,0.0497,0.0552
R,F,155,-0.5745392,0.0249,-0.107796,0.0163,0.0299
R,G,155,-0.1776581,0.0394758,-0.0490243,0.0519,0.0565
R,H,155,-0.2785416,0.0147,-0.0600166,0.0629,0.0628
R,I,155,-0.2945786,0.0100487,-0.0619715,0.0684,0.0657
R,K,155,0.431736,0.0134296,-0.0142147,0.0293,0.0413
R,L,155,-0.5015373,0.0316676,-0.0934234,0.0721,0.0677
R,M,155,-0.5012817,0.0172,-0.0933764,0.0283,0.0405
R,N,155,0.1945763,0.0161934,-0.0230683,0.0965,0.0795
R,P,155,-0.5218811,0.0152981,-0.097234,0.0002,0.0024
R,Q,155,0.2749558,0.0175556,-0.0195818,0.0823,0.0728
R,S,155,0.1552162,0.0143372,-0.0249928,0.0495,0.055
R,T,155,0.0594711,0.0106068,-0.0303608,0.0424,0.0506
R,V,155,-0.5075874,0.0095971,-0.0945415,0.0558,0.0588
R,W,155,-0.3105316,0.0202953,-0.0639773,0.0089,0.0214
R,Y,155,-0.5653915,0.0131027,-0.1058862,0.1787,0.1115
G,A,156,-1.8994026,0.245039,-1.0096074,0.1305,0.1028
G,C,156,-1.7056313,0.0172,-0.7748625,0.0045,0.0161
G,D,156,-1.7278519,0.1987288,-0.7998091,0.2133,0.1348
G,E,156,-1.3402481,0.1365243,-0.4390692,0.0659,0.0706
G,F,156,-1.9463081,0.0172,-1.0721068,0.0032,0.0134
G,H,156,-1.9499321,0.1515307,-1.0770239,0.0373,0.0517
G,I,156,-1.6079865,0.0172,-0.6714269,0.0011,0.0075
G,K,156,-1.6065559,0.0178524,-0.6699866,0.0444,0.0568
G,L,156,-1.9195633,0.0358771,-1.036209,0.0013,0.0081
G,M,156,-2.0312233,0.0201211,-1.1905532,0.0478,0.0592
G,N,156,-1.7496986,0.3040814,-0.8248416,0.0459,0.0579
G,P,156,-2.0352936,0.0172,-1.1963968,0.0008,0.0064
G,Q,156,-1.7282486,0.1930937,-0.8002592,0.1046,0.0911
G,R,156,-1.9946175,0.058776,-1.1386733,0.0075,0.0214
G,S,156,-1.9023895,0.3313104,-1.0135235,0.1435,0.1084
G,T,156,-1.6760063,0.116465,-0.7424131,0.0177,0.0343
G,V,156,-1.7059479,0.0172,-0.7752142,0.0068,0.0203
G,W,156,-2.0369072,0.0161896,-1.1987176,0.0085,0.023
G,Y,156,-2.0194817,0.0172,-1.1737795,0.0096,0.0245
K,A,157,-0.3321419,0.0966741,-0.066795,0.018,0.0325
K,C,157,-1.2330818,0.0172,-0.3660638,0.0009,0.0064
K,D,157,-1.0279007,0.3726512,-0.2543729,0.0683,0.0678
K,E,157,-0.7944069,0.3133705,-0.1647015,0.1176,0.0914
K,F,157,-1.2902374,0.2670018,-0.4036572,0.0087,0.0219
K,G,157,-1.0284119,0.2997895,-0.2546096,0.1086,0.0875
K,H,157,-1.1528969,0.2464936,-0.3182591,0.0566,0.0612
K,I,157,-0.8718643,0.4098116,-0.1906366,0.0596,0.0629
K,L,157,-0.9514809,0.3553238,-0.2211067,0.0225,0.0368
K,M,157,-0.9160156,0.1980642,-0.2070304,0.0613,0.0639
K,N,157,-0.8650322,0.2194093,-0.1882076,0.0396,0.0502
K,P,157,-1.2362175,0.0172,-0.3680487,0.0012,0.0074
K,Q,157,-1.1718712,0.3669765,-0.3290676,0.0436,0.053
K,R,157,-0.5042038,0.1805583,-0.0939146,0.0079,0.0208
K,S,157,-0.9633369,0.4100732,-0.2259999,0.0568,0.0613
K,T,157,-0.6876564,0.3637595,-0.1342623,0.234,0.1335
K,V,157,-1.0337105,0.3035737,-0.2570739,0.032,0.0447
K,W,157,-1.3543739,0.0172,-0.4495088,0.0025,0.0111
K,Y,157,-1.1608124,0.1733284,-0.3227309,0.0222,0.0365
S,A,158,-1.2624092,0.2244609,-0.3849771,0.2271,0.1399
S,C,158,-1.3030586,0.0154806,-0.4125081,0.0005,0.0051
S,D,158,-1.2570152,0.0172,-0.3814394,0.0135,0.0296
S,E,158,-0.9500618,0.0172,-0.2205274,0.0061,0.0192
S,F,158,-1.0828705,0.0233566,-0.2809496,0.0029,0.0127
S,G,158,-0.8809509,0.0251892,-0.1939112,0.0019,0.0101
S,H,158,-1.1528587,0.2391601,-0.3182376,0.0747,0.0759
S,I,158,-1.0325584,0.0493918,-0.2565363,0.0173,0.034
S,K,158,-0.6682396,0.0161818,-0.1293232,0.0521,0.0623
S,L,158,-1.1922836,0.2571971,-0.3410398,0.1381,0.1064
S,M,158,-1.108715,0.0467631,-0.2942562,0.058,0.066
S,N,158,-0.7026558,0.1074733,-0.1381979,0.0053,0.0176
S,P,158,-1.3642693,0.4537434,-0.4569384,0.1236,0.1001
S,Q,158,-1.2565765,0.0264459,-0.3811529,0.0426,0.0558
S,R,158,-0.6090279,0.0298396,-0.1152933,0.0058,0.0185
S,T,158,-0.9514809,0.099436,-0.2211067,0.1385,0.1066
S,V,158,-1.2110481,0.0120079,-0.3523658,0.0042,0.0157
S,W,158,-1.3924675,0.0161818,-0.478641,0.0034,0.0139
S,Y,158,-1.2196579,0.0185194,-0.3576668,0.04,0.0539
S,A,159,-1.8469315,0.0138632,-0.9422571,0.094,0.0907
S,C,159,-1.7796059,0.01764,-0.8599183,0.0013,0.0086
S,D,159,-1.7252808,0.184169,-0.796896,0.0737,0.0794
S,E,159,-1.6611481,0.0821832,-0.7264881,0.176,0.1281
S,F,159,-2.047371,0.0172,-1.2138233,0.0027,0.0128
S,G,159,-1.4714851,0.0175275,-0.543727,0.2277,0.1476
S,H,159,-2.068367,0.013216,-1.2444253,0.0764,0.081
S,I,159,-1.745594,0.0190539,-0.8201004,0.0011,0.0078
S,K,159,-1.8780365,0.0172,-0.9818516,0.0256,0.0444
S,L,159,-1.8290329,0.0147,-0.9199153,0.0046,0.0172
S,M,159,-1.7276611,0.0147,-0.7995927,0.0133,0.031
S,N,159,-1.3857765,0.0098416,-0.4734198,0.0142,0.0321
S,P,159,-1.7191353,0.0161789,-0.7899612,0.0011,0.0077
S,Q,159,-1.8176498,0.0145864,-0.9058758,0.0962,0.0919
S,R,159,-1.7998314,0.0117203,-0.8841655,0.002,0.011
S,T,159,-1.7143784,0.0190591,-0.7846206,0.0576,0.0693
S,V,159,-1.864048,0.0161789,-0.9639253,0.0009,0.0068
S,W,159,-1.9411964,0.0172,-1.0651925,0.004,0.0161
S,Y,159,-1.8267059,0.0161789,-0.9170345,0.0016,0.0098
F,A,160,-2.092102,0.0172,-1.2794813,0.0028,0.0216
F,C,160,-1.9313087,0.0152716,-1.0518891,0.0037,0.0254
F,D,160,-1.8951378,0.0172,-1.0040312,0.0033,0.0237
F,E,160,-1.7338715,0.0172,-0.8066566,0.0014,0.0146
F,G,160,-1.7805443,0.0161786,-0.8610339,0.0022,0.0193
F,H,160,-2.0002174,0.0172,-1.1465304,0.0082,0.0394
F,I,160,-1.7161026,0.0152716,-0.7865537,0.0011,0.0128
F,K,160,-1.9204903,0.0172,-1.0374417,0.0013,0.0145
F,L,160,-2.1166039,0.0147608,-1.3161735,0.0013,0.0143
F,M,160,-2.0041199,0.0147,-1.152023,0.0416,0.0961
F,N,160,-1.8153801,0.0172,-0.9030923,0.0015,0.0157
F,P,160,-1.9039116,0.02064,-1.0155224,0.0012,0.0136
F,Q,160,-1.8546982,0.0172,-0.9520526,0.0008,0.0113
F,R,160,-1.7891426,0.0172,-0.8712987,0.0009,0.0114
F,S,160,-1.8746529,0.0172516,-0.9774976,0.0023,0.0195
F,T,160,-1.6906204,0.0172,-0.7583045,0.0014,0.0147
F,V,160,-1.8414078,0.0154751,-0.9353276,0.0064,0.0343
F,W,160,-1.9711647,0.0172,-1.1060832,0.0069,0.0357
F,Y,160,-1.8285141,0.0172,-0.9192726,0.0084,0.0399
Y,A,161,-1.7065125,0.0172,-0.7758419,0.0005,0.0081
Y,C,161,-1.9319649,0.015141,-1.0527691,0.0035,0.0242
Y,D,161,-1.696991,0.0172,-0.7653026,0.0062,0.0331
Y,E,161,-1.8253975,0.0172,-0.9154172,0.005,0.0294
Y,F,161,-1.7634811,0.0271781,-0.8408907,0.1241,0.1718
Y,G,161,-1.6814575,0.0172,-0.7483144,0.0006,0.009
Y,H,161,-1.8516502,0.0306844,-0.9482012,0.0125,0.0487
Y,I,161,-1.5841866,0.0172,-0.6477481,0.0011,0.0126
Y,K,161,-1.887207,0.0172,-0.9937093,0.0006,0.0091
Y,L,161,-1.6582375,0.0172,-0.7233959,0.0009,0.0113
Y,M,161,-1.7306824,0.0172,-0.8030242,0.0024,0.0197
Y,N,161,-1.696167,0.0137276,-0.7643951,0.0017,0.0164
Y,P,161,-2.014431,0.0172,-1.1666026,0.001,0.0122
Y,Q,161,-1.7172661,0.0172,-0.7878598,0.0029,0.0218
Y,R,161,-1.8234978,0.0172,-0.913072,0.0005,0.0078
Y,S,161,-1.7861748,0.0152688,-0.867747,0.0009,0.0113
Y,T,161,-1.7495918,0.016177,-0.8247181,0.0029,0.0218
Y,V,161,-1.7556,0.0172,-0.8316893,0.0006,0.0095
Y,W,161,-1.9404259,0.0172,-1.0641524,0.0071,0.0356
R,A,162,-1.540638,0.0172,-0.6059725,0.0033,0.0174
R,C,162,-1.8037682,0.0172,-0.8889341,0.0043,0.0203
R,D,162,-1.6399269,0.0172,-0.704149,0.0022,0.0141
R,E,162,-1.3576698,0.0161756,-0.4519727,0.0043,0.0202
R,F,162,-1.368763,0.0172,-0.4603441,0.0011,0.0093
R,G,162,-1.682991,0.0307851,-0.7499801,0.008,0.0284
R,H,162,-1.660778,0.0161756,-0.7260944,0.124,0.1286
R,I,162,-1.4706917,0.0172,-0.5430417,0.0009,0.0086
R,K,162,-0.6428108,0.010031,-0.1231121,0.1687,0.1523
R,L,162,-1.5433273,0.0172,-0.6084944,0.0005,0.0061
R,M,162,-1.5982132,0.0172,-0.6616307,0.0032,0.0173
R,N,162,-1.4029655,0.0222563,-0.4869234,0.1153,0.1235
R,P,162,-1.7058563,0.0172,-0.7751124,0.0005,0.0063
R,Q,162,-1.287384,0.0172,-0.4017085,0.0046,0.0211
R,S,162,-1.4297295,0.0192184,-0.5085414,0.063,0.0886
R,T,162,-1.0596886,0.0144539,-0.2694604,0.0073,0.0271
R,V,162,-1.623127,0.0172,-0.686803,0.0006,0.0072
R,W,162,-1.8369102,0.0172,-0.9297081,0.0024,0.0146
R,Y,162,-1.4706917,0.0161756,-0.5430417,0.0032,0.0173
N,A,163,-1.8902168,0.0172,-0.9976192,0.0007,0.0109
N,C,163,-1.954361,0.0172,-1.0830501,0.0022,0.0205
N,D,163,-1.6930084,0.0274986,-0.7609227,0.0081,0.0423
N,E,163,-1.518467,0.0172,-0.5854717,0.0015,0.0166
N,F,163,-1.728096,0.0172,-0.8000861,0.0009,0.0126
N,G,163,-1.6697578,0.0172,-0.7356875,0.0004,0.008
N,H,163,-1.9696541,0.0130829,-1.1040017,0.0072,0.0398
N,I,163,-1.5848465,0.0226542,-0.6483965,0.0038,0.0278
N,K,163,-1.7771072,0.0144073,-0.8569521,0.0104,0.0486
N,L,163,-1.7620201,0.0172,-0.8391801,0.0001,0.0046
N,M,163,-1.7931824,0.0172,-0.8761478,0.0019,0.0193
N,P,163,-1.882019,0.0172,-0.9869908,0.0003,0.0075
N,Q,163,-1.7412834,0.0172,-0.8151401,0.0016,0.0176
N,R,163,-1.6621246,0.0161816,-0.7275275,0.0002,0.0061
N,S,163,-1.3548279,0.0174793,-0.4498476,0.0055,0.0344
N,T,163,-1.6924782,0.0137407,-0.7603409,0.013,0.055
N,V,163,-1.788578,0.0172,-0.8706223,0.0005,0.0095
N,W,163,-1.7841072,0.0172,-0.8652781,0.0026,0.0225
N,Y,163,-2.0061378,0.0172,-1.1548686,0.0019,0.019
L,A,164,-1.8687973,0.0172,-0.9699896,0.0003,0.0052
L,C,164,-1.6924629,0.0172,-0.7603241,0.0043,0.0234
L,D,164,-1.9165344,0.0172,-1.0321871,0.0014,0.0126
L,E,164,-1.6526337,0.0172,-0.7174678,0.0012,0.0113
L,F,164,-1.9359436,0.0154605,-1.0581134,0.0177,0.0507
L,G,164,-1.7672539,0.0172,-0.8453185,0.0008,0.0095
L,H,164,-1.9705963,0.0172,-1.1052997,0.0013,0.0119
L,I,164,-1.3449783,0.0109466,-0.4425434,0.2185,0.2022
L,K,164,-1.9929504,0.0172,-1.1363398,0.0017,0.0141
L,M,164,-1.6027756,0.0234064,-0.6661912,0.0613,0.1005
L,N,164,-1.7289162,0.0172,-0.8010171,0.0016,0.0137
L,P,164,-1.7258492,0.0172,-0.7975395,0.0007,0.0086
L,Q,164,-1.8394814,0.0172,-0.9329181,0.0015,0.0131
L,R,164,-1.7904587,0.0172,-0.8728766,0.0003,0.0053
L,S,164,-1.7111893,0.0279913,-0.7810536,0.0031,0.0194
L,T,164,-1.9899216,0.0172,-1.1321069,0.0005,0.0071
L,V,164,-1.7225647,0.0073726,-0.7938262,0.0518,0.0916
L,W,164,-1.8247185,0.0172,-0.9145785,0.0068,0.03
L,Y,164,-1.8897438,0.0172,-0.9970042,0.0009,0.0096
L,A,165,-1.3402405,0.0172,-0.4390637,0.0253,0.0496
L,C,165,-1.5460129,0.0172,-0.6110203,0.0039,0.0178
L,D,165,-1.4942207,0.0172,-0.5636413,0.0049,0.0202
L,E,165,-1.4021072,0.0220175,-0.4862421,0.0064,0.0232
L,F,165,-1.3671646,0.0172,-0.4591304,0.0711,0.0874
L,G,165,-1.5784645,0.0152615,-0.6421446,0.0201,0.0436
L,H,165,-1.3708,0.0144473,-0.4618945,0.0271,0.0514
L,I,165,-0.6750412,0.0114986,-0.1310337,0.0173,0.0401
L,K,165,-1.5996704,0.0172,-0.6630849,0.004,0.018
L,M,165,-0.9533119,0.0172,-0.2218562,0.0101,0.0299
L,N,165,-1.2830925,0.0161728,-0.3987921,0.0189,0.0422
L,P,165,-1.4812508,0.0224001,-0.5522152,0.0009,0.0079
L,Q,165,-1.34552,0.0220175,-0.4429426,0.0063,0.023
L,R,165,-1.2438583,0.0172,-0.3729225,0.0027,0.0145
L,S,165,-1.3946953,0.0237779,-0.4803894,0.0082,0.0267
L,T,165,-1.5097885,0.0172,-0.5775874,0.0015,0.0103
L,V,165,-1.0770912,0.0458468,-0.2780462,0.1986,0.1538
L,W,165,-1.47089,0.0172,-0.5432129,0.0061,0.0228
L,Y,165,-1.4595985,0.0172,-0.5335284,0.0267,0.051
W,A,166,-2.0925293,0.0172,-1.2801168,0.0011,0.0145
W,C,166,-1.8792152,0.0152081,-0.983371,0.0064,0.0385
W,D,166,-1.7074394,0.0172,-0.7768729,0.0013,0.0163
W,E,166,-1.932087,0.0172,-1.0529329,0.0023,0.0219
W,F,166,-2.0376892,0.0152588,-1.1998431,0.0031,0.0257
W,G,166,-2.0621643,0.0161713,-1.2353445,0.0013,0.0162
W,H,166,-1.6362724,0.0172,-0.7003502,0.0028,0.0247
W,I,166,-1.7585602,0.0172,-0.8351378,0.0006,0.0102
W,K,166,-1.7208176,0.0172,-0.7918556,0.0008,0.0119
W,L,166,-1.9072113,0.0172,-1.0198637,0.0016,0.0177
W,M,166,-1.8191795,0.0172,-0.9077548,0.0053,0.0348
W,N,166,-1.7731247,0.0172,-0.8522379,0.0008,0.0126
W,P,166,-2.065319,0.0161713,-1.2399588,0.0015,0.0174
W,Q,166,-1.9356728,0.0161713,-1.0577492,0.0012,0.0154
W,R,166,-1.8338966,0.0259667,-0.9259542,0.0136,0.0583
W,S,166,-1.8496742,0.01764,-0.9457093,0.0024,0.0223
W,T,166,-1.9761543,0.0172,-1.1129738,0.0011,0.0146
W,V,166,-1.6887016,0.0172,-0.7562052,0.0009,0.0132
W,Y,166,-2.1727753,0.0172,-1.4021598,0.0007,0.0112
L,A,167,-1.5857048,0.0172,-0.6492406,0.0013,0.013
L,C,167,-1.4588737,0.0172,-0.5329112,0.0025,0.0184
L,D,167,-1.4544868,0.0172,-0.5291873,0.0005,0.0079
L,E,167,-1.3529243,0.0172,-0.4484285,0.0011,0.0114
L,F,167,-1.3383713,0.0172,-0.4376968,0.0003,0.0053
L,G,167,-1.4743118,0.0172,-0.5461738,0.0003,0.0056
L,H,167,-1.5641708,0.0172,-0.6282985,0.0003,0.0052
L,I,167,-0.5520744,0.0186431,-0.1031633,0.2173,0.2136
L,K,167,-1.260437,0.0172,-0.3836805,0.0007,0.0091
L,M,167,-1.1510963,0.0086609,-0.3172492,0.0052,0.0273
L,N,167,-1.444004,0.0172,-0.5203688,0.0011,0.0119
L,P,167,-1.511158,0.0317513,-0.5788263,0.0041,0.024
L,Q,167,-1.2439613,0.0219678,-0.3729885,0.0018,0.0155
L,R,167,-1.2262421,0.01764,-0.3617652,0.0002,0.0051
L,S,167,-1.5965385,0.0172,-0.6599622,0.0001,0.0028
L,T,167,-1.1326065,0.0172,-0.307036,0.0041,0.024
L,V,167,-1.0422592,0.017635,-0.2610938,0.4566,0.3212
L,W,167,-1.5746727,0.0172,-0.6384505,0.0016,0.0142
L,Y,167,-1.303608,0.0172,-0.4128908,0.0007,0.0093
T,A,168,-1.3753815,0.0161076,-0.4653966,0.0081,0.0243
T,C,168,-1.3488312,0.0172,-0.4453893,0.0124,0.0308
T,D,168,-1.296032,0.0172,-0.4076381,0.0039,0.0162
T,E,168,-1.2392426,0.0152757,-0.3699719,0.0072,0.0229
T,F,168,-1.4127731,0.0172,-0.4947612,0.0132,0.0318
T,G,168,-1.2660446,0.0124827,-0.3873765,0.0472,0.0643
T,H,168,-1.4047813,0.0172,-0.4883672,0.0088,0.0256
T,I,168,-1.1521797,0.0172,-0.3178565,0.0153,0.0346
T,K,168,-1.4269218,0.0119995,-0.5062395,0.0167,0.0362
T,L,168,-1.1545792,0.0101605,-0.319205,0.1015,0.0978
T,M,168,-1.4347916,0.0226679,-0.5127119,0.0201,0.0402
T,N,168,-1.3453598,0.0172,-0.4428245,0.0075,0.0234
T,P,168,-1.6251755,0.0172,-0.6889021,0.0002,0.0034
T,Q,168,-1.4364662,0.0172,-0.5140973,0.0709,0.0803
T,R,168,-1.1783676,0.0185064,-0.3328388,0.0135,0.0322
T,S,168,-1.2927818,0.0152757,-0.4054013,0.0349,0.0544
T,V,168,-0.6000099,0.0172,-0.1132867,0.0118,0.0299
T,W,168,-1.4148407,0.0172,-0.4964259,0.0023,0.0122
T,Y,168,-1.6379623,0.0161809,-0.7021051,0.1245,0.1095
K,A,169,-0.8009224,0.2470847,-0.1667516,0.246,0.1452
K,C,169,-1.0969315,0.09324,-0.2881233,0.0155,0.0318
K,D,169,-0.6007652,0.0172,-0.1134535,0.0002,0.003
K,E,169,0.3328743,0.0922396,-0.0173982,0.0503,0.0606
K,F,169,-0.9002991,0.0172,-0.2010542,0.0018,0.0097
K,G,169,-0.5264893,0.1412174,-0.0981175,0.081,0.0789
K,H,169,-0.8008499,0.0542559,-0.1667287,0.023,0.0394
K,I,169,-0.888073,0.0334209,-0.1965134,0.0073,0.021
K,L,169,-1.0122032,0.0705697,-0.2471997,0.0193,0.0358
K,M,169,-0.8391952,0.0997616,-0.1792743,0.0365,0.0508
K,N,169,-0.8061714,0.1915425,-0.1684202,0.0128,0.0286
K,P,169,-1.0899239,0.0338983,-0.2845286,0.0008,0.0063
K,Q,169,-0.6329536,0.1555389,-0.1207806,0.075,0.0756
K,R,169,-0.4981384,0.0161811,-0.0928008,0.0532,0.0626
K,S,169,-0.5303955,0.2119975,-0.0988724,0.1364,0.105
K,T,169,-0.933773,0.2635076,-0.2139746,0.0754,0.0758
K,V,169,-0.8017082,0.258609,-0.1670004,0.0799,0.0782
K,W,169,-0.5990486,0.0172,-0.1130748,0.0013,0.0082
K,Y,169,-1.132267,0.02408,-0.3068511,0.0002,0.0031
K,A,170,-1.4039688,0.0069867,-0.4877207,0.1692,0.1088
K,C,170,-1.5649033,0.016173,-0.6290028,0.0038,0.0135
K,D,170,-0.9725532,0.0105198,-0.2298701,0.0264,0.0391
K,E,170,-1.0558815,0.0130783,-0.2676132,0.0454,0.0528
K,F,170,-1.2561226,0.0147,-0.3808566,0.0345,0.0454
K,G,170,-1.3017235,0.0114057,-0.4115792,0.0112,0.0244
K,H,170,-1.7540321,0.008026,-0.8298664,0.0298,0.0418
K,I,170,-1.3762817,0.0124546,-0.4660871,0.017,0.0308
K,L,170,-1.3909073,0.0115194,-0.4774195,0.0459,0.0531
K,M,170,-1.2338905,0.0083764,-0.3665749,0.1257,0.0924
K,N,170,-1.4792213,0.009399,-0.550443,0.0505,0.056
K,P,170,-1.3625069,0.0172,-0.4556081,0.0007,0.0053
K,Q,170,-1.1521568,0.0109448,-0.3178436,0.0253,0.0383
K,R,170,-1.0719147,0.011929,-0.2754678,0.1094,0.0856
K,S,170,-1.1170044,0.0031386,-0.2986376,0.0672,0.0655
K,T,170,-1.3111229,0.0108458,-0.4181551,0.0226,0.0359
K,V,170,-1.3658447,0.0101265,-0.4581301,0.0117,0.0251
K,W,170,-1.3808517,0.0152617,-0.4696053,0.0147,0.0284
K,Y,170,-1.5630188,0.0114057,-0.6271919,0.0918,0.0777
G,A,171,-0.0228539,0.0171328,-0.0358734,0.0474,0.0587
G,C,171,-0.7888107,0.0172,-0.1629592,0.0005,0.0047
G,D,171,0.1132393,0.4388272,-0.02722,0.1181,0.097
G,E,171,-0.0392609,0.432895,-0.0370842,0.0723,0.0741
G,F,171,-0.6165543,0.3963825,-0.1169936,0.0502,0.0606
G,H,171,-0.624794,0.2131006,-0.1188821,0.0141,0.0302
G,I,171,-0.6043968,0.0406,-0.1142587,0.0032,0.0132
G,K,171,-0.4479332,0.0406,-0.0840536,0.0052,0.0174
G,L,171,-0.2374496,0.1685511,-0.0552767,0.0684,0.0719
G,M,171,-0.4328079,0.0161762,-0.081577,0.0254,0.0416
G,N,171,0.4572525,0.6008133,-0.0134916,0.2378,0.1425
G,P,171,-0.5714874,0.0172,-0.1071553,0.0005,0.0048
G,Q,171,-0.5124588,0.2076496,-0.095451,0.1106,0.0936
G,R,171,-0.0018044,0.0630568,-0.0343767,0.0007,0.0057
G,S,171,-0.4895401,0.2724561,-0.0912434,0.0966,0.0868
G,T,171,-0.2022476,0.049188,-0.0515074,0.0405,0.0539
G,V,171,-0.466198,0.0406,-0.0871404,0.0046,0.0162
G,W,171,-0.8422356,0.0290012,-0.1803051,0.002,0.0103
G,Y,171,-0.7591744,0.1062309,-0.1540122,0.0219,0.0384
D,A,172,-0.1047134,0.0144955,-0.0423261,0.0238,0.0501
D,C,172,-0.5426674,0.0172,-0.1012801,0.0006,0.0065
D,E,172,-0.1811905,0.0157234,-0.0493737,0.5737,0.2879
D,F,172,-0.6072159,0.0172,-0.1148874,0.0006,0.0066
D,G,172,0.6400261,0.0117653,-0.0092777,0.0033,0.0169
D,H,172,-0.4489365,0.0152593,-0.0842204,0.0053,0.022
D,I,172,-0.4308395,0.0147,-0.0812599,0.0357,0.0625
D,K,172,-0.519661,0.0172,-0.096811,0.0007,0.0071
D,L,172,-0.5673523,0.0161717,-0.1062929,0.0037,0.0181
D,M,172,-0.555294,0.0172,-0.1038155,0.0101,0.0312
D,N,172,-0.053875,0.0134483,-0.0381963,0.0183,0.0434
D,P,172,-0.5721321,0.0307411,-0.1072903,0.0261,0.0527
D,Q,172,-0.4350624,0.0147,-0.0819417,0.0147,0.0384
D,R,172,-0.4240265,0.0172,-0.0801715,0.0002,0.0034
D,S,172,-0.0160599,0.0085257,-0.0353835,0.0279,0.0546
D,T,172,-0.1403542,0.0094186,-0.0454788,0.0429,0.0692
D,V,172,-0.3807869,0.014597,-0.0735833,0.0205,0.0461
D,W,172,-0.6566811,0.0172,-0.1264644,0.0007,0.0071
D,Y,172,-0.6517143,0.0165302,-0.1252542,0.0049,0.0211
S,A,173,-1.4974098,0.022304,-0.5664776,0.0095,0.0243
S,C,173,-1.6967583,0.0172,-0.7650463,0.0001,0.0018
S,D,173,-1.5848427,0.0220588,-0.6483928,0.2067,0.1322
S,E,173,-1.7468529,0.017853,-0.8215527,0.1434,0.1081
S,F,173,-1.7867203,0.0137166,-0.8683992,0.0523,0.0621
S,G,173,-1.6553421,0.0129928,-0.7203288,0.0072,0.021
S,H,173,-1.6005287,0.0251107,-0.6639425,0.0414,0.0546
S,I,173,-1.1690712,0.0170268,-0.3274533,0.015,0.0312
S,K,173,-1.4216766,0.0172,-0.5019606,0.0005,0.0046
S,L,173,-1.3568535,0.0201375,-0.4513615,0.0157,0.032
S,M,173,-1.4447212,0.018788,-0.5209686,0.0076,0.0215
S,N,173,-1.7188339,0.0195157,-0.7896221,0.081,0.079
S,P,173,-1.619194,0.0155124,-0.6827854,0.0025,0.0117
S,Q,173,-1.5072479,0.0288257,-0.5752942,0.0101,0.0252
S,R,173,-1.396904,0.0197631,-0.4821277,0.0021,0.0105
S,T,173,-1.4437408,0.0490033,-0.5201489,0.084,0.0806
S,V,173,-1.5614738,0.0238215,-0.6257101,0.1584,0.1142
S,W,173,-1.7652397,0.015262,-0.8429528,0.0355,0.0501
S,Y,173,-1.7655449,0.0281246,-0.843311,0.0891,0.0832
Y,A,174,-1.9531174,0.0172,-1.0813561,0.0006,0.0084
Y,C,174,-1.746315,0.0373611,-0.8209319,0.0044,0.0254
Y,D,174,-1.6282959,0.0172,-0.692108,0.0156,0.0507
Y,E,174,-1.8015633,0.0172,-0.8862614,0.0026,0.019
Y,F,174,-1.4829483,0.0283946,-0.5537007,0.0447,0.0904
Y,G,174,-1.7541237,0.0172,-0.8299729,0.0009,0.0106
Y,H,174,-1.4625778,0.0190085,-0.5360709,0.0046,0.0259
Y,I,174,-1.6551704,0.0161715,-0.7201472,0.0014,0.0132
Y,K,174,-1.7359505,0.0172,-0.8090304,0.001,0.0109
Y,L,174,-1.8121986,0.0172,-0.8991994,0.0005,0.008
Y,M,174,-1.6729546,0.0172,-0.7391232,0.0077,0.0344
Y,N,174,-1.8873672,0.0152591,-0.9939172,0.0065,0.0312
Y,P,174,-1.7723465,0.0152591,-0.8513186,0.0005,0.0077
Y,Q,174,-1.7046089,0.0172,-0.7737271,0.0014,0.0137
Y,R,174,-1.4669151,0.0172,-0.5397887,0.0008,0.0101
Y,S,174,-1.5540695,0.0172,-0.6186437,0.002,0.0162
Y,T,174,-1.7614021,0.0172,-0.8384571,0.001,0.0112
Y,V,174,-1.8293571,0.0172,-0.9203171,0.0005,0.0074
Y,W,174,-1.7373238,0.0152591,-0.8106009,0.1572,0.1806
P,A,175,-1.8681412,0.0091687,-0.9691505,0.0893,0.0731
P,C,175,-1.8610992,0.013712,-0.9601713,0.008,0.0193
P,D,175,-1.7127457,0.0184636,-0.7827931,0.0581,0.0577
P,E,175,-1.925808,0.0147,-1.0445291,0.0458,0.0506
P,F,175,-2.126316,0.0123725,-1.3308567,0.0081,0.0195
P,G,175,-1.7384682,0.0072553,-0.8119111,0.0777,0.0677
P,H,175,-1.8515205,0.0069339,-0.9480375,0.0483,0.0521
P,I,175,-2.0760994,0.0119018,-1.2557925,0.0202,0.0323
P,K,175,-1.7663002,0.011688,-0.8441978,0.1455,0.0956
P,L,175,-2.0180168,0.0105956,-1.1716955,0.0334,0.0425
P,M,175,-2.0255814,0.013712,-1.1824778,0.0708,0.0643
P,N,175,-1.9632835,0.0063779,-1.0952471,0.0335,0.0426
P,Q,175,-1.9567833,0.0101107,-1.0863539,0.0452,0.0502
P,R,175,-1.8689194,0.0058378,-0.9701458,0.0469,0.0513
P,S,175,-1.4972076,0.0068356,-0.5662975,0.1053,0.08
P,T,175,-2.0803452,0.0101566,-1.2620562,0.028,0.0386
P,V,175,-2.0122147,0.0065445,-1.1634606,0.0372,0.0452
P,W,175,-1.8516159,0.0147,-0.9481579,0.0115,0.0237
P,Y,175,-1.9455757,0.0075441,-1.0711146,0.0697,0.0638
K,A,176,-1.2416153,0.0094099,-0.3714862,0.0216,0.0354
K,C,176,-1.3870697,0.0142505,-0.4744254,0.0045,0.015
K,D,176,-1.2104301,0.0152568,-0.3519879,0.0059,0.0174
K,E,176,-1.1397667,0.0109117,-0.3109573,0.0186,0.0326
K,F,176,-1.132061,0.0101474,-0.306739,0.0574,0.0605
K,G,176,-1.2208824,0.0113948,-0.358426,0.0076,0.0199
K,H,176,-1.334732,0.0118282,-0.4350454,0.2353,0.1315
K,I,176,-1.1323891,0.0130971,-0.3069176,0.0332,0.0448
K,L,176,-1.117836,0.008595,-0.2990802,0.1198,0.0907
K,M,176,-1.11837,0.0100258,-0.2993647,0.1056,0.0846
K,N,176,-0.3049812,0.013632,-0.0632724,0.015,0.029
K,P,176,-1.1908531,0.0048473,-0.340189,0.0638,0.0641
K,Q,176,-1.2882843,0.0044642,-0.4023225,0.0443,0.0525
K,R,176,-0.8405914,0.0175014,-0.179747,0.0125,0.0262
K,S,176,-0.9015999,0.0140434,-0.2015428,0.0284,0.0411
K,T,176,-1.1356049,0.0165655,-0.3086729,0.066,0.0654
K,V,176,-0.9907951,0.0070173,-0.2377046,0.0338,0.0452
K,W,176,-1.4169426,0.0182644,-0.4981227,0.0086,0.0213
K,Y,176,-1.0881882,0.0063249,-0.2836442,0.0669,0.0658
L,A,177,-1.1135483,0.0279754,-0.2968041,0.1525,0.1451
L,C,177,-1.3407593,0.0220234,-0.4394436,0.0026,0.0153
L,D,177,-1.3122787,0.0172,-0.4189695,0.0002,0.004
L,E,177,-1.3161774,0.0172,-0.4217261,0.0004,0.0053
L,F,177,-1.0480194,0.0124707,-0.2638334,0.0158,0.0417
L,G,177,-1.3634987,0.0173501,-0.4563563,0.0005,0.0062
L,H,177,-1.355442,0.0228788,-0.4503061,0.0043,0.0203
L,I,177,-0.6207809,0.0239831,-0.1179588,0.0896,0.1083
L,K,177,-1.4913902,0.0172,-0.5611328,0.0003,0.0048
L,M,177,-1.1670151,0.0091328,-0.3262722,0.0277,0.0568
L,N,177,-1.3712311,0.0172,-0.4622232,0.0006,0.0067
L,P,177,-1.3136253,0.0184025,-0.41992,0.0001,0.0025
L,Q,177,-1.2416573,0.0144584,-0.3715131,0.0004,0.0058
L,R,177,-1.097332,0.0161775,-0.2883299,0.0002,0.0038
L,S,177,-1.4537354,0.017885,-0.5285514,0.0143,0.0395
L,T,177,-1.1265259,0.0134929,-0.3037391,0.0816,0.1029
L,V,177,-0.8809395,0.0358168,-0.193907,0.5158,0.2835
L,W,177,-1.2334747,0.0236158,-0.366312,0.0047,0.0215
L,Y,177,-1.3605766,0.0220209,-0.4541546,0.0049,0.022
T,A,178,-0.6628914,0.0289332,-0.127993,0.2455,0.1421
T,C,178,-0.8784752,0.0172,-0.193014,0.0021,0.0104
T,D,178,-0.3030319,0.0172,-0.0630266,0.0095,0.0238
T,E,178,-0.2909393,0.0105105,-0.0615225,0.0464,0.0569
T,F,178,-0.5484276,0.0152578,-0.1024293,0.0562,0.0632
T,G,178,-0.5481529,0.0239534,-0.1023742,0.01,0.0245
T,H,178,-0.8007927,0.0224457,-0.1667106,0.0468,0.0572
T,I,178,-0.3650474,0.0147254,-0.0713171,0.0218,0.0376
T,K,178,-0.303421,0.0161708,-0.0630756,0.0103,0.0248
T,L,178,-0.5948677,0.0197709,-0.1121573,0.1383,0.1036
T,M,178,-0.6142464,0.0172,-0.1164697,0.0089,0.0229
T,N,178,0.1642494,0.0087063,-0.0245375,0.0132,0.0285
T,P,178,-0.8051491,0.0183094,-0.1680941,0.0002,0.0029
T,Q,178,-0.4856148,0.0152578,-0.0905407,0.0088,0.0229
T,R,178,-0.2394486,0.0220053,-0.0554986,0.0071,0.0202
T,S,178,0.5032158,0.0137194,-0.0122801,0.0998,0.0866
T,V,178,-0.3376732,0.0186579,-0.0675353,0.0708,0.0717
T,W,178,-0.7119942,0.0147,-0.1407021,0.0408,0.053
T,Y,178,-0.57798,0.0161708,-0.1085227,0.032,0.0464
N,A,179,-0.5391808,0.0220115,-0.1005904,0.0606,0.0666
N,C,179,-0.5715599,0.0172,-0.1071704,0.0058,0.0184
N,D,179,-0.3170738,0.0384192,-0.064818,0.0105,0.0254
N,E,179,-0.275692,0.0131276,-0.0596755,0.0219,0.0381
N,F,179,-0.669239,0.0172,-0.1295733,0.0744,0.0746
N,G,179,-0.5303535,0.0157742,-0.0988642,0.0747,0.0747
N,H,179,-0.7530327,0.0161717,-0.1522158,0.0037,0.0144
N,I,179,-0.038826,0.0148,-0.0370516,0.01,0.0247
N,K,179,0.4994087,0.0247354,-0.0123762,0.0291,0.0445
N,L,179,-0.6490478,0.0174302,-0.124609,0.0117,0.027
N,M,179,-0.1191254,0.0172,-0.0435743,0.0298,0.0451
N,P,179,-0.565052,0.0202225,-0.105816,0.0054,0.0176
N,Q,179,-0.3858872,0.0219,-0.0743324,0.0799,0.0776
N,R,179,-0.132637,0.0220178,-0.0447772,0.0059,0.0186
N,S,179,-0.6133575,0.0141513,-0.1162685,0.2919,0.1582
N,T,179,-0.1777229,0.0182712,-0.0490307,0.0726,0.0736
N,V,179,-0.190239,0.0308208,-0.0502798,0.0707,0.0726
N,W,179,-0.625885,0.0172,-0.1191343,0.0016,0.0091
N,Y,179,-0.6942673,0.0172,-0.1359838,0.0044,0.0157
S,A,180,-1.5147476,0.0140263,-0.582083,0.0536,0.0577
S,C,180,-1.658371,0.0219,-0.7235375,0.0024,0.0105
S,D,180,-1.254631,0.0132168,-0.3798843,0.0196,0.0332
S,E,180,-1.4381981,0.0136434,-0.5155331,0.1866,0.1146
S,F,180,-1.8013496,0.0111702,-0.8860026,0.0717,0.0677
S,G,180,-1.4787903,0.01524,-0.5500672,0.0167,0.0304
S,H,180,-1.5079155,0.0163792,-0.5758961,0.0117,0.025
S,I,180,-1.3937111,0.0152594,-0.4796164,0.0134,0.0269
S,K,180,-1.6125984,0.0199623,-0.6760848,0.0234,0.0366
S,L,180,-1.6195908,0.0105143,-0.68319,0.0188,0.0325
S,M,180,-1.3210373,0.0220168,-0.4251827,0.0328,0.0441
S,N,180,-1.2664413,0.0301306,-0.3876391,0.0829,0.0734
S,P,180,-1.6920357,0.02712,-0.7598555,0.0017,0.0085
S,Q,180,-1.4695244,0.01866,-0.5420347,0.043,0.0511
S,R,180,-1.4121742,0.0105143,-0.4942798,0.0221,0.0354
S,T,180,-1.087162,0.0130925,-0.2831225,0.069,0.0663
S,V,180,-1.3864403,0.0148162,-0.4739358,0.085,0.0743
S,W,180,-1.5877876,0.01778,-0.6512922,0.0638,0.0635
S,Y,180,-1.2751808,0.0084151,-0.3934606,0.0418,0.0503
Y,A,181,-1.7782936,0.0172,-0.8583597,0.0005,0.0074
Y,C,181,-1.70578,0.0218921,-0.7750277,0.0062,0.0303
Y,D,181,-1.4099312,0.016401,-0.4924801,0.004,0.0236
Y,E,181,-1.3855629,0.0172,-0.4732538,0.001,0.0109
Y,F,181,-1.5273628,0.0118893,-0.5936354,0.1172,0.1523
Y,G,181,-1.5340462,0.0172,-0.5998234,0.0003,0.0056
Y,H,181,-1.4596901,0.0107056,-0.5336064,0.0039,0.0233
Y,I,181,-1.3702583,0.0172,-0.4614818,0.0007,0.0088
Y,K,181,-1.4986649,0.0172,-0.5675968,0.0018,0.0152
Y,L,181,-1.4508438,0.0172,-0.5261099,0.0006,0.0081
Y,M,181,-1.5084953,0.0172,-0.5764193,0.0049,0.0265
Y,N,181,-1.4141083,0.0164023,-0.4958357,0.0024,0.0178
Y,P,181,-1.7490921,0.0172,-0.82414,0.0037,0.0226
Y,Q,181,-1.8428078,0.0172,-0.937081,0.0013,0.0127
Y,R,181,-1.7407608,0.0172,-0.8145401,0.0003,0.0056
Y,S,181,-1.5365906,0.01617,-0.6021915,0.0008,0.0097
Y,T,181,-1.3416443,0.0152563,-0.4400924,0.0004,0.007
Y,V,181,-1.5269318,0.0172,-0.593238,0.0005,0.0076
Y,W,181,-1.8752632,0.0172,-0.9782821,0.2522,0.2321
V,A,182,-0.8069229,0.0182569,-0.1686604,0.0385,0.049
V,C,182,-1.4178467,0.0152549,-0.4988539,0.0379,0.0486
V,D,182,-0.9551811,0.039546,-0.2226236,0.0081,0.0209
V,E,182,-0.5927734,0.0880206,-0.1117004,0.009,0.0221
V,F,182,-1.0845566,0.0175394,-0.2818016,0.0485,0.0556
V,G,182,-1.0011482,0.0144385,-0.2422554,0.0017,0.0088
V,H,182,-1.1339378,0.0183059,-0.3077618,0.0163,0.0305
V,I,182,-0.4813652,0.0158196,-0.0897859,0.0381,0.0487
V,K,182,-0.6224289,0.244301,-0.1183371,0.0203,0.0345
V,L,182,-1.304676,0.0217326,-0.4136357,0.0303,0.043
V,M,182,-0.7085075,0.0131246,-0.1397622,0.0902,0.0782
V,N,182,-0.900074,0.0220163,-0.2009697,0.0227,0.0367
V,P,182,-1.0229988,0.0172,-0.2521135,0.0019,0.0094
V,Q,182,-1.1688957,0.0271759,-0.3273524,0.0963,0.0811
V,R,182,-0.8334427,0.3155091,-0.1773387,0.0278,0.041
V,S,182,-1.10495,0.0203879,-0.2922845,0.0197,0.0339
V,T,182,-0.2198067,0.0239304,-0.0533552,0.1604,0.1074
V,W,182,-1.0693359,0.0267417,-0.2741911,0.2042,0.1226
V,Y,182,-1.0030403,0.2864637,-0.2430954,0.0462,0.0541
N,A,183,-1.7006836,0.0172,-0.7693786,0.002,0.0181
N,C,183,-1.7962265,0.0172,-0.8798129,0.0253,0.0726
N,D,183,-1.615921,0.0223831,-0.6794545,0.0053,0.0305
N,E,183,-1.4757767,0.0172,-0.547445,0.0042,0.027
N,F,183,-1.7865448,0.0172,-0.8681893,0.0036,0.0247
N,G,183,-1.8647385,0.0172,-0.9648055,0.0006,0.0093
N,H,183,-1.8590393,0.0172,-0.9575542,0.0074,0.037
N,I,183,-1.8194695,0.01764,-0.9081113,0.0022,0.019
N,K,183,-1.7963791,0.0077984,-0.8799968,0.0129,0.05
N,L,183,-1.8031998,0.0172,-0.8882446,0.0004,0.0076
N,M,183,-2.037384,0.0172,-1.1994038,0.0036,0.0248
N,P,183,-1.844841,0.0172,-0.9396309,0.0012,0.0133
N,Q,183,-2.0028343,0.0172,-1.1502121,0.0015,0.0151
N,R,183,-1.6182976,0.0172,-0.681872,0.0005,0.0085
N,S,183,-1.565834,0.0203697,-0.6298985,0.0084,0.0396
N,T,183,-1.580864,0.02064,-0.6444901,0.0037,0.0254
N,V,183,-1.5746078,0.0172,-0.6383874,0.0008,0.0109
N,W,183,-1.9512672,0.0172,-1.0788385,0.004,0.0262
N,Y,183,-1.6694756,0.0172,-0.7353847,0.0026,0.0206
N,A,184,-0.9329987,0.0181562,-0.2136674,0.0128,0.0269
N,C,184,-1.402401,0.0172,-0.4864752,0.0055,0.0169
N,D,184,-0.3071594,0.0204015,-0.0635482,0.0843,0.0758
N,E,184,-0.794136,0.0665941,-0.1646168,0.0581,0.0617
N,F,184,-1.1936569,0.02408,-0.3418582,0.0037,0.0136
N,G,184,-0.8708267,0.0169511,-0.1902659,0.0368,0.048
N,H,184,-1.1784248,0.0144382,-0.3328722,0.0101,0.0236
N,I,184,-0.9857864,0.0199591,-0.2355302,0.0161,0.0305
N,K,184,-0.6299171,0.0189056,-0.1200708,0.0661,0.0663
N,L,184,-1.1886559,0.0144357,-0.3388857,0.0671,0.0668
N,M,184,-1.1897202,0.016169,-0.3395165,0.0438,0.0529
N,P,184,-1.2747955,0.0172,-0.3932024,0.0001,0.0023
N,Q,184,-1.1785164,0.0218961,-0.3329256,0.0671,0.0668
N,R,184,-1.0869789,0.0124406,-0.2830295,0.0152,0.0296
N,S,184,-0.977684,0.0206411,-0.2320501,0.2091,0.1248
N,T,184,-0.6423569,0.0269091,-0.1230038,0.1193,0.0917
N,V,184,-0.94627,0.013948,-0.2189862,0.0836,0.0754
N,W,184,-1.4478645,0.0172,-0.5236033,0.007,0.0194
N,Y,184,-1.0796432,0.016169,-0.2793251,0.0267,0.0402
K,A,185,-1.6779747,0.0172,-0.7445404,0.0488,0.0585
K,C,185,-1.5579376,0.0172,-0.6223281,0.0043,0.0154
K,D,185,-1.2930336,0.0172,-0.4055742,0.003,0.0126
K,E,185,-1.523323,0.0196687,-0.5899178,0.0276,0.0428
K,F,185,-1.5977173,0.0194037,-0.6611363,0.0784,0.0759
K,G,185,-1.4047508,0.0155957,-0.4883429,0.0191,0.0349
K,H,185,-1.6746063,0.0152559,-0.7409026,0.0067,0.0197
K,I,185,-1.5803185,0.0109315,-0.6439564,0.0638,0.0678
K,L,185,-1.3172302,0.0242432,-0.422473,0.0823,0.078
K,M,185,-1.5175285,0.0338603,-0.5846153,0.1141,0.0933
K,N,185,-1.5399017,0.0129894,-0.6052834,0.0305,0.0452
K,P,185,-1.4366455,0.0172,-0.5142458,0.0008,0.0061
K,Q,185,-1.1523743,0.034031,-0.3179657,0.1383,0.1037
K,R,185,-0.8032341,0.0096678,-0.1674846,0.0547,0.0623
K,S,185,-1.450386,0.0172,-0.5257242,0.0013,0.008
K,T,185,-1.235611,0.0220189,-0.3676641,0.0019,0.0098
K,V,185,-1.2684059,0.0167387,-0.3889415,0.0706,0.0717
K,W,185,-1.438858,0.0172,-0.516081,0.0176,0.0334
K,Y,185,-1.5984039,0.0244818,-0.6618209,0.0104,0.025
G,A,186,-1.2963676,0.0094876,-0.4078697,0.0598,0.0679
G,C,186,-1.3602905,0.0172,-0.4539395,0.0008,0.0065
G,D,186,-0.611763,0.0386812,-0.1159085,0.1008,0.0905
G,E,186,-0.2468681,0.2541692,-0.0563299,0.1458,0.1108
G,F,186,-1.3828049,0.0172,-0.4711152,0.003,0.0131
G,H,186,-1.2537231,0.0448025,-0.3792935,0.0193,0.0364
G,I,186,-1.3429756,0.016167,-0.4410698,0.0011,0.0077
G,K,186,-0.8411598,0.0172,-0.1799397,0.042,0.0559
G,L,186,-1.4240837,0.0598784,-0.5039208,0.0379,0.0528
G,M,186,-1.0534935,0.0172,-0.2664601,0.0103,0.0258
G,N,186,-1.2114563,0.016167,-0.3526157,0.0036,0.0145
G,P,186,-1.3294258,0.0976851,-0.4312025,0.0186,0.0358
G,Q,186,-1.2402954,0.0172,-0.3706432,0.004,0.0153
G,R,186,-1.2352409,0.2102361,-0.3674296,0.1042,0.0921
G,S,186,-0.9259491,0.0756896,-0.2108896,0.1345,0.106
G,T,186,-1.3374748,0.3322713,-0.4370425,0.0856,0.0827
G,V,186,-0.9362717,0.0219,-0.2149683,0.0058,0.0189
G,W,186,-1.3196907,0.0172,-0.4242226,0.0081,0.0227
G,Y,186,-1.3110466,0.0172,-0.4181013,0.0012,0.0079
K,A,187,-1.5937004,0.0203837,-0.6571415,0.0223,0.0381
K,C,187,-1.7018356,0.0135608,-0.7706531,0.0741,0.0738
K,D,187,-1.6345062,0.0172,-0.6985194,0.0016,0.009
K,E,187,-1.1076546,0.0107517,-0.2936997,0.0303,0.0451
K,F,187,-1.8264313,0.0172,-0.9166949,0.0029,0.0124
K,G,187,-1.6222916,0.0152551,-0.6859483,0.0079,0.0216
K,H,187,-1.6491547,0.0172,-0.7138042,0.0091,0.0232
K,I,187,-1.4731522,0.0208686,-0.545169,0.0559,0.0632
K,L,187,-1.7435837,0.0160008,-0.8177847,0.0471,0.0575
K,M,187,-1.2536812,0.0161693,-0.3792662,0.0184,0.0343
K,N,187,-1.5272026,0.0356629,-0.5934876,0.1095,0.0914
K,P,187,-1.7453728,0.0172,-0.8198453,0.0003,0.0033
K,Q,187,-1.6138916,0.0155574,-0.677395,0.0952,0.0847
K,R,187,-0.7768974,0.0114748,-0.1593066,0.1104,0.0918
K,S,187,-1.4287338,0.0152551,-0.5077242,0.0252,0.0408
K,T,187,-1.547226,0.0193775,-0.6121638,0.0942,0.0842
K,V,187,-1.4877815,0.0178115,-0.5579467,0.068,0.0704
K,W,187,-1.7443733,0.0172,-0.8186937,0.0018,0.0096
K,Y,187,-1.6063766,0.0161693,-0.6698063,0.002,0.0102
E,A,188,-1.5530434,0.0182524,-0.6176689,0.0147,0.0295
E,C,188,-1.6905289,0.0172,-0.7582043,0.0017,0.009
E,D,188,-1.5120468,0.0178959,-0.5796314,0.1474,0.105
E,F,188,-1.6228218,0.0161676,-0.6864907,0.0528,0.0598
E,G,188,-1.4158707,0.0168745,-0.4972568,0.0047,0.0158
E,H,188,-1.7698822,0.0262577,-0.8484118,0.0546,0.0608
E,I,188,-1.586319,0.0194011,-0.6498452,0.0128,0.0274
E,K,188,-1.1164474,0.0330505,-0.2983414,0.009,0.0226
E,L,188,-1.5922661,0.0131575,-0.6557192,0.0666,0.0679
E,M,188,-1.4870148,0.0152521,-0.5572715,0.012,0.0265
E,N,188,-1.8695297,0.0172,-0.9709268,0.0048,0.016
E,P,188,-1.7390823,0.0165413,-0.8126148,0.1497,0.1059
E,Q,188,-1.5249901,0.0821903,-0.5914499,0.0845,0.0773
E,R,188,-1.6042671,0.0137005,-0.6676868,0.0166,0.0316
E,S,188,-1.62883,0.0406092,-0.6926578,0.0523,0.0594
E,T,188,-1.6997185,0.0130231,-0.7683119,0.0249,0.0395
E,V,188,-1.2393341,0.0121239,-0.3700302,0.0463,0.0556
E,W,188,-1.773716,0.0172,-0.8529368,0.0283,0.0424
E,Y,188,-1.6550446,0.0144347,-0.7200141,0.0079,0.0209
V,A,189,-1.9508705,0.0160972,-1.0782992,0.0053,0.0283
V,C,189,-1.8944626,0.0172,-1.00315,0.006,0.0305
V,D,189,-1.8975601,0.0172,-1.0071961,0.0016,0.0149
V,E,189,-1.9224205,0.0172,-1.0400111,0.0015,0.0142
V,F,189,-1.8311272,0.0156718,-0.9225127,0.0016,0.0145
V,G,189,-1.8958588,0.016169,-1.0049726,0.0039,0.0239
V,H,189,-1.8249817,0.0172,-0.9149036,0.0011,0.012
V,I,189,-1.169651,0.014442,-0.327787,0.1515,0.1795
V,K,189,-2.068756,0.0172,-1.244996,0.001,0.0111
V,L,189,-1.7245102,0.01524,-0.7960243,0.0341,0.0791
V,M,189,-1.7154655,0.0172,-0.785839,0.0117,0.044
V,N,189,-1.6112022,0.0172,-0.6746723,0.0009,0.0106
V,P,189,-1.8043022,0.0172,-0.8895822,0.0005,0.0081
V,Q,189,-1.6851654,0.0172,-0.7523463,0.0011,0.0119
V,R,189,-1.9498634,0.0172,-1.0769305,0.0006,0.0087
V,S,189,-1.8474617,0.0172,-0.9429239,0.0007,0.0095
V,T,189,-1.6976166,0.016169,-0.7659922,0.0058,0.0297
V,W,189,-1.6370125,0.0172,-0.7011184,0.0022,0.0174
V,Y,189,-2.1460953,0.0172,-1.3609998,0.0015,0.0141
L,A,190,-1.9152069,0.0172,-1.0304272,0.0059,0.0334
L,C,190,-1.6012077,0.0172,-0.6646214,0.0012,0.0142
L,D,190,-1.8287086,0.0172,-0.9195135,0.0012,0.0141
L,E,190,-1.809166,0.0172,-0.8954984,0.0031,0.0235
L,F,190,-1.5464325,0.0174379,-0.6114157,0.0096,0.0437
L,G,190,-1.5989075,0.0172,-0.6623233,0.0005,0.0083
L,H,190,-1.8992538,0.019284,-1.0094126,0.0029,0.0229
L,I,190,-1.6878586,0.0150456,-0.755284,0.0058,0.0331
L,K,190,-1.6780281,0.0172,-0.7445982,0.0006,0.0098
L,M,190,-1.75,0.0188669,-0.8251905,0.0375,0.0926
L,N,190,-1.619976,0.0172,-0.6835829,0.0017,0.0171
L,P,190,-1.6911392,0.0212394,-0.7588728,0.0034,0.0247
L,Q,190,-1.7818718,0.0172,-0.8626137,0.0033,0.0244
L,R,190,-1.9253769,0.0200121,-1.0439535,0.0006,0.0096
L,S,190,-2.0023537,0.0249,-1.1495354,0.0005,0.0084
L,T,190,-1.6674728,0.0172,-0.7332383,0.0009,0.0119
L,V,190,-1.5348892,0.0172,-0.6006072,0.009,0.0422
L,W,190,-1.7297363,0.0172,-0.8019486,0.0022,0.0194
L,Y,190,-1.7841072,0.0172,-0.8652781,0.0009,0.0121
V,A,191,-1.6818275,0.0131074,-0.748716,0.0059,0.027
V,C,191,-1.6693649,0.0172,-0.735266,0.009,0.0339
V,D,191,-1.5673866,0.0172,-0.6313947,0.0007,0.0081
V,E,191,-1.5859413,0.0131074,-0.6494734,0.0036,0.0205
V,F,191,-1.7076149,0.0172,-0.7770683,0.006,0.0271
V,G,191,-1.5756683,0.0143915,-0.6394189,0.0008,0.0089
V,H,191,-1.5734329,0.0172,-0.6372459,0.0017,0.0136
V,I,191,-0.724987,0.009523,-0.1442567,0.2625,0.2169
V,K,191,-1.7340508,0.0172,-0.8068612,0.0004,0.0061
V,L,191,-1.430542,0.012294,-0.5092091,0.2242,0.1989
V,M,191,-1.5011902,0.0172,-0.5698535,0.0258,0.0605
V,N,191,-1.5074234,0.0172,-0.5754524,0.0007,0.0085
V,P,191,-1.7722015,0.0172,-0.8511474,0.0003,0.0056
V,Q,191,-1.7285576,0.0172,-0.8006099,0.0011,0.0107
V,R,191,-1.7496834,0.0172,-0.8248241,0.0008,0.009
V,S,191,-1.3987617,0.0172,-0.4835936,0.0003,0.0057
V,T,191,-1.4594154,0.0172,-0.5333724,0.0009,0.0097
V,W,191,-1.6332474,0.0172,-0.6972165,0.003,0.0185
V,Y,191,-1.6945343,0.0172,-0.7625989,0.0032,0.0193
L,A,192,-1.973896,0.0172,-1.1098522,0.0042,0.0211
L,C,192,-1.5959854,0.0172,-0.6594118,0.0016,0.0123
L,D,192,-1.9404831,0.0172,-1.0642296,0.0012,0.0104
L,E,192,-1.7664337,0.0172,-0.8443546,0.0014,0.0117
L,F,192,-1.8688698,0.0225371,-0.9700823,0.0391,0.0717
L,G,192,-1.8708534,0.0172,-0.972622,0.0009,0.0092
L,H,192,-1.858387,0.0172,-0.9567263,0.0014,0.0116
L,I,192,-1.0888367,0.0138555,-0.2839744,0.1439,0.1469
L,K,192,-1.8480759,0.0172,-0.9436966,0.0013,0.0109
L,M,192,-1.5207863,0.0159538,-0.5875922,0.052,0.0839
L,N,192,-1.7848434,0.0172,-0.8661567,0.001,0.0098
L,P,192,-1.8875046,0.0227978,-0.9940955,0.0052,0.0236
L,Q,192,-2.0221672,0.0166345,-1.1776049,0.008,0.03
L,R,192,-1.7796593,0.0172,-0.8599818,0.0014,0.0113
L,S,192,-1.6735268,0.0172,-0.7397393,0.0006,0.0069
L,T,192,-1.7630577,0.0143899,-0.8403947,0.0079,0.0299
L,V,192,-1.5024796,0.0208264,-0.5710084,0.1085,0.1258
L,W,192,-1.6889839,0.0172,-0.7565138,0.0055,0.0244
L,Y,192,-1.8020782,0.0172,-0.8868851,0.0052,0.0237
W,A,193,-1.7134285,0.0172,-0.783557,0.001,0.0116
W,C,193,-1.8746033,0.0165546,-0.9774338,0.0034,0.0231
W,D,193,-2.061245,0.0172,-1.2340015,0.0015,0.0147
W,E,193,-2.302929,0.0172,-1.6106956,0.0018,0.0162
W,F,193,-2.097332,0.0178555,-1.2872708,0.1044,0.1522
W,G,193,-2.0536194,0.0159559,-1.2228899,0.0024,0.0192
W,H,193,-2.148079,0.0172,-1.3640405,0.002,0.0175
W,I,193,-1.8437157,0.0172,-0.9382191,0.0006,0.0089
W,K,193,-2.0006866,0.0172,-1.1471901,0.0048,0.0279
W,L,193,-2.1829224,0.0172,-1.417962,0.0032,0.0224
W,M,193,-2.1288567,0.0172,-1.3347107,0.004,0.0255
W,N,193,-2.1828194,0.0172,-1.4178012,0.0009,0.0109
W,P,193,-2.1080856,0.0172,-1.3033598,0.0011,0.0122
W,Q,193,-2.159298,0.0172,-1.3812969,0.0019,0.0166
W,R,193,-1.922596,0.0236987,-1.0402449,0.0021,0.018
W,S,193,-2.3989716,0.0172,-1.7720526,0.0013,0.0134
W,T,193,-1.9759865,0.0172,-1.1127417,0.0008,0.0104
W,V,193,-2.193634,0.0172,-1.4347303,0.0042,0.026
W,Y,193,-2.0994797,0.0159559,-1.2904763,0.0311,0.0782
G,A,194,-1.6824951,0.0261267,-0.7494412,0.2448,0.2601
G,C,194,-1.9888268,0.0172,-1.1305789,0.0031,0.0237
G,D,194,-1.7013931,0.0166252,-0.7701634,0.006,0.0339
G,E,194,-1.887577,0.0172,-0.9941895,0.0018,0.0176
G,F,194,-1.8125496,0.0172,-0.8996284,0.0008,0.0112
G,H,194,-1.8091125,0.0172,-0.8954332,0.0009,0.012
G,I,194,-1.6516991,0.0172,-0.7164824,0.0005,0.0087
G,K,194,-2.1050758,0.0172,-1.2988469,0.0012,0.014
G,L,194,-1.9550819,0.0172,-1.0840327,0.0003,0.006
G,M,194,-1.7459908,0.0172,-0.8205579,0.0017,0.0171
G,N,194,-1.9574432,0.0172,-1.0872549,0.0012,0.014
G,P,194,-1.875824,0.0172,-0.9790033,0.0008,0.0109
G,Q,194,-1.876606,0.0172,-0.9800094,0.0022,0.0197
G,R,194,-1.8889503,0.0153983,-0.9959729,0.0003,0.0061
G,S,194,-1.8033829,0.0147662,-0.8884667,0.0024,0.0205
G,T,194,-1.6362419,0.0172,-0.7003186,0.0003,0.006
G,V,194,-1.8544159,0.0195522,-0.9516955,0.0017,0.0169
G,W,194,-1.9787483,0.0172,-1.1165653,0.0019,0.0182
G,Y,194,-1.8874779,0.0172,-0.9940608,0.0007,0.0102
V,A,195,-1.4767151,0.0316224,-0.5482605,0.0158,0.0469
V,C,195,-1.4110107,0.0172,-0.4933456,0.0077,0.0316
V,D,195,-1.263771,0.0191264,-0.3858745,0.0058,0.0271
V,E,195,-1.4428787,0.0172,-0.5194289,0.0011,0.0106
V,F,195,-1.4354134,0.0158775,-0.513226,0.0164,0.0478
V,G,195,-1.31633,0.0219,-0.4218343,0.0016,0.0132
V,H,195,-1.3991394,0.0172,-0.483892,0.0006,0.0079
V,I,195,-0.2616348,0.0156162,-0.0580205,0.1603,0.1675
V,K,195,-1.4953117,0.0172,-0.5646104,0.0008,0.009
V,L,195,-1.4462585,0.021367,-0.5222559,0.0774,0.1123
V,M,195,-1.244133,0.0219,-0.3730987,0.026,0.0617
V,N,195,-1.3352051,0.0172,-0.4353893,0.0008,0.0092
V,P,195,-1.3548851,0.016555,-0.4498903,0.0006,0.0077
V,Q,195,-1.4686584,0.0172,-0.5412885,0.001,0.0101
V,R,195,-1.2474899,0.0172,-0.3752575,0.0002,0.0045
V,S,195,-1.4530296,0.0172,-0.5279547,0.0003,0.0054
V,T,195,-1.256527,0.0249,-0.3811206,0.0017,0.0135
V,W,195,-1.4151573,0.0172,-0.4966812,0.0059,0.0273
V,Y,195,-1.3378258,0.0172,-0.4372986,0.0028,0.0179
H,A,196,-2.1793404,0.0172,-1.4123745,0.0012,0.0148
H,C,196,-2.2498817,0.0172,-1.5242091,0.0018,0.019
H,D,196,-2.1292076,0.0165539,-1.3352434,0.0032,0.0256
H,E,196,-2.1008492,0.0172,-1.2925223,0.002,0.0197
H,F,196,-2.2275658,0.0172,-1.4884269,0.0024,0.0218
H,G,196,-1.8448448,0.0172,-0.9396357,0.0009,0.0131
H,I,196,-1.9229202,0.0172,-1.0406768,0.0008,0.0119
H,K,196,-2.200634,0.0172,-1.4457362,0.001,0.0138
H,L,196,-2.0629616,0.0159546,-1.2365099,0.001,0.0133
H,M,196,-1.9290504,0.0172,-1.0488639,0.0017,0.0181
H,N,196,-2.1069603,0.0103483,-1.3016717,0.0058,0.0355
H,P,196,-2.084465,0.0159598,-1.2681488,0.0007,0.0111
H,Q,196,-2.0173912,0.0161055,-1.1708061,0.007,0.0393
H,R,196,-2.195877,0.0259048,-1.4382528,0.0182,0.0667
H,S,196,-1.9528618,0.0172,-1.0810081,0.0006,0.0098
H,T,196,-1.7902298,0.0172,-0.872602,0.001,0.0132
H,V,196,-2.0140533,0.01778,-1.1660668,0.0006,0.0101
H,W,196,-2.1209068,0.0172,-1.3226692,0.0046,0.0314
H,Y,196,-2.1839867,0.0239528,-1.4196241,0.0037,0.0278
H,A,197,-1.6804008,0.017543,-0.747168,0.0481,0.0607
H,C,197,-1.9815407,0.0159573,-1.1204385,0.0114,0.0275
H,D,197,-1.7682571,0.0145704,-0.8464983,0.2186,0.1394
H,E,197,-1.8729248,0.0159573,-0.9752783,0.024,0.0414
H,F,197,-1.7455673,0.0181323,-0.8200696,0.0481,0.0606
H,G,197,-1.9274673,0.0165554,-1.0467462,0.0027,0.0124
H,I,197,-1.9808807,0.0159573,-1.1195224,0.0198,0.0372
H,K,197,-1.8551903,0.0165554,-0.9526753,0.001,0.0073
H,L,197,-1.8929482,0.0137334,-1.0011752,0.0093,0.0245
H,M,197,-2.0138435,0.0172,-1.1657693,0.0668,0.0726
H,N,197,-1.8235397,0.0070509,-0.9131237,0.2837,0.1608
H,P,197,-1.9447899,0.01764,-1.0700506,0.0001,0.0023
H,Q,197,-1.9959831,0.0085751,-1.1405867,0.0497,0.0617
H,R,197,-2.083538,0.0161059,-1.2667766,0.0023,0.0114
H,S,197,-2.0710945,0.0111701,-1.248429,0.0418,0.0561
H,T,197,-1.829216,0.0139426,-0.9201422,0.0044,0.0163
H,V,197,-1.8145065,0.0165554,-0.9020223,0.0073,0.0216
H,W,197,-1.9775734,0.0184812,-1.1149378,0.0293,0.0461
H,Y,197,-1.9484901,0.0127904,-1.0750658,0.0353,0.0512
P,A,198,-1.7051773,0.0148774,-0.7743582,0.025,0.0523
P,C,198,-1.7389488,0.02064,-0.8124618,0.0155,0.0402
P,D,198,-2.0798569,0.0172,-1.261335,0.0087,0.0292
P,E,198,-2.054676,0.0172,-1.2244265,0.0081,0.0282
P,F,198,-2.075676,0.0172,-1.2551687,0.0078,0.0275
P,G,198,-1.872448,0.0172,-0.9746665,0.0063,0.0245
P,H,198,-2.02285,0.0172,-1.1785786,0.0222,0.0489
P,I,198,-1.906395,0.0172,-1.0187887,0.0074,0.0267
P,K,198,-2.011856,0.0172,-1.1629525,0.0037,0.0182
P,L,198,-1.9530563,0.0219,-1.0812729,0.0093,0.0302
P,M,198,-2.0142975,0.0172,-1.1664132,0.0141,0.0381
P,N,198,-1.9370995,0.0172,-1.0596689,0.0064,0.0247
P,Q,198,-1.9572754,0.0172,-1.0870257,0.0095,0.0307
P,R,198,-2.1650734,0.0172,-1.3902196,0.0033,0.0172
P,S,198,-1.4898643,0.0148797,-0.5597839,0.0387,0.0664
P,T,198,-1.8341675,0.0086336,-0.9262913,0.0055,0.0227
P,V,198,-1.788971,0.0172,-0.8710931,0.0333,0.0611
P,W,198,-1.8889351,0.0172,-0.9959531,0.0189,0.0448
P,Y,198,-1.9739189,0.0172,-1.1098838,0.0093,0.0303
S,A,199,-1.0582466,0.0154063,-0.2687594,0.0082,0.0235
S,C,199,-1.468235,0.0165574,-0.5409239,0.0154,0.0333
S,D,199,-1.30653,0.0165574,-0.4149313,0.0116,0.0285
S,E,199,-1.5208168,0.0172,-0.5876201,0.0557,0.0675
S,F,199,-1.5958824,0.0247019,-0.6593094,0.4011,0.1998
S,G,199,-1.2947693,0.0198689,-0.4067679,0.0325,0.0502
S,H,199,-1.5145073,0.0172,-0.5818646,0.0185,0.0368
S,I,199,-1.2393646,0.0154063,-0.3700497,0.0183,0.0365
S,K,199,-1.4367256,0.0172,-0.5143122,0.0103,0.0267
S,L,199,-1.5502281,0.0172,-0.6150003,0.0019,0.0106
S,M,199,-1.4208374,0.0172,-0.5012786,0.0232,0.0417
S,N,199,-1.3848648,0.0172,-0.4727118,0.0122,0.0293
S,P,199,-0.7063141,0.0229953,-0.1391739,0.0245,0.043
S,Q,199,-1.4228745,0.0172,-0.5029353,0.0146,0.0324
S,R,199,-1.2385216,0.0172,-0.3695128,0.0115,0.0283
S,T,199,-1.2237015,0.022484,-0.3601791,0.0128,0.0301
S,V,199,-1.1129761,0.0165574,-0.2965015,0.026,0.0444
S,W,199,-1.5409203,0.0172,-0.6062369,0.0264,0.0448
S,Y,199,-1.5235672,0.009079,-0.590142,0.0181,0.0364
S,A,200,-0.3170509,0.0172,-0.064815,0.0182,0.0354
S,C,200,-0.8461723,0.0172,-0.1816478,0.0425,0.0565
S,D,200,-0.2351112,0.0172,-0.0550182,0.0086,0.0235
S,E,200,-0.8528366,0.0165575,-0.1839416,0.0167,0.0338
S,F,200,-1.1098251,0.0172,-0.2948397,0.0105,0.0262
S,G,200,-0.5937691,0.0184597,-0.1119174,0.1318,0.1052
S,H,200,-0.6672363,0.0172,-0.1290727,0.0206,0.038
S,I,200,-0.4961166,0.0159072,-0.0924323,0.0173,0.0345
S,K,200,-0.5707436,0.0172,-0.1069996,0.0591,0.0677
S,L,200,-0.537075,0.0165575,-0.100176,0.0274,0.0443
S,M,200,-0.5763245,0.0172,-0.1081725,0.019,0.0362
S,N,200,0.3092499,0.0163209,-0.0182581,0.0346,0.0504
S,P,200,-0.7886658,0.0172,-0.1629143,0.0068,0.0206
S,Q,200,-0.6978874,0.0165575,-0.1369352,0.0147,0.0315
S,R,200,-0.7039757,0.0075008,-0.1385493,0.0166,0.0337
S,T,200,0.2214127,0.0172,-0.0218409,0.049,0.0611
S,V,200,-0.3516121,0.0172,-0.0694361,0.0136,0.0301
S,W,200,-0.8027077,0.0172,-0.1673174,0.0203,0.0376
S,Y,200,-0.595108,0.0172,-0.1122099,0.0088,0.0238
S,A,201,-0.5371704,0.0159592,-0.1001948,0.1784,0.1116
S,C,201,-1.1406746,0.0159592,-0.3114575,0.0146,0.0282
S,D,201,-0.9874153,0.0172,-0.2362354,0.0675,0.0655
S,E,201,-0.9025497,0.0147,-0.2019003,0.0294,0.0414
S,F,201,-1.1590538,0.0372512,-0.3217328,0.0136,0.0271
S,G,201,-1.0290756,0.0200047,-0.2549171,0.0342,0.045
S,H,201,-1.0128441,0.0159592,-0.247489,0.1383,0.0971
S,I,201,-0.3674736,0.0122473,-0.071662,0.0537,0.0577
S,K,201,-0.981678,0.0159592,-0.2337598,0.0086,0.0211
S,L,201,-0.9285736,0.0177007,-0.2119199,0.1606,0.1054
S,M,201,-0.5493774,0.0144008,-0.10262,0.0185,0.0321
S,N,201,-1.0092468,0.0144251,-0.2458688,0.0243,0.0373
S,P,201,-1.0296669,0.0172,-0.2551914,0.0096,0.0224
S,Q,201,-1.1275215,0.0159592,-0.3042769,0.0661,0.0647
S,R,201,-0.709053,0.0149005,-0.1399089,0.0108,0.0239
S,T,201,-0.3947678,0.0222076,-0.0756543,0.0393,0.0486
S,V,201,-0.5929527,0.0165564,-0.1117395,0.01,0.0229
S,W,201,-1.1445923,0.0178387,-0.3136241,0.0289,0.0411
S,Y,201,-0.8755989,0.019683,-0.1919763,0.0424,0.0507
D,A,202,-0.1486778,0.0142135,-0.0462475,0.019,0.0435
D,C,202,-0.3831253,0.0172,-0.0739258,0.0007,0.0069
D,E,202,0.5304031,0.0116241,-0.011615,0.5607,0.2792
D,F,202,-0.4482117,0.0172,-0.0840999,0.0077,0.0264
D,G,202,-0.2107391,0.0142934,-0.0523931,0.009,0.0288
D,H,202,-0.632412,0.016559,-0.1206537,0.0082,0.0274
D,I,202,-0.3386879,0.0159641,-0.0676719,0.0415,0.0667
D,K,202,0.1413956,0.0172,-0.0257054,0.0078,0.0267
D,L,202,-0.5949364,0.0205909,-0.1121723,0.0133,0.0356
D,M,202,-0.4074516,0.0159641,-0.0775816,0.0061,0.0234
D,N,202,-0.0324821,0.0143618,-0.0365791,0.0149,0.038
D,P,202,-0.3827934,0.0172,-0.0738771,0.0015,0.0109
D,Q,202,-0.2313156,0.016559,-0.0546011,0.0162,0.0398
D,R,202,-0.1448174,0.016559,-0.0458894,0.0009,0.008
D,S,202,0.3411217,0.0260763,-0.0171076,0.0433,0.0683
D,T,202,-0.0814705,0.02064,-0.0403864,0.0059,0.0228
D,V,202,-0.389267,0.0183864,-0.0748328,0.0173,0.0413
D,W,202,-0.6384735,0.0172,-0.122081,0.0019,0.0123
D,Y,202,-0.5056725,0.0147197,-0.0941862,0.0094,0.0296
E,A,203,-1.0976219,0.026843,-0.2884795,0.0057,0.031
E,C,203,-0.8559036,0.0172,-0.185006,0.006,0.0321
E,D,203,0.1921997,0.0257727,-0.0231802,0.0072,0.0355
E,F,203,-0.8966255,0.0172,-0.1996799,0.0007,0.0098
E,G,203,-0.6821327,0.0205323,-0.1328396,0.0025,0.0197
E,H,203,-0.941391,0.0172,-0.2170172,0.0053,0.0299
E,I,203,-1.0608788,0.0172,-0.2700401,0.0036,0.0242
E,K,203,-0.7643242,0.0169194,-0.1555336,0.0082,0.038
E,L,203,-1.0078583,0.0165648,-0.2452459,0.0019,0.0171
E,M,203,-0.9640694,0.0172,-0.2263054,0.005,0.029
E,N,203,-0.5286865,0.0172,-0.0985414,0.0015,0.0149
E,P,203,-0.9953156,0.0172,-0.2396822,0.0004,0.0069
E,Q,203,-0.921936,0.0154256,-0.2093228,0.0074,0.0359
E,R,203,-0.8656158,0.0149128,-0.188414,0.0104,0.0433
E,S,203,-0.9177094,0.0172,-0.2076839,0.0008,0.0106
E,T,203,-0.7803993,0.0172,-0.1603723,0.0096,0.0415
E,V,203,-0.8243828,0.0154256,-0.174329,0.0026,0.0201
E,W,203,-1.092083,0.0172,-0.285632,0.0083,0.0383
E,Y,203,-1.2319336,0.0172,-0.3653393,0.0015,0.0152
Q,A,204,-1.6243286,0.0114456,-0.6880337,0.1152,0.1595
Q,C,204,-1.7449493,0.0172,-0.8193573,0.0018,0.016
Q,D,204,-1.324337,0.0172,-0.4275425,0.0016,0.0151
Q,E,204,-1.6658058,0.0198715,-0.731455,0.015,0.0521
Q,F,204,-1.5617561,0.0172,-0.6259807,0.0012,0.0129
Q,G,204,-1.5211563,0.0172,-0.587931,0.0006,0.0085
Q,H,204,-1.4941292,0.0120667,-0.5635601,0.0162,0.0543
Q,I,204,-1.62566,0.0172,-0.6893992,0.0005,0.0082
Q,K,204,-1.4213219,0.0082578,-0.5016722,0.0054,0.0297
Q,L,204,-1.6873894,0.0172,-0.7547717,0.0007,0.0097
Q,M,204,-1.3223801,0.0172,-0.4261418,0.0107,0.0432
Q,N,204,-1.2027893,0.0172,-0.3473427,0.0022,0.0181
Q,P,204,-1.7808037,0.02064,-0.8613425,0.0005,0.0083
Q,R,204,-1.2159882,0.024474,-0.3553993,0.0009,0.0114
Q,S,204,-1.5015068,0.0165596,-0.5701369,0.0048,0.0279
Q,T,204,-1.2561569,0.0172,-0.380879,0.001,0.0116
Q,V,204,-1.5588531,0.0172,-0.6232024,0.0012,0.013
Q,W,204,-1.6543236,0.0172,-0.719252,0.0027,0.0204
Q,Y,204,-1.3907661,0.0172,-0.4773091,0.001,0.0117
Q,A,205,-0.8012352,0.0233828,-0.1668506,0.1023,0.0915
Q,C,205,-0.9923325,0.0172,-0.2383755,0.0006,0.0054
Q,D,205,-0.7629318,0.0165601,-0.1551209,0.1367,0.1074
Q,E,205,-0.8949318,0.0158785,-0.1990492,0.1598,0.117
Q,F,205,-1.0283127,0.0246611,-0.2545637,0.0073,0.0215
Q,G,205,-1.2158089,0.0172978,-0.3552888,0.0051,0.0176
Q,H,205,-0.8787956,0.0148973,-0.1931299,0.0113,0.0273
Q,I,205,-1.0169868,0.0249,-0.2493665,0.2231,0.1406
Q,K,205,-0.0384407,0.0091549,-0.0370227,0.0085,0.0233
Q,L,205,-0.9598732,0.0260859,-0.2245605,0.0136,0.0302
Q,M,205,-0.8039284,0.0159661,-0.1677053,0.0242,0.0414
Q,N,205,-0.8473968,0.031656,-0.1820673,0.1453,0.111
Q,P,205,-1.197155,0.0198894,-0.3439504,0.0002,0.0033
Q,R,205,0.1607513,0.0375601,-0.0247128,0.0021,0.0107
Q,S,205,-0.9504051,0.0197034,-0.2206674,0.0152,0.0321
Q,T,205,-0.6183281,0.0327149,-0.1173977,0.0137,0.0303
Q,V,205,-1.0677986,0.0218611,-0.2734325,0.0364,0.0519
Q,W,205,-1.0095749,0.0172,-0.2460162,0.011,0.0269
Q,Y,205,-1.0502357,0.0245555,-0.2648941,0.029,0.0458
S,A,206,0.119751,0.0315576,-0.0268621,0.0258,0.0447
S,C,206,-1.0599594,0.0149289,-0.2695922,0.0138,0.0317
S,D,206,-0.8110542,0.2008666,-0.1699862,0.1259,0.1069
S,E,206,-1.0348892,0.5552375,-0.2576249,0.4353,0.2116
S,F,206,-1.1098328,0.1032494,-0.2948438,0.0123,0.0298
S,G,206,-1.0575409,0.0752318,-0.2684169,0.0598,0.071
S,H,206,-0.8229752,0.0518,-0.1738656,0.018,0.0367
S,I,206,-0.9257164,0.1543968,-0.2107984,0.0253,0.0443
S,K,206,-0.5521278,0.0172,-0.1031741,0.0023,0.0119
S,L,206,-1.0037155,0.1863413,-0.2433958,0.0172,0.0358
S,M,206,-0.7351265,0.07252,-0.1470885,0.0252,0.0441
S,N,206,-0.8014488,0.0242534,-0.1669183,0.0145,0.0326
S,P,206,-0.8614922,0.01764,-0.1869601,0.0001,0.0018
S,Q,206,-0.9138832,0.1250168,-0.2062102,0.011,0.028
S,R,206,-0.7599449,0.02628,-0.154239,0.0003,0.0041
S,T,206,0.0288658,0.0221685,-0.0323053,0.0431,0.0593
S,V,206,-0.7539978,0.1332323,-0.1524968,0.0363,0.054
S,W,206,-1.1924286,0.0172,-0.3411261,0.0007,0.0061
S,Y,206,-1.107727,0.0745779,-0.2937377,0.0331,0.0513
L,A,207,-1.1640663,0.0165734,-0.3245846,0.002,0.0142
L,C,207,-1.601429,0.0172,-0.6648428,0.0225,0.0545
L,D,207,-1.475441,0.0172,-0.5471535,0.0009,0.0096
L,E,207,-1.4124489,0.0172,-0.4945006,0.0034,0.0192
L,F,207,-1.3043976,0.0183913,-0.4134414,0.0027,0.017
L,G,207,-1.291748,0.0172,-0.4046919,0.0003,0.0054
L,H,207,-1.409584,0.017946,-0.492202,0.034,0.0684
L,I,207,-0.7500572,0.0068584,-0.1513525,0.0324,0.0666
L,K,207,-1.2676964,0.0172,-0.3884708,0.0145,0.0427
L,M,207,-1.115654,0.0204016,-0.29792,0.1245,0.1395
L,N,207,-1.5090523,0.0172,-0.5769222,0.0018,0.0138
L,P,207,-1.251873,0.024365,-0.3780918,0.0004,0.0062
L,Q,207,-1.359211,0.0165734,-0.4531285,0.0042,0.0216
L,R,207,-1.4115257,0.0165734,-0.4937589,0.0057,0.0256
L,S,207,-1.033432,0.0172,-0.2569438,0.0011,0.0106
L,T,207,-1.2779083,0.0172,-0.395292,0.0026,0.0168
L,V,207,-0.898098,0.0159908,-0.2002297,0.0112,0.0371
L,W,207,-1.4215584,0.0172,-0.5018645,0.008,0.0308
L,Y,207,-1.1703758,0.018788,-0.3282046,0.0099,0.0346
Y,A,208,-1.7114372,0.0172,-0.7813305,0.0004,0.009
Y,C,208,-1.8772736,0.0202519,-0.9808689,0.0028,0.0258
Y,D,208,-1.5759392,0.0172,-0.6396826,0.0026,0.0244
Y,E,208,-2.077385,0.0172,-1.2576875,0.0013,0.0166
Y,F,208,-1.8222008,0.018621,-0.911473,0.0034,0.0284
Y,G,208,-1.7149239,0.0172,-0.7852319,0.0008,0.0126
Y,H,208,-1.7475891,0.0153048,-0.8224027,0.0088,0.048
Y,I,208,-1.8366661,0.0172,-0.9294037,0.0009,0.0135
Y,K,208,-1.4229622,0.0172,-0.5030068,0.0015,0.0183
Y,L,208,-1.8564377,0.0172,-0.9542548,0.0005,0.0095
Y,M,208,-1.7422981,0.0172,-0.816306,0.0026,0.0243
Y,N,208,-1.6398354,0.0207533,-0.7040537,0.0039,0.0309
Y,P,208,-1.9377251,0.0172,-1.0605113,0.0005,0.0103
Y,Q,208,-1.8246574,0.0172,-0.9145031,0.0012,0.0164
Y,R,208,-1.5722771,0.0172,-0.6361244,0.0006,0.0105
Y,S,208,-1.7139168,0.0172,-0.7841037,0.0018,0.0199
Y,T,208,-2.0204315,0.0172,-1.1751317,0.0005,0.0101
Y,V,208,-1.6847153,0.0172,-0.7518561,0.0005,0.0098
Y,W,208,-1.6152687,0.0172,-0.6787921,0.003,0.0266
S,A,209,0.1728935,0.0154699,-0.0241096,0.1674,0.1113
S,C,209,-0.1991463,0.0225228,-0.0511876,0.0039,0.0141
S,D,209,0.3509598,0.0155976,-0.0167672,0.0629,0.065
S,E,209,-0.0627899,0.0260512,-0.0388908,0.0324,0.0452
S,F,209,0.092186,0.02064,-0.0284097,0.0181,0.0327
S,G,209,-0.0976257,0.0075882,-0.0417251,0.2366,0.1347
S,H,209,0.4923744,0.0165818,-0.0125557,0.0176,0.0323
S,I,209,0.1311493,0.0132297,-0.0262467,0.0115,0.0255
S,K,209,0.6881981,0.0160066,-0.0084048,0.0041,0.0146
S,L,209,-0.2397575,0.0126397,-0.055533,0.0385,0.0496
S,M,209,0.156971,0.0163934,-0.0249037,0.0587,0.0626
S,N,209,0.1549339,0.0149344,-0.0250071,0.0673,0.0674
S,P,209,-0.1416626,0.017238,-0.0455988,0.0452,0.0542
S,Q,209,1.0129089,0.029936,-0.0043139,0.0336,0.0461
S,R,209,0.775692,0.0218335,-0.0070233,0.0106,0.0244
S,T,209,-0.1392326,0.0155948,-0.0453762,0.0879,0.0781
S,V,209,0.0205879,0.0136404,-0.032852,0.0094,0.0229
S,W,209,-0.0453682,0.0165818,-0.037545,0.0045,0.0153
S,Y,209,0.1063499,0.0225588,-0.0276038,0.0214,0.036
N,A,210,-0.9342422,0.0096537,-0.2141609,0.1053,0.0822
N,C,210,-1.4108009,0.0172,-0.4931773,0.0008,0.0057
N,D,210,-1.0103302,0.0084387,-0.2463558,0.0189,0.032
N,E,210,-0.8035316,0.0147,-0.1675792,0.0232,0.0358
N,F,210,-1.1279068,0.0259622,-0.3044852,0.0133,0.0264
N,G,210,-1.0830002,0.0096399,-0.281015,0.0702,0.0658
N,H,210,-1.2432327,0.0127475,-0.3725214,0.0567,0.0585
N,I,210,-0.8001404,0.0068766,-0.1665043,0.1536,0.1012
N,K,210,-0.6290588,0.0096537,-0.1198709,0.0476,0.0531
N,L,210,-1.6288834,0.0066313,-0.6927128,0.0167,0.0299
N,M,210,-0.916748,0.0172,-0.2073127,0.0502,0.0547
N,P,210,-1.362381,0.0108154,-0.4555132,0.0261,0.0382
N,Q,210,-0.8865433,0.0116072,-0.1959518,0.0395,0.048
N,R,210,-0.7414474,0.0128976,-0.1488799,0.0538,0.0568
N,S,210,-1.2441063,0.0048014,-0.3730815,0.0751,0.0683
N,T,210,-0.3807564,0.0136568,-0.0735788,0.127,0.0911
N,V,210,-0.943573,0.0147,-0.2178958,0.0676,0.0644
N,W,210,-1.2803535,0.0154789,-0.3969397,0.0054,0.0161
N,Y,210,-1.3271751,0.0147,-0.4295806,0.0129,0.026
G,A,211,0.4765015,0.0232055,-0.0129704,0.1243,0.095
G,C,211,-0.437809,0.0172,-0.0823881,0.0007,0.0056
G,D,211,0.1133118,0.0240109,-0.027216,0.0478,0.0562
G,E,211,0.7329826,0.0165311,-0.0076668,0.0161,0.0309
G,F,211,-0.5877228,0.0146254,-0.1106058,0.0271,0.0411
G,H,211,-0.4500504,0.0165638,-0.084406,0.0369,0.0487
G,I,211,-0.1226616,0.0267277,-0.043886,0.0199,0.0347
G,K,211,-0.425415,0.0219,-0.0803922,0.022,0.0367
G,L,211,-0.683464,0.0187793,-0.1331812,0.0429,0.0529
G,M,211,-0.005825,0.0172,-0.0346578,0.0309,0.0442
G,N,211,0.1266327,0.014018,-0.0264889,0.0514,0.0585
G,P,211,-0.278492,0.0479091,-0.0600106,0.2712,0.1458
G,Q,211,-0.4118843,0.0159901,-0.0782663,0.0083,0.0214
G,R,211,-0.2102318,0.0150192,-0.0523398,0.0019,0.0094
G,S,211,-0.5397148,0.0248976,-0.1006957,0.0633,0.0655
G,T,211,0.0933075,0.0205618,-0.0283451,0.0915,0.0803
G,V,211,-0.2539177,0.0161998,-0.0571309,0.015,0.0297
G,W,211,-0.5777931,0.0172,-0.1084831,0.0153,0.0301
G,Y,211,-0.4590454,0.0187797,-0.0859189,0.0152,0.0299
N,A,212,-0.7872696,0.0138408,-0.1624824,0.0904,0.0789
N,C,212,-1.3009338,0.0172,-0.4110305,0.0003,0.0037
N,D,212,-0.2958374,0.0294637,-0.0621275,0.0268,0.0404
N,E,212,-0.8928299,0.0249,-0.198269,0.2182,0.1281
N,F,212,-1.1532745,0.0118403,-0.3184712,0.0925,0.0799
N,G,212,-0.9924355,0.0153784,-0.2384205,0.0387,0.0495
N,H,212,-1.142479,0.0197919,-0.3124538,0.0458,0.0543
N,I,212,-1.1276398,0.013607,-0.3043408,0.019,0.0335
N,K,212,-1.2375908,0.0132127,-0.3689208,0.0314,0.0441
N,L,212,-1.3351784,0.0098037,-0.4353699,0.0197,0.0341
N,M,212,-1.1111717,0.0147,-0.2955489,0.0219,0.0362
N,P,212,-1.1029854,0.0084574,-0.2912602,0.0918,0.0796
N,Q,212,-1.1005516,0.0196358,-0.2899956,0.0953,0.0812
N,R,212,-0.9860077,0.0154514,-0.2356259,0.0093,0.0226
N,S,212,-1.0624046,0.0118403,-0.270785,0.0041,0.0144
N,T,212,-0.5912323,0.0144707,-0.1113653,0.0035,0.0133
N,V,212,-0.9364891,0.0128473,-0.215055,0.0846,0.0761
N,W,212,-1.1992149,0.0159934,-0.3451874,0.0128,0.0269
N,Y,212,-1.254364,0.0128406,-0.3797105,0.0163,0.0308
A,C,213,-1.4525414,0.0197083,-0.5275422,0.0237,0.0404
A,D,213,-1.482441,0.0097681,-0.5532564,0.0109,0.0263
A,E,213,-1.3562241,0.0172,-0.4508906,0.0005,0.005
A,F,213,-1.7312813,0.0149115,-0.8037055,0.0068,0.0204
A,G,213,-1.3131676,0.0149115,-0.4195967,0.0266,0.043
A,H,213,-1.5225754,0.0147,-0.5892317,0.0471,0.0589
A,I,213,-1.5041466,0.0154246,-0.572504,0.007,0.0206
A,K,213,-1.4745903,0.0107851,-0.5464153,0.1053,0.0915
A,L,213,-1.3731499,0.0172,-0.4636882,0.0022,0.011
A,M,213,-1.7219086,0.0159742,-0.7930858,0.0157,0.0321
A,N,213,-1.5794258,0.0159742,-0.6430835,0.0513,0.0616
A,P,213,-1.4754333,0.0075572,-0.5471468,0.104,0.0909
A,Q,213,-1.6982231,0.0165645,-0.766661,0.0025,0.0118
A,R,213,-1.6682129,0.0139814,-0.734031,0.0214,0.0381
A,S,213,-1.3416901,0.0123088,-0.440126,0.2043,0.1318
A,T,213,-0.7992516,0.0097772,-0.1662237,0.0632,0.0692
A,V,213,-1.4167557,0.0112885,-0.4979716,0.1972,0.1293
A,W,213,-1.6219025,0.0165645,-0.6855504,0.0012,0.0077
A,Y,213,-1.405201,0.0172,-0.4887014,0.0069,0.0204
Y,A,214,-1.6989746,0.0159637,-0.7674904,0.0078,0.0219
Y,C,214,-1.6725578,0.0223178,-0.7386962,0.0207,0.0376
Y,D,214,-1.6472664,0.0159637,-0.7118211,0.0058,0.0188
Y,E,214,-1.763504,0.0172,-0.8409176,0.2334,0.1424
Y,F,214,-1.6540451,0.0255096,-0.7189577,0.0341,0.0495
Y,G,214,-1.9707031,0.0172,-1.1054469,0.004,0.0152
Y,H,214,-1.6640816,0.0216823,-0.7296137,0.0498,0.0609
Y,I,214,-1.7234459,0.0121454,-0.7948213,0.0443,0.0571
Y,K,214,-1.7747688,0.01441,-0.8541821,0.0245,0.0412
Y,L,214,-1.8829308,0.021011,-0.9881697,0.0136,0.0299
Y,M,214,-1.7702408,0.0172,-0.8488344,0.0638,0.0698
Y,N,214,-1.8682289,0.0172,-0.9692626,0.0085,0.023
Y,P,214,-1.794178,0.0172,-0.8773454,0.0013,0.0081
Y,Q,214,-1.5395851,0.0279444,-0.6049873,0.0462,0.0584
Y,R,214,-1.5507469,0.0154098,-0.6154915,0.0122,0.0281
Y,S,214,-1.7211723,0.0111534,-0.7922555,0.0232,0.04
Y,T,214,-1.8494186,0.0172,-0.9453873,0.0039,0.015
Y,V,214,-1.5804253,0.0103473,-0.6440608,0.1173,0.0975
Y,W,214,-1.791275,0.0172,-0.8738562,0.0147,0.0311
V,A,215,-1.7695808,0.0393834,-0.8480567,0.0186,0.0555
V,C,215,-1.4287338,0.0172,-0.5077242,0.0021,0.0167
V,D,215,-1.8805275,0.0172,-0.9850642,0.0026,0.0188
V,E,215,-1.8401489,0.0172,-0.9337526,0.0024,0.0178
V,F,215,-1.8648682,0.0194214,-0.9649709,0.0094,0.0381
V,G,215,-1.993267,0.0165584,-1.1367828,0.0006,0.0082
V,H,215,-1.8548546,0.0172,-0.9522505,0.0014,0.0134
V,I,215,-1.1392174,0.0206105,-0.310655,0.1461,0.1722
V,K,215,-1.8465958,0.0172,-0.9418351,0.0019,0.0158
V,L,215,-1.7664604,0.0154087,-0.844386,0.0197,0.0572
V,M,215,-1.8109474,0.0172,-0.8976713,0.0091,0.0373
V,N,215,-1.7886238,0.0172,-0.8706771,0.0013,0.0126
V,P,215,-1.7594452,0.0172,-0.8361706,0.0004,0.0065
V,Q,215,-2.1098785,0.0172,-1.3060518,0.0028,0.0195
V,R,215,-1.6554756,0.0172,-0.72047,0.0005,0.008
V,S,215,-1.9781532,0.0172,-1.1157408,0.0004,0.0071
V,T,215,-1.6847725,0.0165584,-0.7519184,0.004,0.0239
V,W,215,-1.8548393,0.0172,-0.9522311,0.0047,0.0261
V,Y,215,-1.6852226,0.0172,-0.7524086,0.0019,0.0157
S,A,216,-1.250042,0.02558,-0.3769057,0.0672,0.0692
S,C,216,-1.5025444,0.0172,-0.5710665,0.0047,0.0161
S,D,216,-1.857296,0.0172,-0.9553426,0.0304,0.0448
S,E,216,-1.5383492,0.0172,-0.6038322,0.0004,0.0044
S,F,216,-1.3541412,0.0116537,-0.4493353,0.0672,0.0692
S,G,216,-1.4668503,0.015964,-0.539733,0.0025,0.0112
S,H,216,-1.618248,0.0147,-0.6818215,0.0034,0.0135
S,I,216,-1.3452606,0.0147,-0.4427514,0.1174,0.094
S,K,216,-1.3481064,0.015964,-0.4448528,0.0051,0.0168
S,L,216,-1.2494507,0.0106213,-0.3765233,0.0269,0.0419
S,M,216,-1.4032364,0.0172,-0.4871386,0.0735,0.0727
S,N,216,-1.2409172,0.016559,-0.3710402,0.003,0.0125
S,P,216,-1.8988533,0.0232744,-1.0088882,0.0011,0.0073
S,Q,216,-1.5638466,0.0135328,-0.6279869,0.1703,0.1154
S,R,216,-1.4306984,0.0115589,-0.5093376,0.062,0.0662
S,T,216,-1.3209724,0.014779,-0.4251364,0.0312,0.0454
S,V,216,-1.2944946,0.0101366,-0.4065788,0.0673,0.0693
S,W,216,-1.4563522,0.0147,-0.5307684,0.023,0.0383
S,Y,216,-1.6840363,0.0078542,-0.751117,0.1147,0.0929
V,A,217,-1.8390236,0.0288509,-0.9323461,0.0027,0.0218
V,C,217,-1.7653313,0.0172,-0.8430603,0.0037,0.0257
V,D,217,-1.7827797,0.0172,-0.8636952,0.0033,0.0243
V,E,217,-1.8632927,0.0172,-0.9629629,0.0045,0.0288
V,F,217,-1.6684914,0.0172,-0.7343294,0.0023,0.0201
V,G,217,-1.5318604,0.0198809,-0.5977944,0.0016,0.0165
V,H,217,-1.8163338,0.0172,-0.9042613,0.0054,0.0317
V,I,217,-1.3872643,0.0122331,-0.4745769,0.0186,0.0628
V,K,217,-1.6167336,0.0172,-0.6802805,0.0017,0.0167
V,L,217,-1.4147224,0.0229008,-0.4963305,0.0038,0.0263
V,M,217,-1.3336792,0.0172,-0.4342807,0.0086,0.0411
V,N,217,-1.8702202,0.0172,-0.9718109,0.0018,0.0175
V,P,217,-1.9498787,0.0172,-1.0769513,0.0008,0.0115
V,Q,217,-1.5641594,0.0172,-0.6282875,0.0027,0.0216
V,R,217,-1.575798,0.0172,-0.6395452,0.001,0.0129
V,S,217,-1.7598267,0.0172,-0.836616,0.0006,0.0095
V,T,217,-1.5545006,0.0172,-0.6190535,0.0026,0.0213
V,W,217,-1.7440834,0.0172,-0.8183599,0.0047,0.0296
V,Y,217,-1.6214333,0.0172,-0.6850709,0.0024,0.0206
A,C,218,-0.6190414,0.0185161,-0.1175606,0.0216,0.0421
A,D,218,-0.2539062,0.0165666,-0.0571296,0.0024,0.0126
A,E,218,-0.3020439,0.0087525,-0.0629024,0.0087,0.0255
A,F,218,-0.4481278,0.0159782,-0.084086,0.0395,0.0587
A,G,218,0.0423126,0.0165666,-0.0314363,0.0017,0.0103
A,H,218,-0.383667,0.0119863,-0.0740054,0.1114,0.1038
A,I,218,0.0744896,0.0130494,-0.0294493,0.0188,0.0391
A,K,218,-0.5716248,0.0172,-0.107184,0.001,0.0078
A,L,218,-0.1253281,0.0147,-0.0441226,0.0267,0.0474
A,M,218,0.1675873,0.0147,-0.0243714,0.0229,0.0435
A,N,218,-0.5038757,0.0172,-0.093854,0.0018,0.0106
A,P,218,-0.4467659,0.0159782,-0.08386,0.0002,0.0028
A,Q,218,-0.322834,0.0207654,-0.065567,0.0184,0.0386
A,R,218,-0.1490517,0.0162822,-0.0462824,0.0019,0.0109
A,S,218,-0.4371452,0.0100946,-0.08228,0.1084,0.1023
A,T,218,-0.050457,0.0112541,-0.0379333,0.0298,0.0503
A,V,218,0.5420608,0.0160345,-0.0113409,0.0341,0.0541
A,W,218,-0.4674797,0.0145936,-0.087361,0.4788,0.2314
A,Y,218,-0.3625336,0.0159782,-0.0709615,0.0191,0.0393
S,A,219,-0.8909149,0.0191237,-0.1975605,0.1791,0.1328
S,C,219,-1.1416321,0.0149034,-0.3119859,0.0434,0.0609
S,D,219,-1.2851982,0.0172,-0.4002209,0.0126,0.0309
S,E,219,-1.1574783,0.0172,-0.3208409,0.0024,0.0123
S,F,219,-1.3403893,0.0183953,-0.4391726,0.008,0.0241
S,G,219,-1.2251511,0.0105459,-0.3610834,0.074,0.0817
S,H,219,-1.2387161,0.0172,-0.3696366,0.0157,0.0348
S,I,219,-1.2484283,0.0172,-0.3758629,0.0041,0.0167
S,K,219,-1.3695564,0.015418,-0.4609475,0.0415,0.0594
S,L,219,-1.3787537,0.0172,-0.4679876,0.0034,0.015
S,M,219,-1.4045029,0.0165619,-0.4881456,0.0102,0.0274
S,N,219,-1.3567848,0.0172,-0.4513101,0.0027,0.0132
S,P,219,-1.296341,0.0173954,-0.4078513,0.0014,0.0092
S,Q,219,-1.4231796,0.0159695,-0.5031838,0.0338,0.0531
S,R,219,-1.3011436,0.0172,-0.4111762,0.0009,0.007
S,T,219,-0.2922325,0.0265276,-0.0616817,0.0757,0.0828
S,V,219,-1.0759392,0.0172,-0.2774706,0.0185,0.0381
S,W,219,-1.3582115,0.0172,-0.4523787,0.0549,0.0693
S,Y,219,-1.2132759,0.0149402,-0.3537311,0.0065,0.0214
S,A,220,-1.6171341,0.0137013,-0.6806878,0.0208,0.0361
S,C,220,-1.6793175,0.015427,-0.7459939,0.0027,0.0116
S,D,220,-1.6467323,0.0171404,-0.7112609,0.0226,0.0377
S,E,220,-1.4637909,0.0156008,-0.5371088,0.0121,0.0267
S,F,220,-1.5894585,0.015427,-0.6529414,0.0497,0.0582
S,G,220,-1.4418983,0.0145847,-0.518611,0.0345,0.0476
S,H,220,-1.596798,0.0068929,-0.6602206,0.0428,0.0536
S,I,220,-1.5649147,0.023652,-0.6290137,0.0026,0.0114
S,K,220,-1.4180145,0.0354579,-0.4989897,0.0481,0.0572
S,L,220,-1.6623459,0.018716,-0.7277632,0.0621,0.0658
S,M,220,-1.5065613,0.0182258,-0.5746756,0.2172,0.1308
S,N,220,-1.5336227,0.019361,-0.5994299,0.0738,0.0723
S,P,220,-1.4973145,0.1945997,-0.5663927,0.0591,0.0639
S,Q,220,-1.657589,0.0185123,-0.7227082,0.0333,0.0466
S,R,220,-1.4916039,0.0955296,-0.5613219,0.2477,0.1407
S,T,220,-1.2086754,0.0313076,-0.3509166,0.0217,0.0368
S,V,220,-1.5715866,0.0172385,-0.6354551,0.0104,0.0246
S,W,220,-1.5618019,0.0172,-0.6260246,0.0038,0.0142
S,Y,220,-1.6036491,0.0149145,-0.6670668,0.0104,0.0246
N,A,221,-0.8183823,0.0245532,-0.1723615,0.0766,0.0724
N,C,221,-0.6337128,0.0172,-0.1209587,0.0147,0.0293
N,D,221,-0.4199715,0.0191944,-0.0795303,0.1953,0.1211
N,E,221,-0.6847725,0.0147,-0.1335178,0.0264,0.0403
N,F,221,-0.7385063,0.0198983,-0.1480439,0.0036,0.0134
N,G,221,-0.654602,0.0142196,-0.1259565,0.0843,0.0763
N,H,221,0.1589394,0.0179661,-0.0248041,0.0336,0.046
N,I,221,-0.5115624,0.0242541,-0.095283,0.0014,0.0079
N,K,221,0.1336327,0.0185371,-0.0261145,0.0176,0.0323
N,L,221,-0.6991348,0.023443,-0.1372645,0.1544,0.1065
N,M,221,-0.5821991,0.0165819,-0.1094202,0.0105,0.0242
N,P,221,-0.8353691,0.01547,-0.1779848,0.0011,0.007
N,Q,221,-0.7844849,0.0147,-0.1616241,0.0248,0.039
N,R,221,-0.474205,0.0220836,-0.0885276,0.0573,0.0617
N,S,221,-0.865509,0.0198706,-0.1883762,0.0295,0.0428
N,T,221,-0.3778229,0.0123521,-0.0731513,0.0853,0.0768
N,V,221,-0.4576912,0.0165819,-0.0856895,0.0064,0.0185
N,W,221,-0.8670044,0.0172,-0.1889059,0.0354,0.0474
N,Y,221,-0.6772308,0.0620345,-0.1315888,0.0488,0.0565
Y,A,222,-1.5414085,0.0144538,-0.6066943,0.0065,0.0209
Y,C,222,-1.4759445,0.0121298,-0.5475908,0.0114,0.0285
Y,D,222,-1.5335693,0.01764,-0.5993803,0.0051,0.0184
Y,E,222,-1.6795883,0.0165703,-0.7462873,0.0032,0.0141
Y,F,222,-1.2070618,0.0190205,-0.3499338,0.2562,0.1576
Y,G,222,-1.62426,0.0172,-0.6879634,0.0005,0.0048
Y,H,222,-1.4173965,0.0283088,-0.4984897,0.0567,0.0688
Y,I,222,-1.2804794,0.0149284,-0.3970247,0.049,0.0635
Y,K,222,-1.2973824,0.0159851,-0.4085704,0.0068,0.0215
Y,L,222,-1.5887299,0.0128598,-0.6522219,0.0446,0.0603
Y,M,222,-1.2428856,0.0134726,-0.3722991,0.1308,0.1089
Y,N,222,-1.2207603,0.0159851,-0.3583503,0.0015,0.0095
Y,P,222,-1.5998154,0.0172,-0.6632297,0.0001,0.0021
Y,Q,222,-1.4095573,0.0165703,-0.4921806,0.0076,0.0227
Y,R,222,-1.4755363,0.0149306,-0.5472362,0.0069,0.0217
Y,S,222,-1.6916275,0.0144538,-0.759408,0.0191,0.0378
Y,T,222,-1.5174294,0.0109554,-0.5845249,0.0284,0.0471
Y,V,222,-1.4152641,0.0112418,-0.4967673,0.0328,0.0509
Y,W,222,-1.4902802,0.0147,-0.5601513,0.0875,0.0873
N,A,223,-1.5133896,0.0159925,-0.5808494,0.0237,0.0428
N,C,223,-1.4180756,0.0154334,-0.4990391,0.0086,0.0244
N,D,223,-1.3551521,0.0246185,-0.4500896,0.0401,0.0571
N,E,223,-1.3914452,0.0100359,-0.4778404,0.1222,0.1055
N,F,223,-1.488121,0.0170012,-0.5582459,0.28,0.1664
N,G,223,-1.4221573,0.0159925,-0.5023516,0.0187,0.0375
N,H,223,-1.6401825,0.0100359,-0.7044152,0.0664,0.0754
N,I,223,-1.4797287,0.0069291,-0.5508857,0.0751,0.0807
N,K,223,-1.4256401,0.0141664,-0.5051913,0.001,0.0076
N,L,223,-1.5867233,0.0149788,-0.6502433,0.048,0.0631
N,M,223,-1.4037743,0.0223727,-0.4875661,0.0027,0.013
N,P,223,-1.2777939,0.0172,-0.395215,0,0.0006
N,Q,223,-1.4080276,0.0099712,-0.4909567,0.0101,0.0268
N,R,223,-1.3395233,0.0225529,-0.4385388,0.0015,0.0093
N,S,223,-0.5222588,0.0502217,-0.0973061,0.001,0.0077
N,T,223,-1.185833,0.02032,-0.3372174,0.0004,0.0046
N,V,223,-1.3603745,0.0164715,-0.4540026,0.0474,0.0627
N,W,223,-1.5665588,0.0172,-0.6305967,0.0038,0.0158
N,Y,223,-1.2184258,0.0119569,-0.3569041,0.2085,0.1415
R,A,224,-1.7374992,0.0311869,-0.8108016,0.0782,0.0749
R,C,224,-1.7322121,0.0161061,-0.8047652,0.0143,0.0295
R,D,224,-1.7795448,0.0166351,-0.8598457,0.0018,0.0095
R,E,224,-1.2316589,0.0172,-0.3651661,0.0141,0.0292
R,F,224,-1.7899399,0.0172,-0.8722544,0.0188,0.0342
R,G,224,-1.4002533,0.0257217,-0.484773,0.1242,0.0966
R,H,224,-1.5394592,0.0226724,-0.6048695,0.1881,0.1214
R,I,224,-1.387413,0.0161061,-0.4746927,0.0061,0.0185
R,K,224,-0.5561066,0.0161608,-0.1039807,0.0683,0.0695
R,L,224,-1.7505455,0.0210062,-0.8258221,0.0166,0.0319
R,M,224,-1.8845177,0.0172,-0.9902233,0.0122,0.027
R,N,224,-1.2478333,0.0200355,-0.375479,0.095,0.0834
R,P,224,-1.8554497,0.0172,-0.9530037,0.0002,0.0028
R,Q,224,-1.4308243,0.0191024,-0.5094412,0.086,0.0789
R,S,224,-1.6020775,0.0102401,-0.6654919,0.0497,0.0584
R,T,224,-1.5408058,0.0153247,-0.6061297,0.0179,0.0333
R,V,224,-1.5868073,0.0128396,-0.650326,0.0136,0.0287
R,W,224,-1.5881271,0.0150266,-0.6516271,0.0255,0.0405
R,Y,224,-1.9054108,0.0172,-1.0174935,0.007,0.0199
R,A,225,-1.5382614,0.03066,-0.6037502,0.0127,0.0315
R,C,225,-1.7135963,0.0172,-0.7837449,0.0107,0.0287
R,D,225,-1.7683983,0.016648,-0.8466645,0.0035,0.0154
R,E,225,-1.4496193,0.0172,-0.5250786,0.0029,0.0138
R,F,225,-1.6698265,0.0172,-0.7357612,0.0416,0.0604
R,G,225,-1.5574379,0.023449,-0.6218512,0.0093,0.0265
R,H,225,-1.477066,0.0161303,-0.5485657,0.01,0.0275
R,I,225,-1.5619087,0.0151859,-0.626127,0.0257,0.0464
R,K,225,-0.7552147,0.008787,-0.1528518,0.086,0.0901
R,L,225,-1.906887,0.0133173,-1.0194365,0.122,0.1092
R,M,225,-1.7898903,0.0147652,-0.8721949,0.0585,0.0729
R,N,225,-1.5869408,0.0172,-0.6504576,0.0054,0.0196
R,P,225,-1.7147903,0.0172,-0.7850821,0.0005,0.0052
R,Q,225,-1.6051865,0.0158964,-0.66861,0.0636,0.0763
R,S,225,-1.6258736,0.0193564,-0.6896184,0.0041,0.0168
R,T,225,-1.5409508,0.0172,-0.6062655,0.0016,0.0101
R,V,225,-1.6441727,0.016648,-0.7085803,0.0179,0.038
R,W,225,-1.696846,0.0172,-0.7651429,0.0119,0.0304
R,Y,225,-1.6179657,0.0172,-0.6815341,0.0271,0.0478
F,A,226,-1.5733604,0.0166159,-0.6371755,0.0023,0.0115
F,C,226,-1.687973,0.0166159,-0.755409,0.0328,0.0492
F,D,226,-1.934021,0.0155591,-1.055529,0.0369,0.0525
F,E,226,-1.8025475,0.0179839,-0.8874538,0.0248,0.0422
F,G,226,-1.886261,0.0166159,-0.9924822,0.0008,0.0062
F,H,226,-1.9329185,0.0160701,-1.0540486,0.0439,0.0578
F,I,226,-1.66605,0.019607,-0.7317161,0.1546,0.1154
F,K,226,-2.006115,0.0172,-1.1548365,0.0007,0.0057
F,L,226,-1.9478912,0.0102782,-1.0742532,0.0314,0.0481
F,M,226,-1.7924271,0.0150796,-0.8752399,0.0771,0.0787
F,N,226,-1.735466,0.0166159,-0.8084768,0.0013,0.0085
F,P,226,-2.01297,0.0172,-1.1645309,0.0001,0.002
F,Q,226,-1.9753265,0.0172,-1.111829,0.0142,0.0311
F,R,226,-1.743576,0.0172,-0.8177758,0.0006,0.0055
F,S,226,-1.9838066,0.0232119,-1.1235868,0.0232,0.0407
F,T,226,-1.7454605,0.0154414,-0.8199464,0.026,0.0433
F,V,226,-1.7707863,0.0109132,-0.8494775,0.2472,0.1494
F,W,226,-1.9221611,0.0155591,-1.0396655,0.0343,0.0505
F,Y,226,-1.7712364,0.0130661,-0.8500084,0.0836,0.0823
T,A,227,-0.8120842,0.0181075,-0.1703182,0.0459,0.0552
T,C,227,-1.5260086,0.0165987,-0.5923873,0.0101,0.024
T,D,227,-1.4778328,0.0172,-0.5492331,0.0015,0.0084
T,E,227,-1.2088661,0.0165987,-0.3510328,0.0255,0.04
T,F,227,-1.4775505,0.0212357,-0.5489873,0.0665,0.0678
T,G,227,-1.4001579,0.0150231,-0.4846975,0.0037,0.0139
T,H,227,-1.6927338,0.0192091,-0.7606214,0.0143,0.0291
T,I,227,-0.9387245,0.0143673,-0.2159478,0.3103,0.158
T,K,227,-1.2916031,0.0249,-0.4045926,0.0555,0.0613
T,L,227,-1.6916084,0.0133354,-0.7593871,0.06,0.064
T,M,227,-1.1717911,0.021048,-0.3290213,0.0455,0.055
T,N,227,-1.2936592,0.0112792,-0.4060042,0.0141,0.0288
T,P,227,-1.418663,0.015514,-0.4995148,0.0002,0.0026
T,Q,227,-1.6408234,0.0190601,-0.7050831,0.0214,0.0364
T,R,227,-1.1745834,0.0178923,-0.3306376,0.0199,0.0349
T,S,227,-1.063034,0.0202647,-0.2710927,0.0409,0.0518
T,V,227,-1.1743698,0.0196686,-0.3305137,0.0863,0.0782
T,W,227,-1.7900963,0.0249,-0.8724419,0.0536,0.0602
T,Y,227,-1.5373001,0.0468859,-0.6028531,0.0525,0.0595
P,A,228,-1.8531685,0.0145979,-0.9501185,0.1479,0.1236
P,C,228,-2.0101547,0.0155016,-1.1605443,0.007,0.0231
P,D,228,-1.8426628,0.0172,-0.9368993,0.0012,0.0089
P,E,228,-1.7892914,0.0155016,-0.871477,0.0037,0.0164
P,F,228,-2.014515,0.0172,-1.1667218,0.0011,0.0082
P,G,228,-1.9398232,0.0190277,-1.0633393,0.014,0.0339
P,H,228,-2.0444565,0.0172,-1.2096061,0.0019,0.0111
P,I,228,-1.759449,0.0271241,-0.836175,0.2202,0.1538
P,K,228,-1.7281685,0.0172,-0.8001683,0.0035,0.0157
P,L,228,-1.936039,0.0216405,-1.0582418,0.0083,0.0254
P,M,228,-1.8022499,0.016594,-0.8870931,0.0039,0.0167
P,N,228,-1.6960602,0.0165733,-0.7642775,0.0511,0.0689
P,Q,228,-1.8664742,0.0172,-0.9670204,0.0006,0.0061
P,R,228,-1.8753967,0.0153144,-0.9784537,0.0024,0.0128
P,S,228,-1.8604164,0.015152,-0.9593033,0.0755,0.0854
P,T,228,-1.631504,0.0133308,-0.6954149,0.0513,0.069
P,V,228,-1.8564415,0.0068544,-0.9542597,0.1466,0.123
P,W,228,-1.8052483,0.0172,-0.8907311,0.0012,0.0089
P,Y,228,-1.9308739,0.0172,-1.0513063,0.0075,0.024
E,A,229,-1.8122177,0.021918,-0.8992228,0.0204,0.0372
E,C,229,-1.7091331,0.0152041,-0.7787593,0.0187,0.0355
E,D,229,-1.7142982,0.0140643,-0.7845308,0.0191,0.0359
E,F,229,-1.9129257,0.0091321,-1.027407,0.1609,0.1159
E,G,229,-1.7317238,0.0145935,-0.8042092,0.0496,0.0607
E,H,229,-1.7897415,0.0152721,-0.8720165,0.0297,0.0458
E,I,229,-1.6455994,0.0177165,-0.7100736,0.0028,0.0126
E,K,229,-1.6907272,0.0144652,-0.7584215,0.001,0.0071
E,L,229,-1.6369362,0.014333,-0.7010392,0.008,0.0223
E,M,229,-1.7119789,0.0172,-0.7819358,0.003,0.013
E,N,229,-1.5854301,0.0200875,-0.6489704,0.0037,0.0147
E,P,229,-1.6733437,0.0144233,-0.7395422,0.0016,0.0092
E,Q,229,-1.5682564,0.023516,-0.6322341,0.0246,0.0412
E,R,229,-1.8402519,0.015889,-0.9338814,0.0075,0.0216
E,S,229,-1.6816483,0.0235537,-0.7485215,0.0697,0.0732
E,T,229,-1.8249245,0.0201736,-0.9148329,0.1029,0.0907
E,V,229,-1.7577705,0.0196035,-0.834217,0.0182,0.035
E,W,229,-1.8002205,0.0129321,-0.8846361,0.2592,0.1507
E,Y,229,-1.6371536,0.0161822,-0.7012649,0.1091,0.0936
I,A,230,-1.334549,0.0275523,-0.4349124,0.0137,0.0316
I,C,230,-1.6027603,0.0174556,-0.6661758,0.0329,0.051
I,D,230,-1.7820435,0.0172,-0.8628182,0.0018,0.0103
I,E,230,-1.509121,0.0249,-0.5769842,0.0029,0.0134
I,F,230,-1.6371765,0.0186958,-0.7012887,0.0291,0.0477
I,G,230,-1.5826454,0.0172,-0.6462354,0.0012,0.0084
I,H,230,-1.7557602,0.0199485,-0.8318757,0.0251,0.044
I,K,230,-1.6155968,0.0195109,-0.6791252,0.0089,0.0248
I,L,230,-1.567955,0.0216999,-0.6319431,0.0754,0.0805
I,M,230,-1.3802452,0.0267034,-0.4691372,0.0157,0.034
I,N,230,-1.8107605,0.0181266,-0.8974432,0.0187,0.0374
I,P,230,-1.8311462,0.0117824,-0.9225363,0.0202,0.0391
I,Q,230,-1.6129112,0.0134657,-0.6764016,0.0381,0.0553
I,R,230,-1.3766212,0.0222347,-0.4663478,0.006,0.0199
I,S,230,-1.6777344,0.0137593,-0.7442805,0.0155,0.0337
I,T,230,-1.4528503,0.0248446,-0.5278032,0.0279,0.0466
I,V,230,-1.0434456,0.0082733,-0.261656,0.4343,0.2108
I,W,230,-1.814434,0.0172,-0.9019336,0.0074,0.0224
I,Y,230,-1.4889259,0.0312552,-0.5589556,0.0411,0.0576
A,C,231,-1.3509865,0.0199268,-0.4469876,0.0111,0.0269
A,D,231,-1.3084335,0.0091899,-0.4162649,0.0091,0.0242
A,E,231,-1.4896202,0.0172,-0.5595684,0.0001,0.0022
A,F,231,-1.3460884,0.0208788,-0.4433618,0.0382,0.0532
A,G,231,-1.6114044,0.0170084,-0.6748767,0.0022,0.0109
A,H,231,-1.4330482,0.0115885,-0.5112726,0.0299,0.0465
A,I,231,-1.2883072,0.0156813,-0.4023381,0.0066,0.0202
A,K,231,-1.5428314,0.0166621,-0.6080288,0.0022,0.0111
A,L,231,-1.5248451,0.0099355,-0.5913165,0.0762,0.0777
A,M,231,-1.4312592,0.0143376,-0.5097989,0.0223,0.0396
A,N,231,-1.2578049,0.0227432,-0.3819557,0.0049,0.0173
A,P,231,-1.5955544,0.0161568,-0.6589832,0.0001,0.0015
A,Q,231,-1.5444374,0.0175508,-0.6095376,0.1166,0.0982
A,R,231,-1.392376,0.0157934,-0.4785693,0.0064,0.02
A,S,231,-1.0749397,0.0166878,-0.276972,0.0432,0.0569
A,T,231,-0.8132935,0.0080187,-0.1707088,0.1141,0.097
A,V,231,-1.1854286,0.0171389,-0.336979,0.2456,0.1479
A,W,231,-1.4679909,0.0133277,-0.5407139,0.135,0.1065
A,Y,231,-1.5330734,0.0151715,-0.5989198,0.0989,0.0897
A,C,232,-0.9531746,0.011154,-0.2217999,0.011,0.0244
A,D,232,-0.8793793,0.0086482,-0.1933412,0.0127,0.0264
A,E,232,0.0408096,0.0068726,-0.0315323,0.092,0.0784
A,F,232,-0.8443413,0.0144082,-0.1810221,0.1736,0.1111
A,G,232,-0.7616959,0.0127091,-0.1547554,0.0073,0.0195
A,H,232,-0.9940414,0.0093703,-0.2391233,0.03,0.0423
A,I,232,-0.7100525,0.0062073,-0.140178,0.1243,0.0925
A,K,232,-0.2149124,0.0131379,-0.0528338,0.0171,0.0311
A,L,232,-0.8779411,0.0094735,-0.1928209,0.0969,0.0807
A,M,232,-1.1462822,0.0213824,-0.3145626,0.076,0.0706
A,N,232,-0.6002006,0.0154149,-0.1133288,0.0188,0.0327
A,P,232,-0.8358955,0.0183666,-0.1781617,0.0266,0.0396
A,Q,232,-1.0691566,0.0121062,-0.2741025,0.0157,0.0297
A,R,232,-0.4025116,0.0185741,-0.0768254,0.0098,0.0229
A,S,232,-0.7559204,0.01026,-0.153058,0.0134,0.0272
A,T,232,-0.3024063,0.0197051,-0.062948,0.0069,0.0189
A,V,232,-0.7392311,0.0077277,-0.1482495,0.0568,0.0601
A,W,232,-0.9713516,0.0121062,-0.2293622,0.1007,0.0824
A,Y,232,-0.9511375,0.0122588,-0.2209664,0.094,0.0793
R,A,233,-1.7348251,0.0161076,-0.8077449,0.0073,0.0314
R,C,233,-1.6607246,0.0172,-0.7260376,0.0016,0.0138
R,D,233,-1.9520187,0.0172,-1.0798607,0.0053,0.0261
R,E,233,-1.7621574,0.0172,-0.8393407,0.0036,0.0212
R,F,233,-1.8306732,0.016456,-0.9219493,0.008,0.033
R,G,233,-1.6553802,0.031226,-0.7203691,0.0019,0.0149
R,H,233,-2.1135635,0.0172,-1.311593,0.017,0.0498
R,I,233,-1.6414871,0.0172,-0.7057751,0.0052,0.0261
R,K,233,-1.7900543,0.0215239,-0.8723915,0.1357,0.1561
R,L,233,-1.8035812,0.0168198,-0.8887073,0.0026,0.0178
R,M,233,-1.6805649,0.0172,-0.7473459,0.0037,0.0216
R,N,233,-1.7270203,0.0172,-0.7988662,0.0081,0.0333
R,P,233,-1.7990761,0.0172,-0.8832524,0.0005,0.0073
R,Q,233,-1.9701042,0.0172,-1.1046217,0.0019,0.015
R,S,233,-1.5952988,0.01764,-0.658729,0.004,0.0226
R,T,233,-1.8086243,0.0172,-0.8948383,0.0018,0.0144
R,V,233,-1.7062035,0.0168198,-0.7754983,0.0018,0.0146
R,W,233,-1.951683,0.0215975,-1.079404,0.0121,0.0414
R,Y,233,-1.8977547,0.0219,-1.0074507,0.0087,0.0345
P,A,234,-1.8557739,0.0133295,-0.9534141,0.0393,0.0486
P,C,234,-2.1059532,0.0172,-1.3001617,0.0068,0.0185
P,D,234,-1.7605934,0.0172,-0.8375117,0.0004,0.0037
P,E,234,-1.8306084,0.0172,-0.9218689,0.0055,0.0165
P,F,234,-1.9345703,0.0153343,-1.056267,0.0535,0.0576
P,G,234,-1.9193039,0.0157617,-1.0358642,0.0046,0.015
P,H,234,-1.9162407,0.0217767,-1.0317976,0.0285,0.0408
P,I,234,-1.7370949,0.0133538,-0.810339,0.0505,0.0558
P,K,234,-1.9062767,0.2201642,-1.018633,0.1458,0.1
P,L,234,-1.6388016,0.0177967,-0.7029778,0.099,0.0808
P,M,234,-1.6964989,0.0166923,-0.7647605,0.0532,0.0574
P,N,234,-1.7355766,0.0172,-0.8086031,0.06,0.0614
P,Q,234,-1.9119987,0.02352,-1.0261811,0.0223,0.0356
P,R,234,-1.7563744,0.1351986,-0.8325906,0.0723,0.068
P,S,234,-1.6453285,0.0125346,-0.7097898,0.0234,0.0366
P,T,234,-1.766346,0.0119747,-0.8442516,0.0599,0.0613
P,V,234,-1.8049164,0.0128879,-0.8903279,0.1205,0.09
P,W,234,-1.545002,0.0172,-0.6100686,0.013,0.0265
P,Y,234,-1.9456291,0.0151208,-1.0711869,0.0244,0.0374
K,A,235,-1.5665588,0.008939,-0.6305967,0.0672,0.0698
K,C,235,-1.3941956,0.0134299,-0.4799968,0.03,0.0448
K,D,235,-1.6116791,0.0147,-0.6751546,0.0019,0.0099
K,E,235,-1.0505295,0.0267164,-0.265035,0.0092,0.0234
K,F,235,-1.3978043,0.0145868,-0.4828377,0.0322,0.0466
K,G,235,-1.265583,0.016431,-0.3870712,0.003,0.0125
K,H,235,-1.3313293,0.0157277,-0.4325779,0.0017,0.0093
K,I,235,-1.37957,0.0126711,-0.4686165,0.0486,0.0584
K,L,235,-1.5763092,0.0170973,-0.6400429,0.2597,0.1467
K,M,235,-1.7498245,0.0147,-0.8249874,0.0291,0.044
K,N,235,-1.3320007,0.0221485,-0.4330639,0.0117,0.0267
K,P,235,-1.452034,0.0129554,-0.5271138,0.0219,0.0377
K,Q,235,-1.4359131,0.0164313,-0.5136394,0.016,0.0316
K,R,235,-1.009407,0.0131269,-0.2459407,0.1404,0.1046
K,S,235,-1.5553627,0.0052558,-0.6198737,0.0352,0.0489
K,T,235,-1.5120087,0.0126833,-0.5795969,0.0443,0.0555
K,V,235,-1.234623,0.0065461,-0.3670383,0.1797,0.1198
K,W,235,-1.4666557,0.0147,-0.5395658,0.0089,0.0229
K,Y,235,-1.6209755,0.0099805,-0.6846032,0.017,0.0328
V,A,236,-1.3919373,0.0131925,-0.4782257,0.0949,0.0807
V,C,236,-1.8405151,0.0133989,-0.9342106,0.0089,0.022
V,D,236,-1.7169724,0.0148583,-0.78753,0.0262,0.0398
V,E,236,-1.7606277,0.0172,-0.8375518,0.0208,0.035
V,F,236,-1.6329918,0.019577,-0.6969522,0.0443,0.0531
V,G,236,-1.7600975,0.01618,-0.8369323,0.0007,0.0056
V,H,236,-1.8018913,0.0172337,-0.8866587,0.032,0.0444
V,I,236,-1.0193176,0.0102247,-0.2504284,0.2403,0.1345
V,K,236,-1.5307198,0.0152742,-0.5967377,0.0271,0.0405
V,L,236,-2.0110092,0.0144516,-1.1617535,0.0719,0.0692
V,M,236,-1.8145447,0.0145118,-0.9020691,0.0912,0.079
V,N,236,-1.6693459,0.0140909,-0.7352456,0.0434,0.0524
V,P,236,-1.801342,0.0172,-0.8859934,0.0004,0.0039
V,Q,236,-1.8379288,0.0124796,-0.930979,0.0728,0.0698
V,R,236,-1.7498894,0.0132918,-0.8250625,0.0277,0.041
V,S,236,-1.6937943,0.0088818,-0.7617857,0.0477,0.0553
V,T,236,-1.7487564,0.0133539,-0.8237517,0.0207,0.035
V,W,236,-1.7760391,0.0172,-0.8556862,0.0284,0.0416
V,Y,236,-1.8899994,0.0148583,-0.9973365,0.0054,0.0167
R,A,237,-1.8749542,0.0103681,-0.9778848,0.0096,0.0247
R,C,237,-1.9576797,0.0159396,-1.0875779,0.003,0.013
R,D,237,-1.9304619,0.0187562,-1.0507542,0.0075,0.0215
R,E,237,-1.8376007,0.0156496,-0.9305695,0.0009,0.0066
R,F,237,-1.8800697,0.0085526,-0.9844734,0.0692,0.0733
R,G,237,-1.734623,0.0125335,-0.8075141,0.0127,0.0289
R,H,237,-1.9625549,0.0152108,-1.0942483,0.1049,0.0921
R,I,237,-1.9049835,0.0131771,-1.0169315,0.0083,0.0228
R,K,237,-1.1388664,0.0149995,-0.3104619,0.0129,0.0291
R,L,237,-1.7774849,0.0081432,-0.8574001,0.2618,0.1523
R,M,237,-1.9359436,0.0176302,-1.0581134,0.1351,0.1059
R,N,237,-2.001175,0.0071412,-1.1478769,0.1394,0.1077
R,P,237,-2.070816,0.0166501,-1.2480199,0.0001,0.0022
R,Q,237,-1.908989,0.0127286,-1.0222069,0.0652,0.0709
R,S,237,-2.075325,0.0111407,-1.2546518,0.0264,0.0431
R,T,237,-1.6859283,0.0172,-0.7531777,0.0049,0.017
R,V,237,-2.0668068,0.0133311,-1.242138,0.0081,0.0225
R,W,237,-1.8860359,0.0147624,-0.9921904,0.0231,0.0401
R,Y,237,-1.923954,0.0112537,-1.042055,0.0661,0.0715
D,A,238,-0.974205,0.01778,-0.2305699,0.0027,0.0159
D,C,238,-1.0945778,0.0172,-0.2869115,0.0016,0.0118
D,E,238,-0.7259788,0.1550936,-0.1445315,0.1815,0.1611
D,F,238,-1.1518059,0.0167099,-0.3176468,0.0028,0.0163
D,G,238,-0.3379517,0.0169079,-0.0675728,0.0178,0.0449
D,H,238,-0.9747963,0.0172,-0.2308209,0.0065,0.0258
D,I,238,-1.0620003,0.0162469,-0.2705874,0.0025,0.0154
D,K,238,-0.8481979,0.0172,-0.1823422,0.0053,0.023
D,L,238,-1.0233116,0.0172,-0.2522572,0.0008,0.0084
D,M,238,-1.0760155,0.0172,-0.2775087,0.0133,0.0383
D,N,238,-0.6308174,0.0399635,-0.1202808,0.012,0.0362
D,P,238,-1.2683449,0.0172,-0.3889011,0.0006,0.0068
D,Q,238,-0.9453583,0.0172,-0.218617,0.0072,0.0273
D,R,238,-0.5585518,0.0172,-0.1044793,0.0011,0.0096
D,S,238,-0.7594109,0.0162469,-0.1540818,0.007,0.027
D,T,238,-0.8563423,0.0136893,-0.1851588,0.2579,0.1954
D,V,238,-0.839138,0.0172,-0.179255,0.0022,0.0142
D,W,238,-1.230278,0.0172,-0.3642966,0.0106,0.0337
D,Y,238,-0.9237366,0.0160811,-0.2100244,0.0037,0.0191
Q,A,239,-1.131588,0.0146459,-0.3064816,0.0369,0.0567
Q,C,239,-1.8414078,0.0160784,-0.9353276,0.0057,0.0204
Q,D,239,-1.4972458,0.0172,-0.5663315,0.0096,0.027
Q,E,239,-1.4359932,0.0172,-0.5137057,0.0067,0.0222
Q,F,239,-1.3007393,0.0160784,-0.4108955,0.0043,0.0173
Q,G,239,-1.139595,0.0166203,-0.3108628,0.0007,0.0065
Q,H,239,-1.5319366,0.0168432,-0.5978651,0.2412,0.1591
Q,I,239,-1.5490913,0.0155708,-0.6139251,0.0315,0.0519
Q,K,239,-1.4039421,0.0147062,-0.4876995,0.012,0.0305
Q,L,239,-1.3907089,0.0146126,-0.4772644,0.0162,0.0361
Q,M,239,-1.459671,0.017706,-0.5335901,0.3109,0.183
Q,N,239,-1.41885,0.0133202,-0.4996663,0.0519,0.0684
Q,P,239,-1.579071,0.0155708,-0.6427369,0.0011,0.0082
Q,R,239,-1.2018738,0.0533528,-0.3467896,0.008,0.0245
Q,S,239,-1.4276657,0.0121252,-0.5068486,0.0126,0.0314
Q,T,239,-1.5073891,0.0160784,-0.5754214,0.0151,0.0347
Q,V,239,-1.3272324,0.0115569,-0.4296219,0.0293,0.0499
Q,W,239,-1.5460167,0.0172,-0.6110239,0.0046,0.018
Q,Y,239,-1.5961342,0.0172,-0.6595599,0.0017,0.0106
H,A,240,1.0697823,0.0130032,-0.0038378,0.0236,0.0391
H,C,240,-0.0238838,0.0172,-0.0359482,0.0018,0.0094
H,D,240,0.0210838,0.0174732,-0.032819,0.0082,0.0219
H,E,240,0.7362824,0.0146253,-0.0076151,0.0667,0.0691
H,F,240,-0.0132866,0.0162466,-0.0351854,0.0061,0.0186
H,G,240,0.0667038,0.0147,-0.0299184,0.0166,0.0321
H,I,240,-0.1208382,0.0113394,-0.043725,0.2608,0.1463
H,K,240,0.0503464,0.0167097,-0.0309282,0.0034,0.0136
H,L,240,-0.0998802,0.0097606,-0.0419154,0.0537,0.0614
H,M,240,0.1709557,0.0191303,-0.0242049,0.1508,0.1083
H,N,240,-0.0891838,0.0084048,-0.0410202,0.0488,0.0582
H,P,240,-0.0521965,0.0079259,-0.038067,0.0646,0.0679
H,Q,240,0.041111,0.0086905,-0.031513,0.1098,0.0909
H,R,240,0.0299835,0.0259311,-0.0322322,0.015,0.0304
H,S,240,0.4011307,0.0133363,-0.015133,0.0231,0.0386
H,T,240,0.5941124,0.0142852,-0.0101935,0.0911,0.0821
H,V,240,0.2535172,0.0098963,-0.0204572,0.0227,0.0383
H,W,240,0.020874,0.0172,-0.0328329,0.0038,0.0143
H,Y,240,0.0559998,0.0261073,-0.0305754,0.0103,0.0248
G,A,241,-1.9670601,0.0186388,-1.1004323,0.0014,0.0132
G,C,241,-1.9684563,0.0172,-1.1023527,0.0035,0.0225
G,D,241,-1.9635582,0.0172,-1.0956238,0.0092,0.0379
G,E,241,-1.9494286,0.0192362,-1.07634,0.0143,0.0485
G,F,241,-1.9436607,0.0172,-1.0685227,0.0038,0.0233
G,H,241,-2.0510635,0.0172,-1.2191771,0.0126,0.0451
G,I,241,-1.9812088,0.0172,-1.1199777,0.0021,0.0169
G,K,241,-1.771225,0.0225758,-0.849995,0.0031,0.0211
G,L,241,-1.8304977,0.0165962,-0.9217315,0.0032,0.0213
G,M,241,-1.9470291,0.0172,-1.073084,0.0089,0.0374
G,N,241,-1.927166,0.0172,-1.0463434,0.0182,0.0552
G,P,241,-1.9073982,0.0172,-1.0201099,0.0014,0.0137
G,Q,241,-1.8860779,0.0172,-0.9922448,0.004,0.0241
G,R,241,-1.7694626,0.013668,-0.8479175,0.0032,0.0214
G,S,241,-1.8143463,0.0165962,-0.9018262,0.0061,0.0302
G,T,241,-1.95187,0.0172,-1.0796584,0.0027,0.0195
G,V,241,-1.8458481,0.0172,-0.9408955,0.0058,0.0294
G,W,241,-2.0902672,0.0172,-1.2767541,0.0046,0.0259
G,Y,241,-1.9171066,0.0172,-1.0329462,0.0041,0.0244
R,A,242,-1.879158,0.0172,-0.9832972,0.0026,0.0177
R,C,242,-1.9271317,0.0172,-1.0462975,0.0015,0.0131
R,D,242,-2.0502396,0.0172,-1.2179814,0.0039,0.0222
R,E,242,-2.1075516,0.0160958,-1.3025586,0.0021,0.0161
R,F,242,-2.227707,0.0172,-1.4886522,0.0085,0.0343
R,G,242,-1.9337234,0.0218263,-1.0551293,0.002,0.0155
R,H,242,-2.0345116,0.0166296,-1.195273,0.0036,0.0213
R,I,242,-2.0947723,0.0172,-1.2834555,0.0137,0.0445
R,K,242,-2.1545105,0.0235664,-1.3739207,0.0111,0.0397
R,L,242,-1.9431839,0.0172,-1.0678779,0.0132,0.0436
R,M,242,-2.0522919,0.0172,-1.2209608,0.008,0.0331
R,N,242,-1.8110161,0.0172,-0.8977551,0.0022,0.0161
R,P,242,-2.0037727,0.0172,-1.1515338,0.0003,0.0053
R,Q,242,-1.9287453,0.0172,-1.0484556,0.0043,0.0236
R,S,242,-2.0559196,0.0172,-1.2262363,0.0061,0.0285
R,T,242,-1.7902489,0.0160958,-0.8726249,0.0057,0.0274
R,V,242,-1.7918091,0.0172,-0.8744975,0.0083,0.0338
R,W,242,-2.0954208,0.0172,-1.2844216,0.0794,0.1171
R,Y,242,-2.0665321,0.0172,-1.2417355,0.0045,0.0241
M,A,243,-1.286644,0.0172,-0.4012044,0.0005,0.0078
M,C,243,-1.2346191,0.0172,-0.3670358,0.0025,0.0189
M,D,243,-1.4074249,0.0172,-0.4904751,0.0022,0.0178
M,E,243,-1.1708183,0.0172,-0.3284598,0.0062,0.031
M,F,243,-1.1395378,0.0172,-0.3108313,0.071,0.1188
M,G,243,-0.9278488,0.0172,-0.2116349,0.0006,0.0088
M,H,243,-1.4173126,0.01778,-0.4984218,0.003,0.0207
M,I,243,-0.219696,0.0104038,-0.0533434,0.0272,0.0701
M,K,243,-1.1275406,0.016039,-0.3042872,0.0059,0.0303
M,L,243,-1.2673149,0.0134427,-0.3882178,0.0059,0.0303
M,N,243,-1.2271538,0.0172,-0.3623357,0.0033,0.0219
M,P,243,-1.2130432,0.0172,-0.3535883,0.0007,0.0094
M,Q,243,-1.3497124,0.0155153,-0.4460422,0.0085,0.037
M,R,243,-1.2309074,0.016039,-0.3646927,0.0022,0.0175
M,S,243,-1.3730965,0.0172,-0.4636473,0.004,0.0243
M,T,243,-1.3690872,0.0316334,-0.4605906,0.0047,0.0266
M,V,243,-1.2915726,0.0109191,-0.4045717,0.002,0.0168
M,W,243,-1.2042007,0.0172,-0.3481969,0.0013,0.0133
M,Y,243,-1.3337402,0.0172,-0.434325,0.0016,0.015
N,A,244,-1.6874504,0.0141904,-0.7548383,0.0507,0.0581
N,C,244,-1.7817726,0.0172,-0.8624956,0.0022,0.0104
N,D,244,-1.1105423,0.0257532,-0.2952173,0.0077,0.0207
N,E,244,-1.5239067,0.0149993,-0.5904539,0.0237,0.0383
N,F,244,-1.8563042,0.0248111,-0.9540857,0.1147,0.0911
N,G,244,-1.7464714,0.0154949,-0.8211124,0.0122,0.0266
N,H,244,-1.935524,0.01225,-1.0575491,0.1311,0.098
N,I,244,-1.8638954,0.0207865,-0.9637308,0.0448,0.0543
N,K,244,-1.7405167,0.017346,-0.8142599,0.0144,0.0292
N,L,244,-1.9560661,0.0113658,-1.0853751,0.0711,0.07
N,M,244,-1.9608994,0.0140974,-1.0919806,0.0492,0.0572
N,P,244,-2.095375,0.0172,-1.2843533,0.0013,0.0078
N,Q,244,-1.875824,0.0154949,-0.9790033,0.1818,0.1173
N,R,244,-1.71278,0.0160244,-0.7828315,0.0211,0.0359
N,S,244,-1.6336517,0.0431886,-0.6976348,0.0139,0.0286
N,T,244,-1.7055817,0.0224265,-0.7748073,0.0045,0.0153
N,V,244,-1.8508224,0.0206898,-0.9471568,0.0136,0.0282
N,W,244,-1.9168396,0.0172,-1.032592,0.0196,0.0344
N,Y,244,-1.9443016,0.0105942,-1.0693897,0.0932,0.0813
Y,A,245,-1.9103394,0.0172,-1.023989,0.0047,0.0274
Y,C,245,-2.015129,0.0219069,-1.1675931,0.0021,0.0173
Y,D,245,-1.9649658,0.020496,-1.0975552,0.0037,0.0238
Y,E,245,-1.959198,0.0172,-1.0896529,0.0009,0.0112
Y,F,245,-2.2292442,0.0150033,-1.4911054,0.0261,0.0699
Y,G,245,-2.0324173,0.0172,-1.1922658,0.0009,0.0112
Y,H,245,-1.9176254,0.0249971,-1.0336347,0.0295,0.0748
Y,I,245,-2.1534157,0.0172,-1.3722365,0.0017,0.0158
Y,K,245,-1.9574966,0.0172,-1.0873278,0.0022,0.018
Y,L,245,-2.202053,0.0172,-1.4479718,0.0008,0.0102
Y,M,245,-2.0373077,0.0172,-1.1992939,0.0134,0.0485
Y,N,245,-1.8042793,0.0192321,-0.8895544,0.0037,0.0239
Y,P,245,-2.0378342,0.0172,-1.2000519,0.0016,0.015
Y,Q,245,-1.974987,0.0172,-1.1113597,0.0011,0.0124
Y,R,245,-2.1537476,0.0172,-1.372747,0.0034,0.0229
Y,S,245,-1.8863983,0.0249,-0.9926603,0.0042,0.0256
Y,T,245,-1.8903999,0.0147,-0.9978574,0.0092,0.0394
Y,V,245,-2.1046028,0.0172,-1.2981384,0.0027,0.0203
Y,W,245,-1.9507713,0.0172,-1.0781643,0.0047,0.0271
Y,A,246,-2.0806236,0.0132096,-1.2624674,0.0143,0.0444
Y,C,246,-2.0345802,0.0164095,-1.1953716,0.01,0.0366
Y,D,246,-1.8437653,0.0172,-0.9382813,0.0011,0.0109
Y,E,246,-1.815239,0.0172,-0.9029194,0.0017,0.0139
Y,F,246,-1.8785324,0.0209511,-0.9824906,0.023,0.0578
Y,G,246,-1.906662,0.0159923,-1.0191402,0.0087,0.0337
Y,H,246,-1.7463951,0.0156766,-0.8210243,0.4319,0.2896
Y,I,246,-1.8491478,0.0172,-0.9450462,0.0028,0.018
Y,K,246,-1.8328896,0.0172,-0.9247019,0.0005,0.0067
Y,L,246,-1.9030647,0.0159923,-1.0144099,0.0264,0.0623
Y,M,246,-2.00346,0.0185398,-1.1510933,0.0075,0.0311
Y,N,246,-1.7607956,0.0159923,-0.837748,0.0049,0.0248
Y,P,246,-1.8142166,0.0172,-0.9016674,0.0004,0.0062
Y,Q,246,-1.9530373,0.0172,-1.081247,0.0033,0.0199
Y,R,246,-1.9278336,0.0172,-1.047236,0.0002,0.004
Y,S,246,-1.8363266,0.02064,-0.9289804,0.0003,0.0049
Y,T,246,-1.9833641,0.0172,-1.1229716,0.0005,0.0073
Y,V,246,-1.9183273,0.0165742,-1.0345667,0.0005,0.0074
Y,W,246,-1.8043404,0.0165742,-0.8896286,0.0037,0.0212
W,A,247,-1.9294167,0.01598,-1.0493543,0.0002,0.0075
W,C,247,-1.9145203,0.0172,-1.0295176,0.0037,0.0339
W,D,247,-2.0940552,0.0172,-1.2823877,0.0011,0.0177
W,E,247,-1.9084969,0.0172,-1.0215579,0.0004,0.0093
W,F,247,-2.0525627,0.0172,-1.2213542,0.0039,0.0347
W,G,247,-1.8959656,0.0172,-1.0051121,0.0007,0.0135
W,H,247,-1.9670143,0.0172,-1.1003694,0.0004,0.0099
W,I,247,-1.8447342,0.0172,-0.9394969,0.0002,0.0067
W,K,247,-2.0000877,0.0172,-1.1463481,0.0004,0.0106
W,L,247,-2.0348244,0.0172,-1.1957225,0.0005,0.0113
W,M,247,-1.7743988,0.0172,-0.8537443,0.0011,0.0177
W,N,247,-2.0391273,0.0172,-1.2019144,0.0006,0.0126
W,P,247,-2.1394424,0.0172,-1.3508253,0.0002,0.0069
W,Q,247,-2.064312,0.0172,-1.238485,0.0006,0.0128
W,R,247,-1.8184357,0.0383438,-0.9068409,0.0005,0.0107
W,S,247,-1.8807106,0.0172,-0.9853006,0.0002,0.0059
W,T,247,-2.111267,0.0172,-1.3081384,0.0003,0.0078
W,V,247,-1.9792709,0.0172,-1.1172896,0.0002,0.0063
W,Y,247,-2.1641083,0.0172,-1.3887267,0.0043,0.0366
T,A,248,-1.4462357,0.0264419,-0.5222368,0.0753,0.0735
T,C,248,-1.9396324,0.0172,-1.0630819,0.0272,0.042
T,D,248,-1.8492737,0.016567,-0.9452047,0.0121,0.0269
T,E,248,-1.7818375,0.0172,-0.8625729,0.0135,0.0286
T,F,248,-1.9715691,0.0172,-1.1066408,0.0145,0.0297
T,G,248,-1.861599,0.0172,-0.960807,0.0005,0.0047
T,H,248,-1.6900253,0.0163055,-0.757653,0.2043,0.1273
T,I,248,-1.6399918,0.0296752,-0.7042166,0.0854,0.0788
T,K,248,-1.7339478,0.016567,-0.8067437,0.0088,0.0226
T,L,248,-1.9155083,0.0098269,-1.0308266,0.0536,0.061
T,M,248,-1.6432419,0.0236497,-0.7076072,0.066,0.0684
T,N,248,-1.7734146,0.0134671,-0.8525805,0.0069,0.0197
T,P,248,-1.8064651,0.0172,-0.8922101,0.0002,0.0029
T,Q,248,-1.9643784,0.0202175,-1.096749,0.0133,0.0283
T,R,248,-1.7841072,0.0159789,-0.8652781,0.0107,0.0251
T,S,248,-1.7966728,0.0173553,-0.880351,0.0677,0.0693
T,V,248,-1.8201866,0.0195891,-0.9089932,0.0735,0.0725
T,W,248,-1.7817001,0.0172,-0.8624093,0.0179,0.0333
T,Y,248,-1.9442825,0.0154312,-1.0693639,0.054,0.0613
L,A,249,-1.9058113,0.0172,-1.0180204,0.002,0.0136
L,C,249,-1.672287,0.0172,-0.7384048,0.0051,0.0225
L,D,249,-1.6634789,0.0172,-0.7289708,0.0003,0.0052
L,E,249,-1.8397064,0.0172,-0.9331994,0.0011,0.0095
L,F,249,-1.8451653,0.0133812,-0.940038,0.0114,0.0351
L,G,249,-1.9648705,0.0172,-1.0974244,0.0008,0.008
L,H,249,-1.8131142,0.0172,-0.9003187,0.0004,0.0059
L,I,249,-1.2775574,0.0162597,-0.395056,0.2859,0.2064
L,K,249,-1.8577003,0.0159822,-0.9558552,0.0074,0.0277
L,M,249,-1.8271675,0.0155018,-0.9176055,0.1092,0.1216
L,N,249,-1.9721985,0.0172,-1.1075089,0.0011,0.0095
L,P,249,-1.7621651,0.01764,-0.8393498,0.0003,0.0046
L,Q,249,-1.7366943,0.0172,-0.8098807,0.0012,0.0103
L,R,249,-1.6961708,0.0225302,-0.7643992,0.0051,0.0226
L,S,249,-1.7736893,0.0229544,-0.8529052,0.0028,0.0161
L,T,249,-1.8546219,0.0167023,-0.9519561,0.0474,0.0768
L,V,249,-1.8012924,0.0227171,-0.8859333,0.1557,0.1477
L,W,249,-1.7244072,0.0172,-0.7959078,0.0031,0.0173
L,Y,249,-1.8426247,0.0172,-0.9368515,0.0004,0.0056
L,A,250,-1.381733,0.0172,-0.4702861,0.001,0.0109
L,C,250,-1.7717743,0.0172,-0.8506431,0.0016,0.0146
L,D,250,-1.3876915,0.0172,-0.4749096,0.001,0.0111
L,E,250,-1.6540451,0.0172,-0.7189577,0.0008,0.0102
L,F,250,-1.4448853,0.0172,-0.5211059,0.0007,0.009
L,G,250,-1.635067,0.0172,-0.6991004,0.0002,0.0052
L,H,250,-1.5873337,0.0172,-0.6508447,0.0003,0.0063
L,I,250,-1.2247963,0.0093582,-0.3608619,0.147,0.1745
L,K,250,-1.7380333,0.0172,-0.811413,0.0006,0.0085
L,M,250,-1.4650536,0.0172,-0.5381907,0.0094,0.0384
L,N,250,-1.66465,0.0172,-0.7302204,0.0003,0.0055
L,P,250,-1.6959343,0.024565,-0.7641389,0.0043,0.0251
L,Q,250,-1.8260918,0.015974,-0.9162752,0.002,0.0163
L,R,250,-1.7202339,0.0172,-0.791198,0.0001,0.0035
L,S,250,-1.6627045,0.0172,-0.7281453,0.0002,0.0048
L,T,250,-1.752594,0.0165644,-0.8281968,0.0012,0.0124
L,V,250,-1.0759468,0.0261981,-0.2774744,0.3947,0.3003
L,W,250,-1.8037033,0.0172,-0.8888554,0.003,0.0207
L,Y,250,-1.7008209,0.0172,-0.7695304,0.0005,0.0075
E,A,251,-1.002449,0.0106101,-0.2428326,0.0779,0.067
E,C,251,-1.0577927,0.0159593,-0.2685391,0.0035,0.0121
E,D,251,-0.3244743,0.0123855,-0.0657818,0.0212,0.0328
E,F,251,-1.1470032,0.017839,-0.3149637,0.0268,0.0373
E,G,251,-0.8878746,0.0355496,-0.1964405,0.0495,0.0522
E,H,251,-1.2066422,0.0168676,-0.3496786,0.0441,0.0491
E,I,251,-1.3711548,0.0135209,-0.462165,0.0138,0.0259
E,K,251,-0.3124352,0.0240912,-0.0642208,0.0476,0.0511
E,L,251,-1.1096802,0.0221454,-0.2947635,0.0829,0.0694
E,M,251,-1.1063309,0.0247077,-0.2930064,0.047,0.0508
E,N,251,-0.9084206,0.0200491,-0.2041226,0.0295,0.0393
E,P,251,-1.3170395,0.015759,-0.4223376,0.0709,0.0637
E,Q,251,-0.8940811,0.014354,-0.1987331,0.1163,0.0836
E,R,251,-1.0769081,0.018754,-0.2779547,0.0741,0.0652
E,S,251,-1.2782364,0.014968,-0.3955127,0.0609,0.0586
E,T,251,-0.8988037,0.0187383,-0.2004937,0.0628,0.0596
E,V,251,-1.178875,0.0178626,-0.3331349,0.0248,0.0358
E,W,251,-1.3281021,0.0172,-0.430248,0.0122,0.0242
E,Y,251,-1.1283989,0.0096145,-0.3047514,0.0492,0.0521
P,A,252,-1.266098,0.0164764,-0.3874118,0.0921,0.099
P,C,252,-1.4844017,0.0172,-0.554975,0.0012,0.009
P,D,252,-1.5510788,0.069434,-0.6158058,0.0419,0.0642
P,E,252,-1.37463,0.0165605,-0.4648207,0.0717,0.0862
P,F,252,-1.4594116,0.0172,-0.5333692,0.0055,0.021
P,G,252,-1.6706734,0.0159668,-0.7366704,0.0088,0.0271
P,H,252,-1.7923813,0.0114603,-0.8751849,0.0709,0.0857
P,I,252,-1.604084,0.0172,-0.6675031,0.0217,0.0447
P,K,252,-1.4640007,0.0196904,-0.5372884,0.0125,0.033
P,L,252,-1.638813,0.0167573,-0.7029896,0.002,0.0119
P,M,252,-1.5996819,0.0159668,-0.6630964,0.0055,0.021
P,N,252,-1.5192337,0.0172,-0.5861721,0.0046,0.019
P,Q,252,-1.0910149,0.0219,-0.2850857,0.0484,0.0695
P,R,252,-1.4109039,0.0165605,-0.4932599,0.0117,0.0318
P,S,252,-1.3010521,0.0208164,-0.4111127,0.0185,0.0409
P,T,252,-1.2014618,0.0125045,-0.3465409,0.0034,0.0162
P,V,252,-1.483799,0.0148986,-0.5544463,0.0082,0.0262
P,W,252,-1.5566559,0.0172,-0.6211055,0.0028,0.0145
P,Y,252,-1.6158905,0.0172,-0.6794236,0.0014,0.01
G,A,253,-1.748394,0.0127276,-0.8233328,0.0387,0.0518
G,C,253,-1.8088303,0.0159598,-0.8950893,0.0018,0.0095
G,D,253,-1.4923706,0.1682092,-0.5620007,0.0206,0.0367
G,E,253,-1.1821327,0.2046954,-0.3350411,0.2126,0.1323
G,F,253,-1.8386078,0.0968342,-0.9318267,0.0189,0.035
G,H,253,-1.8307343,0.046116,-0.9220251,0.0267,0.0423
G,I,253,-1.7016411,0.0172,-0.7704378,0.0003,0.0033
G,K,253,-1.924839,0.1275519,-1.0432355,0.0279,0.0434
G,L,253,-1.8055038,0.3082099,-0.8910415,0.0304,0.0455
G,M,253,-1.7950935,0.0625051,-0.8784476,0.0997,0.0873
G,N,253,-1.6771126,0.1036738,-0.7436082,0.0428,0.0549
G,P,253,-1.8048592,0.0172,-0.8902585,0.0003,0.0035
G,Q,253,-1.7853203,0.0794503,-0.8667261,0.0172,0.0332
G,R,253,-1.6611824,0.2153421,-0.7265246,0.0238,0.0397
G,S,253,-1.661583,0.0131214,-0.7269509,0.0542,0.0624
G,T,253,-1.5181084,0.0883066,-0.5851444,0.0463,0.0572
G,V,253,-1.6371918,0.0172,-0.7013046,0.0059,0.0184
G,W,253,-1.813736,0.019868,-0.9010793,0.0337,0.0481
G,Y,253,-1.6622849,0.0406966,-0.7276982,0.03,0.0451
D,A,254,-1.895237,0.0185742,-1.0041607,0.1436,0.1258
D,C,254,-1.934391,0.0172,-1.0560261,0.0047,0.0192
D,E,254,-1.3374634,0.0114391,-0.4370342,0.1651,0.1358
D,F,254,-1.6256142,0.0172,-0.6893522,0.0019,0.0115
D,G,254,-1.8717003,0.0153837,-0.9737075,0.0753,0.0882
D,H,254,-1.9227982,0.3339231,-1.0405143,0.047,0.068
D,I,254,-1.7503662,0.0172,-0.8256145,0.0007,0.0068
D,K,254,-1.7465401,0.073332,-0.8211917,0.0248,0.0479
D,L,254,-1.7154961,0.0172,-0.7858733,0.0001,0.0022
D,M,254,-1.6369171,0.0172,-0.7010194,0.0032,0.0155
D,N,254,-1.4393997,0.0185809,-0.5165311,0.0097,0.0286
D,P,254,-2.093914,0.0165575,-1.2821774,0.0001,0.002
D,Q,254,-1.8245926,0.203572,-0.9144231,0.3383,0.2015
D,R,254,-1.8132286,0.0172,-0.9004586,0.0002,0.0037
D,S,254,-1.760128,0.0130466,-0.836968,0.0466,0.0678
D,T,254,-1.701416,0.0172,-0.7701887,0.0011,0.0086
D,V,254,-1.9326591,0.0165575,-1.0537005,0.0005,0.0058
D,W,254,-1.6902924,0.0172,-0.7579454,0.0036,0.0165
D,Y,254,-1.8617973,0.0158273,-0.9610592,0.0099,0.0289
T,A,255,-1.5967827,0.014424,-0.6602053,0.0413,0.0501
T,C,255,-1.7069664,0.0148849,-0.7763467,0.0157,0.0295
T,D,255,-1.639782,0.0147,-0.7039981,0.0093,0.0221
T,E,255,-1.7500572,0.0155731,-0.8252567,0.1193,0.0898
T,F,255,-1.626049,0.0127,-0.6897985,0.0742,0.0692
T,G,255,-1.6071243,0.0135201,-0.6705586,0.0192,0.0329
T,H,255,-1.6659508,0.0147,-0.73161,0.131,0.0945
T,I,255,-1.6089516,0.0136067,-0.6723998,0.0185,0.0322
T,K,255,-1.4744034,0.0121605,-0.5462532,0.0245,0.0376
T,L,255,-1.8627586,0.0154032,-0.9622827,0.0031,0.012
T,M,255,-1.4568939,0.0172,-0.5312282,0.023,0.0363
T,N,255,-1.7532082,0.0163055,-0.8289096,0.057,0.0598
T,P,255,-2.0540466,0.0178619,-1.2235111,0.0004,0.004
T,Q,255,-1.8685074,0.0106033,-0.9696188,0.0493,0.0552
T,R,255,-1.6505165,0.0203432,-0.7152367,0.0112,0.0245
T,S,255,-1.697628,0.0122156,-0.7660047,0.0735,0.0688
T,V,255,-1.7881355,0.0212671,-0.8700924,0.1446,0.0998
T,W,255,-1.9059601,0.0181162,-1.0182163,0.0303,0.0423
T,Y,255,-1.8504066,0.0106033,-0.9466325,0.0518,0.0568
I,A,256,-2.116684,0.0172,-1.3162943,0.0011,0.0112
I,C,256,-1.7928658,0.0172,-0.8757672,0.0012,0.0116
I,D,256,-1.9083939,0.0172,-1.0214221,0.0009,0.0101
I,E,256,-1.5941162,0.0172,-0.6575542,0.0005,0.0075
I,F,256,-1.8144035,0.0172,-0.9018962,0.0021,0.016
I,G,256,-1.698101,0.0172,-0.7665263,0.0012,0.0121
I,H,256,-2.0318375,0.0172,-1.191434,0.0003,0.0054
I,K,256,-1.8686981,0.0231787,-0.9698627,0.0026,0.0181
I,L,256,-1.6383896,0.0150247,-0.7025493,0.2045,0.1996
I,M,256,-1.7058296,0.0287314,-0.7750828,0.0604,0.1021
I,N,256,-1.7527313,0.0172,-0.8283561,0.001,0.011
I,P,256,-1.9088821,0.0172,-1.0220659,0.0004,0.0061
I,Q,256,-1.8771439,0.0172,-0.9807019,0.0012,0.012
I,R,256,-1.7342377,0.0172,-0.8070744,0.0016,0.0138
I,S,256,-2.1257248,0.0172,-1.3299606,0.0003,0.0057
I,T,256,-1.7297668,0.0261538,-0.8019833,0.0024,0.0174
I,V,256,-1.3825455,0.0138224,-0.4709145,0.1318,0.1568
I,W,256,-1.82164,0.0172,-0.9107821,0.0009,0.0099
I,Y,256,-1.8652954,0.0172,-0.9655159,0.0027,0.0186
I,A,257,-1.4160728,0.0075171,-0.49742,0.0555,0.0611
I,C,257,-1.259552,0.0156859,-0.3830999,0.019,0.0339
I,D,257,-1.4306755,0.0165577,-0.5093188,0.014,0.0286
I,E,257,-1.0793076,0.0165577,-0.2791566,0.0134,0.0279
I,F,257,-1.1768227,0.0135186,-0.3319387,0.0793,0.0743
I,G,257,-1.3797112,0.0121243,-0.4687253,0.0142,0.0288
I,H,257,-1.3715019,0.0172,-0.4624297,0.0095,0.0231
I,K,257,-1.2945175,0.0159616,-0.4065946,0.0404,0.0513
I,L,257,-1.3601227,0.0140497,-0.4538133,0.0681,0.0684
I,M,257,-0.750042,0.0159155,-0.1513481,0.0976,0.0833
I,N,257,-1.3985405,0.0147,-0.4834188,0.013,0.0275
I,P,257,-1.3014183,0.0172,-0.4113671,0,0.001
I,Q,257,-1.2879219,0.0054887,-0.4020752,0.0714,0.0701
I,R,257,-1.1050148,0.0167421,-0.2923184,0.0013,0.0078
I,S,257,-1.176712,0.0104691,-0.3318743,0.0393,0.0505
I,T,257,-0.504364,0.0177396,-0.0939442,0.0284,0.0422
I,V,257,-0.8579292,0.0100574,-0.1857121,0.0396,0.0508
I,W,257,-1.1443787,0.0162311,-0.3135056,0.2935,0.1526
I,Y,257,-1.345253,0.0082445,-0.4427458,0.0439,0.0537
F,A,258,-1.7712669,0.0172,-0.8500444,0.0003,0.0059
F,C,258,-2.14645,0.0165548,-1.3615433,0.001,0.0107
F,D,258,-1.8607445,0.0172,-0.9597204,0.0005,0.0072
F,E,258,-1.7658081,0.0172,-0.8436199,0.001,0.0106
F,G,258,-1.9716072,0.0172,-1.1066933,0.0004,0.006
F,H,258,-1.8766365,0.0172,-0.9800487,0.0033,0.0202
F,I,258,-1.7566414,0.0178231,-0.8329014,0.083,0.1194
F,K,258,-2.0997162,0.0172,-1.2908295,0.001,0.0107
F,L,258,-1.8342285,0.0214831,-0.9263672,0.1982,0.1926
F,M,258,-1.9493828,0.0172,-1.0762778,0.0045,0.024
F,N,258,-2.0353508,0.0172,-1.1964791,0.0009,0.0097
F,P,258,-1.8826714,0.0165548,-0.9878342,0.0006,0.0077
F,Q,258,-2.0652237,0.0172,-1.2398193,0.0016,0.0135
F,R,258,-2.1508064,0.0172,-1.3682263,0.0002,0.0044
F,S,258,-2.0170364,0.0265877,-1.1703019,0.0031,0.0197
F,T,258,-1.9061279,0.0172,-1.0184371,0.0007,0.0087
F,V,258,-1.9103432,0.0148803,-1.023994,0.0158,0.0479
F,W,258,-1.6825066,0.0165548,-0.7494537,0.0219,0.0573
F,Y,258,-1.974083,0.0184794,-1.1101105,0.0215,0.0567
E,A,259,-1.6824379,0.0189208,-0.749379,0.0064,0.0239
E,C,259,-1.8763618,0.0172,-0.9796952,0.0086,0.0281
E,D,259,-1.7806282,0.0219,-0.8611337,0.0355,0.0612
E,F,259,-1.9901962,0.0172,-1.1324903,0.0035,0.017
E,G,259,-1.9203033,0.0274209,-1.0371929,0.0104,0.0311
E,H,259,-1.8849297,0.0172,-0.9907569,0.0465,0.0709
E,I,259,-1.9071922,0.0172,-1.0198385,0.0105,0.0313
E,K,259,-1.7103043,0.0169193,-0.7800656,0.0131,0.0354
E,L,259,-1.942276,0.0172,-1.0666507,0.0005,0.0059
E,M,259,-1.7321587,0.0172,-0.8047044,0.0209,0.0457
E,N,259,-1.9333496,0.0172,-1.0546273,0.0069,0.0249
E,P,259,-1.7051468,0.0172,-0.7743243,0.0004,0.0053
E,Q,259,-1.7373314,0.0165518,-0.8106096,0.0151,0.0382
E,R,259,-1.6884384,0.0159508,-0.7559175,0.0222,0.0473
E,S,259,-1.7796936,0.0148707,-0.8600225,0.0723,0.0904
E,T,259,-1.7991753,0.0147,-0.8833723,0.0213,0.0462
E,V,259,-1.8421822,0.0260816,-0.9362972,0.0317,0.0575
E,W,259,-1.9528008,0.0172,-1.0809251,0.0046,0.0198
E,Y,259,-1.9309082,0.0172,-1.0513523,0.0022,0.0131
A,C,260,-1.8447189,0.0165537,-0.9394777,0.0095,0.0327
A,D,260,-1.6374626,0.0172,-0.7015859,0.0056,0.0244
A,E,260,-1.6210365,0.0110934,-0.6846655,0.0075,0.0287
A,F,260,-1.679081,0.0172,-0.7457378,0.0028,0.0167
A,G,260,-1.6383896,0.0175009,-0.7025493,0.0437,0.0756
A,H,260,-1.8070297,0.0172,-0.8928968,0.0225,0.0525
A,I,260,-1.5496788,0.0172,-0.6144806,0.0034,0.0185
A,K,260,-1.9031296,0.0172,-1.0144951,0.0072,0.028
A,L,260,-1.7657089,0.0172,-0.8435035,0.0101,0.0339
A,M,260,-1.7754021,0.0172,-0.8549317,0.0108,0.035
A,N,260,-1.7388115,0.0172,-0.8123044,0.0066,0.0268
A,P,260,-1.8951645,0.0172,-1.004066,0.0005,0.0061
A,Q,260,-1.792736,0.0172,-0.8756111,0.003,0.0172
A,R,260,-1.756012,0.0172,-0.8321687,0.0004,0.0059
A,S,260,-1.4893951,0.0189886,-0.5593697,0.103,0.1211
A,T,260,-1.2953491,0.014497,-0.4071673,0.0152,0.0423
A,V,260,-1.7644501,0.0215551,-0.8420265,0.006,0.0255
A,W,260,-1.9426689,0.0172,-1.0671817,0.0113,0.0359
A,Y,260,-1.9476509,0.0172,-1.0739272,0.0033,0.0184
T,A,261,-0.6497574,0.0140497,-0.1247804,0.0244,0.0456
T,C,261,-0.8102989,0.0172,-0.1697431,0.001,0.008
T,D,261,-0.7649574,0.0200973,-0.1557216,0.005,0.0191
T,E,261,-0.8085442,0.0159528,-0.1691795,0.0415,0.0611
T,F,261,-0.9431992,0.0172,-0.217745,0.0405,0.0602
T,G,261,-0.7748146,0.016553,-0.1586758,0.0058,0.0207
T,H,261,-0.601223,0.016553,-0.1135547,0.0024,0.0128
T,I,261,-0.7379952,0.0200122,-0.147899,0.0071,0.0231
T,K,261,-0.7422333,0.0172,-0.149104,0.0051,0.0192
T,L,261,-0.7201386,0.0143879,-0.1429206,0.0188,0.0395
T,M,261,-0.6401901,0.0172,-0.1224881,0.0215,0.0426
T,N,261,0.4206009,0.0091149,-0.0145422,0.0609,0.0754
T,P,261,-0.5140495,0.016553,-0.0957498,0.0003,0.004
T,Q,261,-0.8093758,0.0172,-0.1694464,0.0465,0.065
T,R,261,-0.940712,0.0172,-0.2167444,0.0028,0.0137
T,S,261,-0.4754906,0.0122639,-0.0887522,0.2826,0.1753
T,V,261,-0.741581,0.0172,-0.148918,0.0332,0.054
T,W,261,-0.9346199,0.0172,-0.2143109,0.0065,0.022
T,Y,261,-0.9854431,0.0191434,-0.2353818,0.0129,0.0321
G,A,262,-1.8418617,0.0172,-0.9358958,0.003,0.0254
G,C,262,-1.8611183,0.0169639,-0.9601956,0.0074,0.0417
G,D,262,-1.9536781,0.0147942,-1.0821197,0.0043,0.031
G,E,262,-1.8974266,0.0172,-1.0070216,0.0087,0.0454
G,F,262,-2.1232033,0.0172,-1.3261423,0.0025,0.0231
G,H,262,-1.878231,0.0165575,-0.9821022,0.0012,0.0153
G,I,262,-1.9218407,0.0172,-1.0392389,0.0012,0.015
G,K,262,-1.9748497,0.0172,-1.1111699,0.0013,0.0159
G,L,262,-2.2126427,0.0172,-1.4647042,0.0008,0.0121
G,M,262,-1.9154205,0.0172,-1.0307103,0.0034,0.0273
G,N,262,-1.9334068,0.0172,-1.0547041,0.0009,0.0133
G,P,262,-1.9198227,0.0172,-1.0365538,0.0012,0.0153
G,Q,262,-2.161049,0.0165575,-1.3839993,0.0009,0.0135
G,R,262,-1.8287201,0.0159613,-0.9195277,0.0002,0.0055
G,S,262,-2.0340881,0.0085534,-1.1946646,0.0024,0.0225
G,T,262,-1.9390068,0.0172,-1.0622384,0.0003,0.0072
G,V,262,-1.9968338,0.0170924,-1.1417795,0.0012,0.015
G,W,262,-1.9756851,0.0172,-1.1123248,0.0079,0.0432
G,Y,262,-2.0034142,0.0172,-1.1510288,0.0008,0.0122
N,A,263,-2.1594505,0.0172,-1.3815322,0.0056,0.0361
N,C,263,-2.1685982,0.0172,-1.3956783,0.0012,0.0155
N,D,263,-2.0461655,0.0106674,-1.212078,0.0053,0.0352
N,E,263,-1.9629822,0.0172,-1.094834,0.0059,0.0374
N,F,263,-2.0590286,0.0172,-1.2307666,0.0036,0.0284
N,G,263,-1.7275925,0.0172,-0.7995149,0.0022,0.0215
N,H,263,-1.9321327,0.0165551,-1.0529942,0.0017,0.0187
N,I,263,-1.8592377,0.0165551,-0.957806,0.0013,0.0163
N,K,263,-2.0061378,0.0159569,-1.1548686,0.0015,0.0174
N,L,263,-1.8583755,0.0172,-0.9567117,0.0002,0.0062
N,M,263,-1.8816643,0.0172,-0.9865324,0.0018,0.0196
N,P,263,-2.0017738,0.0172,-1.1487193,0.0007,0.0112
N,Q,263,-1.9829063,0.0172,-1.1223353,0.0005,0.0095
N,R,263,-1.8117294,0.0172,-0.8986262,0.0002,0.0064
N,S,263,-1.7697983,0.0187308,-0.848313,0.003,0.026
N,T,263,-1.6653938,0.02064,-0.7310148,0.0012,0.0157
N,V,263,-1.9357681,0.0172,-1.0578774,0.0006,0.0102
N,W,263,-1.8488464,0.0172,-0.9446666,0.0036,0.0283
N,Y,263,-1.9565468,0.0172,-1.0860311,0.0035,0.0279
L,A,264,-2.0224495,0.0172,-1.1780074,0.0011,0.0105
L,C,264,-1.9576302,0.0172,-1.0875103,0.0031,0.0186
L,D,264,-1.9273758,0.0172,-1.0466238,0.0006,0.0075
L,E,264,-1.9994736,0.0172,-1.1454851,0.0013,0.0115
L,F,264,-1.7730598,0.0121424,-0.8521612,0.0599,0.0957
L,G,264,-1.9001732,0.0172,-1.0106169,0.0004,0.0062
L,H,264,-1.935154,0.0172,-1.0570516,0.0012,0.0113
L,I,264,-1.7644844,0.0202317,-0.8420668,0.0367,0.0732
L,K,264,-1.8735123,0.0172,-0.9760324,0.0008,0.0091
L,M,264,-1.9342308,0.0165587,-1.0558109,0.0273,0.0621
L,N,264,-1.9313316,0.0172,-1.0519198,0.0009,0.0094
L,P,264,-1.9920998,0.0231265,-1.1351502,0.0026,0.0172
L,Q,264,-1.9002266,0.0186191,-1.0106869,0.0011,0.0105
L,R,264,-1.638813,0.0172,-0.7029896,0.0003,0.0049
L,S,264,-1.6550598,0.0172,-0.7200302,0.0004,0.0057
L,T,264,-1.808342,0.0172,-0.8944944,0.0002,0.0037
L,V,264,-1.7321167,0.0165587,-0.8046566,0.0059,0.0269
L,W,264,-1.7141266,0.0171001,-0.7843386,0.1951,0.1832
L,Y,264,-1.9886246,0.0178713,-1.1302968,0.0546,0.091
I,A,265,-1.6910744,0.0111574,-0.7588018,0.062,0.0999
I,C,265,-1.6519241,0.0172,-0.7167195,0.0009,0.0095
I,D,265,-1.5489578,0.0172,-0.6137989,0.0043,0.023
I,E,265,-1.495121,0.0172,-0.5644409,0.0006,0.0075
I,F,265,-1.7485161,0.0172,-0.8234739,0.0005,0.0068
I,G,265,-1.6245308,0.0159533,-0.688241,0.0003,0.005
I,H,265,-1.4819832,0.0172,-0.5528557,0.002,0.0149
I,K,265,-1.6387901,0.0172,-0.7029658,0.0011,0.0107
I,L,265,-1.4587135,0.0064966,-0.5327749,0.4034,0.2796
I,M,265,-1.7063484,0.013403,-0.7756594,0.033,0.0706
I,N,265,-1.8237877,0.0172,-0.9134297,0.0005,0.0072
I,P,265,-1.7255898,0.0165532,-0.7972458,0.0003,0.0051
I,Q,265,-1.5556145,0.0172,-0.6201134,0.0008,0.0093
I,R,265,-1.6721992,0.0165532,-0.7383104,0.0002,0.0043
I,S,265,-1.4482994,0.0165532,-0.5239686,0.0002,0.004
I,T,265,-1.5505829,0.0238001,-0.6153362,0.0025,0.0172
I,V,265,-0.772953,0.0153433,-0.1581139,0.0931,0.1249
I,W,265,-1.862999,0.0172,-0.9625888,0.0007,0.0088
I,Y,265,-1.7196083,0.0172,-0.7904936,0.0024,0.0166
A,C,266,-1.8360214,0.0172,-0.9286,0.0137,0.0431
A,D,266,-1.9807663,0.0172,-1.1193636,0.0049,0.0244
A,E,266,-1.7042542,0.0149383,-0.7733335,0.0061,0.0277
A,F,266,-1.9530144,0.0172,-1.0812158,0.0016,0.0131
A,G,266,-1.6655769,0.0154203,-0.7312104,0.002,0.0152
A,H,266,-1.8547211,0.0172,-0.9520816,0.0062,0.0279
A,I,266,-1.6805954,0.0159711,-0.747379,0.0068,0.0292
A,K,266,-1.862545,0.0172,-0.9620108,0.003,0.0189
A,L,266,-1.9835091,0.0172,-1.1231731,0.0028,0.0181
A,M,266,-1.4686127,0.0165628,-0.5412491,0.0308,0.0672
A,N,266,-1.755249,0.0172,-0.831281,0.0018,0.0143
A,P,266,-1.8796921,0.0225387,-0.9839861,0.0028,0.0181
A,Q,266,-1.8512688,0.0172,-0.9477199,0.0061,0.0277
A,R,266,-1.5799904,0.0172,-0.6436355,0.0007,0.0084
A,S,266,-1.5381966,0.0179142,-0.6036897,0.0137,0.043
A,T,266,-1.345314,0.01813,-0.4427908,0.0139,0.0435
A,V,266,-1.322258,0.0217498,-0.4260545,0.0737,0.1087
A,W,266,-1.6912842,0.0172,-0.7590317,0.0079,0.0318
A,Y,266,-1.9601059,0.0172,-1.0908947,0.0025,0.0171
P,A,267,-1.9198074,0.0172,-1.0365335,0.0026,0.022
P,C,267,-2.0440407,0.0165556,-1.209005,0.002,0.019
P,D,267,-2.0570068,0.0172,-1.2278195,0.0017,0.0174
P,E,267,-1.7419815,0.0172,-0.8159421,0.0013,0.0149
P,F,267,-2.2034378,0.0172,-1.450155,0.005,0.0315
P,G,267,-2.0162926,0.0172,-1.1692452,0.0004,0.0077
P,H,267,-1.9852333,0.0172,-1.1255715,0.0012,0.0143
P,I,267,-2.0093994,0.0172,-1.1594759,0.0018,0.0181
P,K,267,-2.0404396,0.0172,-1.2038061,0.0025,0.0217
P,L,267,-2.1366272,0.0155408,-1.3465308,0.0093,0.0445
P,M,267,-1.9414978,0.0172,-1.0655995,0.0101,0.0465
P,N,267,-1.8324738,0.0172,-0.9241852,0.0101,0.0466
P,Q,267,-2.018509,0.0119273,-1.1723955,0.0019,0.0189
P,R,267,-1.6119003,0.0165556,-0.6753783,0.0036,0.0263
P,S,267,-1.8323479,0.0234427,-0.9240287,0.0029,0.0234
P,T,267,-1.71875,0.0096983,-0.7895278,0.001,0.0131
P,V,267,-2.0279236,0.0172,-1.1858268,0.0015,0.0165
P,W,267,-2.0759048,0.0172,-1.2555058,0.0029,0.0233
P,Y,267,-2.0307999,0.0172,-1.1899462,0.0008,0.0113
W,A,268,-1.2192001,0.0183672,-0.3573832,0.0328,0.0449
W,C,268,-1.4642181,0.0174889,-0.5374746,0.0502,0.0567
W,D,268,-1.0606308,0.0172,-0.2699193,0.0025,0.0109
W,E,268,-1.1532059,0.0165563,-0.3184326,0.0351,0.0466
W,F,268,-1.3931808,0.0148851,-0.4792003,0.0111,0.0248
W,G,268,-1.1618919,0.0346792,-0.3233449,0.0393,0.0496
W,H,268,-1.4704552,0.0298423,-0.5428376,0.1136,0.0888
W,I,268,-1.2518005,0.0159575,-0.3780448,0.0188,0.0331
W,K,268,-1.2489281,0.0165563,-0.3761856,0.0073,0.0196
W,L,268,-1.3494568,0.0139466,-0.4458527,0.0825,0.0745
W,M,268,-1.1986732,0.0172,-0.3448617,0.0874,0.0769
W,N,268,-1.4200363,0.0144006,-0.5006282,0.0749,0.0706
W,P,268,-1.248558,0.0172,-0.3759466,0.0003,0.0036
W,Q,268,-1.4048958,0.0165563,-0.4884584,0.0174,0.0316
W,R,268,-0.776123,0.0228446,-0.1590718,0.0193,0.0335
W,S,268,-1.333435,0.0145716,-0.4341035,0.0383,0.0488
W,T,268,-1.2506294,0.0288012,-0.3772859,0.0297,0.0425
W,V,268,-1.270649,0.0132979,-0.390433,0.0792,0.0729
W,Y,268,-1.5782547,0.0196866,-0.6419398,0.0232,0.0371
Y,A,269,-1.4327354,0.0172,-0.5110147,0.0009,0.0084
Y,C,269,-1.6045265,0.0270924,-0.6679472,0.0162,0.0423
Y,D,269,-1.7706566,0.0165538,-0.8493246,0.0009,0.0086
Y,E,269,-1.6470146,0.0172,-0.711557,0.0008,0.0079
Y,F,269,-1.7948341,0.0105983,-0.8781352,0.115,0.1243
Y,G,269,-1.6418533,0.0172,-0.7061572,0.001,0.0091
Y,H,269,-1.7563362,0.022361,-0.8325461,0.1912,0.1644
Y,I,269,-1.7113686,0.0172,-0.7812538,0.0038,0.0191
Y,K,269,-1.6755257,0.0172,-0.7418944,0.0083,0.0293
Y,L,269,-1.7600632,0.0172,-0.8368923,0.0009,0.0086
Y,M,269,-1.6947746,0.0226487,-0.7628631,0.0335,0.0631
Y,N,269,-1.5778732,0.0165538,-0.6415675,0.0104,0.0332
Y,P,269,-1.8738785,0.0172,-0.9765027,0.0002,0.0039
Y,Q,269,-1.8214645,0.0219,-0.910566,0.0195,0.0468
Y,R,269,-1.7827339,0.0165538,-0.8636406,0.0013,0.0106
Y,S,269,-1.6400795,0.01764,-0.704308,0.0009,0.0088
Y,T,269,-1.680069,0.0165538,-0.7468082,0.003,0.0168
Y,V,269,-1.5254288,0.0198645,-0.5918535,0.0023,0.0145
Y,W,269,-1.7551117,0.0147,-0.8311213,0.0715,0.0957
A,C,270,-1.6664314,0.0172,-0.7321239,0.001,0.012
A,D,270,-1.8345947,0.0129452,-0.926823,0.005,0.0287
A,E,270,-1.6866913,0.0172,-0.7540098,0.0009,0.0112
A,F,270,-1.6636314,0.0172,-0.7291334,0.0005,0.008
A,G,270,-1.6530457,0.0140487,-0.7179025,0.2948,0.2702
A,H,270,-1.6994324,0.0172,-0.7679959,0.0008,0.0107
A,I,270,-1.6330795,0.0172,-0.6970429,0.0003,0.0062
A,K,270,-1.5788727,0.0172,-0.6425432,0.0005,0.0079
A,L,270,-1.7668152,0.0172,-0.8448029,0.0002,0.0054
A,M,270,-1.8502731,0.0172,-0.9464642,0.0033,0.023
A,N,270,-1.6850166,0.01778,-0.7521843,0.0012,0.0132
A,P,270,-1.8070564,0.0172,-0.8929293,0.0003,0.0065
A,Q,270,-1.8223572,0.0172,-0.9116657,0.0009,0.0115
A,R,270,-1.8523979,0.0172,-0.9491451,0.0001,0.0041
A,S,270,-1.80653,0.015574,-0.892289,0.038,0.0876
A,T,270,-1.2499886,0.0228577,-0.3768711,0.0026,0.0198
A,V,270,-1.6131134,0.0199987,-0.6766064,0.003,0.0218
A,W,270,-1.8694992,0.0172,-0.9708878,0.0036,0.0241
A,Y,270,-1.7612076,0.0172,-0.8382297,0.0013,0.014
F,A,271,-2.031227,0.0172,-1.1905585,0.001,0.0105
F,C,271,-2.1008759,0.015953,-1.2925622,0.0014,0.0123
F,D,271,-1.9486504,0.0172,-1.0752834,0.0015,0.0126
F,E,271,-2.233921,0.0172,-1.4985799,0.0063,0.0282
F,G,271,-1.8707962,0.0172,-0.9725487,0.0003,0.0056
F,H,271,-2.160965,0.015953,-1.3838696,0.0753,0.1107
F,I,271,-2.1364365,0.0165531,-1.3462401,0.0019,0.0145
F,K,271,-1.9565163,0.0165531,-1.0859894,0.0092,0.0348
F,L,271,-2.0499077,0.0151835,-1.2175,0.0121,0.0406
F,M,271,-1.9904442,0.0172,-1.1328366,0.0085,0.0334
F,N,271,-1.855423,0.0172,-0.9529699,0.0012,0.0113
F,P,271,-1.8907166,0.0172,-0.9982693,0.0001,0.0031
F,Q,271,-1.9511566,0.0172,-1.0786881,0.0009,0.0095
F,R,271,-1.9216194,0.0172,-1.0389442,0.0003,0.0052
F,S,271,-2.06493,0.0217666,-1.2393894,0.002,0.015
F,T,271,-1.9078674,0.015395,-1.0207281,0.0012,0.0113
F,V,271,-1.9094696,0.02628,-1.0228409,0.0009,0.0098
F,W,271,-2.051567,0.0172,-1.219908,0.1193,0.1426
F,Y,271,-1.9951935,0.0175295,-1.1394801,0.0894,0.1217
A,C,272,-1.7859154,0.0172,-0.867437,0.0026,0.0122
A,D,272,-1.0738182,0.0172,-0.2764135,0.0008,0.0062
A,E,272,-1.273365,0.0152464,-0.3922452,0.1353,0.1062
A,F,272,-1.5386925,0.0172,-0.6041529,0.0019,0.0102
A,G,272,-1.4257088,0.0195491,-0.5052475,0.0378,0.0527
A,H,272,-1.7421646,0.0159582,-0.8161525,0.0025,0.0119
A,I,272,-1.4745483,0.0176356,-0.5463788,0.0518,0.0627
A,K,272,-1.5024529,0.0143989,-0.5709844,0.0693,0.0735
A,L,272,-1.569931,0.0366131,-0.6338523,0.0554,0.065
A,M,272,-1.6215858,0.0172,-0.6852267,0.0554,0.065
A,N,272,-1.6590729,0.0172,-0.7242825,0.0001,0.0023
A,P,272,-1.7119217,0.0172,-0.7818718,0,0.0012
A,Q,272,-1.556881,0.0090772,-0.6213201,0.0507,0.0619
A,R,272,-1.4898491,0.0143989,-0.5597705,0.0076,0.0218
A,S,272,-1.5474892,0.0127255,-0.6124121,0.1603,0.1166
A,T,272,-1.0843735,0.0171561,-0.2817089,0.1392,0.1079
A,V,272,-1.4186783,0.0247549,-0.4995272,0.1052,0.0925
A,W,272,-1.6418533,0.0172,-0.7061572,0.0008,0.0064
A,Y,272,-1.5978508,0.0147,-0.6612694,0.0125,0.0287
L,A,273,-1.5363731,0.0172545,-0.6019888,0.0186,0.0489
L,C,273,-1.7760544,0.0165521,-0.8557043,0.0269,0.0598
L,D,273,-1.6995811,0.0172,-0.7681601,0.0008,0.0084
L,E,273,-1.676445,0.0172,-0.7428869,0.0012,0.011
L,F,273,-1.5723915,0.0172,-0.6362353,0.0169,0.0464
L,G,273,-1.4500809,0.0172,-0.5254672,0.0003,0.0047
L,H,273,-1.857708,0.0172,-0.955865,0.0003,0.0051
L,I,273,-1.3302498,0.0195066,-0.4317974,0.1813,0.1709
L,K,273,-1.469799,0.0172,-0.5422715,0.0004,0.0059
L,M,273,-1.4229279,0.0072566,-0.5029788,0.018,0.0481
L,N,273,-1.6325798,0.0172,-0.6965262,0.0005,0.0068
L,P,273,-1.6221542,0.0293618,-0.6858078,0.001,0.0098
L,Q,273,-1.6777077,0.0184709,-0.7442516,0.0025,0.0162
L,R,273,-1.8314743,0.0165366,-0.9229436,0.0005,0.0064
L,S,273,-1.3784981,0.0172,-0.4677908,0.0002,0.0043
L,T,273,-1.7208939,0.0172,-0.7919416,0.0089,0.0325
L,V,273,-1.2997322,0.0105073,-0.4101968,0.4547,0.2833
L,W,273,-1.7391052,0.0172,-0.812641,0.0016,0.0128
L,Y,273,-1.749054,0.0172,-0.8240959,0.0007,0.0082
S,A,274,-1.409359,0.0171735,-0.4920218,0.055,0.0578
S,C,274,-1.3149414,0.0228641,-0.4208506,0.0037,0.013
S,D,274,-1.003025,0.012141,-0.2430886,0.0547,0.0577
S,E,274,-1.0903854,0.0235799,-0.2847641,0.0459,0.0524
S,F,274,-1.2843704,0.0165524,-0.3996587,0.0123,0.0254
S,G,274,-1.1033936,0.0211323,-0.2914728,0.041,0.0493
S,H,274,-1.2834511,0.0212776,-0.3990351,0.0494,0.0546
S,I,274,-1.2944527,0.0145001,-0.40655,0.0229,0.0357
S,K,274,-0.7290153,0.0148668,-0.1453757,0.0261,0.0384
S,L,274,-1.1334,0.0303553,-0.3074684,0.0234,0.0362
S,M,274,-1.2282257,0.0266715,-0.3630075,0.057,0.059
S,N,274,-0.5260696,0.0183375,-0.0980367,0.0416,0.0496
S,P,274,-1.4816093,0.02064,-0.5525286,0.0001,0.0014
S,Q,274,-1.1789169,0.0243659,-0.3331593,0.0201,0.0332
S,R,274,-1.4607353,0.0168506,-0.5344974,0.0317,0.0427
S,T,274,-1.2340775,0.0179839,-0.3666931,0.0619,0.0617
S,V,274,-1.2003937,0.0128549,-0.345897,0.1934,0.1155
S,W,274,-1.3811417,0.0152799,-0.4698292,0.1156,0.087
S,Y,274,-1.3011436,0.0163498,-0.4111762,0.0342,0.0446
R,A,275,-1.5046768,0.0172,-0.5729803,0.0038,0.0204
R,C,275,-1.6630669,0.0172,-0.7285315,0.0016,0.013
R,D,275,-1.3675766,0.0172,-0.459443,0.0015,0.0124
R,E,275,-1.8111687,0.0172,-0.8979414,0.0021,0.015
R,F,275,-1.5256538,0.0198631,-0.5920606,0.0064,0.0273
R,G,275,-1.298439,0.0146837,-0.4093011,0.0048,0.0233
R,H,275,-1.6036682,0.0111679,-0.667086,0.0316,0.0659
R,I,275,-1.2423477,0.0173366,-0.3719547,0.0036,0.0198
R,K,275,-0.5288086,0.0155475,-0.098565,0.091,0.1177
R,L,275,-1.8765717,0.0159521,-0.9799653,0.0011,0.0102
R,M,275,-1.5579491,0.0172,-0.622339,0.0083,0.0315
R,N,275,-1.3356171,0.0172,-0.435689,0.0081,0.0312
R,P,275,-1.4287682,0.0162034,-0.5077524,0.0072,0.0292
R,Q,275,-1.6825256,0.0159521,-0.7494743,0.0092,0.0333
R,S,275,-1.3967743,0.016027,-0.4820255,0.0126,0.0397
R,T,275,-1.4550667,0.0162034,-0.5296784,0.0105,0.0359
R,V,275,-1.5195427,0.0165525,-0.5864545,0.0023,0.0157
R,W,275,-1.5788574,0.0172,-0.6425282,0.0017,0.0134
R,Y,275,-1.6487427,0.0172636,-0.7133712,0.0324,0.0668
G,A,276,-1.9414253,0.0153628,-1.0655016,0.0618,0.0687
G,C,276,-2.0743484,0.015952,-1.2532139,0.0289,0.0452
G,D,276,-1.5853882,0.0250256,-0.6489292,0.0587,0.0668
G,E,276,-1.5860939,0.0183872,-0.6496236,0.0308,0.0469
G,F,276,-1.6704636,0.01778,-0.7364451,0.0033,0.0138
G,H,276,-2.1109085,0.019215,-1.3075995,0.0198,0.0368
G,I,276,-1.3291359,0.0148729,-0.4309933,0.0026,0.012
G,K,276,-1.7151833,0.0148729,-0.7855226,0.019,0.036
G,L,276,-1.8678131,0.0103305,-0.968731,0.0069,0.0207
G,M,276,-1.6565323,0.0147,-0.7215885,0.0335,0.0491
G,N,276,-1.6827507,0.0153259,-0.7497189,0.3284,0.1722
G,P,276,-1.8672523,0.0165525,-0.9680143,0.0003,0.0035
G,Q,276,-1.7948341,0.0103432,-0.8781352,0.044,0.057
G,R,276,-1.4061241,0.0152192,-0.489437,0.0325,0.0483
G,S,276,-1.2554436,0.0140506,-0.3804137,0.164,0.1176
G,T,276,-1.9367943,0.0195163,-1.0592581,0.0389,0.0533
G,V,276,-1.6047516,0.015804,-0.6681732,0.0048,0.0169
G,W,276,-1.7882767,0.0249,-0.8702615,0.0064,0.0198
G,Y,276,-1.7627563,0.0210699,-0.8400418,0.0079,0.0223
F,A,277,-1.3633728,0.013789,-0.4562613,0.0567,0.0576
F,C,277,-1.3346977,0.0160277,-0.4350204,0.0027,0.0108
F,D,277,-0.9793129,0.0211098,-0.2327461,0.0582,0.0585
F,E,277,-1.0887451,0.0207606,-0.2839277,0.0152,0.028
F,G,277,-1.3731728,0.0130196,-0.4637057,0.0238,0.0357
F,H,277,-1.340889,0.0456938,-0.4395387,0.0396,0.0473
F,I,277,-1.0102997,0.012645,-0.246342,0.0479,0.0525
F,K,277,-0.9818153,0.0323021,-0.2338188,0.0522,0.0551
F,L,277,-0.881382,0.0131371,-0.1940678,0.0515,0.0547
F,M,277,-1.0920181,0.0196748,-0.2855988,0.0147,0.0274
F,N,277,-1.2113152,0.0192435,-0.3525293,0.0223,0.0345
F,P,277,-1.2483978,0.0175325,-0.3758432,0.0524,0.0552
F,Q,277,-1.4598999,0.0294196,-0.5337852,0.0641,0.0616
F,R,277,-1.0010567,0.0198228,-0.2422149,0.0561,0.0573
F,S,277,-0.3916168,0.011214,-0.0751827,0.0684,0.0639
F,T,277,-1.2948151,0.0160069,-0.4067995,0.2279,0.1238
F,V,277,-0.9957809,0.0165297,-0.2398866,0.0508,0.0543
F,W,277,-1.5065422,0.0207789,-0.5746584,0.0172,0.0299
F,Y,277,-0.9169579,0.0127229,-0.2073937,0.0231,0.0352
E,A,278,-0.8778877,0.0122044,-0.1928016,0.0683,0.0637
E,C,278,-0.7859154,0.0165526,-0.1620645,0.0041,0.0136
E,D,278,-0.2635918,0.0160301,-0.0582482,0.1507,0.0984
E,F,278,-0.735714,0.0219542,-0.1472542,0.0224,0.0345
E,G,278,0.3882027,0.0196903,-0.0155383,0.0405,0.0478
E,H,278,-0.6488686,0.0208024,-0.1245658,0.044,0.0501
E,I,278,-0.6466065,0.0108103,-0.124021,0.0254,0.037
E,K,278,-0.3997459,0.013726,-0.0764052,0.0469,0.0518
E,L,278,-0.5784492,0.016906,-0.1086222,0.0573,0.0578
E,M,278,-0.6786003,0.0165526,-0.1319371,0.0045,0.0144
E,N,278,-0.4605866,0.0126125,-0.0861807,0.0914,0.0748
E,P,278,-0.7822952,0.0209531,-0.1609521,0.0959,0.0768
E,Q,278,-0.4546166,0.0212923,-0.0851708,0.0482,0.0526
E,R,278,-0.4845009,0.0120182,-0.0903423,0.0332,0.0429
E,S,278,-0.6466904,0.0201247,-0.1240412,0.0297,0.0403
E,T,278,-0.6665153,0.0176756,-0.128893,0.0254,0.037
E,V,278,-0.7921524,0.013726,-0.1639976,0.0124,0.025
E,W,278,-0.6402092,0.0131007,-0.1224926,0.0251,0.0368
E,Y,278,-0.7174454,0.0148059,-0.1421834,0.1072,0.0816
S,A,279,-1.8836212,0.0157262,-0.9890628,0.1355,0.1104
S,C,279,-1.9340706,0.0148759,-1.0555957,0.0097,0.0259
S,D,279,-1.7263718,0.0172,-0.7981313,0.011,0.0278
S,E,279,-1.9213982,0.0172,-1.0386498,0.0057,0.0193
S,F,279,-1.8895683,0.0143123,-0.996776,0.0077,0.0229
S,G,279,-1.7603569,0.0183947,-0.8372354,0.1042,0.0956
S,H,279,-1.697609,0.0140533,-0.7659838,0.0632,0.0726
S,I,279,-1.8284111,0.02064,-0.919145,0.0026,0.0126
S,K,279,-1.5510292,0.0159538,-0.6157588,0.0051,0.0182
S,L,279,-1.7043915,0.0207284,-0.7734859,0.0273,0.0457
S,M,279,-1.7211342,0.0172,-0.7922125,0.0083,0.0238
S,N,279,-1.6312027,0.0145705,-0.6951038,0.3417,0.1837
S,P,279,-1.8500938,0.0147287,-0.9462381,0.0033,0.0142
S,Q,279,-1.963623,0.0248741,-1.0957127,0.021,0.0396
S,R,279,-1.9158936,0.0122632,-1.0313374,0.014,0.0317
S,T,279,-1.6802292,0.0148428,-0.7469819,0.0269,0.0454
S,V,279,-1.5181541,0.0165535,-0.5851861,0.0265,0.045
S,W,279,-1.8852425,0.0172,-0.9911621,0.0095,0.0256
S,Y,279,-2.0095825,0.0117881,-1.1597349,0.0028,0.0131
G,A,280,-2.002346,0.0216692,-1.1495246,0.1205,0.1291
G,C,280,-2.1060562,0.0172,-1.3003161,0.0063,0.0254
G,D,280,-1.8091125,0.017179,-0.8954332,0.0039,0.0195
G,E,280,-1.8388023,0.0172,-0.9320697,0.002,0.0137
G,F,280,-1.8153915,0.0172,-0.9031063,0.0019,0.0133
G,H,280,-1.9434967,0.0172,-1.0683009,0.0059,0.0245
G,I,280,-1.8963432,0.0172,-1.0056054,0.0051,0.0228
G,K,280,-1.8544197,0.0172,-0.9517003,0.0027,0.0161
G,L,280,-1.655777,0.0172,-0.7207889,0.0028,0.0163
G,M,280,-2.0653648,0.0172,-1.2400259,0.0054,0.0234
G,N,280,-1.8762321,0.0172,-0.9795283,0.0203,0.0485
G,P,280,-1.7905083,0.0153947,-0.8729361,0.0079,0.0288
G,Q,280,-1.8412476,0.0172,-0.9351271,0.0075,0.0281
G,R,280,-1.9846382,0.0165529,-1.1247434,0.0053,0.0233
G,S,280,-1.9842453,0.0142059,-1.1241968,0.0335,0.0639
G,T,280,-1.7750244,0.0135047,-0.8544846,0.0502,0.0798
G,V,280,-2.019497,0.0191298,-1.1738013,0.0093,0.0315
G,W,280,-1.8288994,0.0172,-0.9197499,0.0051,0.0227
G,Y,280,-1.9813652,0.0172,-1.1201948,0.0088,0.0306
I,A,281,-1.4992294,0.0172,-0.5681007,0.0013,0.0123
I,C,281,-1.4731064,0.0172,-0.5451294,0.0012,0.0117
I,D,281,-1.4652786,0.0172,-0.5383837,0.0034,0.0206
I,E,281,-1.5159569,0.0172,-0.5831832,0.0007,0.0083
I,F,281,-1.5471344,0.0131039,-0.6120774,0.1346,0.1552
I,G,281,-1.7357903,0.0165522,-0.8088473,0.001,0.0103
I,H,281,-1.6912041,0.0172,-0.758944,0.0009,0.01
I,K,281,-1.4823532,0.0172,-0.5531796,0.0012,0.0116
I,L,281,-1.3423119,0.0120236,-0.4405823,0.0576,0.0973
I,M,281,-1.4605942,0.03704,-0.5343771,0.0058,0.0275
I,N,281,-1.6496086,0.0159514,-0.7142815,0.0025,0.0173
I,P,281,-1.597641,0.0172,-0.6610603,0.0006,0.0077
I,Q,281,-1.5781364,0.0172,-0.6418243,0.0009,0.0096
I,R,281,-1.8067894,0.0172,-0.8926045,0.0008,0.0095
I,S,281,-1.4388008,0.0187214,-0.5160335,0.0009,0.01
I,T,281,-1.76474,0.0172,-0.8423665,0.0048,0.0249
I,V,281,-0.7845993,0.0332069,-0.1616593,0.0897,0.1241
I,W,281,-1.8215675,0.0172,-0.9106929,0.0031,0.0194
I,Y,281,-1.6684341,0.0172,-0.734268,0.0088,0.0345
I,A,282,-1.2437668,0.0172,-0.3728638,0.002,0.0135
I,C,282,-1.7429581,0.0172,-0.8170649,0.003,0.0172
I,D,282,-1.3259468,0.0172,-0.4286976,0.0069,0.027
I,E,282,-1.585434,0.0172,-0.6489742,0.0113,0.0355
I,F,282,-1.518116,0.0207074,-0.5851513,0.0822,0.1057
I,G,282,-1.3292809,0.0172,-0.4310979,0.0005,0.0063
I,H,282,-1.7894249,0.0172,-0.871637,0.0011,0.0097
I,K,282,-1.3150749,0.0172,-0.4209451,0.0038,0.0195
I,L,282,-1.2469978,0.0232245,-0.3749404,0.1471,0.1456
I,M,282,-1.1103592,0.0172,-0.2951208,0.0723,0.0985
I,N,282,-1.5647697,0.0143894,-0.6288743,0.0036,0.0188
I,P,282,-1.4591789,0.0165533,-0.533171,0.0011,0.01
I,Q,282,-1.3445396,0.0172,-0.4422202,0.0049,0.0224
I,R,282,-1.6956787,0.0165533,-0.7638576,0.0008,0.0082
I,S,282,-1.4771233,0.01764,-0.5486156,0.0019,0.0133
I,T,282,-1.1036301,0.0216083,-0.291596,0.0073,0.0279
I,V,282,-0.6597977,0.0201843,-0.1272293,0.0357,0.0668
I,W,282,-1.4963646,0.0172,-0.5655469,0.0038,0.0195
I,Y,282,-1.5964317,0.0165533,-0.6598559,0.0029,0.017
T,A,283,-1.291687,0.0199225,-0.4046501,0.0362,0.0491
T,C,283,-1.3816414,0.0163918,-0.4702153,0.0195,0.035
T,D,283,-1.1278839,0.0172,-0.3044728,0.0021,0.0103
T,E,283,-1.11203,0.0103436,-0.2960017,0.0298,0.0441
T,F,283,-1.2170334,0.019007,-0.3560439,0.0302,0.0444
T,G,283,-1.216896,0.0148745,-0.3559591,0.0007,0.0058
T,H,283,-1.1460648,0.0207283,-0.3144417,0.0134,0.0284
T,I,283,-0.2224007,0.013753,-0.0536336,0.0223,0.0376
T,K,283,-0.9925919,0.0172,-0.2384889,0.0143,0.0294
T,L,283,-1.3350563,0.0127041,-0.4352811,0.1384,0.1026
T,M,283,-0.8216896,0.0201434,-0.1734434,0.0505,0.0589
T,N,283,-1.1359253,0.0104659,-0.3088482,0.0349,0.0481
T,P,283,-1.0330124,0.0212794,-0.256748,0.0004,0.0044
T,Q,283,-1.092823,0.015554,-0.286011,0.1153,0.0928
T,R,283,-0.9350815,0.0207682,-0.2144944,0.0468,0.0565
T,S,283,-1.213604,0.0353461,-0.3539326,0.085,0.0785
T,V,283,-0.399292,0.0136493,-0.0763364,0.2172,0.1314
T,W,283,-1.2170486,0.0219,-0.3560533,0.0018,0.0093
T,Y,283,-1.1576538,0.0183441,-0.3209401,0.0256,0.0405
S,A,284,-1.8711739,0.0121406,-0.9730327,0.0226,0.0664
S,C,284,-1.9298248,0.0172,-1.0499008,0.0005,0.0083
S,D,284,-1.694973,0.0172,-0.7630812,0.0004,0.0077
S,E,284,-2.0098114,0.0172,-1.1600586,0.0004,0.0074
S,F,284,-1.7338524,0.0172,-0.8066348,0.0014,0.0146
S,G,284,-1.7990265,0.0165527,-0.8831925,0.0031,0.0223
S,H,284,-1.8202286,0.0172,-0.9090448,0.0018,0.0166
S,I,284,-1.7774925,0.0172,-0.8574091,0.0011,0.0125
S,K,284,-1.6283607,0.0172,-0.6921747,0.0009,0.0116
S,L,284,-1.9419327,0.0165527,-1.0661869,0.0008,0.0107
S,M,284,-2.042717,0.0172,-1.2070927,0.002,0.0174
S,N,284,-1.6320648,0.0165527,-0.6959941,0.0051,0.0293
S,P,284,-1.8269005,0.0321599,-0.9172752,0.0029,0.0214
S,Q,284,-1.9841614,0.0172,-1.1240802,0.0021,0.0181
S,R,284,-2.0811844,0.0172,-1.263296,0.0005,0.0081
S,T,284,-1.6182404,0.0219939,-0.6818138,0.154,0.191
S,V,284,-1.7597237,0.0159523,-0.8364958,0.0066,0.0339
S,W,284,-1.8814278,0.0172,-0.9862269,0.0034,0.0235
S,Y,284,-1.9281693,0.0172,-1.047685,0.0007,0.0098
N,A,285,-1.0896301,0.0221592,-0.2843787,0.0819,0.0741
N,C,285,-1.206459,0.0172,-0.3495672,0.0019,0.0092
N,D,285,-0.6699791,0.0138531,-0.1297587,0.0491,0.0559
N,E,285,-0.8194199,0.0248721,-0.1727002,0.1319,0.0963
N,F,285,-1.3055687,0.0139234,-0.4142591,0.0144,0.0285
N,G,285,-1.1446342,0.026114,-0.3136473,0.0379,0.0485
N,H,285,-1.3144112,0.0159489,-0.4204755,0.037,0.0478
N,I,285,-1.325077,0.0269898,-0.4280732,0.03,0.0426
N,K,285,-0.6527977,0.009305,-0.1255173,0.0108,0.0243
N,L,285,-1.2424088,0.0164509,-0.3719938,0.0215,0.0355
N,M,285,-1.2055244,0.0153892,-0.3489996,0.0092,0.0222
N,P,285,-1.2592773,0.0205645,-0.3829198,0.0073,0.0197
N,Q,285,-1.122303,0.0246775,-0.3014674,0.0312,0.0436
N,R,285,-1.061573,0.0206236,-0.2703788,0.0286,0.0415
N,S,285,-1.1584396,0.0137263,-0.3213848,0.0415,0.0509
N,T,285,-0.8817749,0.0241466,-0.1942106,0.1192,0.091
N,V,285,-1.116684,0.0170715,-0.2984672,0.1413,0.1
N,W,285,-1.2263184,0.0172,-0.3618129,0.0077,0.0202
N,Y,285,-1.4479332,0.0183129,-0.523661,0.0209,0.035
A,C,286,-1.5419922,0.0172,-0.6072414,0.0208,0.0371
A,D,286,-1.3399658,0.0172,-0.4388626,0.0022,0.0107
A,E,286,-1.4130974,0.0126939,-0.495022,0.0161,0.0322
A,F,286,-1.5325813,0.0165473,-0.598463,0.0141,0.0299
A,G,286,-1.4001694,0.0186757,-0.4847066,0.0053,0.0176
A,H,286,-1.393589,0.0191308,-0.4795206,0.0236,0.0397
A,I,286,-1.34832,0.026741,-0.4450109,0.0786,0.077
A,K,286,-1.1116028,0.0389031,-0.2957762,0.1003,0.088
A,L,286,-1.3229446,0.0187729,-0.4265455,0.3049,0.1623
A,M,286,-1.3350258,0.0201112,-0.4352589,0.0934,0.0847
A,N,286,-1.3510284,0.0278179,-0.4470187,0.017,0.0332
A,P,286,-1.4514275,0.0172,-0.5266021,0.0003,0.0033
A,Q,286,-1.3962898,0.0163406,-0.4816438,0.0253,0.0413
A,R,286,-1.4535332,0.0320375,-0.5283804,0.0897,0.0828
A,S,286,-1.1506233,0.0166831,-0.3169844,0.0165,0.0326
A,T,286,-0.9102402,0.014951,-0.2048159,0.0416,0.0543
A,V,286,-0.7710419,0.0208166,-0.157539,0.0296,0.0451
A,W,286,-1.4734497,0.0172,-0.5454267,0.0057,0.0182
A,Y,286,-1.4594116,0.0169768,-0.5333692,0.0052,0.0173
S,A,287,-1.2534828,0.0205745,-0.3791372,0.0414,0.0522
S,C,287,-1.3657417,0.0172,-0.4580521,0.0006,0.0052
S,D,287,-1.3430748,0.0185074,-0.4411427,0.0319,0.0452
S,E,287,-1.4778252,0.0151146,-0.5492264,0.234,0.1351
S,F,287,-1.6109619,0.0167593,-0.6744294,0.0088,0.0222
S,G,287,-1.4682655,0.0172,-0.5409502,0.0536,0.0601
S,H,287,-1.5318146,0.0184562,-0.597752,0.0195,0.0345
S,I,287,-1.3548431,0.0157505,-0.4498589,0.045,0.0546
S,K,287,-1.4956017,0.0189006,-0.5648682,0.0425,0.0529
S,L,287,-1.42033,0.0230711,-0.5008666,0.0442,0.0541
S,M,287,-1.2130737,0.0172,-0.353607,0.0125,0.0271
S,N,287,-1.405056,0.0161391,-0.4885859,0.0123,0.0268
S,P,287,-0.5365601,0.0284517,-0.100075,0.1527,0.1069
S,Q,287,-1.5412064,0.0167593,-0.6065049,0.0266,0.0409
S,R,287,-1.4104843,0.0198568,-0.4929234,0.0297,0.0434
S,T,287,-1.3552742,0.0303505,-0.4501808,0.0792,0.0745
S,V,287,-1.1333313,0.0215025,-0.307431,0.0162,0.0311
S,W,287,-1.5432663,0.0172,-0.6084371,0.0032,0.0128
S,Y,287,-1.4391708,0.0228769,-0.5163409,0.0066,0.0189
M,A,288,-0.8478622,0.0172,-0.1822269,0.0133,0.0287
M,C,288,-1.2429886,0.0167594,-0.372365,0.0075,0.021
M,D,288,-1.022686,0.0172,-0.2519699,0.0005,0.0047
M,E,288,-1.2721481,0.0163408,-0.3914324,0.008,0.0217
M,F,288,-1.3739548,0.0165474,-0.4643038,0.0699,0.0717
M,G,288,-0.7806435,0.0188147,-0.1604469,0.0091,0.0233
M,H,288,-1.1285934,0.0198955,-0.3048567,0.0329,0.0474
M,I,288,-0.442173,0.0104114,-0.0831021,0.0434,0.0552
M,K,288,-1.1232224,0.0168842,-0.3019607,0.0038,0.0145
M,L,288,-0.6885452,0.0410904,-0.1344926,0.2352,0.1397
M,N,288,-1.1377716,0.0172,-0.3098604,0.0053,0.0174
M,P,288,-1.2081528,0.0225728,-0.350598,0.0542,0.0623
M,Q,288,-1.2200699,0.0230306,-0.3579221,0.0095,0.024
M,R,288,-1.0231781,0.0159426,-0.2521958,0.0183,0.0343
M,S,288,-1.0305634,0.0150271,-0.2556077,0.0147,0.0304
M,T,288,-0.7854767,0.0186481,-0.1619293,0.0748,0.0744
M,V,288,-0.099823,0.0251212,-0.0419105,0.0939,0.0843
M,W,288,-1.1815224,0.0147,-0.3346833,0.0152,0.031
M,Y,288,-1.1488037,0.0159426,-0.3159673,0.1657,0.1152
H,A,289,-0.690094,0.0145281,-0.1348947,0.0713,0.0687
H,C,289,-0.5337753,0.0172,-0.09953,0.0038,0.0137
H,D,289,0.2589836,0.0184732,-0.0202304,0.1333,0.097
H,E,289,0.186367,0.0153802,-0.0234572,0.0655,0.0656
H,F,289,-0.9016914,0.0169768,-0.2015773,0.0464,0.0543
H,G,289,-0.0497284,0.0124077,-0.0378775,0.14,0.0997
H,I,289,-0.6533089,0.0163407,-0.1256416,0.0122,0.026
H,K,289,-0.512783,0.0167593,-0.0955119,0.0073,0.0197
H,L,289,-0.7291565,0.0163407,-0.145415,0.0179,0.0322
H,M,289,-0.644352,0.0172,-0.1234804,0.0327,0.0448
H,N,289,-0.4675751,0.012713,-0.0873775,0.0211,0.0352
H,P,289,-0.3884316,0.019746,-0.0747088,0.0001,0.0019
H,Q,289,-0.5306511,0.0150269,-0.098922,0.068,0.067
H,R,289,-0.4677734,0.0426469,-0.0874117,0.0078,0.0204
H,S,289,-0.1983604,0.0205322,-0.0511069,0.0931,0.0796
H,T,289,-0.318924,0.0690317,-0.0650576,0.0665,0.0662
H,V,289,-0.4607162,0.0157505,-0.0862028,0.0408,0.0506
H,W,289,-0.6455154,0.0163407,-0.1237591,0.0026,0.0112
H,Y,289,-0.5154533,0.0225589,-0.0960143,0.0423,0.0516
E,A,290,-0.8030128,0.0185178,-0.1674143,0.0309,0.0465
E,C,290,-1.2594299,0.0172,-0.3830198,0.0005,0.0046
E,D,290,-0.5744553,0.0178005,-0.1077783,0.1464,0.1094
E,F,290,-1.1460419,0.0214234,-0.314429,0.0166,0.033
E,G,290,-0.9611626,0.0234363,-0.2250954,0.0382,0.0523
E,H,290,-1.1151237,0.0230313,-0.2976387,0.0039,0.0149
E,I,290,-1.2079811,0.0214234,-0.3504934,0.0169,0.0334
E,K,290,-0.6035996,0.0189572,-0.1140814,0.0039,0.015
E,L,290,-1.4342384,0.0150295,-0.5122549,0.0251,0.0415
E,M,290,-0.9577141,0.0191171,-0.2236674,0.0199,0.0365
E,N,290,-0.6846924,0.0167599,-0.1334971,0.065,0.07
E,P,290,-1.348175,0.0203725,-0.4449036,0.0957,0.0866
E,Q,290,-0.9837875,0.0163418,-0.2346674,0.0526,0.0623
E,R,290,-1.0901184,0.0172,-0.2846278,0.0004,0.0042
E,S,290,-0.9918823,0.0125766,-0.2381789,0.0688,0.0722
E,T,290,-0.9920425,0.0180353,-0.2382488,0.0623,0.0684
E,V,290,-0.7891121,0.0165482,-0.1630526,0.0103,0.0254
E,W,290,-1.4198494,0.0172,-0.5004766,0.0068,0.0203
E,Y,290,-1.3042183,0.0169771,-0.4133164,0.02,0.0366
C,A,291,-2.107315,0.0169787,-1.3022037,0.001,0.015
C,D,291,-1.9127235,0.0172,-1.0271395,0.0018,0.0203
C,E,291,-1.8625908,0.0172,-0.9620691,0.0022,0.0228
C,F,291,-1.9496994,0.0150932,-1.0767078,0.0009,0.0139
C,G,291,-1.8483963,0.0159527,-0.9440999,0.0009,0.0137
C,H,291,-2.0986557,0.0172,-1.289246,0.0018,0.0203
C,I,291,-1.9849663,0.0172,-1.1251999,0.0026,0.0253
C,K,291,-2.1961746,0.0172,-1.4387205,0.001,0.0151
C,L,291,-1.840004,0.0172,-0.9335714,0.0006,0.0113
C,M,291,-1.7499619,0.0172,-0.8251464,0.0047,0.0347
C,N,291,-1.788002,0.0169787,-0.8699326,0.0013,0.0174
C,P,291,-1.9319954,0.0172,-1.05281,0.0004,0.0094
C,Q,291,-2.0110397,0.0172,-1.1617967,0.0014,0.0176
C,R,291,-1.9721413,0.0163479,-1.10743,0.0007,0.0118
C,S,291,-1.8787498,0.0157622,-0.9827709,0.0006,0.0109
C,T,291,-2.106369,0.0172,-1.300785,0.0007,0.0125
C,V,291,-1.8982086,0.0172,-1.0080445,0.0011,0.0154
C,W,291,-2.0563354,0.0167631,-1.2268417,0.0033,0.0284
C,Y,291,-1.9839745,0.0156277,-1.1238202,0.0044,0.0336
N,A,292,-1.0414162,0.0172,-0.2606949,0.0024,0.012
N,C,292,-1.1983376,0.0172,-0.3446601,0.0038,0.0154
N,D,292,-0.0761452,0.0222565,-0.0399544,0.1093,0.0977
N,E,292,-0.7616234,0.0235158,-0.154734,0.0577,0.0688
N,F,292,-1.0601082,0.0201118,-0.2696647,0.0169,0.035
N,G,292,-1.0445099,0.0172,-0.2621613,0.0008,0.0065
N,H,292,-1.0352592,0.0217908,-0.2577981,0.0471,0.0616
N,I,292,-0.9770393,0.0161403,-0.2317752,0.0297,0.0478
N,K,292,-1.2775917,0.0135223,-0.395079,0.0017,0.0098
N,L,292,-1.2828522,0.0163416,-0.3986293,0.0049,0.0177
N,M,292,-1.0171165,0.0172,-0.2494255,0.0191,0.0375
N,P,292,-1.1190071,0.0172,-0.2997045,0.0002,0.0027
N,Q,292,-1.1242294,0.0172,-0.3025019,0.024,0.0425
N,R,292,-1.0320778,0.0172,-0.2563123,0.0009,0.007
N,S,292,-1.2551575,0.0180487,-0.3802273,0.14,0.112
N,T,292,-0.7088051,0.0280179,-0.1398422,0.0828,0.0839
N,V,292,-0.962429,0.0165481,-0.2256218,0.0371,0.054
N,W,292,-1.0755959,0.0169771,-0.2772993,0.0152,0.033
N,Y,292,-1.2437172,0.0167598,-0.372832,0.0617,0.0714
T,A,293,-0.1168671,0.0156699,-0.0433764,0.1987,0.1994
T,C,293,-1.5206985,0.0172,-0.5875118,0.0121,0.0428
T,D,293,-1.2607422,0.0172,-0.3838809,0.0034,0.0213
T,E,293,-1.3781395,0.0172,-0.4675148,0.001,0.0108
T,F,293,-1.3989601,0.0172,-0.4837503,0.0007,0.0089
T,G,293,-1.3935852,0.0172,-0.4795176,0.002,0.0159
T,H,293,-1.3312035,0.0169768,-0.4324869,0.0019,0.0157
T,I,293,-1.0807877,0.0172,-0.2799002,0.0009,0.0104
T,K,293,-1.443634,0.0126775,-0.5200596,0.0024,0.0175
T,L,293,-1.4399986,0.0230305,-0.5170291,0.0004,0.0065
T,M,293,-1.0639,0.0150269,-0.2715167,0.0146,0.0474
T,N,293,-1.1763268,0.0172,-0.3316502,0.0024,0.0174
T,P,293,-1.3692169,0.0172,-0.4606892,0.0007,0.0092
T,Q,293,-1.501133,0.0172,-0.5698023,0.0004,0.0062
T,R,293,-1.3857613,0.0172,-0.473408,0.0013,0.0125
T,S,293,-1.1070824,0.0319764,-0.2933998,0.0487,0.0921
T,V,293,-1.2025604,0.0169768,-0.3472044,0.014,0.0464
T,W,293,-1.488842,0.0172,-0.5588816,0.0013,0.0128
T,Y,293,-1.5029335,0.0172,-0.5714153,0.0009,0.0104
K,A,294,-1.322361,0.0131934,-0.4261281,0.1757,0.1135
K,C,294,-1.562542,0.0172,-0.6267344,0.001,0.0066
K,D,294,-1.432087,0.01676,-0.5104804,0.015,0.0293
K,E,294,-1.1502151,0.0295368,-0.316756,0.0127,0.0267
K,F,294,-1.5282936,0.0198549,-0.5944944,0.0329,0.0452
K,G,294,-1.4055824,0.0153828,-0.4890052,0.0165,0.0309
K,H,294,-1.5263824,0.0302321,-0.5927316,0.0477,0.0554
K,I,294,-1.335125,0.0176084,-0.4353311,0.0395,0.05
K,L,294,-1.435669,0.0157897,-0.5134374,0.0491,0.0563
K,M,294,-1.4674339,0.0211589,-0.5402347,0.0093,0.0226
K,N,294,-1.3095627,0.017458,-0.4170577,0.0722,0.0696
K,P,294,-1.4662399,0.0157526,-0.5392087,0.0089,0.022
K,Q,294,-1.3465843,0.0127446,-0.4437279,0.0555,0.0602
K,R,294,-0.9471779,0.0190018,-0.2193543,0.1802,0.1151
K,S,294,-1.5289497,0.0664926,-0.5951004,0.112,0.0886
K,T,294,-1.3282623,0.0467374,-0.4303634,0.0156,0.03
K,V,294,-1.2251778,0.0132115,-0.3611001,0.0306,0.0434
K,W,294,-1.5339394,0.0172,-0.5997241,0.0101,0.0236
K,Y,294,-1.4593086,0.0300746,-0.5332814,0.0124,0.0264
C,A,295,-2.0944214,0.0172,-1.2829329,0.0004,0.0087
C,D,295,-2.068386,0.0172,-1.2444532,0.0012,0.0156
C,E,295,-1.9066925,0.0172,-1.0191804,0.0012,0.0155
C,F,295,-1.9728088,0.015943,-1.1083511,0.0023,0.0224
C,G,295,-1.9080353,0.0172,-1.0209494,0.0012,0.0161
C,H,295,-2.0468483,0.0172,-1.2130664,0.0008,0.013
C,I,295,-2.0486603,0.0172,-1.2156913,0.001,0.0139
C,K,295,-1.8992233,0.0172,-1.0093726,0.0009,0.0137
C,L,295,-2.0802727,0.0172,-1.2619491,0.0006,0.0106
C,M,295,-1.9946175,0.0172,-1.1386733,0.0015,0.0182
C,N,295,-1.8420715,0.0172,-0.9361586,0.0057,0.0371
C,P,295,-2.077198,0.0172,-1.2574117,0.0022,0.0223
C,Q,295,-1.9990082,0.0172,-1.1448314,0.0059,0.0378
C,R,295,-2.1028557,0.0235503,-1.2955229,0.0013,0.0166
C,S,295,-2.2014732,0.0153809,-1.4470582,0.0011,0.0154
C,T,295,-1.8969727,0.0172,-1.0064281,0.0009,0.0138
C,V,295,-1.9614754,0.0172,-1.0927693,0.0017,0.019
C,W,295,-1.8584747,0.02058,-0.9568376,0.0023,0.0227
C,Y,295,-2.0928955,0.0130961,-1.2806616,0.0076,0.0435
Q,A,296,-1.7124557,0.0172,-0.7824688,0.0023,0.0174
Q,C,296,-1.6254234,0.0172,-0.6891564,0.0019,0.0156
Q,D,296,-1.8332977,0.0172,-0.9252093,0.006,0.0294
Q,E,296,-2.1913795,0.0172,-1.4311937,0.0186,0.0548
Q,F,296,-1.941246,0.0172,-1.0652594,0.0112,0.0415
Q,G,296,-1.6147995,0.0172,-0.6783158,0.0017,0.0147
Q,H,296,-1.8645706,0.0167601,-0.9645915,0.0132,0.0453
Q,I,296,-2.0090103,0.0172,-1.1589258,0.0113,0.0415
Q,K,296,-1.8765831,0.0140448,-0.9799799,0.0068,0.0313
Q,L,296,-1.8669891,0.01764,-0.9676781,0.0009,0.0103
Q,M,296,-1.9010086,0.0165484,-1.0117119,0.0294,0.0704
Q,N,296,-2.0375175,0.0172,-1.1995959,0.0057,0.0284
Q,P,296,-1.8217468,0.0167601,-0.9109137,0.0024,0.0178
Q,R,296,-1.6987457,0.0193867,-0.7672377,0.0032,0.0208
Q,S,296,-1.8102379,0.0169772,-0.8968055,0.0027,0.0189
Q,T,296,-1.9143295,0.0172,-1.029265,0.0018,0.0153
Q,V,296,-1.9001656,0.0172,-1.0106069,0.0037,0.0225
Q,W,296,-1.9356155,0.0172,-1.0576721,0.005,0.0265
Q,Y,296,-1.8259583,0.0172,-0.9161102,0.0046,0.0253
T,A,297,-1.5491409,0.0182284,-0.613972,0.0133,0.0437
T,C,297,-2.0241318,0.0172,-1.1804076,0.0042,0.0232
T,D,297,-2.0123558,0.0172,-1.1636605,0.0013,0.0121
T,E,297,-1.954258,0.02646,-1.0829097,0.0014,0.0127
T,F,297,-1.8787575,0.0172,-0.9827808,0.0017,0.014
T,G,297,-1.9589348,0.0172,-1.089293,0.0013,0.0122
T,H,297,-1.9009781,0.0172,-1.0116719,0.0034,0.0207
T,I,297,-1.8371735,0.0194811,-0.9300365,0.0084,0.0341
T,K,297,-1.7290993,0.0146959,-0.801225,0.0063,0.0291
T,L,297,-1.9119377,0.0198591,-1.0261005,0.0113,0.0401
T,M,297,-1.8180656,0.0172,-0.9063863,0.0019,0.0151
T,N,297,-1.7814903,0.0169775,-0.8621595,0.0046,0.0244
T,P,297,-1.8492508,0.0193705,-0.9451759,0.0036,0.0214
T,Q,297,-1.7585182,0.0172,-0.8350888,0.0039,0.0224
T,R,297,-1.9759407,0.0165492,-1.1126783,0.0016,0.0135
T,S,297,-1.7562904,0.0155676,-0.8324928,0.352,0.265
T,V,297,-1.705513,0.0172,-0.774731,0.0015,0.0133
T,W,297,-1.7849655,0.0172,-0.8663025,0.0029,0.019
T,Y,297,-1.9701157,0.0169775,-1.1046375,0.0026,0.0177
P,A,298,-1.6602211,0.0196108,-0.7255023,0.0268,0.0657
P,C,298,-2.0604439,0.0172,-1.2328318,0.0137,0.0454
P,D,298,-1.8452415,0.0172,-0.9401337,0.0022,0.0168
P,E,298,-2.0990028,0.0172,-1.2897642,0.0061,0.0291
P,F,298,-1.9904213,0.0172,-1.1328047,0.0028,0.019
P,G,298,-1.9656258,0.0172,-1.0984615,0.0044,0.0244
P,H,298,-1.8019562,0.013644,-0.8867373,0.0108,0.0398
P,I,298,-1.822689,0.0172,-0.9120747,0.0011,0.0112
P,K,298,-2.0342484,0.0172,-1.1948948,0.003,0.0198
P,L,298,-1.5333443,0.0174313,-0.5991713,0.0013,0.0123
P,M,298,-1.9590607,0.0172,-1.0894651,0.0059,0.0287
P,N,298,-1.788765,0.0172,-0.8708463,0.0014,0.0131
P,Q,298,-1.8879089,0.0159448,-0.9946203,0.0088,0.0356
P,R,298,-1.7651672,0.0172,-0.8428677,0.0009,0.0103
P,S,298,-2.0226936,0.016031,-1.1783555,0.0182,0.0531
P,T,298,-2.0056725,0.0127721,-1.1542121,0.0139,0.0458
P,V,298,-1.8553123,0.0172,-0.9528297,0.0088,0.0355
P,W,298,-2.374817,0.0172,-1.7309229,0.006,0.0287
P,Y,298,-2.0262108,0.0172,-1.1833773,0.0043,0.024
Q,A,299,-1.0273552,0.0186794,-0.2541206,0.0163,0.0294
Q,C,299,-1.4895134,0.0214244,-0.5594741,0.0276,0.0392
Q,D,299,-1.0873375,0.0243082,-0.2832116,0.0473,0.0527
Q,E,299,-1.0650368,0.0265878,-0.2720741,0.0169,0.0299
Q,F,299,-1.2939911,0.0157532,-0.4062324,0.0322,0.0426
Q,G,299,-0.9198074,0.0167602,-0.2084959,0.0043,0.0141
Q,H,299,-0.4369202,0.0221711,-0.0822434,0.0703,0.0655
Q,I,299,-0.7391167,0.0163423,-0.148217,0.0955,0.0776
Q,K,299,-0.0856361,0.0357877,-0.0407275,0.0074,0.0191
Q,L,299,-0.3539352,0.0157241,-0.0697579,0.0449,0.0512
Q,M,299,-0.9087791,0.0221833,-0.2042591,0.1523,0.1002
Q,N,299,-0.7606659,0.02356,-0.1544514,0.0353,0.0449
Q,P,299,-1.0807076,0.0289296,-0.2798599,0.0192,0.0321
Q,R,299,-0.4356461,0.0185381,-0.0820364,0.0104,0.023
Q,S,299,-0.8275299,0.0176325,-0.1753692,0.0369,0.046
Q,T,299,-0.973381,0.0130809,-0.2302206,0.0633,0.0619
Q,V,299,-0.6978226,0.0184979,-0.1369181,0.1066,0.0824
Q,W,299,-1.0181236,0.0229445,-0.2498839,0.0374,0.0463
Q,Y,299,-0.9145393,0.0214284,-0.2064623,0.136,0.0942
G,A,300,-1.9899788,0.0203774,-1.1321867,0.0007,0.0108
G,C,300,-2.1518936,0.0172,-1.3698965,0.0005,0.0093
G,D,300,-2.0224876,0.0172,-1.1780618,0.0016,0.0178
G,E,300,-1.958374,0.015831,-1.0885265,0.017,0.0646
G,F,300,-1.8729744,0.0172,-0.9753419,0.0007,0.0111
G,H,300,-1.7607574,0.0172,-0.8377034,0.0055,0.0346
G,I,300,-1.9220657,0.0172,-1.0395385,0.0038,0.0285
G,K,300,-1.6063232,0.0172,-0.6697526,0.001,0.0138
G,L,300,-1.8177338,0.0172,-0.905979,0.0012,0.015
G,M,300,-1.8633995,0.0172,-0.9630989,0.005,0.033
G,N,300,-1.927063,0.0172,-1.0462057,0.0012,0.0148
G,P,300,-1.7994385,0.0169812,-0.8836904,0.0014,0.0162
G,Q,300,-2.020195,0.0172,-1.1747949,0.0027,0.0237
G,R,300,-2.0105171,0.0167882,-1.161057,0.0019,0.0192
G,S,300,-1.9084091,0.0172,-1.0214422,0.0009,0.0127
G,T,300,-1.8564148,0.016357,-0.9542258,0.0041,0.0296
G,V,300,-1.9871254,0.0229219,-1.1282066,0.0045,0.031
G,W,300,-1.8897476,0.0172,-0.9970091,0.0012,0.0148
G,Y,300,-2.001442,0.0172,-1.1482525,0.0008,0.0116
A,C,301,-1.992485,0.0172,-1.1356888,0.0007,0.0094
A,D,301,-1.8058853,0.0075169,-0.8915052,0.0059,0.0299
A,E,301,-1.8910027,0.0172,-0.9986416,0.0094,0.0385
A,F,301,-1.899231,0.0172,-1.0093827,0.0006,0.0086
A,G,301,-1.7576256,0.0165494,-0.8340481,0.0046,0.0262
A,H,301,-1.928669,0.0172,-1.0483535,0.0006,0.0082
A,I,301,-1.7394981,0.0172,-0.8130914,0.002,0.0165
A,K,301,-1.7201195,0.0172,-0.7910692,0.0005,0.0081
A,L,301,-1.8202858,0.0172,-0.9091152,0.0005,0.008
A,M,301,-1.877903,0.0172,-0.9816796,0.0021,0.0169
A,N,301,-1.6932144,0.0172,-0.7611489,0.0055,0.0287
A,P,301,-2.1025696,0.0169775,-1.2950949,0.0008,0.0097
A,Q,301,-1.8789291,0.0172,-0.9830021,0.0146,0.0492
A,R,301,-1.7937508,0.0169775,-0.8768314,0.0022,0.0175
A,S,301,-1.478817,0.0178499,-0.5500905,0.1644,0.1861
A,T,301,-1.4617729,0.0176847,-0.5353831,0.0065,0.0314
A,V,301,-1.9156227,0.0250331,-1.0309783,0.005,0.0273
A,W,301,-1.9311371,0.0172,-1.0516591,0.002,0.0164
A,Y,301,-1.838562,0.0172,-0.9317695,0.0058,0.0295
I,A,302,-1.6022339,0.0172,-0.6656486,0.0049,0.0227
I,C,302,-1.5490112,0.0172,-0.6138494,0.0127,0.0384
I,D,302,-1.7622452,0.0172,-0.8394435,0.002,0.0138
I,E,302,-1.7692833,0.0172,-0.8477063,0.0008,0.0085
I,F,302,-1.678505,0.0172,-0.7451142,0.0141,0.0407
I,G,302,-1.6291313,0.0172,-0.6929681,0.0006,0.0071
I,H,302,-1.6964455,0.0172,-0.7647017,0.0036,0.0191
I,K,302,-1.9241905,0.0165493,-1.0423704,0.0343,0.0662
I,L,302,-1.132515,0.0184521,-0.3069861,0.1326,0.1392
I,M,302,-1.7438393,0.0132508,-0.8180789,0.0178,0.0461
I,N,302,-1.3999252,0.0172,-0.4845134,0.0006,0.0072
I,P,302,-1.8010521,0.0172,-0.8856424,0.0004,0.0054
I,Q,302,-1.6763115,0.0172,-0.7427427,0.0005,0.0065
I,R,302,-1.6568489,0.0161421,-0.7219238,0.0008,0.0084
I,S,302,-1.699604,0.0172,-0.7681854,0.0009,0.0088
I,T,302,-1.7161369,0.0153851,-0.7865921,0.0056,0.0244
I,V,302,-1.1690292,0.0172246,-0.3274292,0.116,0.1294
I,W,302,-1.6777802,0.0172,-0.74433,0.0192,0.0482
I,Y,302,-1.6731415,0.0172,-0.7393244,0.0102,0.0339
N,A,303,-1.8671379,0.0207073,-0.9678682,0.1609,0.1051
N,C,303,-1.7974739,0.0172,-0.8813175,0.0025,0.0107
N,D,303,-1.5860672,0.0229012,-0.6495973,0.0545,0.058
N,E,303,-1.739357,0.0197921,-0.8129296,0.1407,0.0976
N,F,303,-1.7228279,0.0219,-0.7941233,0.0474,0.0537
N,G,303,-1.8154144,0.0191103,-0.9031343,0.0214,0.0346
N,H,303,-2.0909576,0.017653,-1.27778,0.0371,0.0469
N,I,303,-1.6369667,0.01615,-0.7010709,0.012,0.0252
N,K,303,-1.5906334,0.0149843,-0.6541028,0.0151,0.0286
N,L,303,-1.7579689,0.0221365,-0.8344483,0.0498,0.0551
N,M,303,-1.6854591,0.0263345,-0.7526663,0.0279,0.0401
N,P,303,-1.8917313,0.014713,-0.99959,0.018,0.0315
N,Q,303,-1.6791725,0.0169792,-0.7458369,0.0408,0.0494
N,R,303,-1.7040253,0.0153981,-0.7730796,0.0253,0.038
N,S,303,-1.7834816,0.0200244,-0.8645319,0.0223,0.0355
N,T,303,-1.6204834,0.0224931,-0.6841007,0.1534,0.1024
N,V,303,-1.9876175,0.0173341,-1.1288925,0.0504,0.0555
N,W,303,-1.730526,0.0172,-0.8028463,0.0037,0.0132
N,Y,303,-1.9116325,0.0193125,-1.0256971,0.0409,0.0495
S,A,304,-1.622509,0.0165556,-0.6861706,0.0638,0.0899
S,C,304,-1.5746918,0.0169797,-0.638469,0.0018,0.0128
S,D,304,-1.4914017,0.0172,-0.561143,0.0033,0.0177
S,E,304,-1.4300919,0.0172,-0.5088391,0.0083,0.0294
S,F,304,-1.4947395,0.0172,-0.564102,0.0036,0.0186
S,G,304,-1.214634,0.0143981,-0.3545656,0.1027,0.1169
S,H,304,-1.6195145,0.0172,-0.6831122,0.0056,0.0236
S,I,304,-1.3057098,0.0180883,-0.4143577,0.0132,0.0378
S,K,304,-1.570919,0.0172,-0.6348084,0.0059,0.0244
S,L,304,-1.5147896,0.0172,-0.5821212,0.0045,0.021
S,M,304,-1.3978615,0.0172,-0.4828828,0.0041,0.0199
S,N,304,-0.9130173,0.022638,-0.205878,0.0248,0.0534
S,P,304,-1.726448,0.0172,-0.7982176,0.0026,0.0155
S,Q,304,-1.4979172,0.0172,-0.5669298,0.0041,0.0199
S,R,304,-1.3235664,0.0131161,-0.4269905,0.0046,0.0212
S,T,304,-1.1566391,0.0165556,-0.3203666,0.0624,0.0888
S,V,304,-1.548645,0.0172,-0.6135034,0.0009,0.0086
S,W,304,-1.5131874,0.0172,-0.5806659,0.0042,0.0202
S,Y,304,-1.6697655,0.0172,-0.7356957,0.0103,0.033
N,A,305,-0.5758896,0.0210693,-0.1080807,0.1139,0.0927
N,C,305,-0.45755,0.0163471,-0.0856656,0.0018,0.0093
N,D,305,-0.4167786,0.0155748,-0.0790289,0.1939,0.1242
N,E,305,-0.5945015,0.0172,-0.1120773,0.0043,0.0153
N,F,305,-0.6187859,0.0243446,-0.1175023,0.0294,0.044
N,G,305,-0.3916664,0.0349786,-0.0751901,0.1469,0.1066
N,H,305,-0.7241249,0.0163471,-0.1440183,0.0227,0.0382
N,I,305,-0.6636696,0.0167627,-0.1281857,0.0172,0.0328
N,K,305,-0.7232437,0.0198628,-0.143775,0.0176,0.0332
N,L,305,-0.6119614,0.0203742,-0.1159532,0.1034,0.0879
N,M,305,-0.3794517,0.0172,-0.0733884,0.0166,0.0322
N,P,305,-0.5970726,0.0165523,-0.1126403,0.0132,0.0284
N,Q,305,-0.5985146,0.0172,-0.1129572,0.0047,0.0161
N,R,305,-0.4245071,0.0240669,-0.0802478,0.0621,0.0664
N,S,305,1.113121,0.0453697,-0.0035106,0.0796,0.0761
N,T,305,-0.1673851,0.0165523,-0.0480219,0.0195,0.0351
N,V,305,-0.3840981,0.0319585,-0.0740688,0.02,0.0357
N,W,305,-0.5739441,0.0172,-0.1076708,0.0021,0.0104
N,Y,305,-0.4673653,0.0167627,-0.0873413,0.0053,0.0171
L,A,306,-1.7610245,0.0150449,-0.8380156,0.0514,0.0691
L,C,306,-1.6567917,0.0172,-0.7218632,0.1494,0.1242
L,D,306,-1.7077332,0.0172,-0.7772,0.001,0.0078
L,E,306,-1.779541,0.0172,-0.8598412,0.0048,0.0187
L,F,306,-1.578434,0.0149989,-0.6421148,0.0149,0.0349
L,G,306,-1.6594772,0.0172,-0.7247118,0.0002,0.003
L,H,306,-1.6844368,0.0165533,-0.7515529,0.0297,0.0511
L,I,306,-1.4069252,0.0144346,-0.4900761,0.0129,0.0323
L,K,306,-1.6730194,0.0165533,-0.739193,0.0486,0.0669
L,M,306,-1.4634819,0.0167634,-0.5368443,0.007,0.023
L,N,306,-1.5686989,0.0172,-0.6326614,0.0011,0.0082
L,P,306,-1.7565918,0.0315153,-0.8328437,0.0012,0.0088
L,Q,306,-1.8730583,0.0169789,-0.9754496,0.0062,0.0215
L,R,306,-1.687355,0.0235753,-0.7547341,0.3391,0.1949
L,S,306,-2.071186,0.0159535,-1.2485635,0.0738,0.0843
L,T,306,-1.5464935,0.0172,-0.6114732,0.0057,0.0206
L,V,306,-1.6110153,0.0163484,-0.6744834,0.0045,0.0181
L,W,306,-1.6844215,0.0172,-0.7515363,0.0023,0.0124
L,Y,306,-1.8769951,0.0172,-0.9805103,0.0244,0.0458
P,A,307,-2.13665,0.0172,-1.3465655,0.0032,0.0252
P,C,307,-2.0545235,0.0172,-1.2242046,0.0027,0.0227
P,D,307,-1.9361649,0.0172,-1.0584111,0.0007,0.0112
P,E,307,-1.9245567,0.0169786,-1.0428589,0.0013,0.0155
P,F,307,-2.0865784,0.0172,-1.2712798,0.0011,0.0138
P,G,307,-2.1077995,0.0169786,-1.3029305,0.0025,0.0219
P,H,307,-2.1773872,0.0158045,-1.409332,0.0014,0.0162
P,I,307,-1.8099022,0.0167629,-0.896396,0.0029,0.0236
P,K,307,-2.2503815,0.01764,-1.5250147,0.0056,0.0341
P,L,307,-1.9338493,0.0189969,-1.0552984,0.0134,0.0552
P,M,307,-1.8871002,0.0172,-0.9935707,0.0035,0.0262
P,N,307,-1.7014618,0.0172,-0.7702394,0.0015,0.0167
P,Q,307,-2.032032,0.0172,-1.191713,0.0015,0.0166
P,R,307,-2.0685349,0.0169786,-1.2446716,0.0016,0.017
P,S,307,-2.1173592,0.0154979,-1.3173126,0.0086,0.0432
P,T,307,-2.015255,0.0249,-1.1677719,0.0009,0.0124
P,V,307,-1.9120369,0.0172,-1.0262316,0.0027,0.0227
P,W,307,-2.0351562,0.0172,-1.1961993,0.0017,0.0175
P,Y,307,-1.8795395,0.0203743,-0.9837893,0.0017,0.0175
F,A,308,-2.1227798,0.0172,-1.3255015,0.0041,0.0265
F,C,308,-1.9514122,0.0167672,-1.0790357,0.0012,0.0132
F,D,308,-1.9051743,0.0172,-1.0171824,0.0005,0.0087
F,E,308,-2.0372162,0.0172,-1.1991622,0.0027,0.0211
F,G,308,-1.8096237,0.0172,-0.8960563,0.0008,0.0111
F,H,308,-1.8156242,0.0172,-0.9033914,0.0011,0.0129
F,I,308,-1.8326225,0.0168282,-0.9243699,0.0027,0.0213
F,K,308,-1.8309822,0.0172,-0.9223327,0.0024,0.0199
F,L,308,-1.8574066,0.0116719,-0.9554828,0.0097,0.0428
F,M,308,-2.2114182,0.0172,-1.462765,0.0189,0.0617
F,N,308,-1.7731247,0.0172,-0.8522379,0.0006,0.0094
F,P,308,-1.8307228,0.0172,-0.9220108,0.0008,0.0106
F,Q,308,-1.8646545,0.0172,-0.9646984,0.0023,0.0192
F,R,308,-2.0903358,0.0163556,-1.276856,0.0013,0.0139
F,S,308,-1.9723434,0.0176743,-1.1077089,0.0027,0.0213
F,T,308,-1.8832359,0.0167672,-0.9885643,0.0031,0.0228
F,V,308,-1.8659935,0.0167672,-0.9664067,0.0035,0.0243
F,W,308,-1.8483391,0.0169808,-0.9440279,0.0073,0.0365
F,Y,308,-1.9263153,0.0149413,-1.0452066,0.0358,0.0876
Q,A,309,-2.0052643,0.0172,-1.1536364,0.0009,0.0136
Q,C,309,-1.8534317,0.0172,-0.9504511,0.0011,0.0152
Q,D,309,-1.9619598,0.016979,-1.0934328,0.0011,0.0154
Q,E,309,-1.8720589,0.0172,-0.9741674,0.0036,0.03
Q,F,309,-1.7977715,0.0172,-0.8816767,0.0008,0.0134
Q,G,309,-1.7234268,0.0172,-0.7947997,0.0004,0.0091
Q,H,309,-1.8465462,0.0165537,-0.9417728,0.0049,0.0354
Q,I,309,-1.5957108,0.0172,-0.6591387,0.0011,0.0158
Q,K,309,-1.9608574,0.0126783,-1.0919231,0.0009,0.0143
Q,L,309,-1.7154999,0.0198645,-0.7858776,0.0007,0.0116
Q,M,309,-1.9698067,0.0172,-1.1042119,0.0039,0.0311
Q,N,309,-1.9281311,0.0172,-1.0476339,0.0027,0.0254
Q,P,309,-1.7452164,0.0198645,-0.8196651,0.0027,0.0255
Q,R,309,-1.8253975,0.0245783,-0.9154172,0.003,0.0268
Q,S,309,-1.85112,0.0172,-0.9475322,0.0014,0.0179
Q,T,309,-1.8907051,0.0167637,-0.9982544,0.0011,0.0153
Q,V,309,-2.0191689,0.0172,-1.1733343,0.0002,0.0068
Q,W,309,-1.9941406,0.0172,-1.1380055,0.0007,0.0124
Q,Y,309,-1.8685074,0.0172,-0.9696188,0.0017,0.0195
N,A,310,-1.9254799,0.0169788,-1.044091,0.0016,0.014
N,C,310,-1.9895134,0.0172,-1.131537,0.0067,0.0314
N,D,310,-1.7268982,0.0187151,-0.7987278,0.0041,0.0239
N,E,310,-1.9199219,0.0172,-1.0366857,0.0016,0.0142
N,F,310,-1.9069061,0.0172,-1.0194617,0.0039,0.0232
N,G,310,-1.7379951,0.0172,-0.8113693,0.0012,0.012
N,H,310,-1.8704147,0.0172,-0.97206,0.0117,0.0427
N,I,310,-1.9833412,0.0172,-1.1229397,0.0013,0.0127
N,K,310,-2.013855,0.0157627,-1.1657856,0.0113,0.0419
N,L,310,-1.907135,0.0172,-1.0197632,0.0026,0.0186
N,M,310,-2.0645332,0.0172,-1.2388087,0.0143,0.0476
N,P,310,-1.7178383,0.0172,-0.7885027,0.0017,0.0148
N,Q,310,-1.7563057,0.0172,-0.8325106,0.0045,0.0251
N,R,310,-1.8918991,0.0172,-0.9998085,0.0016,0.0143
N,S,310,-1.9796829,0.0147091,-1.1178608,0.013,0.0451
N,T,310,-1.8173981,0.027767,-0.9055669,0.0014,0.0132
N,V,310,-2.0774422,0.0172,-1.2577718,0.0583,0.103
N,W,310,-1.8716354,0.0172,-0.9736243,0.004,0.0236
N,Y,310,-1.9486427,0.0172,-1.075273,0.006,0.0294
I,A,311,-1.0248375,0.0172,-0.2529589,0.0005,0.0073
I,C,311,-1.3642921,0.0172,-0.4569556,0.0157,0.0502
I,D,311,-1.2003708,0.0172,-0.3458832,0.0012,0.0124
I,E,311,-1.172924,0.0172,-0.3296763,0.0016,0.0145
I,F,311,-1.1390152,0.0172,-0.3105437,0.0009,0.0107
I,G,311,-0.9214706,0.0172,-0.2091417,0.0003,0.0054
I,H,311,-1.2633629,0.0169771,-0.3856054,0.0029,0.0199
I,K,311,-1.2365417,0.0190742,-0.3682544,0.0018,0.0154
I,L,311,-1.2132072,0.01676,-0.353689,0.0125,0.0443
I,M,311,-1.2212524,0.0312848,-0.3586557,0.0084,0.0356
I,N,311,-1.0482483,0.0172,-0.2639428,0.0094,0.0378
I,P,311,-1.1015282,0.0172,-0.2905025,0.0007,0.0093
I,Q,311,-1.140831,0.0172,-0.3115438,0.0013,0.0128
I,R,311,-1.1207161,0.0169771,-0.3006175,0.0021,0.0167
I,S,311,-1.2792587,0.0172,-0.3962013,0.0008,0.0096
I,T,311,-1.0994949,0.0156728,-0.289448,0.0029,0.0199
I,V,311,0.3129501,0.0153881,-0.0181207,0.3635,0.2828
I,W,311,-1.0337105,0.0172,-0.2570739,0.0023,0.0177
I,Y,311,-1.2335396,0.0172,-0.3663531,0.0019,0.0159
H,A,312,-1.8351059,0.0183143,-0.9274595,0.1164,0.1212
H,C,312,-1.996357,0.0165488,-1.1411109,0.008,0.0277
H,D,312,-1.9757004,0.0146942,-1.112346,0.098,0.1103
H,E,312,-1.9761734,0.023031,-1.1130002,0.0014,0.0105
H,F,312,-2.1450615,0.0172,-1.3594164,0.0034,0.0174
H,G,312,-2.052639,0.0176331,-1.221465,0.0291,0.0566
H,I,312,-1.8353691,0.0172,-0.9277873,0.0005,0.0064
H,K,312,-1.9931984,0.0172,-1.1366868,0.0004,0.005
H,L,312,-1.7870216,0.0172,-0.8687595,0.0001,0.003
H,M,312,-1.9200516,0.0172,-1.0368582,0.0011,0.0092
H,N,312,-1.9473,0.0146248,-1.0734513,0.049,0.0753
H,P,312,-2.1662445,0.0157535,-1.3920321,0.0008,0.0079
H,Q,312,-1.9591255,0.0113089,-1.0895537,0.0008,0.0078
H,R,312,-1.9614563,0.0310148,-1.0927432,0.0009,0.0083
H,S,312,-2.0928802,0.0227765,-1.2806389,0.4499,0.2549
H,T,312,-1.8836517,0.0184254,-0.9891023,0.0642,0.0874
H,V,312,-2.0341072,0.0172,-1.194692,0.001,0.0089
H,W,312,-1.8844757,0.0172,-0.9901689,0.0027,0.0153
H,Y,312,-1.9107666,0.0259628,-1.0245531,0.0036,0.018
P,A,313,-1.8780975,0.0152141,-0.9819302,0.2935,0.1881
P,C,313,-2.1843987,0.0172,-1.4202678,0.0005,0.0059
P,D,313,-1.9038582,0.0169784,-1.0154522,0.0012,0.009
P,E,313,-1.9328079,0.0172,-1.0539002,0.0067,0.0236
P,F,313,-1.8916206,0.0172,-0.9994459,0.0044,0.0187
P,G,313,-1.9125404,0.0165519,-1.0268974,0.004,0.0178
P,H,313,-2.2846413,0.0165519,-1.580658,0.1041,0.1063
P,I,313,-2.1578407,0.0169784,-1.3790497,0.0015,0.0102
P,K,313,-2.2426796,0.0229518,-1.5126212,0.0869,0.0963
P,L,313,-1.8937988,0.0181161,-1.0022841,0.0014,0.0099
P,M,313,-2.124939,0.0172,-1.3287701,0.0031,0.0154
P,N,313,-2.0656204,0.0172,-1.2404001,0.0006,0.0064
P,Q,313,-2.2450485,0.0172,-1.5164285,0.0097,0.0288
P,R,313,-1.8904572,0.0181555,-0.9979319,0.0855,0.0954
P,S,313,-1.948288,0.0230359,-1.0747916,0.0085,0.0268
P,T,313,-1.933815,0.0154511,-1.0552523,0.0064,0.0229
P,V,313,-2.1073914,0.0165519,-1.3023183,0.0024,0.0133
P,W,313,-2.0438156,0.0358023,-1.2086797,0.0663,0.083
P,Y,313,-1.8567467,0.0172,-0.9546464,0.011,0.0309
V,A,314,-1.5051613,0.0167873,-0.5734158,0.005,0.0174
V,C,314,-1.5038338,0.0167723,-0.5722231,0.0019,0.0104
V,D,314,-1.5681839,0.0163654,-0.6321641,0.0355,0.0511
V,E,314,-1.4494057,0.0169835,-0.5248988,0.0035,0.0143
V,F,314,-1.4027443,0.0158135,-0.4867477,0.0394,0.0541
V,G,314,-1.4381485,0.0163654,-0.515492,0.0013,0.0082
V,H,314,-1.4982071,0.0211171,-0.5671884,0.072,0.0754
V,I,314,-0.7404556,0.0127952,-0.1485975,0.0359,0.0514
V,K,314,-1.4587326,0.0172,-0.5327911,0.0109,0.0267
V,L,314,-1.439785,0.0200619,-0.5168514,0.0217,0.0389
V,M,314,-1.3113441,0.0236113,-0.4183108,0.1279,0.1034
V,N,314,-1.4802818,0.0173263,-0.5513685,0.1282,0.1035
V,P,314,-1.4842949,0.0172,-0.5548812,0.0001,0.0021
V,Q,314,-1.5448112,0.0169632,-0.6098891,0.0382,0.0532
V,R,314,-1.4244156,0.0159598,-0.5041915,0.0237,0.0409
V,S,314,-1.3335953,0.0228249,-0.4342198,0.016,0.033
V,T,314,-1.3941269,0.0160495,-0.4799429,0.0179,0.0351
V,W,314,-1.542244,0.0172,-0.6074776,0.0076,0.022
V,Y,314,-1.5720062,0.0131152,-0.6358618,0.3164,0.1701
T,A,315,-1.6906395,0.0210905,-0.7583255,0.0665,0.0783
T,C,315,-1.9323502,0.015599,-1.053286,0.0377,0.0573
T,D,315,-1.6571007,0.0172,-0.7221906,0.0004,0.0044
T,E,315,-1.8230438,0.0169821,-0.9125121,0.0003,0.0042
T,F,315,-1.865078,0.0200265,-0.9652385,0.0271,0.0478
T,G,315,-1.9023895,0.0254347,-1.0135235,0.1783,0.1347
T,H,315,-1.9510117,0.0167697,-1.0784911,0.0174,0.0374
T,I,315,-1.8846321,0.0193276,-0.9903714,0.0124,0.0311
T,K,315,-1.9268913,0.0134528,-1.0459762,0.0011,0.0084
T,L,315,-1.9706573,0.0163604,-1.1053838,0.0025,0.0128
T,M,315,-1.7480316,0.0169821,-0.8229139,0.0024,0.0127
T,N,315,-1.7398491,0.0163604,-0.8134939,0.0075,0.0235
T,P,315,-1.9540558,0.0268834,-1.0826342,0.0002,0.0035
T,Q,315,-2.0686226,0.0167697,-1.2448003,0.0064,0.0217
T,R,315,-2.0456352,0.018836,-1.2113107,0.0035,0.0154
T,S,315,-1.5956573,0.0189705,-0.6590855,0.0593,0.0735
T,V,315,-1.7560234,0.018187,-0.832182,0.1326,0.1145
T,W,315,-2.009056,0.0172,-1.1589904,0.0039,0.0165
T,Y,315,-1.9970169,0.0147414,-1.1420363,0.2417,0.1592
I,A,316,-1.7870865,0.0249,-0.8688371,0.0011,0.0111
I,C,316,-1.5850487,0.0172,-0.6485953,0.0024,0.0172
I,D,316,-1.9295578,0.0169859,-1.0495432,0.0035,0.0213
I,E,316,-1.758255,0.0172,-0.8347819,0.0007,0.009
I,F,316,-1.9592247,0.0249,-1.0896894,0.0023,0.0168
I,G,316,-1.9270325,0.0172,-1.0461649,0.0015,0.0131
I,H,316,-1.9255981,0.0172,-1.0442488,0.001,0.0105
I,K,316,-1.6465569,0.0167771,-0.711077,0.0089,0.0354
I,L,316,-1.6753349,0.0278056,-0.7416885,0.0611,0.1023
I,M,316,-1.7474632,0.0244748,-0.8222573,0.0174,0.0514
I,N,316,-1.8479424,0.0172,-0.9435286,0.0011,0.0114
I,P,316,-1.7560654,0.0172,-0.8322309,0.0025,0.0178
I,Q,316,-1.6685066,0.0172,-0.7343457,0.0028,0.019
I,R,316,-1.7457047,0.0172,-0.820228,0.0022,0.0165
I,S,316,-1.7211952,0.0169859,-0.7922813,0.001,0.0106
I,T,316,-1.833458,0.0181953,-0.9254087,0.0025,0.0177
I,V,316,-1.194973,0.0159195,-0.3426441,0.2272,0.2107
I,W,316,-1.7578697,0.0172,-0.8343326,0.0014,0.0127
I,Y,316,-1.6553955,0.0169859,-0.7203853,0.0025,0.0177
G,A,317,-1.7989807,0.0172,-0.8831371,0.0004,0.0093
G,C,317,-1.9646988,0.0172,-1.0971887,0.001,0.0149
G,D,317,-1.8460808,0.0172,-0.9411879,0.0014,0.0175
G,E,317,-1.9654274,0.0313479,-1.098189,0.005,0.0353
G,F,317,-1.6915245,0.0167954,-0.7592951,0.0014,0.0176
G,H,317,-1.7903786,0.0172,-0.8727805,0.0006,0.0105
G,I,317,-1.8751335,0.0172,-0.9781153,0.0016,0.0188
G,K,317,-1.8676491,0.0172,-0.9685214,0.0053,0.0366
G,L,317,-1.9099579,0.01764,-1.0234853,0.0014,0.0176
G,M,317,-2.036934,0.0172,-1.1987561,0.0017,0.0196
G,N,317,-1.8008614,0.0172,-0.8854116,0.003,0.0266
G,P,317,-1.9692535,0.0172,-1.1034501,0.0009,0.0134
G,Q,317,-2.0797882,0.0172,-1.2612336,0.0021,0.0219
G,R,317,-2.0253181,0.0175645,-1.1821016,0.0013,0.0167
G,S,317,-1.861042,0.0167954,-0.9600986,0.0008,0.0131
G,T,317,-1.7313156,0.0169953,-0.8037446,0.0017,0.0195
G,V,317,-2.052353,0.0172,-1.2210495,0.0005,0.0102
G,W,317,-1.8673363,0.0172,-0.9681217,0.004,0.0314
G,Y,317,-1.8446579,0.0172,-0.9394011,0.0006,0.0113
E,A,318,-1.808712,0.0226043,-0.8949451,0.0345,0.049
E,C,318,-1.7833824,0.0172,-0.8644136,0.0023,0.0111
E,D,318,-1.8277664,0.0166942,-0.9183467,0.1,0.0879
E,F,318,-1.8486786,0.0167912,-0.9444553,0.0061,0.0188
E,G,318,-1.66679,0.0177007,-0.7325075,0.0022,0.0108
E,H,318,-1.7391624,0.0115679,-0.8127066,0.1387,0.1052
E,I,318,-1.917984,0.0156738,-1.0341108,0.0139,0.0296
E,K,318,-1.3083725,0.0286737,-0.4162222,0.0221,0.0383
E,L,318,-1.8201714,0.0227299,-0.9089745,0.0137,0.0294
E,M,318,-1.7930069,0.0344029,-0.8759368,0.0289,0.0444
E,N,318,-1.7332153,0.0157935,-0.8059083,0.0639,0.0687
E,P,318,-1.99263,0.0172,-1.1358916,0.0002,0.0028
E,Q,318,-2.0486794,0.0162133,-1.215719,0.1016,0.0886
E,R,318,-1.6398735,0.0266108,-0.7040934,0.0536,0.0624
E,S,318,-1.6574059,0.0225185,-0.7225141,0.0938,0.0849
E,T,318,-1.8355675,0.0139694,-0.9280344,0.1383,0.1051
E,V,318,-1.6042442,0.0228756,-0.6676639,0.0125,0.028
E,W,318,-1.865406,0.0172,-0.965657,0.0023,0.011
E,Y,318,-1.8271294,0.0169932,-0.9175584,0.0008,0.006
C,A,319,-2.0905952,0.0172,-1.2772414,0.0043,0.0291
C,D,319,-2.09663,0.0172,-1.2862239,0.0042,0.0288
C,E,319,-2.2594032,0.0172,-1.5395864,0.0011,0.0139
C,F,319,-2.0605164,0.0216879,-1.2329376,0.007,0.0381
C,G,319,-2.1486015,0.0169961,-1.3648419,0.0006,0.01
C,H,319,-1.9709167,0.0172,-1.1057413,0.0024,0.0214
C,I,319,-2.285015,0.0249,-1.5812695,0.0024,0.0213
C,K,319,-2.0337029,0.0169961,-1.1941113,0.0022,0.02
C,L,319,-1.990284,0.0172,-1.1326129,0.0021,0.0199
C,M,319,-1.9716682,0.0172,-1.1067775,0.0035,0.026
C,N,319,-1.9297562,0.0172,-1.0498089,0.0033,0.0253
C,P,319,-2.126545,0.0172,-1.3312038,0.0018,0.0181
C,Q,319,-1.8952751,0.0172,-1.0042104,0.0025,0.0216
C,R,319,-1.9355927,0.0266273,-1.0576415,0.0019,0.0186
C,S,319,-2.190174,0.0164125,-1.4293042,0.0012,0.0145
C,T,319,-1.8391533,0.0172,-0.9325081,0.0009,0.0127
C,V,319,-1.8353882,0.0172,-0.9278111,0.003,0.024
C,W,319,-2.1046562,0.016797,-1.2982183,0.0068,0.0375
C,Y,319,-2.0784378,0.0158473,-1.2592403,0.0055,0.0333
P,A,320,-1.902935,0.0172,-1.0142396,0.0629,0.1207
P,C,320,-2.0601692,0.0169963,-1.2324308,0.0023,0.0196
P,D,320,-2.032257,0.0172,-1.1920358,0.0011,0.0129
P,E,320,-2.0023232,0.0172,-1.1494925,0.0011,0.0133
P,F,320,-2.0655823,0.0172,-1.2403444,0.0021,0.0187
P,G,320,-1.7760506,0.0169963,-0.8556998,0.0221,0.0678
P,H,320,-2.0774727,0.0172,-1.2578168,0.0008,0.0113
P,I,320,-2.05122,0.0172,-1.2194042,0.0005,0.0085
P,K,320,-2.0881958,0.0172,-1.2736787,0.0011,0.0133
P,L,320,-2.145649,0.0182362,-1.3603161,0.0022,0.019
P,M,320,-2.094471,0.0172,-1.2830068,0.004,0.0266
P,N,320,-1.9326324,0.0172,-1.0536646,0.0007,0.0102
P,Q,320,-2.0825272,0.0172,-1.2652812,0.0048,0.0292
P,R,320,-2.0506477,0.0172,-1.2185736,0.0014,0.015
P,S,320,-1.9402237,0.0176748,-1.0638796,0.0023,0.0196
P,T,320,-2.0564766,0.0151535,-1.2270473,0.0014,0.0149
P,V,320,-2.0184898,0.0172,-1.1723682,0.0047,0.029
P,W,320,-1.8073235,0.0172,-0.8932544,0.0014,0.015
P,Y,320,-1.9696693,0.0172,-1.1040226,0.0025,0.0203
K,A,321,-1.8776245,0.016475,-0.9813208,0.0086,0.0277
K,C,321,-1.8046112,0.0172,-0.8899573,0.0021,0.0127
K,D,321,-1.909935,0.0172,-1.0234551,0.001,0.0085
K,E,321,-1.8498878,0.0199805,-0.9459785,0.0012,0.0095
K,F,321,-2.2549896,0.0172,-1.5324503,0.0013,0.0097
K,G,321,-1.9714737,0.0172,-1.1065092,0.0026,0.0143
K,H,321,-1.8755913,0.0168297,-0.978704,0.0148,0.0374
K,I,321,-2.1714134,0.021517,-1.400045,0.084,0.0971
K,L,321,-1.8769569,0.0154953,-0.9804611,0.0355,0.0605
K,M,321,-2.0651855,0.0172,-1.2397634,0.019,0.043
K,N,321,-1.9230499,0.0168297,-1.0408497,0.0044,0.0191
K,P,321,-1.8146706,0.0172,-0.9022233,0.0001,0.0028
K,Q,321,-1.9517975,0.0173518,-1.0795598,0.015,0.0377
K,R,321,-1.4589005,0.0137191,-0.532934,0.4617,0.248
K,S,321,-1.8846092,0.0186796,-0.9903418,0.0107,0.0313
K,T,321,-1.8555412,0.0151941,-0.9531195,0.0666,0.0855
K,V,321,-1.8375244,0.0163286,-0.9304743,0.0499,0.073
K,W,321,-2.082119,0.02064,-1.2646776,0.002,0.0124
K,Y,321,-2.0958557,0.0172,-1.2850697,0.0004,0.0052
Y,A,322,-2.1558342,0.0172,-1.3759583,0.0019,0.0167
Y,C,322,-1.8942719,0.0199481,-1.0029012,0.0035,0.0233
Y,D,322,-1.7709312,0.0168001,-0.8496484,0.0018,0.0164
Y,E,322,-2.0224266,0.0172,-1.1779748,0.0011,0.0125
Y,F,322,-1.9008331,0.021801,-1.0114818,0.4212,0.3268
Y,G,322,-1.8933067,0.0172,-1.0016425,0.0004,0.0072
Y,H,322,-1.8718185,0.0169509,-0.9738591,0.0147,0.0517
Y,I,322,-2.2004547,0.0169977,-1.4454538,0.0025,0.0193
Y,K,322,-2.0579872,0.0172,-1.2292482,0.001,0.0121
Y,L,322,-1.7871017,0.0168001,-0.8688553,0.0007,0.0094
Y,M,322,-1.7947083,0.01764,-0.8779838,0.0058,0.0311
Y,N,322,-2.278778,0.0203972,-1.5710763,0.0007,0.01
Y,P,322,-1.7547607,0.0172,-0.8307132,0.0006,0.0091
Y,Q,322,-1.98386,0.0169977,-1.123661,0.0018,0.0162
Y,R,322,-2.118023,0.0172,-1.3183141,0.0002,0.0043
Y,S,322,-1.9074478,0.0169977,-1.0201752,0.0007,0.0097
Y,T,322,-1.8112984,0.0172,-0.8980998,0.001,0.0119
Y,V,322,-1.8519363,0.0172,-0.9485623,0.0005,0.0077
Y,W,322,-1.9275703,0.0172,-1.0468839,0.0063,0.0324
V,A,323,-1.8220253,0.0148376,-0.9112568,0.0014,0.0133
V,C,323,-2.019867,0.0172,-1.1743279,0.0009,0.0107
V,D,323,-1.769619,0.020255,-0.8481017,0.0019,0.0158
V,E,323,-1.9730301,0.0172,-1.1086566,0.0007,0.0092
V,F,323,-1.8808975,0.0168285,-0.985542,0.0008,0.0098
V,G,323,-1.9617233,0.0168285,-1.0931088,0.0023,0.0176
V,H,323,-1.9883995,0.0172,-1.1299829,0.001,0.0113
V,I,323,-1.3212891,0.0178892,-0.4253624,0.4356,0.3145
V,K,323,-1.795639,0.0172,-0.8791048,0.0007,0.0094
V,L,323,-1.9814224,0.0178773,-1.1202742,0.1219,0.1561
V,M,323,-1.8808632,0.0172,-0.9854977,0.0016,0.0144
V,N,323,-2.1365776,0.0172,-1.3464552,0.0037,0.023
V,P,323,-1.8206482,0.0172,-0.9095611,0.0023,0.0177
V,Q,323,-1.894989,0.0172,-1.0038369,0.0008,0.0098
V,R,323,-1.8833961,0.0172,-0.9887716,0.0002,0.0043
V,S,323,-1.8232307,0.02988,-0.9127426,0.0009,0.0106
V,T,323,-1.9169312,0.0170122,-1.0327135,0.004,0.0238
V,W,323,-1.8873215,0.0172,-0.9938579,0.0014,0.0134
V,Y,323,-1.7738686,0.0172,-0.8531172,0.0006,0.0081
R,A,324,-1.695034,0.016751,-0.7631483,0.0209,0.0501
R,C,324,-1.5968895,0.0172,-0.6603117,0.0007,0.0074
R,D,324,-1.75671,0.0170477,-0.8329813,0.0012,0.0106
R,E,324,-1.5030403,0.0170477,-0.5715111,0.0022,0.0146
R,F,324,-1.3266869,0.0170477,-0.4292295,0.0017,0.0125
R,G,324,-1.6055145,0.0235449,-0.6689395,0.0021,0.0142
R,H,324,-1.5891571,0.016898,-0.6526437,0.0677,0.0955
R,I,324,-1.2862434,0.0172,-0.4009317,0.0002,0.0043
R,K,324,-0.3412743,0.0201528,-0.0680215,0.2438,0.1932
R,L,324,-1.4778252,0.025111,-0.5492264,0.0223,0.0519
R,M,324,-1.5644302,0.0172,-0.6285478,0.0049,0.0225
R,N,324,-1.352665,0.0170477,-0.4482355,0.0023,0.0149
R,P,324,-1.5113945,0.0236573,-0.5790405,0.0013,0.0107
R,Q,324,-1.6710892,0.016751,-0.7371171,0.0138,0.0398
R,S,324,-1.4619522,0.0186608,-0.5355362,0.0028,0.0167
R,T,324,-1.4170876,0.0154101,-0.4982399,0.0736,0.1
R,V,324,-1.4539413,0.0170477,-0.5287256,0.0006,0.0069
R,W,324,-1.4684334,0.0172,-0.5410947,0.0025,0.0157
R,Y,324,-1.5275116,0.0170477,-0.5937727,0.0047,0.022
S,A,325,-1.8719254,0.0163827,-0.9739962,0.0254,0.0666
S,C,325,-2.1075325,0.0172,-1.3025299,0.0187,0.0562
S,D,325,-2.0694733,0.0172,-1.2460485,0.0139,0.0477
S,E,325,-1.5735855,0.0170582,-0.6373941,0.0005,0.0073
S,F,325,-2.041031,0.0172,-1.2046591,0.0015,0.0138
S,G,325,-1.7406235,0.0157771,-0.8143825,0.003,0.0204
S,H,325,-2.1218872,0.0172,-1.3241513,0.0011,0.0121
S,I,325,-1.9163704,0.0164578,-1.0319696,0.0067,0.0319
S,K,325,-1.7606735,0.0172,-0.8376053,0.0053,0.0281
S,L,325,-1.9147758,0.0163822,-1.0298561,0.0342,0.0783
S,M,325,-1.8127403,0.0172,-0.8998615,0.0015,0.014
S,N,325,-1.790142,0.0177475,-0.8724967,0.0029,0.0202
S,P,325,-1.782135,0.0172,-0.8629272,0.001,0.011
S,Q,325,-1.9069023,0.0172,-1.0194567,0.0025,0.0187
S,R,325,-1.6213531,0.0172,-0.6849889,0.0004,0.0069
S,T,325,-1.7791748,0.0199756,-0.8594061,0.0235,0.0638
S,V,325,-1.8167458,0.0172,-0.9047665,0.0012,0.0122
S,W,325,-1.7724686,0.0172,-0.8514628,0.001,0.011
S,Y,325,-1.8476143,0.0170582,-0.9431158,0.003,0.0206
T,A,326,-0.2657967,0.0217887,-0.0585058,0.1171,0.0889
T,C,326,-1.1724625,0.0172,-0.3294093,0.0057,0.0169
T,D,326,-1.2490578,0.0168638,-0.3762694,0.0134,0.027
T,E,326,-0.969265,0.0172,-0.2284826,0.0249,0.038
T,F,326,-1.1863976,0.0167005,-0.3375505,0.0249,0.0379
T,G,326,-1.028141,0.0163833,-0.2544842,0.0751,0.0697
T,H,326,-1.3238564,0.0172,-0.4271982,0.0137,0.0274
T,I,326,-1.1988373,0.0120876,-0.3449603,0.0698,0.0669
T,K,326,-0.6592827,0.0170302,-0.1271027,0.0194,0.0331
T,L,326,-1.3299103,0.0258539,-0.4315522,0.0497,0.0555
T,M,326,-1.3169861,0.0172,-0.4222997,0.1786,0.1122
T,N,326,-1.0587959,0.0135521,-0.2690262,0.0104,0.0235
T,P,326,-1.2361069,0.0212736,-0.3679785,0.0223,0.0357
T,Q,326,-1.3661919,0.0138792,-0.458393,0.0889,0.0765
T,R,326,-1.1104584,0.0219155,-0.2951731,0.0687,0.0663
T,S,326,-1.0617714,0.0166989,-0.2704757,0.0405,0.0496
T,V,326,-1.024128,0.0202365,-0.2526324,0.0353,0.046
T,W,326,-1.1689072,0.0172,-0.327359,0.0034,0.0126
T,Y,326,-1.5072784,0.0172,-0.5753217,0.0097,0.0225
K,A,327,-1.302124,0.0172,-0.4118576,0.2182,0.1634
K,C,327,-1.3398743,0.0172,-0.4387956,0.0029,0.0151
K,D,327,-1.4387703,0.0172,-0.5160082,0.0021,0.0128
K,E,327,-1.1253395,0.0242744,-0.3030994,0.0046,0.0195
K,F,327,-1.333931,0.0172,-0.4344635,0.0004,0.0051
K,G,327,-1.5174255,0.0170208,-0.5845214,0.0097,0.0295
K,H,327,-1.5714912,0.0172,-0.6353626,0.0411,0.0652
K,I,327,-1.5844078,0.0170208,-0.6479654,0.0038,0.0176
K,L,327,-1.572567,0.0172,-0.6364056,0.0004,0.005
K,M,327,-1.164135,0.0172,-0.3246238,0.0104,0.0307
K,N,327,-1.3055077,0.0204249,-0.4142165,0.0432,0.0671
K,P,327,-1.4249611,0.0172,-0.5046367,0.0004,0.005
K,Q,327,-1.4421463,0.0170208,-0.5188178,0.0564,0.0776
K,R,327,-0.7225723,0.0141291,-0.1435899,0.0418,0.0659
K,S,327,-1.4004173,0.0166733,-0.4849028,0.0487,0.0717
K,T,327,-1.5054169,0.0165048,-0.5736456,0.0383,0.0628
K,V,327,-1.4782143,0.0172,-0.5495653,0.0018,0.0117
K,W,327,-1.8561325,0.0172,-0.9538682,0.0015,0.0107
K,Y,327,-1.3330727,0.0172,-0.4338407,0.0024,0.0137
L,A,328,-1.758667,0.0172,-0.8352624,0.0003,0.0065
L,C,328,-1.8078041,0.0172,-0.8938393,0.0008,0.0123
L,D,328,-1.6400337,0.0172,-0.7042603,0.0014,0.016
L,E,328,-1.5913391,0.0172,-0.6548011,0.0016,0.0176
L,F,328,-1.8236275,0.0172,-0.913232,0.0033,0.026
L,G,328,-1.743473,0.0172,-0.8176573,0.0014,0.0162
L,H,328,-1.7682724,0.0172,-0.8465163,0.0008,0.0117
L,I,328,-1.6144676,0.0249,-0.6779791,0.0889,0.1598
L,K,328,-1.8369217,0.0172,-0.9297224,0.0007,0.0109
L,M,328,-1.6937256,0.0169196,-0.7617102,0.004,0.0291
L,N,328,-1.7434883,0.0172,-0.8176749,0.0008,0.0123
L,P,328,-1.691246,0.0172,-0.7589899,0.0006,0.0103
L,Q,328,-1.817337,0.0172,-0.9054919,0.0012,0.015
L,R,328,-1.5260811,0.0171055,-0.5924541,0.0002,0.0053
L,S,328,-1.92836,0.0222021,-1.0479401,0.0018,0.0189
L,T,328,-1.8926926,0.0172,-1.0008421,0.0007,0.011
L,V,328,-1.5357246,0.017012,-0.6013847,0.0017,0.0179
L,W,328,-1.7626381,0.0167377,-0.8399034,0.001,0.0136
L,Y,328,-1.5850677,0.017012,-0.648614,0.0028,0.024
R,A,329,-2.2654572,0.0170876,-1.5493975,0.0157,0.0471
R,C,329,-1.9634933,0.0172,-1.0955348,0.0045,0.0238
R,D,329,-2.048565,0.0172,-1.2155531,0.0007,0.0087
R,E,329,-1.7892036,0.0172,-0.8713718,0.0028,0.0184
R,F,329,-2.0022392,0.0172,-1.1493743,0.0007,0.0082
R,G,329,-1.8734093,0.0337052,-0.9759002,0.0061,0.0281
R,H,329,-1.948883,0.0172,-1.0755991,0.0078,0.032
R,I,329,-2.0543747,0.0172,-1.2239882,0.0014,0.0123
R,K,329,-0.9892883,0.0231707,-0.2370486,0.0328,0.0706
R,L,329,-2.0051193,0.0172,-1.1534319,0.0031,0.0193
R,M,329,-2.2154312,0.0172,-1.4691243,0.0055,0.0265
R,N,329,-2.0258331,0.0172,-1.1828375,0.0045,0.0238
R,P,329,-2.0912476,0.0169766,-1.278211,0.0006,0.0081
R,Q,329,-1.9640884,0.0172,-1.0963511,0.0012,0.0114
R,S,329,-2.0997276,0.0163259,-1.2908465,0.0233,0.0585
R,T,329,-1.8184433,0.0169766,-0.9068502,0.0129,0.0423
R,V,329,-1.9267921,0.0172,-1.0458437,0.0217,0.0563
R,W,329,-1.9865112,0.016867,-1.1273508,0.0222,0.057
R,Y,329,-1.9506645,0.0172,-1.0780191,0.0077,0.0319
M,A,330,-1.6499901,0.0172,-0.7146828,0.0009,0.0114
M,C,330,-1.5715675,0.0172,-0.6354366,0.0036,0.0239
M,D,330,-1.8570404,0.0172,-0.9550186,0.0038,0.025
M,E,330,-1.6164589,0.0172,-0.6800012,0.0012,0.0129
M,F,330,-1.7958832,0.0172,-0.8793991,0.0132,0.0493
M,G,330,-1.932373,0.0172,-1.0533166,0.0031,0.022
M,H,330,-1.7516747,0.0172,-0.8271305,0.0006,0.009
M,I,330,-1.2979774,0.0182405,-0.4089818,0.0056,0.0307
M,K,330,-1.5988426,0.0172,-0.6622585,0.0023,0.0187
M,L,330,-1.4758301,0.0158963,-0.5474914,0.1014,0.1512
M,N,330,-1.9064064,0.0172,-1.0188037,0.0047,0.028
M,P,330,-1.8312416,0.0172,-0.9226547,0.0004,0.0069
M,Q,330,-1.8260956,0.0172,-0.9162799,0.0012,0.0134
M,R,330,-1.6009293,0.0181904,-0.664343,0.002,0.0175
M,S,330,-1.8001518,0.0172,-0.884553,0.0007,0.01
M,T,330,-1.5099907,0.0199185,-0.5777702,0.003,0.022
M,V,330,-1.3152351,0.0267868,-0.4210585,0.0071,0.035
M,W,330,-1.606041,0.01764,-0.6694688,0.0019,0.0168
M,Y,330,-1.6182251,0.0172,-0.6817982,0.001,0.0122
V,A,331,-0.3967438,0.0162765,-0.0759515,0.1486,0.1727
V,C,331,-1.4527168,0.0170197,-0.5276904,0.0598,0.1047
V,D,331,-1.2439079,0.0172,-0.3729543,0.0029,0.0197
V,E,331,-1.2929916,0.0172,-0.4055454,0.0032,0.0209
V,F,331,-1.4073372,0.0166703,-0.4904051,0.0018,0.0154
V,G,331,-1.2277832,0.0171094,-0.3627301,0.0049,0.0263
V,H,331,-1.4483719,0.0172,-0.5240296,0.0017,0.015
V,I,331,-1.2454414,0.0191332,-0.3739389,0.0044,0.0248
V,K,331,-1.4955711,0.0172,-0.564841,0.002,0.0164
V,L,331,-1.8121147,0.0172,-0.8990969,0.0006,0.0086
V,M,331,-1.6099815,0.0172,-0.673439,0.0027,0.0189
V,N,331,-1.4903831,0.0172,-0.5602423,0.0024,0.018
V,P,331,-1.4141617,0.0171094,-0.4958787,0.0007,0.0088
V,Q,331,-1.4090843,0.0172,-0.4918019,0.0059,0.0292
V,R,331,-1.3969307,0.0172,-0.4821488,0.0003,0.0056
V,S,331,-1.3397026,0.0170197,-0.43867,0.0051,0.0269
V,T,331,-1.3427734,0.0172,-0.4409213,0.0012,0.0121
V,W,331,-1.3786354,0.0172,-0.4678965,0.0031,0.0205
V,Y,331,-1.6915321,0.0172,-0.7593034,0.0019,0.0157
T,A,332,-1.8082733,0.0155353,-0.8944107,0.0028,0.0218
T,C,332,-1.8489418,0.0172,-0.9447867,0.0017,0.0168
T,D,332,-1.7667351,0.0172,-0.8447087,0.0014,0.015
T,E,332,-1.7653999,0.0172,-0.8431408,0.0014,0.0146
T,F,332,-1.9158249,0.0172,-1.0312463,0.0019,0.0173
T,G,332,-2.1643753,0.0172,-1.3891397,0.0006,0.0096
T,H,332,-2.1672134,0.0172,-1.3935325,0.0029,0.0222
T,I,332,-2.0138245,0.0168605,-1.1657423,0.0147,0.054
T,K,332,-1.855751,0.0203436,-0.9533851,0.0079,0.0385
T,L,332,-1.7800064,0.0172,-0.8603943,0.0081,0.0388
T,M,332,-1.9684753,0.0172,-1.1023789,0.0038,0.0259
T,N,332,-2.0171432,0.0172,-1.1704537,0.0008,0.0109
T,P,332,-1.9382133,0.0172,-1.061169,0.0007,0.0104
T,Q,332,-2.029438,0.01778,-1.1879947,0.0065,0.0345
T,R,332,-1.9354668,0.0172,-1.0574722,0.002,0.0183
T,S,332,-2.0851173,0.0170495,-1.2691148,0.002,0.0181
T,V,332,-1.8278236,0.0172,-0.9184175,0.0125,0.0495
T,W,332,-2.0203476,0.0172,-1.1750122,0.0095,0.0426
T,Y,332,-2.1734467,0.0172,-1.4032029,0.0017,0.0166
G,A,333,-2.0635796,0.0172,-1.2374136,0.0011,0.014
G,C,333,-2.261776,0.0172,-1.5434287,0.0039,0.0282
G,D,333,-1.9911995,0.0167966,-1.1338918,0.0047,0.031
G,E,333,-1.9573326,0.0203915,-1.0871038,0.0064,0.0368
G,F,333,-1.8880272,0.0172,-0.9947739,0.0009,0.0129
G,H,333,-2.088726,0.0172,-1.2744655,0.002,0.0193
G,I,333,-1.799408,0.0172,-0.8836536,0.0011,0.0137
G,K,333,-1.8415337,0.0172,-0.9354852,0.0047,0.0312
G,L,333,-2.0325851,0.0172,-1.1925066,0.0003,0.0074
G,M,333,-1.793129,0.0172,-0.8760836,0.0034,0.0261
G,N,333,-2.0382385,0.0172,-1.200634,0.001,0.0134
G,P,333,-1.9879951,0.0172,-1.1294189,0.0009,0.0125
G,Q,333,-2.0546494,0.0172,-1.2243878,0.0029,0.0237
G,R,333,-1.983448,0.0180521,-1.1230882,0.0162,0.0614
G,S,333,-2.0168571,0.0172,-1.1700471,0.0004,0.0082
G,T,333,-1.8252411,0.0172,-0.915224,0.003,0.0245
G,V,333,-1.9850731,0.0172,-1.1253485,0.0029,0.0238
G,W,333,-2.0348892,0.0172,-1.1958156,0.0025,0.0222
G,Y,333,-1.962246,0.0172,-1.0938249,0.0017,0.0176
L,A,334,-1.6991615,0.0172,-0.7676967,0.0005,0.007
L,C,334,-2.0036278,0.0172,-1.1513297,0.001,0.0109
L,D,334,-1.9839058,0.0169951,-1.1237247,0.0035,0.0211
L,E,334,-1.8960648,0.0172,-1.0052417,0.0006,0.008
L,F,334,-1.9027328,0.0172,-1.0139741,0.0009,0.0102
L,G,334,-2.0509834,0.0172,-1.2190608,0.0002,0.0049
L,H,334,-1.8732376,0.0172,-0.9756798,0.0005,0.0075
L,I,334,-1.7423286,0.0108476,-0.816341,0.0018,0.0147
L,K,334,-2.0309029,0.0172,-1.1900938,0.0031,0.02
L,M,334,-1.8805084,0.0160398,-0.9850396,0.04,0.0812
L,N,334,-1.869812,0.0172,-0.9712882,0.0031,0.0197
L,P,334,-2.091442,0.0157133,-1.2785,0.0771,0.1164
L,Q,334,-1.9902916,0.0215307,-1.1326235,0.0054,0.027
L,R,334,-1.8947678,0.0249,-1.0035482,0.0005,0.0071
L,S,334,-1.8707199,0.0172,-0.972451,0.0002,0.0048
L,T,334,-1.9807243,0.0172,-1.1193053,0.0029,0.0191
L,V,334,-1.7699623,0.018187,-0.8485062,0.1548,0.1708
L,W,334,-1.8655167,0.0172,-0.9657982,0.0175,0.0516
L,Y,334,-1.6922112,0.0172,-0.760048,0.0011,0.0111
R,A,335,-2.2231789,0.0172,-1.4814359,0.0013,0.0144
R,C,335,-2.1463432,0.0172,-1.3613796,0.0023,0.0196
R,D,335,-1.9064331,0.0249,-1.0188389,0.0035,0.0244
R,E,335,-1.957283,0.0166456,-1.0870361,0.0057,0.0323
R,F,335,-1.9584885,0.0172,-1.088683,0.004,0.0263
R,G,335,-1.9904518,0.0184411,-1.1328472,0.0031,0.023
R,H,335,-2.125145,0.0172,-1.3290822,0.0089,0.0413
R,I,335,-2.048832,0.0172,-1.2159402,0.0059,0.0328
R,K,335,-1.7110977,0.0158435,-0.7809513,0.0181,0.0609
R,L,335,-1.8614311,0.0172,-0.9605934,0.0017,0.0164
R,M,335,-2.0267944,0.0172,-1.1842116,0.0028,0.0219
R,N,335,-1.675354,0.0172,-0.7417091,0.002,0.0181
R,P,335,-1.9664497,0.0170111,-1.0995934,0.0016,0.0159
R,Q,335,-2.0043144,0.0172,-1.1522971,0.0027,0.0214
R,S,335,-1.9951591,0.0164686,-1.1394319,0.0025,0.0203
R,T,335,-1.8508606,0.0172,-0.947205,0.0024,0.0201
R,V,335,-1.8214302,0.0172,-0.9105238,0.0014,0.0151
R,W,335,-1.9378128,0.0172,-1.0606295,0.0049,0.0296
R,Y,335,-2.0322723,0.0172,-1.1920578,0.002,0.0182
N,A,336,-1.7183838,0.0172,-0.7891159,0.0008,0.0114
N,C,336,-1.8942566,0.0172,-1.0028812,0.0017,0.0178
N,D,336,-1.6927109,0.0175033,-0.7605962,0.0067,0.0379
N,E,336,-2.1047707,0.0172,-1.2983898,0.0037,0.0274
N,F,336,-1.7150879,0.0172,-0.7854157,0.002,0.0195
N,G,336,-1.9184875,0.0172,-1.0347795,0.0004,0.0083
N,H,336,-1.753376,0.0172,-0.8291044,0.0027,0.0231
N,I,336,-2.0229836,0.0170181,-1.1787692,0.008,0.0416
N,K,336,-1.7483559,0.0157322,-0.8232887,0.0062,0.0364
N,L,336,-1.9755783,0.0172,-1.1121771,0.0006,0.0103
N,M,336,-1.9881401,0.0172,-1.1296211,0.003,0.0245
N,P,336,-1.822895,0.0172,-0.9123286,0.0026,0.0225
N,Q,336,-1.9043121,0.0172,-1.0160488,0.0042,0.0293
N,R,336,-1.7466621,0.0172,-0.8213324,0.0012,0.0146
N,S,336,-1.8533211,0.0165929,-0.9503114,0.0023,0.0211
N,T,336,-1.800106,0.0189174,-0.8844976,0.0036,0.0267
N,V,336,-2.00066,0.0170181,-1.1471527,0.0006,0.0096
N,W,336,-1.8788147,0.0172,-0.9828546,0.0032,0.0251
N,Y,336,-1.9705505,0.01764,-1.1052366,0.0019,0.0189
I,A,337,-2.0364723,0.0222346,-1.1980919,0.0389,0.0523
I,C,337,-1.702179,0.0217612,-0.7710333,0.0085,0.0226
I,D,337,-1.7339706,0.0163769,-0.8067697,0.0309,0.046
I,E,337,-1.5692558,0.016861,-0.6331995,0.0146,0.0305
I,F,337,-2.0556145,0.01764,-1.2257921,0.0083,0.0223
I,G,337,-1.8926163,0.0149463,-1.0007427,0.0037,0.0143
I,H,337,-1.6482239,0.0233765,-0.7128262,0.0219,0.038
I,K,337,-1.7172432,0.021273,-0.7878341,0.2777,0.1539
I,L,337,-1.8104973,0.0211296,-0.897122,0.0962,0.0859
I,M,337,-1.8613358,0.0198828,-0.9604722,0.0142,0.03
I,N,337,-1.8146935,0.0260479,-0.9022513,0.1603,0.1138
I,P,337,-1.7950668,0.0172,-0.8784155,0.0001,0.0024
I,Q,337,-1.6294708,0.0232254,-0.6933178,0.0312,0.0463
I,R,337,-1.7301025,0.023925,-0.8023648,0.0849,0.0802
I,S,337,-1.6764984,0.0205557,-0.7429446,0.0733,0.074
I,T,337,-1.0619087,0.0152506,-0.2705427,0.0738,0.0743
I,V,337,-1.1970673,0.017515,-0.3438978,0.0099,0.0246
I,W,337,-1.714592,0.016861,-0.7848599,0.0008,0.0061
I,Y,337,-1.5622635,0.0166965,-0.6264672,0.0217,0.0379
P,A,338,-1.8465118,0.0219336,-0.9417295,0.0908,0.0972
P,C,338,-1.8864632,0.0172,-0.9927444,0.0097,0.0284
P,D,338,-2.0030594,0.0172,-1.150529,0.0052,0.0201
P,E,338,-1.9639091,0.0170152,-1.0961051,0.0172,0.0389
P,F,338,-2.0346298,0.0172,-1.1954428,0.002,0.0118
P,G,338,-1.9997711,0.021936,-1.1459032,0.0133,0.0339
P,H,338,-2.1121254,0.0156686,-1.3094292,0.2733,0.1782
P,I,338,-2.1265526,0.0172,-1.3312154,0.0014,0.0098
P,K,338,-2.0541725,0.0172,-1.2236941,0.0201,0.0424
P,L,338,-2.0866737,0.0169905,-1.2714211,0.0044,0.0184
P,M,338,-1.9623642,0.0172,-1.0939869,0.0058,0.0215
P,N,338,-1.6648941,0.0163141,-0.730481,0.0106,0.0298
P,Q,338,-2.1423454,0.0166573,-1.3552605,0.0307,0.0536
P,R,338,-1.9343796,0.0191818,-1.0560108,0.0134,0.034
P,S,338,-1.8347244,0.0203992,-0.9269845,0.0025,0.0134
P,T,338,-1.7619667,0.0172,-0.8391176,0.0008,0.0074
P,V,338,-2.1236458,0.0166573,-1.326812,0.0113,0.0309
P,W,338,-1.9131699,0.0172,-1.0277301,0.0043,0.0182
P,Y,338,-2.1692657,0.0172,-1.3967131,0.0808,0.0912
S,A,339,-2.1422195,0.0184426,-1.355068,0.1893,0.1344
S,C,339,-2.045906,0.0168578,-1.2117025,0.0021,0.0112
S,D,339,-1.7027588,0.0172,-0.7716755,0.0025,0.0125
S,E,339,-1.9448395,0.0172,-1.0701177,0.0029,0.0134
S,F,339,-2.0446396,0.0296192,-1.2098708,0.0029,0.0134
S,G,339,-1.9357605,0.0241076,-1.0578671,0.0497,0.0644
S,H,339,-1.8976898,0.0170272,-1.0073658,0.0101,0.0269
S,I,339,-1.9048309,0.0324053,-1.0167308,0.0576,0.0699
S,K,339,-1.8925018,0.0259402,-1.0005935,0.004,0.0162
S,L,339,-1.7192574,0.0220644,-0.7900986,0.0166,0.0353
S,M,339,-1.9625664,0.0168578,-1.094264,0.0119,0.0293
S,N,339,-1.9443245,0.0172,-1.0694207,0.0031,0.0141
S,P,339,-1.9949608,0.017361,-1.1391541,0.0623,0.0729
S,Q,339,-1.9511604,0.0201307,-1.0786933,0.3522,0.189
S,R,339,-1.8390045,0.0175465,-0.9323222,0.0668,0.0758
S,T,339,-1.6889229,0.0163693,-0.7564471,0.0352,0.0533
S,V,339,-1.8745117,0.0139446,-0.9773161,0.0321,0.0506
S,W,339,-2.130909,0.0172,-1.3378277,0.0005,0.0051
S,Y,339,-1.7318573,0.0146153,-0.8043612,0.0076,0.0229
I,A,340,-1.7834091,0.0168566,-0.8644455,0.0036,0.0161
I,C,340,-1.7536507,0.0172,-0.8294234,0.0052,0.0198
I,D,340,-1.7871933,0.0172,-0.8689649,0.0012,0.0088
I,E,340,-1.8681107,0.0172,-0.9691115,0.0021,0.0119
I,F,340,-1.8678703,0.0168566,-0.9688041,0.0123,0.0317
I,G,340,-1.9788322,0.0172,-1.1166815,0.0003,0.004
I,H,340,-1.9448242,0.0170266,-1.070097,0.0126,0.0322
I,K,340,-2.039051,0.0233431,-1.2018044,0.211,0.1516
I,L,340,-1.8248558,0.0165266,-0.9147481,0.0469,0.0663
I,M,340,-1.7271385,0.0165266,-0.7990002,0.1398,0.1209
I,N,340,-1.5883751,0.0172,-0.6518718,0.0022,0.0123
I,P,340,-1.7181244,0.0172,-0.7888243,0.0035,0.016
I,Q,340,-1.5125618,0.0249,-0.5800983,0.0574,0.0741
I,R,340,-1.6373749,0.0288912,-0.7014948,0.2916,0.1811
I,S,340,-1.6654854,0.0168566,-0.7311126,0.001,0.0079
I,T,340,-1.7536469,0.0159473,-0.829419,0.0058,0.0211
I,V,340,-1.1638489,0.0197097,-0.3244604,0.0721,0.084
I,W,340,-2.0530586,0.0172,-1.2220748,0.0008,0.0071
I,Y,340,-1.8744507,0.0168566,-0.9772377,0.0048,0.0188
Q,A,341,-1.7790756,0.0164463,-0.8592882,0.0501,0.076
Q,C,341,-1.7750473,0.0172,-0.8545117,0.0027,0.0152
Q,D,341,-1.773407,0.0172,-0.8525715,0.0056,0.0228
Q,E,341,-1.7827644,0.01764,-0.863677,0.0876,0.1033
Q,F,341,-1.9490242,0.0172,-1.0757908,0.0036,0.0178
Q,G,341,-1.7495728,0.0172,-0.8246961,0.0074,0.0266
Q,H,341,-1.8411942,0.0170052,-0.9350602,0.0565,0.0812
Q,I,341,-1.8710175,0.0172,-0.9728323,0.0058,0.0232
Q,K,341,-1.7521439,0.016554,-0.8276746,0.0071,0.026
Q,L,341,-1.7267647,0.0170052,-0.7985765,0.0015,0.0111
Q,M,341,-1.9444962,0.0172,-1.0696531,0.0064,0.0246
Q,N,341,-1.836998,0.0166285,-0.9298176,0.0127,0.0357
Q,P,341,-1.9355736,0.0170052,-1.0576158,0.001,0.009
Q,R,341,-1.7599983,0.0206159,-0.8368165,0.0196,0.0453
Q,S,341,-2.0350418,0.0284483,-1.1960349,0.0284,0.0556
Q,T,341,-1.7425385,0.0168147,-0.8165823,0.0433,0.0702
Q,V,341,-1.6976585,0.0170052,-0.7660384,0.0017,0.0119
Q,W,341,-1.9399643,0.0172,-1.0635296,0.003,0.0162
Q,Y,341,-2.0428772,0.0172,-1.207324,0.0031,0.0166
Y,A,342,0.0229378,0.0172,-0.0326959,0.0039,0.0206
Y,C,342,-0.1616898,0.0187289,-0.0474748,0.016,0.0445
Y,D,342,-0.0895157,0.0166075,-0.0410477,0.001,0.0095
Y,E,342,-0.1229477,0.0169978,-0.0439114,0.001,0.0095
Y,F,342,-0.1394539,0.0157057,-0.0453964,0.0659,0.0969
Y,G,342,0.2420006,0.0172,-0.0209433,0.0003,0.0054
Y,H,342,-0.1334343,0.0243125,-0.0448492,0.038,0.0716
Y,I,342,-0.3020821,0.0172,-0.0629072,0.0047,0.0226
Y,K,342,-0.0189056,0.0169978,-0.0355879,0.0082,0.0309
Y,L,342,-0.1276817,0.0169978,-0.0443323,0.0091,0.0325
Y,M,342,0.0199852,0.0172,-0.0328921,0.0032,0.0183
Y,N,342,0.0864639,0.0168004,-0.0287418,0.0138,0.041
Y,P,342,0.0380898,0.0168004,-0.0317067,0.0019,0.0137
Y,Q,342,-0.2114563,0.0169978,-0.0524686,0.0038,0.0203
Y,R,342,-0.0909309,0.0172,-0.0411651,0.0109,0.036
Y,S,342,1.8779907,0.0164189,-0.0007271,0.0013,0.0114
Y,T,342,0.1725502,0.0169978,-0.0241264,0.0264,0.0586
Y,V,342,0.0768967,0.0172,-0.0293057,0.0053,0.0243
Y,W,342,-0.0794144,0.0172,-0.040219,0.029,0.0618
R,A,343,-2.122921,0.0172,-1.3257151,0.0007,0.0103
R,C,343,-2.1699066,0.0172,-1.397707,0.0006,0.0098
R,D,343,-2.1121788,0.0172,-1.3095095,0.0005,0.009
R,E,343,-2.136425,0.0172,-1.3462226,0.002,0.0191
R,F,343,-1.9640694,0.0169812,-1.096325,0.0003,0.007
R,G,343,-2.0698814,0.0250113,-1.2466475,0.0024,0.0209
R,H,343,-1.9629745,0.0172,-1.0948234,0.0003,0.0071
R,I,343,-1.9523354,0.0172,-1.0802916,0.0027,0.0224
R,K,343,-1.7608948,0.0176048,-0.837864,0.6829,0.4701
R,L,343,-1.899025,0.0172,-1.009113,0.0003,0.007
R,M,343,-1.8813934,0.0172,-0.9861825,0.0062,0.0355
R,N,343,-1.9718246,0.0172,-1.1069932,0.0003,0.0068
R,P,343,-2.0432663,0.016357,-1.2078861,0.001,0.013
R,Q,343,-2.1850243,0.0172,-1.4212454,0.0016,0.0169
R,S,343,-2.0469208,0.01764,-1.2131714,0.0002,0.005
R,T,343,-1.9799767,0.0172,-1.1182682,0.0021,0.0196
R,V,343,-1.8134384,0.0172,-0.9007152,0.0001,0.0038
R,W,343,-1.9338188,0.0172,-1.0552574,0.0012,0.0141
R,Y,343,-1.9755287,0.0172,-1.1121085,0.0003,0.0069
G,A,344,-1.8592148,0.0204873,-0.957777,0.0427,0.0964
G,C,344,-2.0940895,0.0172,-1.2824387,0.0047,0.0288
G,D,344,-1.9512024,0.0162217,-1.0787504,0.0053,0.0307
G,E,344,-2.164688,0.0172,-1.3896234,0.0103,0.044
G,F,344,-1.9857292,0.0172,-1.1262618,0.007,0.0357
G,H,344,-1.932457,0.0172,-1.0534293,0.0036,0.0248
G,I,344,-2.0373993,0.0172,-1.1994258,0.0005,0.0082
G,K,344,-1.8734665,0.0172,-0.9759736,0.0015,0.0152
G,L,344,-1.8518028,0.0172,-0.9483938,0.0008,0.0111
G,M,344,-1.9120903,0.0172,-1.0263022,0.0018,0.0171
G,N,344,-1.896595,0.0172,-1.0059345,0.0033,0.0236
G,P,344,-1.8133926,0.0172,-0.9006592,0.0009,0.0115
G,Q,344,-1.7275505,0.0172,-0.7994673,0.0014,0.0149
G,R,344,-1.8575401,0.0172,-0.9556521,0.0019,0.0176
G,S,344,-1.9109573,0.02066,-1.024805,0.0027,0.021
G,T,344,-2.0057335,0.0172,-1.1542982,0.0009,0.0115
G,V,344,-1.8388786,0.0200155,-0.932165,0.0037,0.025
G,W,344,-1.9782143,0.0172,-1.1158254,0.0049,0.0293
G,Y,344,-1.9965515,0.0172,-1.1413836,0.0021,0.0184
L,A,345,-1.7868004,0.0172,-0.8684949,0.0029,0.0179
L,C,345,-1.895134,0.0172,-1.0040262,0.0009,0.0095
L,D,345,-1.9669685,0.0172,-1.1003064,0.0008,0.0085
L,E,345,-1.7059479,0.0172,-0.7752142,0.0014,0.0119
L,F,345,-1.9404068,0.02064,-1.0641267,0.0041,0.0216
L,G,345,-1.8749008,0.0172,-0.9778162,0.0003,0.0052
L,H,345,-1.8937759,0.0172,-1.0022543,0.0019,0.0141
L,I,345,-1.7806702,0.020454,-0.8611837,0.1368,0.1489
L,K,345,-1.9414825,0.0172,-1.0655788,0.0004,0.0058
L,M,345,-1.7802162,0.0188327,-0.8606438,0.166,0.1657
L,N,345,-1.7522507,0.0172,-0.8277985,0.0004,0.006
L,P,345,-2.050415,0.0210928,-1.2182359,0.0049,0.0238
L,Q,345,-1.9655533,0.0203841,-1.0983619,0.0046,0.0232
L,R,345,-1.9092407,0.0173589,-1.0225389,0.0005,0.0064
L,S,345,-1.8117676,0.0172,-0.8986728,0.0019,0.0141
L,T,345,-1.9682808,0.0169867,-1.1021112,0.0009,0.0093
L,V,345,-1.7193527,0.013017,-0.7902059,0.1765,0.1713
L,W,345,-1.9190292,0.0172,-1.0354991,0.0015,0.0125
L,Y,345,-1.8354073,0.0172,-0.9278349,0.005,0.0243
F,A,346,-1.9248657,0.0172,-1.0432712,0.002,0.0164
F,C,346,-2.018711,0.0169793,-1.1726829,0.0013,0.0132
F,D,346,-2.1092834,0.0172,-1.305158,0.0006,0.0088
F,E,346,-1.9294739,0.0172,-1.0494309,0.0007,0.0094
F,G,346,-1.8863144,0.0172,-0.9925515,0.001,0.0112
F,H,346,-1.8891258,0.0172,-0.9962009,0.0179,0.0549
F,I,346,-1.9839973,0.019817,-1.1238519,0.0188,0.0564
F,K,346,-1.8926086,0.0172,-1.0007327,0.0004,0.0066
F,L,346,-1.8449326,0.0168136,-0.9397459,0.0959,0.1381
F,M,346,-1.9984665,0.0172,-1.1440707,0.0124,0.0449
F,N,346,-1.9611206,0.0172,-1.0922835,0.0016,0.0147
F,P,346,-2.0079994,0.0172,-1.1574971,0.0007,0.0094
F,Q,346,-2.079525,0.0169793,-1.2608449,0.0009,0.0108
F,R,346,-2.1273537,0.0172,-1.3324301,0.001,0.0112
F,S,346,-1.9954987,0.0161968,-1.1399078,0.0013,0.0128
F,T,346,-1.967804,0.0172,-1.1014553,0.0006,0.0085
F,V,346,-1.8422737,0.0163501,-0.9364118,0.0139,0.0477
F,W,346,-1.8938408,0.0172,-1.0023389,0.0053,0.0281
F,Y,346,-1.9416275,0.0167643,-1.0657746,0.0158,0.0513
G,A,347,-2.0456352,0.0166989,-1.2113107,0.0848,0.084
G,C,347,-1.9856453,0.0249,-1.126145,0.0104,0.0266
G,D,347,-1.9402351,0.0172,-1.063895,0.0017,0.0097
G,E,347,-1.8485718,0.0184615,-0.9443208,0.0064,0.0203
G,F,347,-2.034603,0.0172,-1.1954043,0.003,0.0135
G,H,347,-1.9869843,0.02064,-1.12801,0.0313,0.0486
G,I,347,-2.0944672,0.0172,-1.2830011,0.001,0.0072
G,K,347,-2.0374413,0.0172,-1.1994862,0.0266,0.0444
G,L,347,-1.8104439,0.0196114,-0.8970568,0.0761,0.0792
G,M,347,-2.0677643,0.0172,-1.2435415,0.0271,0.0449
G,N,347,-1.9881516,0.0172,-1.1296371,0.0368,0.0531
G,P,347,-2.2621078,0.0172,-1.5439662,0.0006,0.0054
G,Q,347,-2.0599098,0.0172,-1.2320523,0.0489,0.0621
G,R,347,-1.950737,0.0251026,-1.0781177,0.0571,0.0676
G,S,347,-1.9341354,0.0148617,-1.0556827,0.0644,0.0722
G,T,347,-2.0541344,0.0172,-1.2236387,0.0678,0.0743
G,V,347,-1.9897232,0.0167605,-1.1318299,0.0197,0.0377
G,W,347,-1.9716301,0.0172,-1.1067249,0.005,0.0177
G,Y,347,-2.1438522,0.0172,-1.3575653,0.0129,0.0298
A,C,348,-1.7939682,0.0172,-0.877093,0.0018,0.0174
A,D,348,-1.6817589,0.0123882,-0.7486416,0.0052,0.0312
A,E,348,-1.9569969,0.0172,-1.0866455,0.001,0.0129
A,F,348,-1.941246,0.0172,-1.0652594,0.0024,0.0203
A,G,348,-1.8781967,0.0172,-0.982058,0.004,0.0272
A,H,348,-2.1569023,0.0172,-1.3776035,0.002,0.0186
A,I,348,-1.9795685,0.0172,-1.1177022,0.001,0.0124
A,K,348,-1.9631767,0.0172,-1.0951006,0.0038,0.0263
A,L,348,-2.0992432,0.0169852,-1.2901231,0.002,0.0185
A,M,348,-1.9078293,0.0172,-1.0206779,0.0283,0.0795
A,N,348,-1.9004898,0.0172,-1.0110318,0.0043,0.0281
A,P,348,-2.1440468,0.0172,-1.3578631,0.0008,0.0111
A,Q,348,-1.9529076,0.0172,-1.0810704,0.0021,0.0192
A,R,348,-1.7969894,0.0172,-0.8807329,0.0004,0.008
A,S,348,-2.055748,0.0167757,-1.2259865,0.0042,0.0277
A,T,348,-1.8661957,0.0181605,-0.9666648,0.0047,0.0295
A,V,348,-1.7348404,0.0353609,-0.8077623,0.0059,0.0337
A,W,348,-1.8620987,0.0172,-0.9614427,0.0035,0.0253
A,Y,348,-2.078617,0.0172,-1.2595047,0.0011,0.0132
I,A,349,-1.8101959,0.0169796,-0.8967542,0.0045,0.0264
I,C,349,-2.0849915,0.0165552,-1.2689284,0.0042,0.0257
I,D,349,-1.957695,0.0172,-1.0875988,0.0016,0.0149
I,E,349,-1.8989906,0.0172,-1.0090679,0.0009,0.0106
I,F,349,-2.1071053,0.0167647,-1.3018891,0.0011,0.0122
I,G,349,-1.8281517,0.0172,-0.9188238,0.0005,0.0075
I,H,349,-1.9642487,0.0172,-1.096571,0.0009,0.0111
I,K,349,-2.0337372,0.0172,-1.1941606,0.0007,0.0096
I,L,349,-2.0288582,0.015957,-1.1871645,0.0156,0.0525
I,M,349,-2.1066856,0.0163509,-1.3012597,0.0361,0.0833
I,N,349,-1.8981857,0.0196465,-1.0080145,0.0009,0.0111
I,P,349,-2.0512505,0.0172,-1.2194485,0.0002,0.0048
I,Q,349,-2.195221,0.0172,-1.4372222,0.0004,0.0068
I,R,349,-1.9366989,0.0169796,-1.0591297,0.0001,0.0029
I,S,349,-1.8662033,0.0169796,-0.9666745,0.0005,0.0079
I,T,349,-2.0168457,0.015957,-1.1700309,0.0034,0.0228
I,V,349,-1.7430344,0.0219913,-0.8171526,0.3378,0.2846
I,W,349,-1.7793579,0.0172,-0.8596236,0.0009,0.0108
I,Y,349,-1.6507492,0.0172,-0.7154817,0.0006,0.0083
A,C,350,-1.8928719,0.0172,-1.0010758,0.0047,0.0265
A,D,350,-1.7807045,0.012744,-0.8612245,0.0052,0.028
A,E,350,-1.7937126,0.0172,-0.8767855,0.0015,0.0141
A,F,350,-1.7713394,0.0169789,-0.8501299,0.0048,0.0268
A,G,350,-1.8350334,0.0167634,-0.9273692,0.0077,0.0345
A,H,350,-2.1021004,0.0172,-1.294393,0.0035,0.0226
A,I,350,-1.8894005,0.0172,-0.9965579,0.0022,0.0173
A,K,350,-1.9460716,0.0172,-1.0717863,0.0034,0.0223
A,L,350,-1.8613205,0.0167634,-0.9604527,0.0007,0.0094
A,M,350,-2.0469475,0.0169789,-1.21321,0.0028,0.0199
A,N,350,-1.9479904,0.0172,-1.0743878,0.0008,0.0101
A,P,350,-2.0031738,0.0169789,-1.1506902,0.0004,0.0064
A,Q,350,-1.97575,0.0172,-1.1124146,0.001,0.0113
A,R,350,-2.1307526,0.0172,-1.3375901,0.0007,0.0094
A,S,350,-2.0360832,0.0270115,-1.1975322,0.151,0.1779
A,T,350,-1.7754173,0.025603,-0.8549497,0.005,0.0274
A,V,350,-1.8212318,0.0217067,-0.9102795,0.0027,0.0196
A,W,350,-1.8390503,0.0172,-0.9323795,0.016,0.0519
A,Y,350,-1.9264488,0.0172,-1.045385,0.0045,0.0258
G,A,351,-1.9985313,0.0163415,-1.1441616,0.0007,0.0116
G,C,351,-1.957531,0.0174395,-1.0873748,0.0032,0.0262
G,D,351,-2.0525742,0.0164598,-1.2213709,0.0022,0.0213
G,E,351,-2.0526237,0.0172,-1.2214428,0.0032,0.0263
G,F,351,-1.8863449,0.0172,-0.992591,0.0019,0.0196
G,H,351,-2.0616074,0.0172,-1.2345309,0.0024,0.0222
G,I,351,-1.9261246,0.0172,-1.0449519,0.0008,0.0121
G,K,351,-1.7647705,0.0172,-0.8424023,0.002,0.0204
G,L,351,-2.1946068,0.0172,-1.4362576,0.0007,0.0118
G,M,351,-1.8963585,0.0172,-1.0056254,0.0023,0.022
G,N,351,-1.8977699,0.0172,-1.0074705,0.0034,0.0269
G,P,351,-1.8778229,0.0172,-0.9815764,0.0012,0.0155
G,Q,351,-2.12957,0.0172,-1.3357937,0.0014,0.0169
G,R,351,-2.1028671,0.0172,-1.29554,0.0012,0.0154
G,S,351,-1.9042625,0.0175122,-1.0159836,0.0017,0.0184
G,T,351,-1.8821068,0.0172,-0.9871043,0.0053,0.0345
G,V,351,-1.7706833,0.0180149,-0.8493561,0.0022,0.0212
G,W,351,-2.001606,0.0172,-1.1484832,0.0069,0.04
G,Y,351,-2.1591148,0.016977,-1.3810143,0.0012,0.015
F,A,352,-1.9174118,0.0172,-1.0333512,0.0033,0.0279
F,C,352,-1.8573418,0.0172,-0.9554006,0.001,0.0147
F,D,352,-1.9624252,0.0172,-1.0940705,0.0007,0.0118
F,E,352,-2.0040169,0.0172,-1.1518779,0.0006,0.0107
F,G,352,-1.9862785,0.0167604,-1.1270267,0.0021,0.0219
F,H,352,-2.047554,0.0172,-1.2140883,0.0007,0.0114
F,I,352,-1.8698082,0.0172,-0.9712833,0.0032,0.0271
F,K,352,-2.2274704,0.0172,-1.4882747,0.0003,0.0071
F,L,352,-1.926094,0.0186802,-1.044911,0.0047,0.0337
F,M,352,-1.7935333,0.0172,-0.8765698,0.0013,0.0166
F,N,352,-2.081787,0.0172,-1.2641867,0.0005,0.0094
F,P,352,-1.8877487,0.0169774,-0.9944123,0.0048,0.0339
F,Q,352,-1.9477768,0.0172,-1.074098,0.0005,0.0095
F,R,352,-1.9967384,0.0165489,-1.1416457,0.0002,0.0067
F,S,352,-1.8970375,0.0155668,-1.0065128,0.0005,0.0102
F,T,352,-2.0876427,0.0172,-1.2728581,0.0004,0.0091
F,V,352,-2.1638374,0.0169774,-1.3883078,0.0019,0.0206
F,W,352,-1.8506584,0.0172,-0.94695,0.0115,0.055
F,Y,352,-1.9973068,0.0167604,-1.142443,0.0055,0.0369
I,A,353,-1.7949982,0.0167613,-0.8783329,0.001,0.0113
I,C,353,-1.7700996,0.0172,-0.848668,0.0009,0.0105
I,D,353,-1.8806725,0.0172,-0.9852514,0.0016,0.0148
I,E,353,-1.7503242,0.0172,-0.8255658,0.0004,0.0072
I,F,353,-2.0570107,0.0172,-1.2278252,0.0043,0.0251
I,G,353,-1.8097649,0.0172,-0.8962285,0.001,0.0116
I,H,353,-1.691185,0.0169778,-0.758923,0.0019,0.016
I,K,353,-1.7523079,0.0172,-0.8278648,0.0003,0.0055
I,L,353,-1.8634682,0.0177972,-0.9631865,0.0939,0.1373
I,M,353,-1.8435669,0.0169778,-0.9380325,0.0135,0.0472
I,N,353,-1.7566795,0.0169778,-0.8329458,0.0017,0.0151
I,P,353,-1.966816,0.0172,-1.1000968,0.0002,0.0051
I,Q,353,-1.8317032,0.0172,-0.9232279,0.0007,0.0093
I,R,353,-1.77491,0.0172,-0.8543492,0.0006,0.0082
I,S,353,-1.762001,0.0172,-0.8391577,0.0007,0.0095
I,T,353,-1.9577293,0.0160037,-1.0876456,0.0039,0.0238
I,V,353,-1.3633232,0.0132799,-0.4562239,0.2527,0.2366
I,W,353,-1.9467735,0.0172,-1.0727375,0.001,0.0113
I,Y,353,-1.9202461,0.0172,-1.0371169,0.0005,0.0074
E,A,354,-1.9150658,0.019648,-1.0302403,0.0021,0.0189
E,C,354,-2.021675,0.0172,-1.1769033,0.0043,0.0281
E,D,354,-1.8704796,0.0169767,-0.9721431,0.0018,0.0173
E,F,354,-1.8823509,0.0169767,-0.9874198,0.0011,0.0137
E,G,354,-1.8268356,0.013851,-0.917195,0.0014,0.0155
E,H,354,-2.0579147,0.0167592,-1.2291425,0.0014,0.0153
E,I,354,-1.8198166,0.0172,-0.9085381,0.0051,0.031
E,K,354,-1.9299355,0.0147365,-1.050049,0.0043,0.0283
E,L,354,-1.8134651,0.0172,-0.9007479,0.0065,0.0354
E,M,354,-2.0928078,0.0172,-1.2805312,0.0065,0.0355
E,N,354,-1.7152901,0.0172,-0.7856424,0.0016,0.0165
E,P,354,-2.0456467,0.0172,-1.2113274,0.0007,0.0102
E,Q,354,-2.0544205,0.0169767,-1.2240548,0.0047,0.0298
E,R,354,-2.0239487,0.0167592,-1.1801462,0.0031,0.0235
E,S,354,-2.1257172,0.0172,-1.3299491,0.002,0.0186
E,T,354,-2.1255035,0.0169767,-1.3296253,0.0026,0.0214
E,V,354,-1.8276405,0.0170405,-0.9181909,0.0138,0.0536
E,W,354,-1.887661,0.0172,-0.9942985,0.0022,0.0193
E,Y,354,-1.9805374,0.0172,-1.119046,0.0034,0.0248
G,A,355,-1.8886871,0.0167594,-0.9956309,0.0011,0.0159
G,C,355,-2.1103783,0.0172,-1.3068027,0.0015,0.0183
G,D,355,-1.9756927,0.0172,-1.1123353,0.0011,0.0154
G,E,355,-1.9134521,0.0177272,-1.0281035,0.0038,0.0305
G,F,355,-2.1834831,0.0172,-1.4188375,0.0022,0.0227
G,H,355,-1.9915771,0.0172,-1.1344195,0.0011,0.0154
G,I,355,-2.1105728,0.0172,-1.3070949,0.0009,0.0142
G,K,355,-1.9920082,0.0172,-1.1350221,0.002,0.0217
G,L,355,-2.0779533,0.0172,-1.2585256,0.0003,0.0071
G,M,355,-1.9848671,0.0172,-1.1250619,0.0017,0.02
G,N,355,-2.2443619,0.0172,-1.5153246,0.0042,0.0326
G,P,355,-1.9915581,0.0172,-1.1343929,0.0004,0.0084
G,Q,355,-2.1172028,0.0172,-1.3170767,0.0014,0.0181
G,R,355,-1.8397827,0.0307456,-0.9332947,0.004,0.0314
G,S,355,-1.8578148,0.0169768,-0.9560004,0.0009,0.014
G,T,355,-2.0339088,0.0172,-1.194407,0.0008,0.0127
G,V,355,-1.9743462,0.0172,-1.1104741,0.0012,0.0161
G,W,355,-1.7865105,0.0172,-0.8681483,0.0014,0.0175
G,Y,355,-1.9723282,0.0172,-1.1076879,0.0022,0.0227
G,A,356,-2.0507164,0.0172,-1.2186733,0.0016,0.0184
G,C,356,-2.0800323,0.0172,-1.261594,0.001,0.0141
G,D,356,-1.9907265,0.0169769,-1.1332309,0.0209,0.0756
G,E,356,-1.8600769,0.0150473,-0.9588719,0.0042,0.0314
G,F,356,-1.8680725,0.0172,-0.9690626,0.0004,0.0081
G,H,356,-2.218483,0.0172,-1.4739684,0.0006,0.0105
G,I,356,-1.9780235,0.0172,-1.1155611,0.0005,0.0097
G,K,356,-1.8173561,0.0172,-0.9055154,0.0007,0.012
G,L,356,-1.911766,0.0172,-1.0258735,0.0005,0.01
G,M,356,-2.022274,0.0172,-1.1777572,0.0027,0.0247
G,N,356,-2.02042,0.0172,-1.1751153,0.0055,0.0363
G,P,356,-2.2701454,0.0167596,-1.557013,0.0014,0.0174
G,Q,356,-2.0654488,0.0172,-1.2401489,0.0006,0.0112
G,R,356,-1.8833542,0.0179217,-0.9887173,0.0019,0.0203
G,S,356,-1.8578148,0.0172,-0.9560004,0.0025,0.0235
G,T,356,-1.91222,0.0172,-1.0264737,0.0004,0.0085
G,V,356,-1.8585205,0.0168546,-0.9568957,0.002,0.0206
G,W,356,-1.9762268,0.0172,-1.1130741,0.0014,0.017
G,Y,356,-1.7851257,0.0172,-0.8664937,0.001,0.0143
W,A,357,-2.1232224,0.0172,-1.3261712,0.0003,0.0069
W,C,357,-1.86586,0.0279984,-0.9662363,0.0037,0.0294
W,D,357,-1.8727112,0.0172,-0.9750042,0.0055,0.0369
W,E,357,-2.0742035,0.0172,-1.2530006,0.0011,0.0149
W,F,357,-2.111103,0.0172,-1.3078918,0.0014,0.017
W,G,357,-1.9165916,0.0188145,-1.032263,0.0015,0.0178
W,H,357,-2.0515099,0.0172,-1.2198251,0.0005,0.0103
W,I,357,-1.9816704,0.0172,-1.1206186,0.0022,0.0221
W,K,357,-1.9398422,0.0172,-1.0633649,0.0003,0.0077
W,L,357,-2.075817,0.0201112,-1.2553765,0.0014,0.0174
W,M,357,-1.9396439,0.0172,-1.0630975,0.0266,0.0877
W,N,357,-1.9362564,0.0172,-1.0585342,0.0005,0.0103
W,P,357,-1.8650742,0.0167594,-0.9652337,0.0003,0.0078
W,Q,357,-2.1419296,0.0172,-1.3546248,0.0005,0.0097
W,R,357,-1.8030396,0.0184563,-0.8880504,0.0036,0.0293
W,S,357,-1.9060249,0.0172,-1.0183015,0.0002,0.0067
W,T,357,-1.838562,0.0172,-0.9317695,0.0003,0.007
W,V,357,-1.8776627,0.0172,-0.98137,0.0004,0.0086
W,Y,357,-1.9462166,0.0172,-1.0719828,0.0033,0.0276
T,A,358,-1.8964615,0.016,-1.00576,0.0017,0.0105
T,C,358,-2.1216583,0.0165484,-1.3238052,0.0206,0.0413
T,D,358,-1.9609337,0.0167601,-1.0920276,0.0418,0.061
T,E,358,-2.1671944,0.0147,-1.3935031,0.0118,0.0304
T,F,358,-1.7757912,0.0172,-0.8553925,0.0055,0.0199
T,G,358,-1.9068985,0.0172,-1.0194517,0.0001,0.0016
T,H,358,-1.7919884,0.0180362,-0.8747128,0.0923,0.0943
T,I,358,-1.9799309,0.0238374,-1.1182047,0.1687,0.1314
T,K,358,-1.830574,0.0172,-0.9218262,0.0004,0.005
T,L,358,-2.057499,0.0204782,-1.2285367,0.162,0.1285
T,M,358,-1.8955116,0.0172,-1.0045192,0.0004,0.0047
T,N,358,-1.6710739,0.0122103,-0.7371006,0.0078,0.0243
T,P,358,-1.9660225,0.0195614,-1.0990064,0.095,0.0958
T,Q,358,-1.8969727,0.0165484,-1.0064281,0.0043,0.0175
T,R,358,-2.0200005,0.0161408,-1.174518,0.0007,0.0066
T,S,358,-2.08778,0.0189033,-1.2730618,0.0387,0.0585
T,V,358,-1.8669739,0.0272291,-0.9676586,0.0182,0.0386
T,W,358,-2.0219116,0.0172,-1.1772406,0.0002,0.003
T,Y,358,-1.9650688,0.0277884,-1.0976966,0.024,0.045
G,A,359,-2.2372398,0.0159432,-1.5038938,0.083,0.1255
G,C,359,-2.008377,0.0172,-1.1580307,0.0035,0.0219
G,D,359,-2.207634,0.0172,-1.4567795,0.0018,0.0152
G,E,359,-2.0897903,0.0199356,-1.2760457,0.0155,0.0499
G,F,359,-2.0738487,0.0172,-1.2524785,0.0019,0.0156
G,H,359,-2.1482162,0.0172,-1.3642509,0.0013,0.0129
G,I,359,-1.9561882,0.0249,-1.0855417,0.0017,0.015
G,K,359,-1.9690742,0.0172,-1.1032032,0.0035,0.0221
G,L,359,-1.9487343,0.016977,-1.0753973,0.0011,0.0115
G,M,359,-2.0438118,0.0172,-1.2086742,0.0064,0.0308
G,N,359,-2.2463036,0.0172,-1.5184474,0.0009,0.0105
G,P,359,-1.7957344,0.0172,-0.8792197,0.0003,0.0056
G,Q,359,-2.1433144,0.0167596,-1.3567425,0.0213,0.0594
G,R,359,-2.0686073,0.0141697,-1.2447778,0.0046,0.0257
G,S,359,-2.0950127,0.0172,-1.2838136,0.007,0.0322
G,T,359,-1.8684692,0.0167596,-0.9695699,0.0033,0.0213
G,V,359,-1.7572365,0.0345755,-0.8335946,0.0017,0.0146
G,W,359,-1.9003716,0.0172,-1.0108769,0.0121,0.0435
G,Y,359,-2.0535316,0.0172,-1.2227623,0.0037,0.0227
M,A,360,-1.9204979,0.0172,-1.0374518,0.0007,0.0111
M,C,360,-1.7448883,0.0172,-0.819287,0.0009,0.0126
M,D,360,-1.6722984,0.0172,-0.7384171,0.0006,0.0102
M,E,360,-1.8896484,0.0172,-0.9968801,0.0002,0.0052
M,F,360,-1.7626839,0.0172,-0.839957,0.0005,0.009
M,G,360,-1.803978,0.0172,-0.8891887,0.0001,0.0042
M,H,360,-1.8414993,0.0172,-0.9354421,0.0007,0.0117
M,I,360,-1.3382187,0.0178518,-0.4375854,0.0016,0.018
M,K,360,-1.8440552,0.0167594,-0.9386449,0.0019,0.0196
M,L,360,-1.5554085,0.0243661,-0.6199173,0.6965,0.5029
M,N,360,-1.753334,0.0172,-0.8290557,0.0003,0.0073
M,P,360,-1.5654488,0.0172,-0.6295277,0.0005,0.0089
M,Q,360,-1.7429237,0.0172,-0.8170253,0.0001,0.0036
M,R,360,-1.8137856,0.0188146,-0.90114,0.0002,0.0056
M,S,360,-1.7729149,0.0172,-0.85199,0,0.0025
M,T,360,-1.7603798,0.019857,-0.8372621,0.0012,0.0151
M,V,360,-1.6767921,0.0328894,-0.7432619,0.0024,0.0222
M,W,360,-1.7357674,0.0172,-0.8088211,0.0009,0.0133
M,Y,360,-1.6852837,0.0172,-0.7524752,0.0002,0.0058
I,A,361,-1.8664322,0.0167593,-0.9669668,0.0023,0.0165
I,C,361,-1.8620949,0.0172,-0.9614379,0.0023,0.0167
I,D,361,-1.9299164,0.02286,-1.0500234,0.0008,0.0096
I,E,361,-1.9627113,0.0167593,-1.0944626,0.0022,0.0164
I,F,361,-1.9126091,0.0169768,-1.0269882,0.0045,0.0243
I,G,361,-1.8392525,0.0172,-0.9326321,0.0002,0.0048
I,H,361,-1.7770844,0.0172,-0.8569251,0.0098,0.0371
I,K,361,-1.9157257,0.0491393,-1.0311148,0.7691,0.4076
I,L,361,-2.0044823,0.0154256,-1.1525338,0.025,0.062
I,M,361,-1.6395569,0.0177147,-0.7037638,0.0076,0.0321
I,N,361,-1.5638123,0.0167593,-0.627954,0.0002,0.0047
I,P,361,-1.9238739,0.0165473,-1.0419481,0,0.0018
I,Q,361,-1.8167229,0.0172,-0.9047385,0.0052,0.0261
I,R,361,-2.024189,0.0186757,-1.1804892,0.0053,0.0263
I,S,361,-1.928833,0.0169768,-1.048573,0.0032,0.02
I,T,361,-1.7982483,0.0318775,-0.8822524,0.0076,0.0323
I,V,361,-1.0828857,0.013697,-0.2809573,0.0553,0.0959
I,W,361,-1.7760811,0.036028,-0.8557359,0.0036,0.0213
I,Y,361,-1.9396935,0.0167593,-1.0631644,0.0023,0.0167
D,A,362,-1.944931,0.0172,-1.0702416,0.0028,0.0222
D,C,362,-1.9186211,0.0172,-1.0349569,0.0013,0.0144
D,E,362,-1.8005829,0.0159439,-0.8850746,0.0077,0.0385
D,F,362,-1.9741669,0.0172,-1.1102264,0.0022,0.0196
D,G,362,-1.7987175,0.0184587,-0.8828191,0.0025,0.0209
D,H,362,-1.9322624,0.0172,-1.0531682,0.0011,0.0134
D,I,362,-1.9551468,0.0172,-1.0841212,0.0016,0.0163
D,K,362,-1.782589,0.0172,-0.863468,0.0038,0.0262
D,L,362,-2.0113983,0.0172,-1.1623044,0.0018,0.0174
D,M,362,-1.5986786,0.0172,-0.6620949,0.0036,0.0255
D,N,362,-1.7293091,0.0158621,-0.8014633,0.0185,0.0624
D,P,362,-1.9571533,0.0172,-1.086859,0.0006,0.0092
D,Q,362,-1.8447456,0.0169771,-0.9395112,0.004,0.027
D,R,362,-1.6708488,0.0172,-0.7368588,0.0007,0.0102
D,S,362,-1.947094,0.0169771,-1.073172,0.0044,0.0284
D,T,362,-1.949791,0.0172,-1.0768322,0.0036,0.0252
D,V,362,-1.8931694,0.0172,-1.0014635,0.0021,0.0187
D,W,362,-1.9338684,0.0172,-1.055324,0.0051,0.0307
D,Y,362,-1.7392998,0.0159177,-0.8128641,0.0074,0.0377
G,A,363,-2.1354523,0.0172,-1.3447404,0.0007,0.0094
G,C,363,-1.9667473,0.0172,-1.1000024,0.0006,0.009
G,D,363,-2.0720825,0.0172,-1.2498809,0.0016,0.0154
G,E,363,-1.8404503,0.0150754,-0.9341295,0.004,0.0257
G,F,363,-2.2046623,0.0172,-1.4520868,0.0044,0.027
G,H,363,-2.0730247,0.0172,-1.2512663,0.0012,0.013
G,I,363,-1.888504,0.0172,-0.9953931,0.0025,0.0199
G,K,363,-2.0257912,0.0172,-1.1827776,0.0027,0.0205
G,L,363,-2.2335167,0.0172,-1.4979331,0.0017,0.0158
G,M,363,-1.8407784,0.0172,-0.9345399,0.0112,0.0451
G,N,363,-2.1428337,0.0172,-1.3560072,0.0006,0.0091
G,P,363,-2.0953827,0.0172,-1.2843648,0.0023,0.0187
G,Q,363,-2.000431,0.0172,-1.1468307,0.0216,0.0647
G,R,363,-1.9821625,0.0161997,-1.1213019,0.0361,0.0857
G,S,363,-1.9932404,0.0169766,-1.1367455,0.0025,0.0195
G,T,363,-2.0925827,0.0172,-1.2801963,0.001,0.0116
G,V,363,-1.955616,0.016792,-1.0847611,0.0048,0.0283
G,W,363,-1.8857155,0.0172,-0.9917751,0.007,0.0347
G,Y,363,-1.8942833,0.0172,-1.0029161,0.0046,0.0277
W,A,364,-2.068142,0.0172,-1.2440953,0.0006,0.0097
W,C,364,-1.9162483,0.0163412,-1.0318077,0.0127,0.05
W,D,364,-1.7330589,0.0172,-0.80573,0.0015,0.0153
W,E,364,-1.8305779,0.0172,-0.921831,0.0017,0.0166
W,F,364,-1.9612007,0.0172,-1.0923932,0.0197,0.0636
W,G,364,-2.1439438,0.0169769,-1.3577055,0.0032,0.0234
W,H,364,-1.9677162,0.0172,-1.1013345,0.0007,0.0104
W,I,364,-1.8051453,0.0172,-0.890606,0.0051,0.0304
W,K,364,-2.0817947,0.0172,-1.2641981,0.0021,0.0185
W,L,364,-2.0289536,0.0169769,-1.1873011,0.0048,0.0293
W,M,364,-1.9091301,0.0172,-1.022393,0.0054,0.0311
W,N,364,-2.1312141,0.0172,-1.3382914,0.0027,0.0215
W,P,364,-2.123745,0.0172,-1.3269621,0.0004,0.0073
W,Q,364,-1.9908829,0.0172,-1.1334494,0.0007,0.0103
W,R,364,-1.9105453,0.0188143,-1.0242609,0.0015,0.0156
W,S,364,-1.9111824,0.0172,-1.0251024,0.0004,0.0074
W,T,364,-1.7134819,0.0172,-0.7836168,0.0014,0.0147
W,V,364,-1.9394989,0.0172,-1.0629019,0.0013,0.0144
W,Y,364,-2.1357498,0.0169769,-1.3451936,0.0377,0.0909
Y,A,365,-1.8435326,0.015942,-0.9379895,0.0042,0.0277
Y,C,365,-1.9399567,0.0299264,-1.0635194,0.0053,0.0313
Y,D,365,-1.7905922,0.0172,-0.8730367,0.0039,0.0266
Y,E,365,-1.8470497,0.0172,-0.9424057,0.001,0.0127
Y,F,365,-1.9087257,0.0169767,-1.0218596,0.0098,0.0439
Y,G,365,-1.9890556,0.0172,-1.1308982,0.0038,0.0261
Y,H,365,-1.72575,0.0171443,-0.7974271,0.0073,0.0374
Y,I,365,-1.8714142,0.0172,-0.9733407,0.0011,0.0134
Y,K,365,-1.787075,0.0172,-0.8688234,0.0013,0.0147
Y,L,365,-1.7996216,0.0172,-0.8839118,0.0012,0.0139
Y,M,365,-1.907711,0.0172,-1.020522,0.0053,0.0311
Y,N,365,-2.0649185,0.0172,-1.2393726,0.004,0.0269
Y,P,365,-1.931633,0.0172,-1.052324,0.0004,0.0078
Y,Q,365,-1.9349747,0.0172,-1.0568106,0.0028,0.0222
Y,R,365,-1.9447861,0.0172,-1.0700454,0.0005,0.0082
Y,S,365,-1.7939873,0.0169767,-0.877116,0.0042,0.0274
Y,T,365,-1.914711,0.0172,-1.0297702,0.0017,0.0166
Y,V,365,-1.5679398,0.0172,-0.6319285,0.0101,0.0447
Y,W,365,-1.9575195,0.0172,-1.0873591,0.0058,0.0329
G,A,366,-1.9662704,0.016547,-1.099347,0.0004,0.0074
G,C,366,-1.9946861,0.0172,-1.1387694,0.003,0.022
G,D,366,-1.9170837,0.0176384,-1.0329158,0.0086,0.0392
G,E,366,-1.9143143,0.0172,-1.0292448,0.0024,0.0193
G,F,366,-2.1170654,0.0172,-1.3168695,0.0023,0.0192
G,H,366,-1.873066,0.0172,-0.9754595,0.0046,0.0279
G,I,366,-1.9252243,0.0172,-1.0437498,0.0022,0.0183
G,K,366,-1.8174744,0.0172,-0.9056605,0.0098,0.0422
G,L,366,-1.9043694,0.0172,-1.0161241,0.0004,0.0073
G,M,366,-1.9640694,0.0172,-1.096325,0.003,0.0218
G,N,366,-1.8624344,0.0169767,-0.96187,0.0062,0.0327
G,P,366,-1.9181328,0.0172,-1.0343084,0.0013,0.0141
G,Q,366,-1.9839134,0.0172,-1.1237353,0.0042,0.0263
G,R,366,-2.0188484,0.0169767,-1.1728783,0.0012,0.013
G,S,366,-1.9663773,0.0157814,-1.0994939,0.003,0.022
G,T,366,-1.9192696,0.0172,-1.0358186,0.0009,0.0116
G,V,366,-1.9599419,0.01673,-1.0906703,0.0007,0.0102
G,W,366,-2.0108871,0.0169767,-1.1615807,0.0103,0.0433
G,Y,366,-1.8107338,0.0172,-0.8974106,0.0478,0.1006
Y,A,367,-1.9283905,0.0172,-1.0479809,0.0009,0.0106
Y,C,367,-1.9566383,0.0180446,-1.086156,0.0073,0.0336
Y,D,367,-1.9235954,0.0167593,-1.0415768,0.0039,0.0238
Y,E,367,-1.9400444,0.0172,-1.0636377,0.0015,0.0142
Y,F,367,-1.7356873,0.0155631,-0.8087296,0.1035,0.1443
Y,G,367,-2.0336876,0.0172,-1.1940894,0.0007,0.009
Y,H,367,-1.9480515,0.0212104,-1.0744707,0.0049,0.0269
Y,I,367,-2.0367355,0.0172,-1.1984705,0.0018,0.0157
Y,K,367,-1.984684,0.0172,-1.1248071,0.0031,0.0211
Y,L,367,-2.0214577,0.0172,-1.1765936,0.0011,0.0119
Y,M,367,-2.089161,0.0172,-1.2751112,0.0886,0.1325
Y,N,367,-1.9532204,0.0167593,-1.0814963,0.0093,0.0384
Y,P,367,-1.9070778,0.0172,-1.0196878,0.001,0.011
Y,Q,367,-1.9608688,0.0172,-1.0919387,0.0009,0.0106
Y,R,367,-1.9837189,0.0172,-1.1234648,0.0006,0.0082
Y,S,367,-1.9223557,0.0172,-1.0399247,0.0019,0.0162
Y,T,367,-1.9764557,0.0172,-1.1133907,0.0016,0.0145
Y,V,367,-1.9900589,0.0172,-1.1322986,0.0013,0.0131
Y,W,367,-1.8575897,0.0172,-0.955715,0.0009,0.0108
H,A,368,-2.1426392,0.0189028,-1.3557098,0.0408,0.0612
H,C,368,-1.8448715,0.0165482,-0.9396692,0.0319,0.0535
H,D,368,-2.038227,0.0167599,-1.2006175,0.0024,0.0129
H,E,368,-2.089592,0.0172,-1.2757512,0.002,0.0118
H,F,368,-2.0569954,0.0193685,-1.2278029,0.0692,0.0819
H,G,368,-1.8876381,0.0172,-0.9942688,0.0007,0.0064
H,I,368,-1.9393158,0.0172,-1.062655,0.0004,0.005
H,K,368,-2.0281487,0.0172,-1.1861489,0.0036,0.016
H,L,368,-2.0745316,0.0161405,-1.2534835,0.0672,0.0806
H,M,368,-2.117176,0.0172,-1.3170363,0.0454,0.0649
H,N,368,-1.8918953,0.0158362,-0.9998036,0.0076,0.0242
H,P,368,-2.2908134,0.0172,-1.59077,0.0004,0.0048
H,Q,368,-1.9733658,0.0213687,-1.10912,0.0404,0.0609
H,R,368,-1.9106674,0.0156751,-1.0244221,0.0709,0.083
H,S,368,-1.9678879,0.02058,-1.1015707,0.0015,0.0101
H,T,368,-2.2599792,0.0172,-1.5405188,0.0012,0.0088
H,V,368,-1.9625969,0.0172,-1.0943058,0.0011,0.0085
H,W,368,-1.9984932,0.0165482,-1.1441081,0.0424,0.0625
H,Y,368,-1.6663742,0.0316094,-0.7320628,0.1334,0.1174
H,A,369,-1.9649124,0.0169767,-1.0974819,0.0003,0.0041
H,C,369,-1.9639816,0.0157501,-1.0962045,0.1922,0.1416
H,D,369,-2.052784,0.0169767,-1.2216757,0.0007,0.0065
H,E,369,-1.9368324,0.0172,-1.0593094,0.0002,0.0033
H,F,369,-2.1215897,0.0172,-1.3237015,0.1141,0.1063
H,G,369,-1.9362755,0.0172,-1.0585599,0.0002,0.0035
H,I,369,-2.1941948,0.0157501,-1.4356107,0.0486,0.0665
H,K,369,-1.8850975,0.0172,-0.9909743,0.0021,0.0117
H,L,369,-2.0866165,0.016194,-1.2713363,0.0008,0.0071
H,M,369,-2.1096344,0.0167592,-1.3056851,0.187,0.1395
H,N,369,-1.8482819,0.0157793,-0.9439559,0.0087,0.0258
H,P,369,-1.9059906,0.0169767,-1.0182564,0.0004,0.0046
H,Q,369,-1.9551811,0.0171015,-1.084168,0.1406,0.1192
H,R,369,-1.9127007,0.0206478,-1.0271094,0.0008,0.007
H,S,369,-1.9383163,0.0180104,-1.0613078,0.0049,0.0189
H,T,369,-1.8061295,0.0145256,-0.891802,0.0907,0.0937
H,V,369,-1.9968414,0.0146888,-1.1417901,0.0746,0.0841
H,W,369,-2.1068954,0.0172,-1.3015743,0.0036,0.0158
H,Y,369,-1.8800621,0.0136182,-0.9844635,0.0144,0.0341
Q,A,370,-1.7141075,0.018881,-0.7843172,0.0172,0.031
Q,C,370,-1.8210106,0.0150263,-0.9100072,0.0492,0.0553
Q,D,370,-1.7018089,0.0167592,-0.7706235,0.015,0.0287
Q,E,370,-1.7928772,0.0193666,-0.8757809,0.089,0.0766
Q,F,370,-1.6513023,0.0219,-0.7160642,0.0072,0.0193
Q,G,370,-1.6534576,0.0172,-0.7183373,0.0001,0.0023
Q,H,370,-1.7919083,0.0185223,-0.8746166,0.0199,0.0336
Q,I,370,-1.836525,0.0181425,-0.9292277,0.0873,0.0758
Q,K,370,-1.9921227,0.0207267,-1.1351822,0.0723,0.0684
Q,L,370,-1.8870697,0.0137811,-0.9935311,0.0273,0.04
Q,M,370,-1.9133797,0.0298247,-1.0280077,0.0194,0.0332
Q,N,370,-1.6607246,0.0163404,-0.7260376,0.0367,0.0471
Q,P,370,-1.8289452,0.0169767,-0.9198066,0.0005,0.0044
Q,R,370,-1.3469009,0.0415548,-0.4439617,0.0223,0.0358
Q,S,370,-1.9108505,0.0140099,-1.0246639,0.1153,0.0884
Q,T,370,-1.6668434,0.0169936,-0.7325647,0.0419,0.0507
Q,V,370,-1.7509041,0.0225466,-0.8262375,0.1545,0.1038
Q,W,370,-1.8423615,0.0169767,-0.9365218,0.052,0.057
Q,Y,370,-1.7486382,0.0169767,-0.8236151,0.0575,0.0603
N,A,371,-1.9160423,0.0172,-1.0315345,0.0006,0.01
N,C,371,-1.9324532,0.0172,-1.0534242,0.001,0.0139
N,D,371,-1.8919373,0.0196479,-0.9998583,0.009,0.0454
N,E,371,-2.0114212,0.0172,-1.1623368,0.0051,0.0333
N,F,371,-2.0051155,0.0172,-1.1534265,0.0008,0.0118
N,G,371,-1.9180107,0.0172,-1.0341463,0.0003,0.0074
N,H,371,-2.0962105,0.01778,-1.2855985,0.005,0.0329
N,I,371,-1.7029114,0.0172,-0.7718446,0.0018,0.0185
N,K,371,-1.8971825,0.0163404,-1.0067024,0.0049,0.0325
N,L,371,-1.8407707,0.0169767,-0.9345303,0.0024,0.0222
N,M,371,-2.001171,0.0172,-1.1478713,0.002,0.02
N,P,371,-1.9451942,0.0172,-1.0705979,0.0017,0.0183
N,Q,371,-1.91893,0.0172,-1.0353673,0.0018,0.0186
N,R,371,-1.9775009,0.0172,-1.1148374,0.0005,0.0089
N,S,371,-1.874836,0.0167592,-0.9777329,0.0048,0.0324
N,T,371,-1.899807,0.0161387,-1.0101371,0.0019,0.0195
N,V,371,-1.8435898,0.0172,-0.9380612,0.0037,0.0278
N,W,371,-1.9243507,0.0172,-1.0425841,0.0018,0.019
N,Y,371,-1.8145409,0.0172,-0.9020644,0.0017,0.0182
E,A,372,-1.6516838,0.0164605,-0.7164662,0.0966,0.1085
E,C,372,-1.6814728,0.0172,-0.748331,0.0038,0.0183
E,D,372,-1.2830238,0.0149396,-0.3987455,0.26,0.1871
E,F,372,-1.7912254,0.0172,-0.8737966,0.0019,0.0126
E,G,372,-1.4147224,0.0235104,-0.4963305,0.0307,0.0578
E,H,372,-1.7277832,0.0172,-0.7997312,0.0018,0.012
E,I,372,-1.820507,0.0172,-0.9093874,0.0011,0.0091
E,K,372,-1.6924934,0.0153027,-0.7603576,0.0084,0.0283
E,L,372,-1.8263245,0.0169766,-0.9165629,0.011,0.0329
E,M,372,-1.6659813,0.0172,-0.7316427,0.0266,0.0535
E,N,372,-1.8422585,0.0169766,-0.9363928,0.0026,0.015
E,P,372,-1.757515,0.0172,-0.8339192,0.0002,0.004
E,Q,372,-1.730835,0.0172,-0.8031978,0.0032,0.0167
E,R,372,-1.6757965,0.0172,-0.7421866,0.0009,0.0083
E,S,372,-1.9973907,0.0186744,-1.1425607,0.1654,0.1459
E,T,372,-1.4767876,0.01634,-0.5483236,0.0089,0.0293
E,V,372,-1.6485634,0.016759,-0.7131828,0.0004,0.0056
E,W,372,-1.5908318,0.0172,-0.6542991,0.0009,0.0081
E,Y,372,-1.6084251,0.0172,-0.6718689,0.0042,0.0194
Q,A,373,-1.7019882,0.0143666,-0.770822,0.0474,0.0726
Q,C,373,-1.7578621,0.0172,-0.8343237,0.0022,0.0133
Q,D,373,-1.8646317,0.0169768,-0.9646694,0.0242,0.0501
Q,E,373,-1.856884,0.0169768,-0.9548204,0.1055,0.1126
Q,F,373,-1.737503,0.02058,-0.810806,0.0795,0.0964
Q,G,373,-1.835659,0.0169768,-0.9281484,0.0025,0.0145
Q,H,373,-1.984932,0.0176128,-1.1251522,0.0037,0.0179
Q,I,373,-1.8782043,0.0172,-0.9820678,0.001,0.0087
Q,K,373,-1.6922302,0.0182736,-0.7600689,0.0025,0.0144
Q,L,373,-1.7498283,0.0200109,-0.8249917,0.0369,0.0632
Q,M,373,-1.7018547,0.0172,-0.7706742,0.0296,0.0559
Q,N,373,-1.7474174,0.0172,-0.8222044,0.0038,0.018
Q,P,373,-1.7287788,0.0203486,-0.800861,0.001,0.0087
Q,R,373,-1.9648476,0.0151186,-1.0973929,0.0044,0.0197
Q,S,373,-1.8344002,0.0172,-0.9265809,0.0051,0.0213
Q,T,373,-1.9215393,0.0169768,-1.0388376,0.0016,0.0112
Q,V,373,-1.8767395,0.0167593,-0.9801813,0.0012,0.0096
Q,W,373,-1.7415771,0.0172,-0.8154774,0.0059,0.0231
Q,Y,373,-1.9615974,0.015563,-1.0929364,0.0563,0.0798
G,A,374,-2.0771332,0.01764,-1.2573162,0.0004,0.0088
G,C,374,-1.979805,0.0172,-1.1180301,0.0019,0.0203
G,D,374,-2.1412735,0.016759,-1.3536221,0.0024,0.0231
G,E,374,-1.9297829,0.0193594,-1.0498446,0.0029,0.0256
G,F,374,-1.6868706,0.0172,-0.7542055,0.0005,0.0094
G,H,374,-1.9769058,0.0172,-1.1140136,0.0028,0.0253
G,I,374,-1.931633,0.0172,-1.052324,0.0015,0.0181
G,K,374,-2.132,0.0172,-1.3394862,0.0007,0.0119
G,L,374,-1.846283,0.0172,-0.941442,0.0022,0.0224
G,M,374,-2.0585747,0.0172,-1.2301047,0.0018,0.02
G,N,374,-1.8621712,0.0172,-0.961535,0.0044,0.0325
G,P,374,-1.9005165,0.0169766,-1.0110668,0.0023,0.0227
G,Q,374,-1.8723145,0.0172,-0.9744952,0.0015,0.0181
G,R,374,-2.0668945,0.0176446,-1.2422665,0.0013,0.0169
G,S,374,-1.8256454,0.016759,-0.9157235,0.0032,0.0274
G,T,374,-1.9976616,0.0169766,-1.1429408,0.0026,0.0241
G,V,374,-2.0520515,0.0171047,-1.2206116,0.0011,0.0149
G,W,374,-1.6223412,0.0172,-0.685999,0.0017,0.0195
G,Y,374,-2.0165024,0.0172,-1.1695432,0.0007,0.0114
S,A,375,-1.885189,0.0175991,-0.9910928,0.0868,0.0829
S,C,375,-1.7802925,0.0165473,-0.8607345,0.0382,0.0528
S,D,375,-1.8096313,0.0174312,-0.8960656,0.0343,0.0498
S,E,375,-1.8678474,0.0225945,-0.9687749,0.0921,0.0856
S,F,375,-1.9409714,0.0169768,-1.0648887,0.0189,0.0358
S,G,375,-1.8106995,0.02058,-0.8973687,0.0036,0.0144
S,H,375,-1.8555107,0.019589,-0.9530809,0.0326,0.0484
S,I,375,-1.7164688,0.0172,-0.7869646,0.0074,0.0214
S,K,375,-1.8018227,0.0172,-0.8865756,0.0065,0.0199
S,L,375,-1.8855476,0.0210505,-0.9915575,0.0023,0.0112
S,M,375,-1.6503944,0.0169768,-0.7151082,0.0913,0.0852
S,N,375,-1.6586914,0.0155629,-0.7238775,0.0195,0.0365
S,P,375,-1.8676224,0.0193668,-0.9684873,0.0009,0.0067
S,Q,375,-1.8786316,0.0172,-0.9826185,0.0562,0.0653
S,R,375,-1.8699532,0.0155629,-0.971469,0.0107,0.0262
S,T,375,-1.5132332,0.0169768,-0.5807074,0.0425,0.0559
S,V,375,-1.4798126,0.0153799,-0.5509589,0.0247,0.0415
S,W,375,-1.8332214,0.0167593,-0.9251144,0.0081,0.0225
S,Y,375,-1.798851,0.0172,-0.8829804,0.0325,0.0483
G,A,376,-1.7642822,0.0167591,-0.8418297,0.1448,0.1299
G,C,376,-1.8827477,0.0172,-0.9879329,0.0068,0.0241
G,D,376,-2.1489906,0.0191892,-1.3654389,0.0097,0.0294
G,E,376,-1.7857475,0.0167591,-0.8672364,0.0162,0.0389
G,F,376,-1.8611526,0.0172,-0.9602392,0.0108,0.0312
G,H,376,-2.009842,0.0172,-1.1601019,0.0043,0.0187
G,I,376,-1.8464279,0.0169767,-0.9416241,0.0059,0.0223
G,K,376,-1.8880882,0.0172,-0.9948531,0.0054,0.0213
G,L,376,-2.1527405,0.0169767,-1.3711983,0.0109,0.0313
G,M,376,-2.0173569,0.0172,-1.1707574,0.0152,0.0376
G,N,376,-1.837246,0.0172,-0.9301269,0.0139,0.0358
G,P,376,-1.8997421,0.0169767,-1.0100521,0.0006,0.0063
G,Q,376,-1.6632614,0.0172,-0.7287389,0.0141,0.0361
G,R,376,-1.9446754,0.0165471,-1.0698956,0.009,0.0281
G,S,376,-1.9426575,0.0257851,-1.0671663,0.0407,0.0646
G,T,376,-1.773632,0.0169767,-0.8528375,0.0102,0.0302
G,V,376,-1.8078575,0.0210347,-0.8939044,0.0301,0.0547
G,W,376,-2.008133,0.0172,-1.1576859,0.0022,0.0131
G,Y,376,-2.1255913,0.0165471,-1.3297584,0.0341,0.0586
Y,A,377,-1.8971214,0.0172,-1.0066225,0.0013,0.0149
Y,C,377,-1.8803368,0.0216762,-0.9848181,0.0034,0.0254
Y,D,377,-2.0280113,0.0172,-1.1859523,0.0018,0.0178
Y,E,377,-1.8824921,0.0172,-0.9876024,0.0003,0.0072
Y,F,377,-2.0954819,0.0157501,-1.2845126,0.1596,0.2112
Y,G,377,-1.6193352,0.0172,-0.6829294,0.0013,0.0149
Y,H,377,-1.9304008,0.0224753,-1.0506723,0.0032,0.0244
Y,I,377,-1.7904358,0.0172,-0.8728491,0.003,0.0239
Y,K,377,-2.0118217,0.0172,-1.162904,0.0017,0.0176
Y,L,377,-1.9034233,0.0172,-1.0148809,0.0008,0.0113
Y,M,377,-1.9929619,0.0172,-1.1363559,0.0017,0.0175
Y,N,377,-1.9586105,0.0167592,-1.0888497,0.0008,0.0117
Y,P,377,-1.8349419,0.0172,-0.9272553,0.0003,0.0067
Y,Q,377,-2.0768394,0.0172,-1.2568831,0.0013,0.0148
Y,R,377,-1.887394,0.0169767,-0.993952,0.0002,0.0053
Y,S,377,-1.8489342,0.0167592,-0.9447771,0.0006,0.0094
Y,T,377,-1.9536629,0.0169767,-1.082099,0.0006,0.0098
Y,V,377,-1.9667816,0.0172,-1.1000495,0.0006,0.0095
Y,W,377,-1.9248276,0.0172,-1.0432203,0.0045,0.0295
A,C,378,-1.8900414,0.0205628,-0.9973911,0.0823,0.1079
A,D,378,-1.840065,0.0169768,-0.9336477,0.0002,0.0038
A,E,378,-1.934967,0.0138459,-1.0568002,0.0057,0.0248
A,F,378,-1.7773323,0.0172,-0.8572191,0.015,0.0423
A,G,378,-1.8832359,0.0167593,-0.9885643,0.0005,0.0068
A,H,378,-1.8818817,0.0172,-0.9868134,0.0017,0.0127
A,I,378,-1.8937988,0.0167593,-1.0022841,0.017,0.0453
A,K,378,-2.063446,0.0172,-1.2372182,0.0006,0.0071
A,L,378,-1.9621811,0.0208208,-1.093736,0.0014,0.0116
A,M,378,-1.867424,0.0172,-0.9682337,0.0062,0.026
A,N,378,-1.7091026,0.0169768,-0.7787254,0.0007,0.0079
A,P,378,-1.7494087,0.0172,-0.8245062,0.0008,0.0082
A,Q,378,-1.8176003,0.0169768,-0.9058151,0.0005,0.0065
A,R,378,-1.8745537,0.0169768,-0.9773701,0.0003,0.0048
A,S,378,-1.9302864,0.0155131,-1.0505191,0.1134,0.1287
A,T,378,-1.8248062,0.0210031,-0.9146868,0.0034,0.0187
A,V,378,-1.8229408,0.0199275,-0.9123851,0.1931,0.1724
A,W,378,-2.0433464,0.0172,-1.2080018,0.0012,0.0104
A,Y,378,-1.9747581,0.0165473,-1.1110433,0.0223,0.0525
A,C,379,-1.6382065,0.0172,-0.7023589,0.0022,0.0226
A,D,379,-1.863163,0.0172,-0.9627977,0.0004,0.0084
A,E,379,-2.0557785,0.0146415,-1.2260308,0.0034,0.0284
A,F,379,-1.9390144,0.0172,-1.0622486,0.0006,0.0108
A,G,379,-2.046238,0.0167592,-1.212183,0.0021,0.0219
A,H,379,-2.1719933,0.0172,-1.4009453,0.0004,0.0086
A,I,379,-1.9420509,0.0172,-1.0663466,0.0009,0.0135
A,K,379,-1.8296204,0.0172,-0.9206435,0.0012,0.016
A,L,379,-2.2827377,0.0172,-1.5775445,0.0011,0.0152
A,M,379,-1.8490067,0.0172,-0.9448684,0.0015,0.0184
A,N,379,-1.9405899,0.0172,-1.0643738,0.0003,0.0081
A,P,379,-2.1875877,0.01764,-1.4252543,0.0005,0.0103
A,Q,379,-1.8169403,0.0172,-0.9050051,0.0006,0.0112
A,R,379,-1.9926338,0.0172,-1.1358969,0.0015,0.018
A,S,379,-1.9625969,0.0160549,-1.0943058,0.0246,0.084
A,T,379,-1.7026863,0.0233505,-0.7715952,0.0032,0.0275
A,V,379,-1.7815399,0.0201682,-0.8622186,0.0022,0.0226
A,W,379,-1.8925667,0.0172,-1.0006781,0.0007,0.0118
A,Y,379,-2.2139282,0.0172,-1.4667411,0.0011,0.0151
D,A,380,-1.8935814,0.0169767,-1.0020006,0.0029,0.0236
D,C,380,-1.9852943,0.0172,-1.1256564,0.0012,0.0146
D,E,380,-1.8740082,0.0167591,-0.9766693,0.0054,0.033
D,F,380,-1.7818832,0.0172,-0.8626273,0.0009,0.0127
D,G,380,-1.8418236,0.0201436,-0.9358481,0.0051,0.032
D,H,380,-1.7919464,0.0169767,-0.8746624,0.0048,0.031
D,I,380,-1.9260483,0.0172,-1.04485,0.0437,0.1047
D,K,380,-1.9117241,0.0172,-1.0258182,0.0031,0.0246
D,L,380,-2.1807556,0.0169767,-1.4145808,0.0006,0.0102
D,M,380,-1.9054565,0.0172,-1.0175536,0.0025,0.0215
D,N,380,-1.6898499,0.0178757,-0.7574611,0.006,0.0352
D,P,380,-1.7515984,0.0172,-0.8270421,0.0004,0.0084
D,Q,380,-1.8069916,0.0172,-0.8928505,0.0016,0.0168
D,R,380,-1.7391701,0.0172,-0.8127154,0.0005,0.0091
D,S,380,-1.9527817,0.0172,-1.080899,0.0003,0.0074
D,T,380,-1.8437996,0.0172,-0.9383243,0.0006,0.0096
D,V,380,-1.7640152,0.0169767,-0.8415166,0.0009,0.0127
D,W,380,-1.8536911,0.0172,-0.950779,0.0015,0.0165
D,Y,380,-1.8331795,0.0164589,-0.9250624,0.002,0.0192
Q,A,381,-1.770504,0.0376265,-0.8491447,0.0753,0.0764
Q,C,381,-1.6756363,0.0172,-0.7420137,0.003,0.0131
Q,D,381,-1.5554199,0.0172,-0.6199281,0.0003,0.0034
Q,E,381,-1.6623001,0.0225374,-0.7277144,0.0219,0.0387
Q,F,381,-1.6470604,0.0149384,-0.711605,0.0156,0.0321
Q,G,381,-1.54002,0.0172,-0.6053941,0.0005,0.0047
Q,H,381,-1.6961212,0.0237925,-0.7643446,0.1709,0.1198
Q,I,381,-1.705658,0.0208929,-0.7748921,0.156,0.114
Q,K,381,-1.3724289,0.0520864,-0.4631373,0.0754,0.0764
Q,L,381,-1.4010963,0.0172193,-0.4854406,0.0519,0.0622
Q,M,381,-1.534111,0.0147,-0.5998836,0.0958,0.0871
Q,N,381,-1.5667725,0.0172,-0.6308026,0.0002,0.0032
Q,P,381,-1.5411453,0.0172,-0.6064477,0.0002,0.0025
Q,R,381,-1.2978897,0.0181169,-0.4089211,0.0853,0.0818
Q,S,381,-1.576973,0.0177857,-0.6406897,0.0011,0.0076
Q,T,381,-1.497921,0.0147,-0.5669332,0.0079,0.0221
Q,V,381,-1.6479149,0.0141802,-0.7125017,0.0687,0.0726
Q,W,381,-1.4702225,0.0222681,-0.5426368,0.0175,0.0342
Q,Y,381,-1.701664,0.0177365,-0.7704632,0.0364,0.0512
K,A,382,-1.3232918,0.0197014,-0.4267939,0.0697,0.0701
K,C,382,-1.3450584,0.0147,-0.4426024,0.0079,0.0212
K,D,382,-1.2584419,0.0172,-0.3823725,0.0257,0.0405
K,E,382,-0.4565506,0.0236359,-0.0854967,0.0669,0.0685
K,F,382,-1.4197502,0.0172,-0.5003961,0.0156,0.0308
K,G,382,-1.0980034,0.0172,-0.2886766,0.0168,0.032
K,H,382,-1.3783798,0.0122857,-0.4676997,0.0239,0.0389
K,I,382,-1.1295166,0.0198285,-0.3053569,0.0092,0.023
K,L,382,-1.2259941,0.0198088,-0.3616101,0.0244,0.0394
K,M,382,-1.3218689,0.0190273,-0.4257764,0.0264,0.0411
K,N,382,-1.1681328,0.0172,-0.3269138,0.0021,0.0101
K,P,382,-1.2939415,0.0145413,-0.4061983,0.0149,0.03
K,Q,382,-1.1511536,0.0204297,-0.3172813,0.2037,0.1264
K,R,382,-0.829876,0.0150045,-0.1761482,0.1885,0.1211
K,S,382,-1.3590317,0.0149211,-0.4529939,0.0284,0.0428
K,T,382,-0.9457207,0.01075,-0.2187637,0.0289,0.0432
K,V,382,-1.2699509,0.0239931,-0.3899684,0.0452,0.0553
K,W,382,-1.4153748,0.0172,-0.4968566,0.0102,0.0244
K,Y,382,-1.16156,0.0143333,-0.323156,0.0085,0.0221
S,A,383,-1.8724022,0.0247828,-0.9746077,0.1158,0.1317
S,C,383,-1.704155,0.0154202,-0.7732235,0.0556,0.088
S,D,383,-2.0759277,0.0197106,-1.2555395,0.0005,0.0067
S,E,383,-1.9109077,0.0247318,-1.0247395,0.0096,0.0335
S,F,383,-1.957367,0.0197106,-1.0871508,0.0007,0.0077
S,G,383,-1.944828,0.0139911,-1.0701022,0.0026,0.0164
S,H,383,-1.9833717,0.0172,-1.1229821,0.0006,0.0071
S,I,383,-1.7430649,0.0115211,-0.8171877,0.0073,0.0288
S,K,383,-1.5147476,0.0172,-0.582083,0.0315,0.0644
S,L,383,-2.0104141,0.0172,-1.1609113,0.0008,0.0083
S,M,383,-1.7845268,0.0172,-0.8657788,0.0014,0.0117
S,N,383,-1.9067612,0.0150747,-1.0192709,0.0072,0.0286
S,P,383,-1.9471207,0.0172,-1.0732082,0.0004,0.0054
S,Q,383,-1.9504852,0.0172,-1.0777754,0.0037,0.0197
S,R,383,-1.9678688,0.0207981,-1.1015444,0.0012,0.0109
S,T,383,-1.9515686,0.0136031,-1.0792484,0.3891,0.2566
S,V,383,-1.7554932,0.0172,-0.831565,0.0005,0.0066
S,W,383,-2.011982,0.0172,-1.163131,0.0013,0.0114
S,Y,383,-2.0379143,0.0172,-1.2001672,0.0005,0.0068
T,A,384,-1.9365997,0.0231518,-1.0589962,0.001,0.0129
T,C,384,-2.106182,0.0172,-1.3005047,0.0107,0.0468
T,D,384,-2.206581,0.0172,-1.4551159,0.0012,0.0138
T,E,384,-1.8941193,0.0172,-1.0027021,0.0014,0.0152
T,F,384,-2.0368576,0.0172,-1.1986462,0.0004,0.0081
T,G,384,-1.8663902,0.0172,-0.9669132,0.0008,0.0112
T,H,384,-1.8717384,0.0197354,-0.9737564,0.0215,0.0685
T,I,384,-1.9630508,0.0287149,-1.094928,0.0013,0.0146
T,K,384,-1.8241425,0.0087583,-0.9138675,0.0014,0.0153
T,L,384,-1.935524,0.0172,-1.0575491,0.0006,0.0093
T,M,384,-2.077713,0.0172,-1.2581712,0.0022,0.0194
T,N,384,-1.8624496,0.0172,-0.9618893,0.0149,0.0559
T,P,384,-2.015953,0.0172,-1.1687629,0.0005,0.0085
T,Q,384,-1.8497391,0.0172,-0.9457911,0.0006,0.0092
T,R,384,-1.9695511,0.0172,-1.1038598,0.0023,0.0199
T,S,384,-1.8632317,0.0348225,-0.9628852,0.0383,0.0942
T,V,384,-1.7915268,0.0172,-0.8741585,0.0023,0.02
T,W,384,-1.9892349,0.0172,-1.1311484,0.0012,0.0142
T,Y,384,-2.0793953,0.0172,-1.2606535,0.0007,0.0103
Q,A,385,-1.7137947,0.0172,-0.783967,0.1033,0.1356
Q,C,385,-2.0725021,0.0172,-1.2504978,0.0014,0.0125
Q,D,385,-1.8187447,0.0172,-0.9072205,0.0143,0.0456
Q,E,385,-2.099266,0.0209007,-1.2901572,0.058,0.0987
Q,F,385,-1.9323006,0.0147,-1.0532194,0.0009,0.0098
Q,G,385,-1.8257904,0.0172,-0.9159027,0.0005,0.0075
Q,H,385,-1.8884468,0.0196122,-0.9953188,0.0023,0.0168
Q,I,385,-1.8895912,0.0172,-0.9968058,0.0008,0.0096
Q,K,385,-1.6644859,0.0186682,-0.7300452,0.0017,0.0143
Q,L,385,-1.5643044,0.0174646,-0.6284269,0.0031,0.0196
Q,M,385,-1.923603,0.0172,-1.0415869,0.006,0.0283
Q,N,385,-1.8389854,0.0172,-0.9322984,0.01,0.0375
Q,P,385,-2.0471802,0.0147,-1.213547,0.0014,0.0126
Q,R,385,-1.8354836,0.0161779,-0.9279299,0.0023,0.0168
Q,S,385,-1.6766052,0.0172,-0.7430599,0.0092,0.0359
Q,T,385,-1.6802444,0.0183536,-0.7469984,0.0066,0.0299
Q,V,385,-1.7720146,0.0147,-0.8509268,0.006,0.0282
Q,W,385,-1.8064651,0.0172,-0.8922101,0.0029,0.0192
Q,Y,385,-1.9338684,0.0172,-1.055324,0.0015,0.0131
N,A,386,-1.5899391,0.0194234,-0.6534163,0.0261,0.0399
N,C,386,-1.5759926,0.0172,-0.6397346,0.0053,0.0166
N,D,386,-1.5978241,0.0140385,-0.6612428,0.0682,0.0677
N,E,386,-1.4686813,0.0147,-0.5413082,0.0247,0.0387
N,F,386,-1.6219559,0.0164427,-0.685605,0.0143,0.0287
N,G,386,-1.5942116,0.01225,-0.6576489,0.0115,0.0254
N,H,386,-1.8291245,0.0120625,-0.9200288,0.0663,0.0667
N,I,386,-1.3640747,0.0110024,-0.4567913,0.0881,0.078
N,K,386,-1.6670647,0.0293112,-0.7328015,0.095,0.0813
N,L,386,-1.5639114,0.020612,-0.6280492,0.1027,0.0848
N,M,386,-1.7419853,0.0120477,-0.8159465,0.0436,0.053
N,P,386,-1.7054291,0.0147,-0.7746378,0.0001,0.0021
N,Q,386,-1.7306175,0.0202421,-0.8029504,0.0994,0.0833
N,R,386,-1.5217552,0.0208235,-0.5884796,0.1964,0.1212
N,S,386,-1.2469482,0.0175457,-0.3749085,0.0414,0.0515
N,T,386,-1.3604317,0.0112699,-0.4540456,0.0304,0.0434
N,V,386,-1.7614212,0.0091875,-0.8384795,0.0167,0.0312
N,W,386,-1.7010498,0.0147,-0.7697836,0.0004,0.0043
N,Y,386,-1.7948112,0.0166994,-0.8781077,0.0053,0.0167
A,C,387,-1.843689,0.0172,-0.9381856,0.0023,0.0211
A,D,387,-1.8419151,0.0136696,-0.9359627,0.0042,0.0294
A,E,387,-1.7838364,0.0172,-0.864955,0.0025,0.0222
A,F,387,-1.8368683,0.0172,-0.9296558,0.0012,0.0147
A,G,387,-1.9230309,0.0172,-1.0408243,0.0012,0.0147
A,H,387,-2.044674,0.0172,-1.2099205,0.0024,0.0217
A,I,387,-1.9315872,0.0172,-1.0522626,0.0011,0.0138
A,K,387,-1.948883,0.0172,-1.0755991,0.002,0.0197
A,L,387,-1.7991982,0.0172,-0.8834,0.0008,0.0117
A,M,387,-2.072361,0.0172,-1.2502903,0.0023,0.0213
A,N,387,-1.9652672,0.0172,-1.097969,0.0028,0.0233
A,P,387,-2.0523643,0.0172,-1.221066,0.0022,0.0205
A,Q,387,-2.0020332,0.0172,-1.1490843,0.0027,0.0229
A,R,387,-2.021408,0.0147,-1.1765228,0.0008,0.0121
A,S,387,-1.69487,0.0172,-0.762968,0.0056,0.0342
A,T,387,-1.6423187,0.0276483,-0.7066429,0.0055,0.0341
A,V,387,-1.803196,0.0141188,-0.88824,0.0087,0.0437
A,W,387,-1.8231812,0.0172,-0.9126815,0.0021,0.0201
A,Y,387,-1.8170052,0.0172,-0.9050848,0.0025,0.0223
I,A,388,-1.6147423,0.0172,-0.6782578,0.0033,0.0187
I,C,388,-1.8275795,0.0172,-0.9181154,0.0013,0.0113
I,D,388,-1.7015648,0.0172,-0.7703534,0.0015,0.0121
I,E,388,-1.772583,0.0172,-0.8515979,0.0009,0.0091
I,F,388,-1.849083,0.01225,-0.9449645,0.0386,0.0722
I,G,388,-1.7571945,0.0172,-0.8335457,0.0006,0.0075
I,H,388,-1.902092,0.0172,-1.013133,0.0009,0.009
I,K,388,-1.815548,0.0172,-0.903298,0.0005,0.0066
I,L,388,-1.5883255,0.0226334,-0.6518228,0.0603,0.0923
I,M,388,-1.6461334,0.0259037,-0.710633,0.1315,0.1417
I,N,388,-1.7027283,0.0172,-0.7716417,0.0049,0.0231
I,P,388,-1.9344864,0.0172,-1.0561543,0.0006,0.0075
I,Q,388,-1.8909912,0.0172,-0.9986267,0.0025,0.0161
I,R,388,-1.7313995,0.0172,-0.80384,0.0002,0.0043
I,S,388,-1.7781487,0.0143333,-0.8581877,0.0003,0.0051
I,T,388,-1.6569519,0.0158951,-0.722033,0.0049,0.0231
I,V,388,-1.237915,0.0185187,-0.3691269,0.146,0.1501
I,W,388,-2.004753,0.0172,-1.1529154,0.0025,0.0161
I,Y,388,-1.8458481,0.0166212,-0.9408955,0.0236,0.0552
N,A,389,-1.3366508,0.0172,-0.4364417,0.0554,0.0651
N,C,389,-1.3597755,0.0172,-0.4535524,0.0033,0.0137
N,D,389,-0.2287788,0.0320038,-0.0543241,0.0335,0.0493
N,E,389,-1.3196144,0.0139197,-0.4241683,0.0374,0.0524
N,F,389,-1.2055435,0.0147,-0.3490112,0.0112,0.0271
N,G,389,-1.6067924,0.0172,-0.6702246,0.001,0.0073
N,H,389,-1.4771233,0.024899,-0.5486156,0.0282,0.0449
N,I,389,-1.3977394,0.0191908,-0.4827865,0.0254,0.0424
N,K,389,-1.612175,0.0132798,-0.6756563,0.0174,0.0345
N,L,389,-1.4937973,0.0222715,-0.5632655,0.0167,0.0336
N,M,389,-1.5373116,0.0172,-0.6028638,0.0015,0.009
N,P,389,-1.1234245,0.0172,-0.3020693,0.0001,0.0024
N,Q,389,-1.3496857,0.0172,-0.4460224,0.1237,0.1012
N,R,389,-1.3512688,0.0735777,-0.4471973,0.1189,0.099
N,S,389,-1.393589,0.0208712,-0.4795206,0.0674,0.0725
N,T,389,-1.2126312,0.0157519,-0.3533356,0.1236,0.1012
N,V,389,-1.2528267,0.0111358,-0.3787109,0.0112,0.027
N,W,389,-1.46101,0.0172,-0.5347318,0.0183,0.0354
N,Y,389,-1.2532921,0.0197358,-0.3790133,0.005,0.0173
G,A,390,-2.0764008,0.0155855,-1.2562366,0.0251,0.0442
G,C,390,-2.0405617,0.025375,-1.2039822,0.0096,0.0261
G,D,390,-1.9651184,0.0147,-1.0977647,0.0001,0.002
G,E,390,-1.4396248,0.0163594,-0.5167182,0.0043,0.0168
G,F,390,-1.980587,0.024369,-1.1191148,0.0088,0.0249
G,H,390,-2.086895,0.0225556,-1.2717492,0.0286,0.0475
G,I,390,-1.6579552,0.018021,-0.7230965,0.0411,0.0579
G,K,390,-1.9215126,0.0193222,-1.0388021,0.0901,0.0892
G,L,390,-1.927269,0.0247795,-1.0464811,0.0691,0.0771
G,M,390,-1.781395,0.0186023,-0.8620461,0.0466,0.0621
G,N,390,-1.8805923,0.0172,-0.9851479,0.0005,0.005
G,P,390,-1.9182854,0.0172,-1.0345111,0,0.0008
G,Q,390,-2.0033379,0.0172406,-1.1509213,0.2153,0.1441
G,R,390,-1.7538376,0.0329525,-0.8296405,0.1448,0.1159
G,S,390,-1.8723831,0.0274263,-0.9745832,0.2547,0.158
G,T,390,-1.8957748,0.0197243,-1.0048629,0.0302,0.0489
G,V,390,-2.235241,0.0233156,-1.5006924,0.017,0.0357
G,W,390,-1.9998665,0.0172,-1.1460372,0.0024,0.0122
G,Y,390,-2.045517,0.0172,-1.2111397,0.0001,0.0026
I,A,391,-1.8084068,0.0172,-0.8945733,0.0016,0.0142
I,C,391,-1.9064026,0.0172,-1.0187987,0.0054,0.0274
I,D,391,-1.6845703,0.0172,-0.7516982,0.0035,0.0214
I,E,391,-1.7418747,0.0172,-0.8158194,0.0043,0.024
I,F,391,-1.5110893,0.0172,-0.5787641,0.0026,0.0183
I,G,391,-1.7480469,0.0172,-0.8229316,0.0011,0.0116
I,H,391,-1.9172134,0.0172,-1.0330879,0.0014,0.0129
I,K,391,-1.9603462,0.0172,-1.0912235,0.0052,0.0267
I,L,391,-1.7742729,0.0177137,-0.8535954,0.0357,0.0773
I,M,391,-1.8195457,0.0172,-0.908205,0.0132,0.0447
I,N,391,-1.8651772,0.0172,-0.9653651,0.0034,0.0211
I,P,391,-1.7687225,0.0172,-0.847046,0.0007,0.009
I,Q,391,-1.8474922,0.0172,-0.9429622,0.001,0.0111
I,R,391,-1.9445076,0.0249,-1.0696685,0.0004,0.0066
I,S,391,-1.9306488,0.0266756,-1.0510046,0.0029,0.0194
I,T,391,-1.8167229,0.0161534,-0.9047385,0.0025,0.0179
I,V,391,-1.2126694,0.0124609,-0.353359,0.2404,0.2207
I,W,391,-1.7608223,0.0172,-0.8377793,0.0019,0.0155
I,Y,391,-1.852356,0.0172,-0.9490922,0.0012,0.0121
T,A,392,-2.0423737,0.0123573,-1.2065969,0.105,0.0953
T,C,392,-1.9838257,0.0172,-1.1236133,0.0011,0.0077
T,D,392,-1.869175,0.0172,-0.9704728,0.0041,0.0161
T,E,392,-1.7208443,0.0172,-0.7918857,0.0547,0.0666
T,F,392,-1.813633,0.0172,-0.9009533,0.001,0.0073
T,G,392,-2.0032234,0.0222529,-1.15076,0.0059,0.0196
T,H,392,-1.7203445,0.0172,-0.7913226,0.0568,0.068
T,I,392,-1.9129028,0.0265173,-1.0273767,0.0122,0.0292
T,K,392,-1.8369102,0.0133,-0.9297081,0.0256,0.0439
T,L,392,-2.0112,0.0147,-1.1620236,0.006,0.0198
T,M,392,-1.8467903,0.0172,-0.9420796,0.0122,0.0292
T,N,392,-1.7967377,0.0267857,-0.8804293,0.0477,0.0618
T,P,392,-1.7305565,0.0172,-0.802881,0.0006,0.0054
T,Q,392,-1.6954651,0.0275482,-0.7636225,0.0859,0.0854
T,R,392,-1.8489838,0.0105,-0.9448396,0.0867,0.0858
T,S,392,-1.6065025,0.0313783,-0.6699329,0.0697,0.0761
T,V,392,-1.9424057,0.0172,-1.066826,0.0028,0.0129
T,W,392,-1.6814766,0.0172,-0.7483351,0.0018,0.0103
T,Y,392,-1.9088287,0.0125341,-1.0219955,0.0643,0.0728
N,A,393,-1.996212,0.0172,-1.1409076,0.0097,0.0287
N,C,393,-1.9239578,0.0159295,-1.04206,0.0159,0.0376
N,D,393,-2.040287,0.0159696,-1.203586,0.0124,0.0328
N,E,393,-1.95607,0.0172,-1.0853804,0.0029,0.0147
N,F,393,-1.8835144,0.0172,-0.9889246,0.0025,0.0136
N,G,393,-1.8488617,0.0172,-0.9446858,0.0049,0.0196
N,H,393,-1.778328,0.0138495,-0.8584005,0.0389,0.0616
N,I,393,-1.8425674,0.0147,-0.9367797,0.0175,0.0396
N,K,393,-2.0121193,0.0195255,-1.1633255,0.0041,0.018
N,L,393,-1.805767,0.0147,-0.8913614,0.0043,0.0183
N,M,393,-1.9907227,0.0172,-1.1332256,0.0392,0.0618
N,P,393,-1.9897156,0.0172,-1.1318193,0.0005,0.0058
N,Q,393,-1.9838524,0.0147,-1.1236504,0.0595,0.0778
N,R,393,-1.831234,0.0188244,-0.9226453,0.089,0.0971
N,S,393,-2.1115112,0.0185844,-1.3085055,0.0055,0.0209
N,T,393,-1.7971001,0.018286,-0.8808664,0.1267,0.1178
N,V,393,-2.0091782,0.0172,-1.1591632,0.0156,0.0372
N,W,393,-2.1793747,0.0172,-1.412428,0.0052,0.0204
N,Y,393,-2.1268578,0.0261175,-1.3316781,0.0028,0.0144
K,A,394,-1.9672508,0.0172,-1.1006945,0.0008,0.0091
K,C,394,-1.8372192,0.0172,-0.9300935,0.001,0.0106
K,D,394,-2.0146027,0.0172,-1.1668462,0.0012,0.0116
K,E,394,-1.7372284,0.0152964,-0.8104917,0.0255,0.0629
K,F,394,-1.8214226,0.0172,-0.9105144,0.0009,0.0102
K,G,394,-1.6777,0.0172,-0.7442433,0.002,0.0156
K,H,394,-2.3733864,0.0172,-1.7284982,0.0044,0.024
K,I,394,-2.038353,0.0172,-1.2007989,0.0018,0.0148
K,L,394,-1.8866959,0.0147,-0.9930462,0.0011,0.0113
K,M,394,-1.9237404,0.0152881,-1.0417701,0.0746,0.1134
K,N,394,-1.7656403,0.0196848,-0.843423,0.004,0.0228
K,P,394,-2.311901,0.0172,-1.6255155,0.0008,0.0091
K,Q,394,-1.8386078,0.0172,-0.9318267,0.0078,0.0329
K,R,394,-1.7233238,0.020118,-0.7946834,0.1964,0.193
K,S,394,-1.8697586,0.0147,-0.9712198,0.0047,0.0249
K,T,394,-1.8821793,0.0172,-0.987198,0.0027,0.0184
K,V,394,-1.9203682,0.0172,-1.0372793,0.0004,0.0067
K,W,394,-1.9991074,0.0172,-1.1449707,0.0025,0.0174
K,Y,394,-1.9846458,0.0172,-1.124754,0.0017,0.014
V,A,395,-1.9075279,0.0178483,-1.0202808,0.001,0.0111
V,C,395,-1.9659843,0.0172,-1.0989539,0.0013,0.0131
V,D,395,-1.8720169,0.0172,-0.9741135,0.0003,0.0063
V,E,395,-1.9504356,0.0172,-1.077708,0.0014,0.0138
V,F,395,-1.7763863,0.0172,-0.8560975,0.002,0.0164
V,G,395,-2.1005402,0.0212601,-1.2920605,0.0003,0.0063
V,H,395,-1.894062,0.0172,-1.0026274,0.0055,0.0289
V,I,395,-1.8597832,0.0145103,-0.9584988,0.5124,0.3492
V,K,395,-1.815773,0.0172,-0.9035738,0.0004,0.007
V,L,395,-1.8124504,0.0172663,-0.8995071,0.0351,0.08
V,M,395,-2.0017395,0.0229808,-1.1486711,0.0153,0.0507
V,N,395,-1.8251266,0.0172,-0.9150825,0.0005,0.0073
V,P,395,-1.8955269,0.0172,-1.0045392,0.0009,0.0109
V,Q,395,-1.9806175,0.0172,-1.1191571,0.007,0.0329
V,R,395,-1.8629379,0.0172,-0.962511,0.0004,0.0072
V,S,395,-1.8489265,0.0147,-0.9447674,0.0004,0.0066
V,T,395,-1.8819122,0.0172,-0.9868528,0.0005,0.0074
V,W,395,-1.9761353,0.0172,-1.1129475,0.0006,0.0089
V,Y,395,-2.0263977,0.0172,-1.1836444,0.0049,0.0272
N,A,396,-1.9988899,0.0172,-1.1446652,0.0027,0.0167
N,C,396,-2.0842476,0.0172,-1.2678269,0.0044,0.0217
N,D,396,-2.0831757,0.0131008,-1.2662405,0.0088,0.0318
N,E,396,-1.7800484,0.0172,-0.8604443,0.0043,0.0216
N,F,396,-1.9019508,0.0172,-1.0129477,0.0024,0.0158
N,G,396,-2.078804,0.0172,-1.2597807,0.0013,0.011
N,H,396,-1.995861,0.0147,-1.1404155,0.0117,0.0373
N,I,396,-2.0824661,0.0172,-1.2651908,0.002,0.0141
N,K,396,-2.049755,0.015341,-1.2172785,0.0073,0.0288
N,L,396,-1.7577171,0.0172,-0.8341547,0.0083,0.0308
N,M,396,-1.8598061,0.0172,-0.9585279,0.0078,0.0298
N,P,396,-1.8740158,0.0172,-0.976679,0.0005,0.0064
N,Q,396,-2.0308113,0.0147,-1.1899625,0.0056,0.0249
N,R,396,-1.988678,0.0172,-1.1303713,0.0145,0.0419
N,S,396,-1.8685951,0.0164697,-0.9697309,0.3117,0.2268
N,T,396,-1.9696236,0.0155025,-1.1039597,0.03,0.0626
N,V,396,-1.7477226,0.0172,-0.8225569,0.0053,0.0242
N,W,396,-2.1035156,0.0172,-1.2965105,0.0043,0.0214
N,Y,396,-1.9202843,0.0222694,-1.0371677,0.0031,0.0181
S,A,397,-1.8349686,0.0139664,-0.9272885,0.1416,0.1109
S,C,397,-1.839531,0.0172,-0.9329801,0.0814,0.0818
S,D,397,-1.8068466,0.0172,-0.8926741,0.0016,0.0094
S,E,397,-1.8087234,0.0172,-0.894959,0.0178,0.0355
S,F,397,-1.9066544,0.0164776,-1.0191302,0.01,0.0258
S,G,397,-1.6709785,0.0147,-0.7369981,0.0243,0.042
S,H,397,-1.984127,0.0197731,-1.1240323,0.0094,0.025
S,I,397,-1.9460831,0.0172,-1.0718019,0.0076,0.0222
S,K,397,-1.9673843,0.0172,-1.1008781,0.0107,0.0268
S,L,397,-2.0758286,0.0172,-1.2553935,0.0038,0.0152
S,M,397,-1.9429436,0.0172,-1.067553,0.0232,0.041
S,N,397,-2.0095215,0.0264832,-1.1596486,0.0963,0.0897
S,P,397,-2.0174522,0.0139664,-1.1708929,0.0018,0.01
S,Q,397,-2.0819473,0.0147,-1.2644237,0.0971,0.0901
S,R,397,-1.7474251,0.0147,-0.8222133,0.0071,0.0213
S,T,397,-1.6388016,0.0147,-0.7029778,0.1638,0.1201
S,V,397,-2.0339355,0.0172,-1.1944454,0.01,0.0258
S,W,397,-1.9544144,0.0172,-1.0831228,0.007,0.0212
S,Y,397,-2.0202675,0.0147,-1.1748982,0.0102,0.0261
V,A,398,-1.6348114,0.01978,-0.6988355,0.0034,0.0181
V,C,398,-1.7917519,0.0172,-0.8744288,0.0336,0.0633
V,D,398,-1.8123817,0.0172,-0.8994232,0.0076,0.0279
V,E,398,-1.6681328,0.0172,-0.7339452,0.0013,0.0106
V,F,398,-1.6454468,0.026982,-0.7099137,0.0536,0.0818
V,G,398,-1.7668991,0.0164658,-0.8449015,0.0019,0.0129
V,H,398,-1.7051735,0.0172,-0.774354,0.0017,0.0125
V,I,398,-0.5076065,0.0154227,-0.094545,0.2053,0.1711
V,K,398,-1.8792992,0.0172,-0.9834793,0.0013,0.0105
V,L,398,-1.8531837,0.0205057,-0.9501377,0.0296,0.059
V,M,398,-1.6551666,0.0172,-0.7201432,0.0061,0.0247
V,N,398,-1.7933807,0.0172,-0.8763863,0.0243,0.0529
V,P,398,-1.7031059,0.0172,-0.7720601,0.0003,0.0051
V,Q,398,-1.7060738,0.0172,-0.7753542,0.0049,0.0219
V,R,398,-1.6297951,0.0172,-0.693652,0.0004,0.0053
V,S,398,-1.7875252,0.0172,-0.869362,0.0028,0.016
V,T,398,-1.6522217,0.0172,-0.7170333,0.0009,0.0087
V,W,398,-1.584732,0.0172,-0.648284,0.0056,0.0236
V,Y,398,-1.8213005,0.0172,-0.9103641,0.0449,0.0742
I,A,399,-1.7859955,0.0172,-0.8675328,0.0022,0.017
I,C,399,-1.8992233,0.0147,-1.0093726,0.003,0.0202
I,D,399,-1.8126793,0.0172,-0.8997869,0.0011,0.0118
I,E,399,-1.8880539,0.0172,-0.9948086,0.0013,0.0125
I,F,399,-1.9436302,0.0147,-1.0684814,0.0022,0.0169
I,G,399,-1.9456673,0.0172,-1.0712386,0.0003,0.0059
I,H,399,-1.8162727,0.0172,-0.9041863,0.0009,0.0101
I,K,399,-1.7602615,0.0172,-0.8371239,0.0006,0.0087
I,L,399,-2.0083313,0.0128569,-1.1579661,0.0812,0.1237
I,M,399,-1.6240578,0.0141079,-0.6877562,0.0255,0.0655
I,N,399,-1.8998413,0.0172,-1.010182,0.0014,0.0134
I,P,399,-1.7018738,0.0147,-0.7706954,0.002,0.016
I,Q,399,-1.9783249,0.0172,-1.1159786,0.0026,0.0187
I,R,399,-1.7499161,0.0172,-0.8250934,0.0027,0.0192
I,S,399,-1.6549416,0.0172,-0.7199052,0.0009,0.0102
I,T,399,-1.8633881,0.0187218,-0.9630844,0.0022,0.0172
I,V,399,-1.309761,0.0158913,-0.4171971,0.1723,0.1871
I,W,399,-1.9059486,0.0172,-1.0182011,0.0009,0.0102
I,Y,399,-1.6809273,0.0172,-0.747739,0.0014,0.013
E,A,400,-1.7332344,0.01075,-0.8059301,0.1412,0.1153
E,C,400,-1.8668823,0.0249,-0.9675416,0.0014,0.0092
E,D,400,-1.1846924,0.0202542,-0.3365453,0.0353,0.0538
E,F,400,-1.5476379,0.0172,-0.6125524,0.0055,0.0194
E,G,400,-1.7423592,0.0095932,-0.8163762,0.0117,0.0294
E,H,400,-1.5741043,0.0147,-0.637898,0.0292,0.0484
E,I,400,-1.7810173,0.0172,-0.8615966,0.0184,0.0377
E,K,400,-1.5778885,0.0154701,-0.6415824,0.006,0.0203
E,L,400,-1.5632668,0.0172,-0.62743,0.0054,0.0192
E,M,400,-1.6186905,0.0172,-0.6822723,0.0284,0.0478
E,N,400,-1.4566154,0.0209061,-0.5309917,0.0176,0.0366
E,P,400,-1.5640411,0.0147,-0.6281738,0.0004,0.0046
E,Q,400,-1.5615158,0.0172,-0.6257504,0.2501,0.1579
E,R,400,-1.5040245,0.0241383,-0.5723943,0.015,0.0337
E,S,400,-1.7012634,0.0096667,-0.7700199,0.0844,0.0869
E,T,400,-1.6907043,0.0172,-0.7583964,0.0244,0.0439
E,V,400,-1.5375557,0.0140025,-0.6030915,0.0043,0.0169
E,W,400,-1.988739,0.0172,-1.1304564,0.0111,0.0285
E,Y,400,-1.6160164,0.0147,-0.6795515,0.003,0.0139
K,A,401,-1.7258873,0.0173539,-0.7975826,0.0868,0.0872
K,C,401,-1.843174,0.0172,-0.9375399,0.0086,0.0244
K,D,401,-1.8748894,0.0172,-0.9778015,0.0008,0.0065
K,E,401,-1.748127,0.0213567,-0.8230242,0.0057,0.0196
K,F,401,-1.729969,0.0172,-0.8022131,0.0013,0.0087
K,G,401,-1.6949692,0.0172,-0.763077,0.001,0.0074
K,H,401,-1.6703224,0.0172,-0.7362935,0.0329,0.0512
K,I,401,-1.6979065,0.0124361,-0.7663118,0.119,0.1038
K,L,401,-1.8963737,0.0172,-1.0056453,0.0151,0.0334
K,M,401,-1.8453484,0.0197399,-0.9402679,0.0706,0.0778
K,N,401,-1.8388977,0.0147,-0.9321888,0.007,0.0218
K,P,401,-1.9768829,0.0172,-1.1139819,0.0012,0.0081
K,Q,401,-1.9793434,0.0249,-1.1173901,0.0376,0.055
K,R,401,-1.6822853,0.0172015,-0.7492132,0.0815,0.0842
K,S,401,-1.7117577,0.0146606,-0.7816885,0.0131,0.0308
K,T,401,-1.7174568,0.0140999,-0.788074,0.0547,0.0676
K,V,401,-1.6768837,0.0122857,-0.7433608,0.1025,0.0956
K,W,401,-2.0489655,0.0172,-1.2161337,0.0053,0.0187
K,Y,401,-1.9538193,0.0172,-1.082312,0.0014,0.0091
M,A,402,-1.8631058,0.0172,-0.9627248,0.0069,0.0263
M,C,402,-2.0059433,0.0172,-1.1545942,0.0088,0.0301
M,D,402,-1.7041397,0.0172,-0.7732065,0.0056,0.0235
M,E,402,-1.8560753,0.0172,-0.9537958,0.0007,0.0075
M,F,402,-1.9556503,0.0249,-1.0848079,0.012,0.0356
M,G,402,-1.7957344,0.0172,-0.8792197,0.0005,0.0059
M,H,402,-1.8383408,0.0172,-0.9314933,0.0011,0.0097
M,I,402,-1.6727028,0.0276674,-0.7388522,0.2452,0.1872
M,K,402,-1.7970047,0.0172,-0.8807513,0.0041,0.0198
M,L,402,-1.5951538,0.02774,-0.6585849,0.1458,0.1407
M,N,402,-1.8146629,0.0172,-0.9022138,0.0078,0.0282
M,P,402,-1.9334946,0.0172,-1.054822,0.0005,0.0061
M,Q,402,-1.9229813,0.0172,-1.0407582,0.0011,0.0096
M,R,402,-1.7820511,0.0172,-0.8628272,0.0011,0.0095
M,S,402,-1.9559631,0.0172,-1.0852346,0.0004,0.0057
M,T,402,-1.7457504,0.0155687,-0.8202807,0.0054,0.023
M,V,402,-1.8143082,0.0175844,-0.9017796,0.0728,0.096
M,W,402,-1.9492569,0.0147,-1.0761068,0.0198,0.0469
M,Y,402,-2.0228271,0.0172,-1.1785459,0.0069,0.0264
N,A,403,-1.8407173,0.0186076,-0.9344635,0.066,0.0735
N,C,403,-2.1369019,0.0147,-1.3469495,0.006,0.0196
N,D,403,-1.907196,0.0153021,-1.0198435,0.0093,0.0251
N,E,403,-1.7870369,0.0147,-0.8687778,0.0039,0.0156
N,F,403,-1.9734917,0.0172,-1.1092939,0.0142,0.0315
N,G,403,-1.9048729,0.0147,-1.016786,0.0514,0.0641
N,H,403,-2.0578232,0.0249,-1.2290091,0.0286,0.0464
N,I,403,-1.744957,0.0223292,-0.8193661,0.0193,0.0374
N,K,403,-1.9433365,0.0141176,-1.0680842,0.0161,0.0338
N,L,403,-2.0430145,0.0172,-1.2075223,0.0012,0.008
N,M,403,-2.1291618,0.0172,-1.3351739,0.015,0.0326
N,P,403,-2.1758842,0.0172,-1.4069927,0.0008,0.0066
N,Q,403,-2.0311317,0.0247755,-1.1904218,0.0697,0.0757
N,R,403,-1.8350906,0.0141176,-0.9274404,0.0544,0.0661
N,S,403,-1.9530106,0.0223466,-1.0812107,0.1581,0.1188
N,T,403,-1.927208,0.0207448,-1.0463995,0.0556,0.0669
N,V,403,-1.8453102,0.0172,-0.94022,0.0039,0.0155
N,W,403,-1.7646904,0.0172,-0.8423083,0.0025,0.0123
N,Y,403,-1.9693565,0.0261188,-1.1035919,0.0433,0.0583
T,A,404,-1.7277908,0.0224719,-0.7997398,0.1528,0.1038
T,C,404,-1.5441933,0.01225,-0.6093081,0.011,0.0244
T,D,404,-1.7294807,0.0205397,-0.8016582,0.0016,0.0085
T,E,404,-1.6624413,0.0187245,-0.7278648,0.0072,0.0194
T,F,404,-1.7721062,0.0172,-0.8510349,0.0377,0.0481
T,G,404,-2.0778236,0.0400212,-1.2583343,0.124,0.0925
T,H,404,-1.7950325,0.0177857,-0.8783742,0.0311,0.0432
T,I,404,-1.4749985,0.0136693,-0.5467694,0.0097,0.0229
T,K,404,-1.8741417,0.0216958,-0.9768408,0.0284,0.0411
T,L,404,-1.7289467,0.0248558,-0.8010517,0.094,0.0795
T,M,404,-1.8513412,0.0172,-0.9478113,0.0851,0.0752
T,N,404,-1.6730309,0.0146607,-0.7392054,0.0313,0.0434
T,P,404,-1.8467331,0.0179315,-0.9420077,0.012,0.0256
T,Q,404,-1.6364899,0.0232336,-0.7005759,0.0532,0.0581
T,R,404,-1.9515724,0.0154402,-1.0792536,0.0981,0.0813
T,S,404,-1.6750565,0.0157428,-0.7413881,0.0953,0.08
T,V,404,-1.7871437,0.0130872,-0.8689055,0.0263,0.0394
T,W,404,-1.7253113,0.0172,-0.7969306,0.0074,0.0197
T,Y,404,-2.0076675,0.0147,-1.1570283,0.0058,0.0172
Q,A,405,-1.9136124,0.0162448,-1.0283156,0.1424,0.1235
Q,C,405,-1.8676758,0.0288799,-0.9685555,0.0299,0.0524
Q,D,405,-1.9599991,0.0172,-1.0907485,0.0047,0.019
Q,E,405,-1.8509369,0.0147,-0.9473012,0.0246,0.0471
Q,F,405,-1.7795334,0.0172,-0.8598321,0.0159,0.037
Q,G,405,-1.617981,0.0300265,-0.6815497,0.2033,0.1502
Q,H,405,-1.8249397,0.0141232,-0.9148517,0.0798,0.0899
Q,I,405,-1.7674599,0.0147,-0.8455607,0.0011,0.0087
Q,K,405,-1.976181,0.0136862,-1.1130107,0.0189,0.0407
Q,L,405,-1.9030571,0.0147,-1.0143999,0.0002,0.0035
Q,M,405,-1.9838448,0.0147,-1.1236399,0.0111,0.0303
Q,N,405,-1.8912773,0.0159606,-0.998999,0.0039,0.017
Q,P,405,-1.7038536,0.0172,-0.7728891,0.0015,0.01
Q,R,405,-1.8707314,0.018657,-0.9724657,0.1249,0.115
Q,S,405,-1.9478073,0.0172,-1.0741394,0.0005,0.0056
Q,T,405,-2.0462418,0.0172,-1.2121885,0.0018,0.0112
Q,V,405,-1.850975,0.020511,-0.9473493,0.0144,0.035
Q,W,405,-1.7945061,0.0172,-0.8777403,0.0005,0.0057
Q,Y,405,-1.9180145,0.0172,-1.0341513,0.0004,0.0051
F,A,406,-1.9746437,0.0147,-1.1108852,0.0425,0.0592
F,C,406,-2.0196037,0.0172,-1.1739531,0.0022,0.0116
F,D,406,-1.7779045,0.0172,-0.8578979,0.0086,0.0246
F,E,406,-1.9562035,0.0172,-1.0855626,0.0014,0.0089
F,G,406,-2.0281754,0.0147,-1.1861871,0.02,0.0392
F,H,406,-2.116478,0.0172,-1.3159837,0.0044,0.017
F,I,406,-1.8607635,0.0197759,-0.9597445,0.065,0.0747
F,K,406,-1.9431038,0.0172,-1.0677696,0.0012,0.0081
F,L,406,-2.0345001,0.017845,-1.1952565,0.0989,0.0941
F,M,406,-1.9778404,0.0122857,-1.1153075,0.1173,0.1034
F,N,406,-2.140728,0.0197836,-1.3527886,0.0552,0.0683
F,P,406,-1.9398384,0.0172,-1.0633598,0.0005,0.0051
F,Q,406,-1.8947182,0.0172,-1.0034835,0.0086,0.0245
F,R,406,-1.8966789,0.0197836,-1.0060441,0.0112,0.0284
F,S,406,-1.9981041,0.0224734,-1.1435619,0.0063,0.0206
F,T,406,-1.9618416,0.0172,-1.0932709,0.0031,0.0139
F,V,406,-1.7739372,0.0147,-0.8531983,0.0102,0.027
F,W,406,-1.8635063,0.0164863,-0.963235,0.0679,0.0765
F,Y,406,-2.0116081,0.0167322,-1.1626015,0.118,0.1037
T,A,407,-1.3973083,0.0198849,-0.4824464,0.0241,0.0382
T,C,407,-1.7198486,0.018576,-0.7907641,0.0393,0.0499
T,D,407,-1.8305359,0.0172,-0.9217789,0.0015,0.0082
T,E,407,-1.7815247,0.0172,-0.8622005,0.0151,0.0296
T,F,407,-1.6550064,0.0172,-0.7199738,0.0082,0.0211
T,G,407,-1.7369537,0.0147,-0.8101774,0.0076,0.0203
T,H,407,-1.7714729,0.0173157,-0.8502874,0.0438,0.0531
T,I,407,-1.7495575,0.0198991,-0.8246784,0.0176,0.0321
T,K,407,-1.822525,0.013932,-0.9118725,0.0178,0.0323
T,L,407,-1.9464912,0.0147,-1.0723549,0.0228,0.0371
T,M,407,-2.037712,0.0172,-1.1998759,0.0074,0.02
T,N,407,-1.797554,0.01225,-0.8814142,0.1169,0.091
T,P,407,-2.056137,0.0172,-1.2265528,0.0166,0.0311
T,Q,407,-1.7346573,0.0167127,-0.8075533,0.0465,0.0548
T,R,407,-1.8576584,0.0291493,-0.9558021,0.1615,0.1087
T,S,407,-2.0259666,0.0208333,-1.1830282,0.0869,0.0773
T,V,407,-1.9591217,0.0249,-1.0895485,0.1271,0.0953
T,W,407,-2.199955,0.0172,-1.444667,0.0139,0.0283
T,Y,407,-1.8543663,0.0172,-0.9516328,0.0534,0.0592
A,C,408,-1.9656868,0.0147,-1.0985452,0.0209,0.0346
A,D,408,-1.7753334,0.0117827,-0.8548504,0.0156,0.0295
A,E,408,-1.90345,0.0172,-1.014916,0.0166,0.0304
A,F,408,-1.6551819,0.014627,-0.7201593,0.0386,0.0485
A,G,408,-1.8419914,0.0154222,-0.9360582,0.015,0.0288
A,H,408,-1.6741943,0.0172,-0.7404585,0.0071,0.0191
A,I,408,-1.8774109,0.0147,-0.9810457,0.0264,0.0394
A,K,408,-1.8332977,0.0172,-0.9252093,0.033,0.0445
A,L,408,-1.8647041,0.0124115,-0.9647617,0.0337,0.045
A,M,408,-1.846592,0.0187824,-0.9418303,0.2409,0.1327
A,N,408,-1.6821976,0.0147,-0.749118,0.0011,0.0069
A,P,408,-1.8922119,0.0249,-1.0002159,0.0041,0.014
A,Q,408,-1.9541016,0.0147,-1.0826966,0.0801,0.0724
A,R,408,-1.6473236,0.0243025,-0.7118811,0.0462,0.0535
A,S,408,-1.4527588,0.0232398,-0.5277259,0.0675,0.0659
A,T,408,-1.6627579,0.0297053,-0.7282022,0.0834,0.0741
A,V,408,-1.7034492,0.0328705,-0.7724407,0.0956,0.0798
A,W,408,-1.6733932,0.0172,-0.7395955,0.0413,0.0503
A,Y,408,-1.847084,0.0288096,-0.9424489,0.0588,0.0611
V,A,409,-1.5921669,0.0197012,-0.6556209,0.2838,0.1605
V,C,409,-1.8805695,0.0249,-0.9851185,0.0685,0.0735
V,D,409,-1.9705124,0.0172,-1.1051841,0.0072,0.0213
V,E,409,-1.7871857,0.0122857,-0.8689558,0.0019,0.0103
V,F,409,-1.7523613,0.0172,-0.8279268,0.0132,0.0297
V,G,409,-1.7634201,0.0159473,-0.8408193,0.0161,0.0332
V,H,409,-1.9579277,0.0147,-1.0879167,0.0085,0.0233
V,I,409,-1.359108,0.0219,-0.4530512,0.0382,0.0533
V,K,409,-1.9890823,0.0172,-1.1309354,0.0134,0.03
V,L,409,-1.9179497,0.0156262,-1.0340653,0.0798,0.0799
V,M,409,-1.8776436,0.0095529,-0.9813454,0.014,0.0307
V,N,409,-2.065033,0.0172,-1.2395402,0.0092,0.0244
V,P,409,-1.8307571,0.0172,-0.9220534,0.0009,0.0068
V,Q,409,-1.8886414,0.0172,-0.9955715,0.0731,0.0761
V,R,409,-1.6813927,0.0177857,-0.748244,0.0642,0.0709
V,S,409,-1.7789421,0.0214887,-0.8591297,0.024,0.0413
V,T,409,-1.8469772,0.0194933,-0.9423146,0.0399,0.0546
V,W,409,-1.9309654,0.0172,-1.0514289,0.0029,0.0128
V,Y,409,-1.8731079,0.0172,-0.9755133,0.0087,0.0237
G,A,410,-2.2927628,0.0205203,-1.5939692,0.0154,0.0334
G,C,410,-1.9550552,0.0204977,-1.0839963,0.0026,0.0127
G,D,410,-1.8918686,0.0168228,-0.9997688,0.1056,0.0961
G,E,410,-1.9842186,0.0172,-1.1241597,0.0049,0.0178
G,F,410,-2.070713,0.0172,-1.2478686,0.0051,0.0182
G,H,410,-1.9784813,0.0147,-1.1161953,0.0041,0.0161
G,I,410,-2.137127,0.0172,-1.3472927,0.0031,0.0138
G,K,410,-1.9879112,0.0172,-1.1293019,0.0052,0.0184
G,L,410,-2.1280785,0.0172,-1.3335297,0.0253,0.0438
G,M,410,-1.9926071,0.0172,-1.1358596,0.0044,0.0167
G,N,410,-2.0106926,0.0249,-1.1613054,0.0188,0.0372
G,P,410,-1.9864998,0.01825,-1.1273349,0.0197,0.0382
G,Q,410,-2.0481224,0.0257466,-1.2149118,0.0253,0.0438
G,R,410,-2.0950203,0.0257466,-1.2838249,0.3592,0.1884
G,S,410,-2.0111694,0.0195423,-1.1619803,0.1375,0.1111
G,T,410,-2.2209625,0.0172,-1.4779093,0.0266,0.045
G,V,410,-2.1653366,0.0201643,-1.3906269,0.0167,0.0348
G,W,410,-2.0542946,0.0172,-1.2238717,0.0094,0.0254
G,Y,410,-1.8121758,0.0147,-0.8991715,0.0697,0.0765
K,A,411,-1.9184341,0.0129386,-1.0347086,0.0453,0.0592
K,C,411,-1.875,0.0172,-0.9779437,0.0096,0.0252
K,D,411,-1.7618942,0.0172,-0.8390328,0.0013,0.0084
K,E,411,-1.9922447,0.0177818,-1.1353528,0.0096,0.0252
K,F,411,-2.17873,0.0172,-1.4114233,0.0091,0.0244
K,G,411,-1.885006,0.012573,-0.9908557,0.1914,0.1307
K,H,411,-1.7054405,0.0197649,-0.7746505,0.0616,0.07
K,I,411,-1.7544098,0.0172,-0.8303053,0.0137,0.0306
K,L,411,-1.8341331,0.0143333,-0.9262485,0.0067,0.0207
K,M,411,-1.8192253,0.0172,-0.9078111,0.0059,0.0193
K,N,411,-1.7396088,0.0143333,-0.8132184,0.0088,0.0241
K,P,411,-1.9620857,0.0172,-1.0936053,0.0053,0.0182
K,Q,411,-1.8733902,0.0187023,-0.9758757,0.0889,0.0857
K,R,411,-1.7015572,0.0150521,-0.770345,0.002,0.0107
K,S,411,-1.6643753,0.0172,-0.7299271,0.051,0.0632
K,T,411,-1.8155022,0.0131652,-0.9032419,0.0445,0.0586
K,V,411,-1.8470192,0.0156429,-0.9423674,0.0522,0.0639
K,W,411,-1.7909508,0.0172,-0.873467,0.024,0.0417
K,Y,411,-1.9371223,0.0248054,-1.0596996,0.0209,0.0386
E,A,412,-1.8048782,0.0094752,-0.8902816,0.0758,0.0716
E,C,412,-2.05064,0.0143333,-1.2185624,0.0123,0.0263
E,D,412,-1.7616005,0.0172,-0.8386892,0.0381,0.049
E,F,412,-2.1231537,0.01225,-1.3260672,0.1083,0.0871
E,G,412,-1.9049911,0.0221361,-1.0169415,0.0032,0.0126
E,H,412,-1.9863319,0.0154501,-1.1271011,0.0272,0.0407
E,I,412,-1.7129745,0.0147,-0.783049,0.075,0.0712
E,K,412,-1.7874527,0.0170851,-0.8692752,0.0675,0.0671
E,L,412,-2.031578,0.0126452,-1.1910618,0.0239,0.038
E,M,412,-1.9791641,0.0147,-1.1171415,0.0101,0.0237
E,N,412,-1.797039,0.0159585,-0.8807927,0.013,0.0272
E,P,412,-1.9571152,0.0172,-1.086807,0.0001,0.0019
E,Q,412,-1.9352112,0.0154283,-1.0571285,0.1257,0.0945
E,R,412,-1.7347755,0.0147,-0.8076882,0.0274,0.0409
E,S,412,-1.9255867,0.0199824,-1.0442336,0.0199,0.0343
E,T,412,-1.7663841,0.0147,-0.8442964,0.1356,0.0986
E,V,412,-1.9382439,0.0162383,-1.0612102,0.168,0.1109
E,W,412,-2.1203728,0.0143333,-1.3218622,0.0058,0.0175
E,Y,412,-1.8153076,0.0147,-0.9030035,0.0196,0.034
F,A,413,-1.9110527,0.0172,-1.024931,0.0011,0.0115
F,C,413,-2.264988,0.0172,-1.5486362,0.003,0.0203
F,D,413,-2.2678146,0.0172,-1.5532249,0.0021,0.0166
F,E,413,-2.2166405,0.0147,-1.471043,0.0013,0.0129
F,G,413,-2.0991058,0.0172,-1.2899179,0.0061,0.0302
F,H,413,-2.171917,0.0172,-1.4008269,0.0025,0.0184
F,I,413,-1.7950974,0.016153,-0.8784523,0.007,0.0325
F,K,413,-2.1535873,0.0172,-1.3725004,0.002,0.0161
F,L,413,-2.0122337,0.0194347,-1.1634875,0.0018,0.0156
F,M,413,-2.0113335,0.0172,-1.1622126,0.003,0.0202
F,N,413,-2.078415,0.0172,-1.2592067,0.0031,0.0205
F,P,413,-1.9692993,0.0224159,-1.1035131,0.0035,0.0222
F,Q,413,-2.1379433,0.0172,-1.3485377,0.0032,0.021
F,R,413,-2.014637,0.0172,-1.1668949,0.0006,0.0085
F,S,413,-2.1199684,0.0197371,-1.3212513,0.0057,0.0288
F,T,413,-2.2435074,0.0147,-1.5139512,0.0009,0.0108
F,V,413,-1.9170456,0.0172,-1.0328653,0.0019,0.016
F,W,413,-1.9156418,0.0166148,-1.0310036,0.1407,0.1687
F,Y,413,-2.1134834,0.0147,-1.3114725,0.0345,0.0779
N,A,414,-1.7930336,0.0172,-0.8759689,0.0567,0.0826
N,C,414,-1.8230247,0.0172,-0.9124886,0.0016,0.0116
N,D,414,-1.5741615,0.0333719,-0.6379536,0.006,0.024
N,E,414,-1.6160278,0.0147,-0.6795631,0.0008,0.0078
N,F,414,-2.0643692,0.0172,-1.2385687,0.0006,0.0067
N,G,414,-1.7961769,0.0114991,-0.8797531,0.3024,0.2073
N,H,414,-1.8203583,0.0172,-0.9092044,0.0131,0.037
N,I,414,-1.8881989,0.0165042,-0.9949968,0.0012,0.01
N,K,414,-1.7127075,0.0217671,-0.7827504,0.019,0.0453
N,L,414,-1.7139397,0.0172,-0.7841293,0.0001,0.0025
N,M,414,-1.7804985,0.0172,-0.8609795,0.0025,0.015
N,P,414,-1.9440193,0.0172,-1.0690078,0.0015,0.0112
N,Q,414,-1.8538933,0.0172,-0.9510347,0.0045,0.0206
N,R,414,-1.6842613,0.0172,-0.7513619,0.0009,0.0082
N,S,414,-0.9266434,0.0412089,-0.2111617,0.167,0.1496
N,T,414,-1.5282402,0.0143333,-0.5944451,0.0887,0.1057
N,V,414,-1.6767769,0.0172,-0.7432454,0.0012,0.01
N,W,414,-1.7531433,0.0172,-0.8288343,0.0025,0.0148
N,Y,414,-1.9879417,0.0165042,-1.1293444,0.0021,0.0133
N,A,415,-0.0969696,0.0238025,-0.0416699,0.0591,0.0579
N,C,415,-0.4499206,0.0147,-0.0843844,0.0106,0.0225
N,D,415,-0.3153,0.0168889,-0.064589,0.0243,0.0355
N,E,415,-0.403801,0.0147,-0.0770221,0.0479,0.0515
N,F,415,-0.6600266,0.014631,-0.1272857,0.0663,0.0616
N,G,415,-0.452137,0.0111912,-0.0847547,0.0212,0.0329
N,H,415,-0.3118324,0.0182203,-0.0641436,0.0095,0.0212
N,I,415,-0.624485,0.0099739,-0.1188108,0.1235,0.0868
N,K,415,0.7228432,0.0169398,-0.007828,0.0156,0.0278
N,L,415,-0.7088509,0.015788,-0.1398545,0.0802,0.0685
N,M,415,-0.8111038,0.0220652,-0.1700022,0.0281,0.0384
N,P,415,-0.4823265,0.0149625,-0.0899561,0.0066,0.0173
N,Q,415,-0.7763557,0.0147,-0.1591423,0.0428,0.0485
N,R,415,0.215786,0.0213169,-0.0220928,0.0512,0.0535
N,S,415,-0.150425,0.0093616,-0.0464105,0.0505,0.0531
N,T,415,-0.5774765,0.0243127,-0.1084161,0.0696,0.0633
N,V,415,-0.4147072,0.0131719,-0.0787053,0.0886,0.0723
N,W,415,-0.6302948,0.0177615,-0.1201589,0.0607,0.0587
N,Y,415,-0.4423523,0.0145113,-0.0831316,0.0698,0.0634
L,A,416,-1.9217949,0.0172,-1.0391779,0.0013,0.0094
L,C,416,-1.9135437,0.0199515,-1.0282247,0.0068,0.0235
L,D,416,-2.0567894,0.0172,-1.2275029,0.0014,0.0097
L,E,416,-1.8144646,0.0172,-0.901971,0.0033,0.0158
L,F,416,-1.8406944,0.01225,-0.9344349,0.1932,0.1476
L,G,416,-1.7325974,0.0172,-0.8052041,0.0009,0.0079
L,H,416,-1.913784,0.0172,-1.0285428,0.0036,0.0164
L,I,416,-1.64151,0.0172,-0.705799,0.0165,0.0382
L,K,416,-1.7640915,0.0172,-0.8416061,0.0316,0.0545
L,M,416,-1.7755089,0.0172,-0.8550582,0.0684,0.0833
L,N,416,-1.8860092,0.0172,-0.9921558,0.0081,0.0258
L,P,416,-1.7064171,0.0172,-0.7757358,0.001,0.0082
L,Q,416,-1.9085617,0.0172,-1.0216434,0.0159,0.0374
L,R,416,-1.9505501,0.0217007,-1.0778636,0.1696,0.1374
L,S,416,-1.9539108,0.0244261,-1.0824367,0.0017,0.011
L,T,416,-2.0579987,0.0172,-1.2292649,0.0015,0.0101
L,V,416,-1.7492523,0.0134594,-0.8243253,0.0153,0.0367
L,W,416,-1.7869568,0.0172,-0.868682,0.0078,0.0253
L,Y,416,-1.8756027,0.0211513,-0.9787186,0.078,0.0896
E,A,417,-1.8464851,0.0172,-0.941696,0.0029,0.0203
E,C,417,-1.8868256,0.0172,-0.9932145,0.0047,0.0263
E,D,417,-1.615078,0.0187044,-0.6785985,0.0123,0.0447
E,F,417,-1.8743935,0.0172,-0.9771643,0.0032,0.0213
E,G,417,-1.4574509,0.0167174,-0.5317013,0.0049,0.027
E,H,417,-1.7411118,0.0172,-0.814943,0.005,0.0272
E,I,417,-1.941761,0.0172,-1.0659549,0.004,0.024
E,K,417,-1.8885689,0.0168406,-0.9954774,0.0168,0.0529
E,L,417,-1.717514,0.0172,-0.7881383,0.0015,0.0139
E,M,417,-1.8067627,0.0172,-0.892572,0.0072,0.0332
E,N,417,-1.7970505,0.0172,-0.8808066,0.0022,0.0173
E,P,417,-1.9035454,0.0172,-1.0150413,0.0029,0.0203
E,Q,417,-1.990139,0.0172,-1.1324104,0.0063,0.0308
E,R,417,-2.029995,0.0147,-1.1887926,0.0133,0.0465
E,S,417,-1.9606285,0.0172,-1.0916098,0.002,0.0165
E,T,417,-1.8229141,0.0249,-0.9123522,0.0029,0.02
E,V,417,-1.7702866,0.0172,-0.8488884,0.0056,0.029
E,W,417,-1.7870483,0.0172,-0.8687914,0.0065,0.0315
E,Y,417,-1.9181252,0.0172,-1.0342983,0.005,0.0271
K,A,418,-1.413765,0.0172,-0.4955593,0.0136,0.0365
K,C,418,-1.5099983,0.0172,-0.5777771,0.0099,0.0306
K,D,418,-1.6121941,0.0172,-0.6756756,0.0032,0.0164
K,E,418,-1.2647285,0.0128555,-0.3865065,0.0146,0.0379
K,F,418,-1.5314064,0.0172,-0.5973736,0.0321,0.0586
K,G,418,-1.2273674,0.0172,-0.3624695,0.0013,0.0102
K,H,418,-1.3466148,0.0172,-0.4437504,0.0083,0.0279
K,I,418,-1.40905,0.0172,-0.4917744,0.0046,0.0202
K,L,418,-1.2763939,0.0186915,-0.3942743,0.0871,0.1014
K,M,418,-1.4303932,0.0172,-0.5090867,0.0062,0.0236
K,N,418,-1.1592827,0.0223103,-0.3218626,0.0201,0.0453
K,P,418,-1.1895561,0.0172,-0.3394191,0.0017,0.0116
K,Q,418,-1.3741302,0.0147,-0.464438,0.007,0.0253
K,R,418,0.0020027,0.0183332,-0.0341127,0.3039,0.2015
K,S,418,-1.5000992,0.0172,-0.5688777,0.003,0.016
K,T,418,-1.3944359,0.0164626,-0.4801856,0.0079,0.0271
K,V,418,-1.1771355,0.0172,-0.3321208,0.0019,0.0125
K,W,418,-1.4681244,0.0172,-0.5408287,0.0066,0.0245
K,Y,418,-1.3609581,0.0172,-0.4544416,0.004,0.0188
R,A,419,-1.9655495,0.0172,-1.0983567,0.0041,0.0213
R,C,419,-1.8296051,0.0172,-0.9206245,0.0053,0.0246
R,D,419,-2.065796,0.0172,-1.2406573,0.0058,0.0258
R,E,419,-1.7984657,0.0172,-0.8825149,0.0099,0.0345
R,F,419,-1.9044418,0.0172,-1.0162192,0.0059,0.026
R,G,419,-1.8696709,0.0211765,-0.9711075,0.0212,0.0524
R,H,419,-1.673069,0.0172,-0.7392464,0.0068,0.028
R,I,419,-1.8880424,0.0172,-0.9947936,0.0055,0.0249
R,K,419,-1.8500252,0.036203,-0.9461517,0.0147,0.0429
R,L,419,-2.2550545,0.0172,-1.5325552,0.0037,0.0202
R,M,419,-1.9253578,0.0172,-1.043928,0.0031,0.0181
R,N,419,-1.7321091,0.0172,-0.8046479,0.0073,0.0293
R,P,419,-1.9959106,0.0172,-1.1404851,0.0062,0.0267
R,Q,419,-2.0515327,0.0172,-1.2198582,0.0078,0.0303
R,S,419,-2.039486,0.0148848,-1.2024313,0.0092,0.0332
R,T,419,-1.92976,0.0172,-1.049814,0.029,0.0623
R,V,419,-2.0167313,0.0172,-1.1698684,0.0024,0.0159
R,W,419,-1.9317398,0.0147,-1.0524672,0.0306,0.0642
R,Y,419,-1.789978,0.0172,-0.8723,0.0076,0.0298
M,A,420,-1.3822861,0.0172,-0.4707138,0.0059,0.0217
M,C,420,-1.4668007,0.0172,-0.5396904,0.0047,0.0191
M,D,420,-1.3777809,0.0296237,-0.467239,0.0441,0.0656
M,E,420,-1.5526237,0.0172,-0.6172706,0.0055,0.0209
M,F,420,-1.3923912,0.0172,-0.4785812,0.0776,0.0895
M,G,420,-1.4426498,0.0172,-0.5192378,0.0022,0.0126
M,H,420,-1.5301094,0.0172,-0.5961727,0.0087,0.0269
M,I,420,-0.3528519,0.0158191,-0.0696077,0.0545,0.0737
M,K,420,-1.2940636,0.0214094,-0.4062823,0.0102,0.0294
M,L,420,-0.9436531,0.0147,-0.2179281,0.1561,0.1314
M,N,420,-1.4231758,0.0172,-0.5031807,0.0079,0.0255
M,P,420,-1.5354271,0.0172,-0.6011078,0.0028,0.0144
M,Q,420,-1.4433746,0.0172,-0.5198429,0.0266,0.0497
M,R,420,-1.114605,0.017569,-0.2973636,0.0018,0.0112
M,S,420,-1.4565468,0.0172,-0.5309335,0.006,0.0218
M,T,420,-1.4504585,0.0204892,-0.5257852,0.0103,0.0295
M,V,420,-1.1029282,0.0152386,-0.2912305,0.0077,0.0251
M,W,420,-1.3912163,0.0200304,-0.4776613,0.0326,0.0555
M,Y,420,-1.6151085,0.0249,-0.6786294,0.0048,0.0194
E,A,421,-1.7192383,0.0143333,-0.7900771,0.0293,0.051
E,C,421,-1.8755379,0.0172,-0.9786353,0.0053,0.02
E,D,421,-1.7827988,0.0205367,-0.863718,0.0203,0.0417
E,F,421,-1.7612953,0.0172,-0.8383322,0.0187,0.0398
E,G,421,-1.7552834,0.0258498,-0.831321,0.0309,0.0526
E,H,421,-1.7686844,0.0172,-0.8470012,0.0117,0.0308
E,I,421,-1.7563286,0.0172,-0.8325372,0.0034,0.0156
E,K,421,-1.703785,0.0199341,-0.772813,0.0349,0.0562
E,L,421,-1.6802864,0.0172,-0.7470439,0.0057,0.0207
E,M,421,-1.8711243,0.0172,-0.9729692,0.0124,0.0318
E,N,421,-1.8829422,0.0172,-0.9881844,0.0146,0.0347
E,P,421,-1.7442818,0.0172,-0.8185883,0.0011,0.0084
E,Q,421,-1.7054672,0.0147,-0.7746802,0.3916,0.2124
E,R,421,-1.8005981,0.0147,-0.8850929,0.0092,0.027
E,S,421,-1.81324,0.0143333,-0.9004725,0.0867,0.0927
E,T,421,-1.902977,0.0172,-1.0142947,0.0023,0.0127
E,V,421,-1.6651611,0.0147,-0.7307662,0.0053,0.02
E,W,421,-1.8634148,0.0172,-0.9631184,0.0051,0.0196
E,Y,421,-1.6342125,0.0172,-0.6982153,0.01,0.0283
N,A,422,-2.0068245,0.0143333,-1.1558378,0.0539,0.0711
N,C,422,-1.9635315,0.0172,-1.0955872,0.0037,0.0163
N,D,422,-1.7161484,0.0166231,-0.786605,0.0161,0.0367
N,E,422,-1.8564796,0.0172,-0.9543079,0.0098,0.0278
N,F,422,-2.0307083,0.0172,-1.1898149,0.0078,0.0246
N,G,422,-1.9971657,0.0172,-1.142245,0.0301,0.0517
N,H,422,-2.1512108,0.0143333,-1.3688475,0.0141,0.034
N,I,422,-1.9350662,0.0163256,-1.0569336,0.013,0.0325
N,K,422,-1.7833633,0.0341674,-0.8643909,0.0146,0.0347
N,L,422,-1.86763,0.0172,-0.968497,0.008,0.025
N,M,422,-2.0594559,0.0172,-1.23139,0.0204,0.0417
N,P,422,-1.9387436,0.0172,-1.0618836,0.0042,0.0174
N,Q,422,-1.9552498,0.0172,-1.0842617,0.0077,0.0245
N,R,422,-2.000309,0.0172,-1.1466592,0.0029,0.0142
N,S,422,-1.7542801,0.0170837,-0.8301546,0.1093,0.105
N,T,422,-1.893467,0.0172,-1.0018515,0.1311,0.116
N,V,422,-1.902607,0.0172,-1.013809,0.0054,0.0201
N,W,422,-1.8887672,0.0172,-0.995735,0.0119,0.0311
N,Y,422,-1.9121819,0.0172,-1.0264233,0.0089,0.0264
L,A,423,-1.9281006,0.0172,-1.0475931,0.0043,0.0233
L,C,423,-1.9622917,0.0172,-1.0938876,0.0049,0.025
L,D,423,-1.8791351,0.0172,-0.9832677,0.0055,0.0266
L,E,423,-1.8129425,0.0172,-0.9001087,0.0059,0.0277
L,F,423,-2.0880508,0.0166972,-1.2734635,0.0165,0.0486
L,G,423,-2.023758,0.0172,-1.1798741,0.0033,0.0199
L,H,423,-1.9169579,0.0172,-1.0327489,0.0039,0.0219
L,I,423,-1.8719177,0.0172,-0.9739863,0.0072,0.0309
L,K,423,-1.9880486,0.0172,-1.1294935,0.0107,0.0382
L,M,423,-1.9546127,0.0172,-1.0833931,0.0218,0.0566
L,N,423,-1.7939835,0.0172,-0.8771114,0.0032,0.0198
L,P,423,-2.125412,0.0147,-1.3294867,0.0056,0.0268
L,Q,423,-1.8275604,0.0172,-0.9180917,0.0049,0.0249
L,R,423,-2.0062675,0.0172,-1.1550517,0.0007,0.0086
L,S,423,-1.712513,0.0231602,-0.7825329,0.0073,0.0311
L,T,423,-1.9114151,0.0172,-1.0254098,0.0032,0.0196
L,V,423,-1.8138962,0.0147,-0.9012753,0.0296,0.067
L,W,423,-1.9066353,0.0172,-1.0191051,0.0092,0.0353
L,Y,423,-1.9698753,0.0172,-1.1043064,0.0048,0.0246
N,A,424,-2.1078186,0.0172,-1.3029592,0.0329,0.0575
N,C,424,-2.1097603,0.0172,-1.3058742,0.0204,0.0442
N,D,424,-2.0257187,0.0235533,-1.182674,0.0167,0.0397
N,E,424,-2.0651588,0.0172,-1.2397243,0.0044,0.0191
N,F,424,-2.0554276,0.0197458,-1.2255201,0.0142,0.0362
N,G,424,-1.9531441,0.0172,-1.0813924,0.005,0.0204
N,H,424,-2.176571,0.0495299,-1.4080614,0.0439,0.0674
N,I,424,-1.9855423,0.0222915,-1.1260016,0.0576,0.0783
N,K,424,-1.9337692,0.0164548,-1.0551908,0.0132,0.0348
N,L,424,-1.977726,0.0172,-1.1151491,0.0021,0.0127
N,M,424,-1.887516,0.0172,-0.9941103,0.0125,0.0339
N,P,424,-1.9187317,0.0147,-1.0351039,0.0146,0.0369
N,Q,424,-1.7594872,0.0172,-0.8362196,0.0172,0.0403
N,R,424,-1.8735962,0.0172,-0.9761402,0.0011,0.0089
N,S,424,-2.1004524,0.0122857,-1.2919293,0.0023,0.0132
N,T,424,-2.08609,0.0147,-1.2705559,0.004,0.0181
N,V,424,-1.8165665,0.0172,-0.9045466,0.0023,0.0134
N,W,424,-2.116455,0.0172,-1.315949,0.0546,0.076
N,Y,424,-1.793087,0.0172,-0.8760331,0.0268,0.0514
K,A,425,-1.8955688,0.0135968,-1.0045939,0.0251,0.0531
K,C,425,-1.8763313,0.0172,-0.9796559,0.0011,0.0097
K,D,425,-1.7865562,0.0172,-0.868203,0.0052,0.0223
K,E,425,-1.761673,0.0286861,-0.838774,0.0094,0.0309
K,F,425,-2.1753044,0.0172,-1.4060908,0.0015,0.0115
K,G,425,-1.9234543,0.0172,-1.0413887,0.0004,0.0057
K,H,425,-1.8780212,0.0120909,-0.9818319,0.0192,0.0458
K,I,425,-1.7271538,0.0154274,-0.7990175,0.0019,0.0128
K,L,425,-1.9019737,0.0147,-1.0129778,0.0028,0.0159
K,M,425,-1.8890877,0.0147,-0.9961514,0.0037,0.0186
K,N,425,-1.6283951,0.0141018,-0.6922101,0.0589,0.0847
K,P,425,-1.9595985,0.0172,-1.0902006,0.0005,0.0064
K,Q,425,-1.7538719,0.0182809,-0.8296803,0.0406,0.0691
K,R,425,-1.6649704,0.0158398,-0.7305625,0.2886,0.203
K,S,425,-1.8299332,0.0172,-0.9210313,0.0091,0.0303
K,T,425,-1.6772156,0.0155173,-0.7437195,0.0084,0.029
K,V,425,-2.0261917,0.0147,-1.18335,0.0261,0.0542
K,W,425,-1.9208336,0.0172,-1.0378984,0.003,0.0164
K,Y,425,-1.9928169,0.0172,-1.136153,0.0008,0.008
K,A,426,-1.9862976,0.0172,-1.1270533,0.0031,0.021
K,C,426,-1.7838898,0.0172,-0.8650187,0.0016,0.0147
K,D,426,-2.0069427,0.0172,-1.1560047,0.0034,0.0221
K,E,426,-2.13525,0.0137749,-1.3444322,0.0141,0.0484
K,F,426,-1.9645538,0.0172,-1.0969897,0.0046,0.0261
K,G,426,-1.8621635,0.0172,-0.9615252,0.0013,0.0132
K,H,426,-1.8963509,0.0172,-1.0056155,0.007,0.0328
K,I,426,-2.1045456,0.0154261,-1.2980527,0.003,0.0207
K,L,426,-1.8407974,0.0172,-0.9345637,0.0021,0.017
K,M,426,-1.8475647,0.0172,-0.9430534,0.0088,0.0374
K,N,426,-1.8816338,0.0197316,-0.986493,0.009,0.0378
K,P,426,-2.013855,0.0147,-1.1657856,0.0008,0.0097
K,Q,426,-2.0168915,0.0206624,-1.170096,0.0079,0.035
K,R,426,-1.831253,0.015848,-0.9226689,0.0512,0.0981
K,S,426,-1.8538742,0.0172,-0.9510105,0.0034,0.0219
K,T,426,-1.8585854,0.0143333,-0.956978,0.0039,0.0237
K,V,426,-1.8368988,0.0172,-0.9296939,0.0026,0.0189
K,W,426,-1.846611,0.0172,-0.9418542,0.0032,0.0212
K,Y,426,-1.777359,0.0172,-0.8572507,0.0017,0.0152
V,A,427,-1.9196358,0.0292241,-1.0363054,0.0059,0.0234
V,C,427,-1.8130226,0.0172,-0.9002067,0.0097,0.0307
V,D,427,-1.8366585,0.0199049,-0.9293942,0.0074,0.0264
V,E,427,-1.8609619,0.0249,-0.9599967,0.0026,0.015
V,F,427,-2.1418686,0.0172,-1.3545316,0.0066,0.0247
V,G,427,-1.9315758,0.0147,-1.0522473,0.0032,0.0168
V,H,427,-2.107212,0.0172,-1.3020492,0.0027,0.0152
V,I,427,-1.4184685,0.0306298,-0.4993573,0.1306,0.128
V,K,427,-2.046276,0.0172,-1.212238,0.0134,0.0366
V,L,427,-1.7935066,0.0091875,-0.8765377,0.0159,0.0402
V,M,427,-1.8940468,0.0172,-1.0026076,0.0507,0.076
V,N,427,-1.9052124,0.0199049,-1.0172325,0.0019,0.0125
V,P,427,-1.9885254,0.0172,-1.1301585,0.0037,0.018
V,Q,427,-1.9018822,0.0172,-1.0128577,0.0026,0.0149
V,R,427,-1.8670769,0.0147,-0.9677902,0.0024,0.0143
V,S,427,-1.9498711,0.0172,-1.076941,0.0081,0.0278
V,T,427,-2.1186256,0.0172,-1.3192236,0.0111,0.033
V,W,427,-1.9286499,0.0172,-1.0483279,0.0136,0.0369
V,Y,427,-1.9141464,0.0172,-1.0290225,0.1033,0.1125
D,A,428,-1.792408,0.0172,-0.8752169,0.005,0.0226
D,C,428,-1.8574562,0.0172,-0.9555457,0.0029,0.0169
D,E,428,-1.8720474,0.0141626,-0.9741526,0.041,0.072
D,F,428,-1.8509483,0.0172,-0.9473156,0.0074,0.0281
D,G,428,-1.7268867,0.0122863,-0.7987147,0.0031,0.0173
D,H,428,-1.9735756,0.0172,-1.1094097,0.0055,0.0239
D,I,428,-1.6836205,0.0172,-0.7506646,0.0024,0.0152
D,K,428,-1.8325424,0.0172,-0.9242704,0.0058,0.0247
D,L,428,-1.7828064,0.0172,-0.863727,0.0012,0.0104
D,M,428,-1.8187485,0.0099138,-0.9072252,0.0187,0.0468
D,N,428,-1.7551651,0.0209379,-0.8311834,0.0425,0.0735
D,P,428,-1.9870453,0.0172,-1.128095,0.0043,0.0209
D,Q,428,-1.8436432,0.0147,-0.9381282,0.0092,0.0316
D,R,428,-1.8147736,0.0172,-0.9023494,0.0017,0.0125
D,S,428,-1.674408,0.0172,-0.7406888,0.007,0.0273
D,T,428,-1.762619,0.0172,-0.839881,0.0778,0.1024
D,V,428,-1.943634,0.0243453,-1.0684866,0.0099,0.0329
D,W,428,-2.1099586,0.0172,-1.3061721,0.0081,0.0296
D,Y,428,-2.004898,0.0179924,-1.1531198,0.0142,0.0402
D,A,429,-1.7279396,0.0172,-0.7999086,0.0141,0.0407
D,C,429,-1.9337502,0.0172,-1.0551653,0.0025,0.0158
D,E,429,-1.7628059,0.0141468,-0.8400999,0.025,0.0559
D,F,429,-2.2144814,0.0172,-1.4676181,0.0047,0.0223
D,G,429,-1.8637848,0.0185875,-0.9635898,0.0094,0.0326
D,H,429,-1.7950897,0.0198055,-0.8784431,0.0083,0.0304
D,I,429,-2.0947495,0.0172,-1.2834215,0.0046,0.022
D,K,429,-1.8142738,0.0172,-0.9017375,0.0039,0.0202
D,L,429,-1.9273033,0.0172,-1.0465269,0.0016,0.0125
D,M,429,-1.8839035,0.011003,-0.9894282,0.0114,0.0363
D,N,429,-1.557209,0.0205205,-0.6216328,0.0392,0.0715
D,P,429,-1.7256737,0.0172,-0.7973408,0.003,0.0174
D,Q,429,-1.96595,0.0147,-1.0989068,0.0689,0.0975
D,R,429,-1.977684,0.0172,-1.1150909,0.003,0.0174
D,S,429,-1.6809578,0.0172,-0.7477721,0.0081,0.03
D,T,429,-1.883667,0.0172,-0.9891221,0.0055,0.0243
D,V,429,-1.7523575,0.0172,-0.8279224,0.0041,0.0207
D,W,429,-1.957737,0.0172,-1.0876562,0.0092,0.0323
D,Y,429,-1.924839,0.0219,-1.0432355,0.0102,0.034
G,A,430,-1.7533073,0.0147,-0.8290247,0.0038,0.0234
G,C,430,-2.0850143,0.0172,-1.2689622,0.0023,0.018
G,D,430,-1.9574089,0.0172,-1.087208,0.0055,0.0288
G,E,430,-2.067669,0.0154017,-1.2434018,0.017,0.0535
G,F,430,-2.02956,0.0172,-1.1881695,0.0016,0.0148
G,H,430,-2.05344,0.0172,-1.2226291,0.0023,0.0176
G,I,430,-1.97826,0.0172,-1.1158887,0.0075,0.0341
G,K,430,-2.226738,0.0172,-1.4871066,0.0042,0.0247
G,L,430,-1.9934883,0.0172,-1.1370924,0.0063,0.0309
G,M,430,-2.0511742,0.0172,-1.2193377,0.0165,0.0526
G,N,430,-2.0800743,0.0172,-1.261656,0.0046,0.0261
G,P,430,-2.0061111,0.0172,-1.154831,0.0013,0.0129
G,Q,430,-1.9496956,0.0172,-1.0767026,0.0175,0.0543
G,R,430,-2.0084343,0.017802,-1.1581116,0.003,0.0205
G,S,430,-2.091446,0.0172,-1.2785059,0.0032,0.0214
G,T,430,-2.017025,0.0172,-1.1702857,0.0019,0.0162
G,V,430,-2.0789871,0.015562,-1.2600509,0.0023,0.0177
G,W,430,-2.160057,0.0172,-1.382468,0.0054,0.0284
G,Y,430,-1.8744812,0.0249,-0.9772769,0.0074,0.0338
F,A,431,-1.9549675,0.0172,-1.0838768,0.0019,0.0156
F,C,431,-1.9265366,0.0172,-1.0455023,0.0032,0.0206
F,D,431,-1.8240166,0.0172,-0.9137121,0.0026,0.0183
F,E,431,-1.856205,0.0172,-0.9539601,0.0036,0.0221
F,G,431,-2.0044632,0.0172,-1.1525069,0.0054,0.0276
F,H,431,-1.8288307,0.0172,-0.9196648,0.0021,0.0165
F,I,431,-2.0520058,0.0172,-1.2205452,0.0074,0.0327
F,K,431,-2.158638,0.0172,-1.380279,0.0016,0.0141
F,L,431,-1.7344894,0.0171317,-0.8073617,0.2823,0.2427
F,M,431,-2.0471992,0.0172,-1.2135745,0.0089,0.0362
F,N,431,-1.7721558,0.0172,-0.8510935,0.0071,0.032
F,P,431,-1.9159241,0.017629,-1.0313778,0.0013,0.0125
F,Q,431,-2.109684,0.0172,-1.3057596,0.0016,0.0142
F,R,431,-1.9992332,0.0172,-1.1451474,0.0013,0.0128
F,S,431,-1.7631912,0.0198819,-0.8405511,0.0013,0.0125
F,T,431,-2.2519646,0.0172,-1.5275675,0.0007,0.0092
F,V,431,-1.5201492,0.0124262,-0.5870091,0.0041,0.0238
F,W,431,-1.8445854,0.0172,-0.9393101,0.0039,0.0229
F,Y,431,-1.8719025,0.0172,-0.9739668,0.0058,0.0286
L,A,432,-1.7208672,0.0147,-0.7919115,0.0023,0.0118
L,C,432,-1.7787323,0.0172,-0.8588805,0.0057,0.0196
L,D,432,-1.6617622,0.0172,-0.7271416,0.0027,0.0131
L,E,432,-1.6074371,0.0172,-0.6708735,0.016,0.0346
L,F,432,-1.7237778,0.0147,-0.7951963,0.047,0.0625
L,G,432,-1.592495,0.0147,-0.655946,0.0045,0.0173
L,H,432,-1.6393318,0.0172,-0.7035295,0.0338,0.0522
L,I,432,-1.031559,0.0122857,-0.2560707,0.0509,0.0653
L,K,432,-1.7308884,0.0172,-0.8032585,0.0095,0.026
L,M,432,-1.7342148,0.0126018,-0.8070483,0.016,0.0346
L,N,432,-1.6484985,0.019958,-0.7131146,0.0135,0.0315
L,P,432,-1.617302,0.0192714,-0.6808586,0.0038,0.0157
L,Q,432,-1.6318016,0.0118205,-0.6957222,0.1248,0.1069
L,R,432,-1.5284309,0.0154313,-0.5946212,0.011,0.0281
L,S,432,-1.7545319,0.0147,-0.8304472,0.0033,0.0146
L,T,432,-1.8240395,0.0270546,-0.9137404,0.0413,0.0582
L,V,432,-1.6236267,0.0162258,-0.6873146,0.0534,0.0671
L,W,432,-1.6235695,0.0197807,-0.6872561,0.0591,0.0709
L,Y,432,-1.6939926,0.0172,-0.7620036,0.0288,0.0477
D,A,433,-1.8800812,0.0161949,-0.9844882,0.0304,0.0548
D,C,433,-1.7668915,0.0172,-0.8448925,0.0243,0.0484
D,E,433,-1.608738,0.018164,-0.6721844,0.1126,0.1126
D,F,433,-1.7340317,0.0172,-0.8068394,0.0018,0.0114
D,G,433,-1.8643532,0.0235128,-0.9643143,0.0204,0.044
D,H,433,-1.893055,0.0172,-1.0013144,0.0216,0.0454
D,I,433,-1.7753487,0.0172,-0.8548685,0.0038,0.0174
D,K,433,-1.7132568,0.0172,-0.7833649,0.0024,0.0134
D,L,433,-1.7143478,0.0172,-0.7845864,0.002,0.0124
D,M,433,-1.9320717,0.0172,-1.0529124,0.0075,0.0255
D,N,433,-1.5728378,0.0187502,-0.6366683,0.0166,0.0392
D,P,433,-1.9234581,0.0172,-1.0413938,0.001,0.0086
D,Q,433,-1.7875404,0.0147,-0.8693801,0.0575,0.0778
D,R,433,-1.7259064,0.0172,-0.7976042,0.0017,0.0113
D,S,433,-1.7419815,0.0172,-0.8159421,0.0814,0.0941
D,T,433,-1.5735893,0.0172,-0.6373978,0.0117,0.0324
D,V,433,-1.6970215,0.0198314,-0.7653362,0.0041,0.0182
D,W,433,-1.9827003,0.0172,-1.122049,0.0062,0.0228
D,Y,433,-1.768074,0.0172,-0.8462829,0.012,0.0329
I,A,434,-1.3639717,0.0172,-0.4567135,0.0015,0.0126
I,C,434,-1.3784065,0.0172,-0.4677203,0.0014,0.0119
I,D,434,-1.3334618,0.0172,-0.434123,0.0018,0.0139
I,E,434,-1.2591591,0.0172,-0.3828423,0.0024,0.0162
I,F,434,-1.4192314,0.0147,-0.4999754,0.055,0.0904
I,G,434,-1.369545,0.0172,-0.4609388,0.0007,0.0084
I,H,434,-1.477932,0.0172,-0.5493194,0.0011,0.0103
I,K,434,-1.3857574,0.0172,-0.4734049,0.0017,0.0135
I,L,434,-1.161335,0.0210101,-0.323028,0.3344,0.2439
I,M,434,-1.5417442,0.0147,-0.6070089,0.0134,0.0415
I,N,434,-1.3067322,0.0165117,-0.4150728,0.0015,0.0127
I,P,434,-1.3385658,0.0172,-0.4378389,0.0006,0.0076
I,Q,434,-1.2361908,0.0172,-0.3680317,0.0022,0.0153
I,R,434,-1.2537003,0.0172,-0.3792786,0.0007,0.0081
I,S,434,-1.5102005,0.0165117,-0.5779599,0.0008,0.0086
I,T,434,-1.3742485,0.0154326,-0.4645286,0.0011,0.0103
I,V,434,-0.2571869,0.0188029,-0.0575061,0.1395,0.1508
I,W,434,-1.3125458,0.0172,-0.4191579,0.0064,0.0276
I,Y,434,-1.4204979,0.0147,-0.5010029,0.0024,0.016
W,A,435,-2.1486816,0.0172,-1.3649648,0.0018,0.0169
W,C,435,-2.001831,0.0121369,-1.1487998,0.0085,0.0397
W,D,435,-1.9436073,0.0172,-1.0684504,0.0043,0.0273
W,E,435,-2.1874886,0.0231556,-1.4250992,0.0046,0.0285
W,F,435,-2.1079826,0.0172,-1.3032053,0.0027,0.021
W,G,435,-1.883503,0.0201778,-0.9889099,0.002,0.0179
W,H,435,-2.0650902,0.0172,-1.2396239,0.0113,0.0464
W,I,435,-2.1457558,0.0172,-1.3604797,0.0066,0.0346
W,K,435,-2.1867905,0.0172,-1.424007,0.0026,0.0206
W,L,435,-1.9321785,0.0147,-1.0530556,0.0015,0.0152
W,M,435,-2.0796776,0.0172,-1.2610702,0.0043,0.0275
W,N,435,-2.1142159,0.0172,-1.3125752,0.0022,0.0188
W,P,435,-2.009266,0.0172,-1.1592873,0.0065,0.0344
W,Q,435,-2.0403404,0.0172,-1.203663,0.0018,0.0167
W,R,435,-1.8427315,0.0359689,-0.9369854,0.0078,0.038
W,S,435,-2.1835976,0.0172,-1.4190164,0.0006,0.0088
W,T,435,-2.049057,0.0172,-1.2162663,0.0026,0.0207
W,V,435,-2.2746964,0.0172,-1.5644205,0.0017,0.0162
W,Y,435,-2.0520744,0.0172,-1.2206449,0.0046,0.0283
T,A,436,-1.6133499,0.0161324,-0.676846,0.0048,0.0242
T,C,436,-2.040165,0.0172,-1.2034101,0.0058,0.0269
T,D,436,-2.0011292,0.0172,-1.1478125,0.0051,0.0252
T,E,436,-2.0102997,0.0172,-1.1607494,0.0149,0.0454
T,F,436,-1.9707451,0.0172,-1.1055048,0.0093,0.035
T,G,436,-1.7915154,0.0172,-0.8741448,0.0044,0.0231
T,H,436,-2.0278168,0.0172,-1.185674,0.0071,0.0303
T,I,436,-1.9121819,0.0230918,-1.0264233,0.0067,0.0292
T,K,436,-2.0430107,0.0099714,-1.2075168,0.005,0.025
T,L,436,-1.9182434,0.0172,-1.0344553,0.0012,0.0115
T,M,436,-1.8389473,0.0172,-0.9322508,0.0088,0.0339
T,N,436,-1.7915154,0.0172,-0.8741448,0.0037,0.0211
T,P,436,-1.8697777,0.0172,-0.9712443,0.0011,0.011
T,Q,436,-2.1750488,0.0147,-1.4056933,0.0302,0.0669
T,R,436,-1.9974747,0.0172,-1.1426786,0.015,0.0455
T,S,436,-1.7709961,0.0147,-0.849725,0.0144,0.0445
T,V,436,-2.0273933,0.0172,-1.1850681,0.0012,0.0116
T,W,436,-1.8206215,0.0172,-0.9095283,0.01,0.0364
T,Y,436,-1.9740791,0.0172,-1.1101051,0.0097,0.0358
Y,A,437,-2.152916,0.0172,-1.3714681,0.0229,0.0557
Y,C,437,-2.0846252,0.017539,-1.268386,0.0157,0.0453
Y,D,437,-1.7742195,0.0172,-0.8535322,0.0072,0.0296
Y,E,437,-1.9024544,0.0172,-1.0136086,0.0035,0.0198
Y,F,437,-1.8922005,0.0172,-1.0002011,0.0101,0.0356
Y,G,437,-1.8235168,0.0172,-0.9130955,0.0047,0.0232
Y,H,437,-1.9570007,0.0203398,-1.0866507,0.0097,0.0349
Y,I,437,-1.9786224,0.0172,-1.1163908,0.0052,0.0247
Y,K,437,-1.8689079,0.0172,-0.9701311,0.0022,0.0152
Y,L,437,-2.0369492,0.020574,-1.198778,0.0054,0.0253
Y,M,437,-1.9420586,0.0172,-1.066357,0.0094,0.0342
Y,N,437,-2.1792908,0.0154343,-1.4122972,0.017,0.0474
Y,P,437,-1.8036232,0.0172,-0.8887582,0.004,0.0215
Y,Q,437,-1.9433403,0.0172,-1.0680894,0.0032,0.019
Y,R,437,-2.024559,0.0172,-1.1810175,0.0016,0.013
Y,S,437,-1.796917,0.0154343,-0.8806456,0.0238,0.0569
Y,T,437,-1.976448,0.0172,-1.1133801,0.0027,0.0173
Y,V,437,-1.882225,0.0172,-0.9872571,0.004,0.0214
Y,W,437,-1.9311028,0.0172,-1.0516131,0.0265,0.0605
N,A,438,-2.058731,0.0172,-1.2303326,0.0017,0.012
N,C,438,-1.9167938,0.0172,-1.0325312,0.0043,0.0201
N,D,438,-1.8574524,0.0310803,-0.9555409,0.0282,0.0564
N,E,438,-2.136032,0.0147,-1.3456236,0.0257,0.0537
N,F,438,-2.024704,0.0172,-1.1812245,0.0047,0.021
N,G,438,-1.860527,0.0172,-0.9594439,0.0012,0.0098
N,H,438,-1.8433838,0.0304946,-0.9378029,0.0375,0.0661
N,I,438,-1.8915558,0.0260756,-0.9993615,0.0025,0.015
N,K,438,-1.8808784,0.0147,-0.9855173,0.0046,0.0207
N,L,438,-1.803482,0.0159916,-0.8885869,0.0147,0.0394
N,M,438,-1.9736176,0.0172,-1.1094677,0.0046,0.0207
N,P,438,-1.9534607,0.0172,-1.0818236,0.0009,0.0084
N,Q,438,-1.9842339,0.0242643,-1.124181,0.2184,0.1739
N,R,438,-1.8138924,0.0172,-0.9012707,0.0006,0.0069
N,S,438,-2.1058235,0.0157606,-1.2999673,0.014,0.0385
N,T,438,-1.8890343,0.0147,-0.996082,0.0119,0.0351
N,V,438,-1.8236237,0.0197942,-0.9132273,0.0043,0.02
N,W,438,-1.8184853,0.0172,-0.9069018,0.0203,0.0471
N,Y,438,-2.1643867,0.0172,-1.3891573,0.012,0.0353
A,C,439,-2.0046883,0.0172,-1.1528242,0.0059,0.0226
A,D,439,-1.9099083,0.0172,-1.0234199,0.0036,0.0174
A,E,439,-1.9590874,0.0136249,-1.0895016,0.0371,0.0622
A,F,439,-1.7949066,0.0172,-0.8782225,0.0016,0.011
A,G,439,-1.9883881,0.0172,-1.129967,0.002,0.0126
A,H,439,-1.9827538,0.0172,-1.1221234,0.0049,0.0204
A,I,439,-2.0760994,0.02075,-1.2557925,0.2507,0.1779
A,K,439,-2.0176392,0.0172,-1.1711587,0.0026,0.0144
A,L,439,-2.1759567,0.0164716,-1.4071055,0.0219,0.0466
A,M,439,-1.972435,0.0172,-1.1078353,0.0057,0.0222
A,N,439,-1.9394493,0.0172,-1.062835,0.1321,0.1251
A,P,439,-2.1068802,0.0172,-1.3015515,0.0026,0.0144
A,Q,439,-1.8281822,0.0172,-0.9188615,0.0021,0.0128
A,R,439,-2.0453415,0.0172,-1.2108859,0.0006,0.0064
A,S,439,-2.1208725,0.0186891,-1.3226173,0.0398,0.0647
A,T,439,-1.9363937,0.0163498,-1.058719,0.0198,0.0441
A,V,439,-1.9471207,0.0253397,-1.0732082,0.0245,0.0495
A,W,439,-1.9987373,0.0172,-1.1444509,0.0052,0.0211
A,Y,439,-2.0319748,0.0172,-1.191631,0.0024,0.0139
E,A,440,-2.0526733,0.0172,-1.2215149,0.0056,0.0318
E,C,440,-2.0187874,0.0172,-1.1727915,0.0024,0.02
E,D,440,-2.0175438,0.0186496,-1.1710231,0.0075,0.0375
E,F,440,-1.9210854,0.0172,-1.0382335,0.0021,0.0185
E,G,440,-1.9458237,0.0208078,-1.0714505,0.002,0.0182
E,H,440,-1.9345741,0.0172,-1.0562721,0.0065,0.0347
E,I,440,-1.7656059,0.0172,-0.8433826,0.004,0.0266
E,K,440,-1.8249741,0.0152884,-0.9148942,0.0047,0.0289
E,L,440,-1.9859047,0.0172,-1.1265062,0.0005,0.0089
E,M,440,-1.7473526,0.0172,-0.8221296,0.0047,0.0288
E,N,440,-1.8565712,0.0172,-0.954424,0.0052,0.0306
E,P,440,-2.0615082,0.0172,-1.234386,0.0012,0.0137
E,Q,440,-1.9172363,0.0172,-1.0331183,0.0089,0.0413
E,R,440,-1.9243164,0.0172,-1.0425383,0.0014,0.0146
E,S,440,-1.9948654,0.0172,-1.1390205,0.0114,0.0471
E,T,440,-2.2271042,0.0172,-1.4876906,0.0017,0.0168
E,V,440,-1.9261017,0.0147,-1.0449213,0.001,0.0122
E,W,440,-1.9917793,0.0172,-1.1347021,0.004,0.0264
E,Y,440,-1.8584709,0.0172,-0.9568327,0.0014,0.015
L,A,441,-1.794342,0.0172,-0.8775428,0.0012,0.0097
L,C,441,-1.9920425,0.0172,-1.1350701,0.007,0.0254
L,D,441,-1.8727036,0.0172,-0.9749944,0.0037,0.0179
L,E,441,-2.3338318,0.0172,-1.6619667,0.0052,0.0217
L,F,441,-1.9151497,0.0141078,-1.0303514,0.0604,0.0833
L,G,441,-1.8513298,0.0172,-0.9477969,0.0008,0.0079
L,H,441,-1.8168564,0.0172,-0.9049022,0.0085,0.0284
L,I,441,-2.0333328,0.0147,-1.1935799,0.0661,0.0875
L,K,441,-2.0568275,0.0172,-1.2275584,0.0026,0.0147
L,M,441,-2.012535,0.0147,-1.1639144,0.0792,0.0966
L,N,441,-1.8243828,0.0172,-0.9141641,0.0044,0.0197
L,P,441,-1.7438583,0.0172,-0.8181007,0.0034,0.017
L,Q,441,-2.1672974,0.0172,-1.3936626,0.0196,0.0448
L,R,441,-1.8777504,0.0172,-0.981483,0.0106,0.032
L,S,441,-1.9154892,0.0313395,-1.0308013,0.0045,0.0199
L,T,441,-1.8603821,0.0172,-0.9592597,0.0136,0.0368
L,V,441,-1.7980957,0.0147,-0.8820681,0.0181,0.043
L,W,441,-2.027855,0.0172,-1.1857286,0.0234,0.0495
L,Y,441,-1.6656456,0.0172,-0.7312838,0.013,0.0358
L,A,442,-2.0132065,0.0172,-1.1648661,0.0387,0.0591
L,C,442,-2.1243744,0.0172,-1.327915,0.0018,0.0109
L,D,442,-2.0493927,0.0172,-1.2167531,0.0018,0.0111
L,E,442,-2.0878677,0.0172,-1.2731919,0.0841,0.0906
L,F,442,-1.9319267,0.0204591,-1.0527179,0.0951,0.0969
L,G,442,-2.1984367,0.0172,-1.4422774,0.0024,0.013
L,H,442,-2.0788002,0.0172,-1.2597751,0.0617,0.0764
L,I,442,-1.7115974,0.0308937,-0.7815094,0.1618,0.1298
L,K,442,-1.9051323,0.0172,-1.0171272,0.0024,0.0128
L,M,442,-1.9486809,0.0172,-1.0753248,0.0442,0.0636
L,N,442,-2.0218735,0.0172,-1.1771862,0.0023,0.0124
L,P,442,-1.975975,0.0172,-1.1127258,0.0034,0.0154
L,Q,442,-1.7224998,0.0172,-0.7937529,0.0037,0.0162
L,R,442,-2.0107002,0.0172,-1.1613162,0.0027,0.0137
L,S,442,-1.7403984,0.0312554,-0.8141241,0.0055,0.0203
L,T,442,-1.8339615,0.0222766,-0.926035,0.0157,0.036
L,V,442,-1.719307,0.0182422,-0.7901544,0.0696,0.0817
L,W,442,-1.9840393,0.0172,-1.1239103,0.0023,0.0126
L,Y,442,-2.0491333,0.0147,-1.2163769,0.0031,0.0148
V,A,443,-1.8223991,0.0143333,-0.9117174,0.0032,0.0168
V,C,443,-1.9984169,0.0172,-1.144001,0.0098,0.0308
V,D,443,-1.6501579,0.0197706,-0.7148593,0.0074,0.0264
V,E,443,-1.8822708,0.0172,-0.9873163,0.0046,0.0203
V,F,443,-1.9863319,0.0224474,-1.1271011,0.0129,0.0359
V,G,443,-1.8860779,0.0172,-0.9922448,0.0181,0.0432
V,H,443,-1.660923,0.0172,-0.7262486,0.0041,0.0192
V,I,443,-0.7333756,0.0122088,-0.1465959,0.2019,0.1628
V,K,443,-1.7839355,0.0172,-0.8650732,0.025,0.0517
V,L,443,-1.8791351,0.0172,-0.9832677,0.0132,0.0363
V,M,443,-1.7460442,0.0172,-0.8206195,0.0289,0.0559
V,N,443,-1.6949425,0.0172,-0.7630477,0.0069,0.0254
V,P,443,-1.5418549,0.0172,-0.6071127,0.0016,0.0114
V,Q,443,-1.9684753,0.0172,-1.1023789,0.0121,0.0346
V,R,443,-1.682251,0.0172,-0.749176,0.001,0.0087
V,S,443,-1.5357208,0.0172,-0.6013812,0.003,0.0161
V,T,443,-1.6936569,0.0172,-0.7616348,0.0511,0.0765
V,W,443,-1.7017746,0.0172,-0.7705856,0.0034,0.0173
V,Y,443,-1.5784035,0.0172,-0.642085,0.0035,0.0175
L,A,444,-2.0977669,0.0147,-1.2879196,0.0053,0.0306
L,C,444,-1.9996567,0.0172,-1.1457424,0.0017,0.0164
L,D,444,-2.1897697,0.0172,-1.4286708,0.0021,0.0183
L,E,444,-1.7719574,0.0172,-0.8508593,0.0038,0.0256
L,F,444,-1.9075699,0.0172,-1.0203361,0.0018,0.0168
L,G,444,-1.8789062,0.0172,-0.9829725,0.0022,0.0187
L,H,444,-1.9257278,0.0172,-1.044422,0.0025,0.0201
L,I,444,-1.5733871,0.0070905,-0.6372014,0.0066,0.0345
L,K,444,-1.9848404,0.0172,-1.1250247,0.001,0.0122
L,M,444,-1.9454727,0.0172,-1.0709751,0.0051,0.0298
L,N,444,-1.6529961,0.0172,-0.7178502,0.0069,0.0354
L,P,444,-2.0642853,0.0220322,-1.2384459,0.0139,0.052
L,Q,444,-2.016571,0.0147,-1.1696406,0.005,0.0297
L,R,444,-1.9590416,0.0172,-1.089439,0.0007,0.0103
L,S,444,-2.006466,0.0172,-1.1553318,0.0005,0.0084
L,T,444,-1.9595108,0.0147,-1.0900806,0.0058,0.0321
L,V,444,-1.6434364,0.0172,-0.7078104,0.0121,0.0482
L,W,444,-1.8773918,0.0172,-0.9810211,0.0052,0.0301
L,Y,444,-1.8730698,0.0172,-0.9754644,0.0008,0.0107
L,A,445,-2.0839653,0.0172,-1.267409,0.0088,0.0255
L,C,445,-2.0040932,0.0172,-1.1519854,0.0037,0.016
L,D,445,-1.906784,0.0172,-1.0193009,0.0034,0.0152
L,E,445,-1.9851646,0.0172,-1.1254759,0.0092,0.0262
L,F,445,-1.9234123,0.0147,-1.0413327,0.1193,0.1072
L,G,445,-1.7841034,0.0172,-0.8652735,0.0025,0.0129
L,H,445,-1.9522362,0.0172,-1.0801566,0.0038,0.0162
L,I,445,-1.8374901,0.0219,-0.9304315,0.0519,0.0678
L,K,445,-1.866909,0.0172,-0.9675757,0.0177,0.0376
L,M,445,-1.9413033,0.0083403,-1.0653368,0.0918,0.0928
L,N,445,-1.9127007,0.0172,-1.0271094,0.0091,0.026
L,P,445,-1.770504,0.0258806,-0.8491447,0.0085,0.0251
L,Q,445,-1.8681526,0.0197921,-0.9691651,0.0149,0.0341
L,R,445,-1.9296494,0.0197921,-1.0496659,0.0035,0.0154
L,S,445,-1.8769455,0.0172,-0.9804464,0.0038,0.0161
L,T,445,-1.9194107,0.0172,-1.0360061,0.05,0.0664
L,V,445,-1.9321747,0.0210794,-1.0530505,0.0039,0.0163
L,W,445,-1.7885246,0.0172,-0.8705583,0.0765,0.0839
L,Y,445,-2.0179176,0.0172,-1.1715545,0.0635,0.0758
E,A,446,-1.9729843,0.0172,-1.1085933,0.0022,0.0168
E,C,446,-1.8484573,0.0172,-0.9441767,0.0016,0.0141
E,D,446,-1.8778267,0.0172,-0.9815813,0.0294,0.0695
E,F,446,-1.8208237,0.0172,-0.9097771,0.0022,0.0167
E,G,446,-1.9699364,0.0173678,-1.1043905,0.0051,0.0264
E,H,446,-1.8617401,0.0172,-0.9609865,0.0058,0.0284
E,I,446,-2.0216446,0.0172,-1.17686,0.0019,0.0155
E,K,446,-1.8304176,0.015424,-0.9216321,0.0097,0.0378
E,L,446,-1.7459259,0.0172,-0.8204831,0.0009,0.0099
E,M,446,-2.11932,0.0172,-1.3202719,0.0059,0.0288
E,N,446,-1.8095894,0.0172,-0.8960145,0.0278,0.0674
E,P,446,-1.8275757,0.0172,-0.9181107,0.0047,0.0252
E,Q,446,-1.8704796,0.019727,-0.9721431,0.0247,0.0631
E,R,446,-1.757698,0.0172,-0.8341324,0.0026,0.0182
E,S,446,-1.8506546,0.0172,-0.9469452,0.0023,0.0172
E,T,446,-1.8754654,0.0172,-0.9785421,0.0049,0.0258
E,V,446,-2.1259499,0.0147,-1.3303018,0.0035,0.0214
E,W,446,-1.9947815,0.0172,-1.138903,0.0061,0.0293
E,Y,446,-1.8397751,0.0172,-0.9332852,0.005,0.0263
N,A,447,-2.0300827,0.0172,-1.1889183,0.0017,0.0146
N,C,447,-2.042038,0.0172,-1.2061123,0.002,0.0159
N,D,447,-1.916523,0.0168753,-1.032172,0.0057,0.0284
N,E,447,-2.155365,0.0172,-1.3752359,0.0037,0.0225
N,F,447,-2.176731,0.022741,-1.4083105,0.0013,0.0127
N,G,447,-2.1473618,0.0172,-1.3629408,0.0055,0.0279
N,H,447,-1.9040031,0.0261116,-1.0156426,0.0119,0.0427
N,I,447,-1.9543724,0.0172,-1.0830656,0.0144,0.0474
N,K,447,-1.8281937,0.0161502,-0.9188758,0.0223,0.0603
N,L,447,-1.8044701,0.0172,-0.889786,0.0005,0.0076
N,M,447,-2.0715256,0.0172,-1.2490624,0.0747,0.1173
N,P,447,-2.0808716,0.0172,-1.2628338,0.0011,0.0117
N,Q,447,-1.8548088,0.0172,-0.9521926,0.0078,0.0339
N,R,447,-2.081108,0.0249,-1.2631831,0.0006,0.0082
N,S,447,-2.1558914,0.0273233,-1.3760464,0.0039,0.0232
N,T,447,-2.0194168,0.0140874,-1.1736871,0.0044,0.0248
N,V,447,-1.9388084,0.0172,-1.061971,0.0017,0.0147
N,W,447,-2.1707993,0.0172,-1.3990919,0.0039,0.023
N,Y,447,-2.0049744,0.0172,-1.1532276,0.0036,0.0222
E,A,448,-1.8797874,0.0143333,-0.9841091,0.0071,0.0247
E,C,448,-1.9707909,0.0172,-1.1055679,0.003,0.0153
E,D,448,-1.9525414,0.019721,-1.080572,0.0244,0.0487
E,F,448,-1.7349243,0.0172,-0.8078581,0.0028,0.0148
E,G,448,-1.7861481,0.0162626,-0.8677151,0.018,0.0412
E,H,448,-1.9333115,0.0172,-1.0545762,0.0151,0.0374
E,I,448,-1.9207878,0.0172,-1.0378375,0.0017,0.0112
E,K,448,-1.9275742,0.0190475,-1.0468891,0.0132,0.0348
E,L,448,-1.7852669,0.0172,-0.8666624,0.0073,0.0252
E,M,448,-1.9125404,0.0172,-1.0268974,0.0063,0.0231
E,N,448,-1.8004608,0.0172,-0.8849268,0.0026,0.0142
E,P,448,-1.9259338,0.0172,-1.0446971,0.006,0.0226
E,Q,448,-1.8345642,0.0172,-0.926785,0.0175,0.0406
E,R,448,-1.8710785,0.0172,-0.9729105,0.0147,0.037
E,S,448,-1.9048157,0.0176878,-1.0167108,0.0355,0.0599
E,T,448,-1.831459,0.0172,-0.9229246,0.065,0.0836
E,V,448,-1.9483719,0.0247629,-1.0749054,0.0071,0.0247
E,W,448,-1.7887268,0.0172,-0.8708005,0.0091,0.0283
E,Y,448,-1.9070549,0.0172,-1.0196576,0.1428,0.1288
R,A,449,-2.1685982,0.0172,-1.3956783,0.0029,0.0172
R,C,449,-2.0676308,0.0172,-1.2433458,0.0047,0.0223
R,D,449,-1.9846916,0.0172,-1.1248177,0.015,0.0424
R,E,449,-2.0805664,0.0172,-1.2623829,0.0071,0.028
R,F,449,-2.023777,0.0172,-1.1799012,0.0027,0.0164
R,G,449,-1.8923836,0.0178312,-1.0004396,0.0063,0.0262
R,H,449,-2.108574,0.020765,-1.3040929,0.0354,0.0678
R,I,449,-2.132206,0.0172,-1.3397994,0.0246,0.0555
R,K,449,-1.7054176,0.0212309,-0.7746251,0.015,0.0423
R,L,449,-1.9575768,0.0172,-1.0874374,0.0007,0.0081
R,M,449,-1.9966393,0.0172,-1.1415067,0.0087,0.0313
R,N,449,-2.0484123,0.0172,-1.2153318,0.0052,0.0237
R,P,449,-2.1062088,0.0147,-1.3005448,0.0029,0.0171
R,Q,449,-1.9373474,0.0172,-1.0600027,0.0081,0.0302
R,S,449,-1.8513489,0.0172,-0.947821,0.0069,0.0277
R,T,449,-1.6713715,0.0172,-0.7374204,0.0151,0.0425
R,V,449,-1.9668922,0.0172,-1.1002015,0.0009,0.0091
R,W,449,-1.6934624,0.0184951,-0.7614212,0.0864,0.1109
R,Y,449,-2.0868683,0.0172,-1.2717096,0.0032,0.018
T,A,450,-2.0098877,0.0277912,-1.1601665,0.0062,0.033
T,C,450,-1.7515335,0.0172,-0.8269669,0.0027,0.0208
T,D,450,-1.8700905,0.0172,-0.9716448,0.021,0.0644
T,E,450,-1.8798027,0.0172,-0.9841288,0.0035,0.0239
T,F,450,-1.8001328,0.0172,-0.88453,0.0019,0.0172
T,G,450,-1.8217163,0.0172,-0.9108761,0.0008,0.0109
T,H,450,-1.9517593,0.0172,-1.0795078,0.0042,0.0266
T,I,450,-1.667202,0.0159467,-0.7329484,0.0064,0.0334
T,K,450,-1.6967278,0.0172,-0.7650127,0.0015,0.0151
T,L,450,-1.4500237,0.0172,-0.525419,0.0012,0.0134
T,M,450,-1.8499184,0.0172,-0.9460171,0.0054,0.0305
T,N,450,-1.922802,0.0091875,-1.0405193,0.0023,0.0191
T,P,450,-1.8911667,0.0172,-0.998855,0.0027,0.0211
T,Q,450,-2.0378647,0.0172,-1.2000958,0.0014,0.0147
T,R,450,-1.7059364,0.0147,-0.7752015,0.021,0.0645
T,S,450,-1.9569359,0.0197249,-1.0865622,0.0026,0.0203
T,V,450,-1.807663,0.0172,-0.8936676,0.0025,0.0198
T,W,450,-2.023716,0.0172,-1.1798141,0.0013,0.014
T,Y,450,-1.8886871,0.0172,-0.9956309,0.0042,0.0265
L,A,451,-1.9220123,0.0172,-1.0394674,0.0005,0.0078
L,C,451,-1.8120766,0.0172,-0.8990503,0.0017,0.0149
L,D,451,-1.9645653,0.0172,-1.0970055,0.0016,0.0143
L,E,451,-1.8955002,0.0172,-1.0045043,0.0045,0.0251
L,F,451,-1.9352074,0.0172,-1.0571234,0.0058,0.0288
L,G,451,-1.7962189,0.0172,-0.8798037,0.0022,0.0168
L,H,451,-2.0096092,0.0172,-1.1597726,0.003,0.0201
L,I,451,-1.6414185,0.0172,-0.7057036,0.0031,0.0205
L,K,451,-2.0044403,0.0172,-1.1524746,0.002,0.0159
L,M,451,-1.6228981,0.0172,-0.6865687,0.0099,0.0387
L,N,451,-1.9216156,0.0172,-1.0389392,0.0314,0.073
L,P,451,-1.8737869,0.0172,-0.976385,0.0012,0.0122
L,Q,451,-1.9863739,0.0172,-1.1271596,0.0024,0.0179
L,R,451,-1.6928177,0.0172,-0.7607134,0.0445,0.0883
L,S,451,-1.8482666,0.0162041,-0.9439366,0.0086,0.0358
L,T,451,-1.8497696,0.0172,-0.9458295,0.0016,0.0142
L,V,451,-1.877449,0.0172,-0.9810948,0.0046,0.0254
L,W,451,-1.9616127,0.0248005,-1.0929574,0.0127,0.0443
L,Y,451,-2.0560646,0.0172,-1.2264474,0.01,0.0388
D,A,452,-1.9324493,0.0164393,-1.053419,0.0328,0.0594
D,C,452,-1.8762703,0.0172,-0.9795774,0.0023,0.0136
D,E,452,-1.8337631,0.0147,-0.9257882,0.0098,0.0306
D,F,452,-2.1404457,0.0172,-1.3523574,0.0097,0.0304
D,G,452,-1.7238274,0.0169948,-0.7952524,0.0071,0.0256
D,H,452,-1.97052,0.0172,-1.1051946,0.0081,0.0275
D,I,452,-2.0855598,0.0172,-1.2697703,0.0274,0.0538
D,K,452,-1.7200584,0.0172,-0.7910004,0.0076,0.0265
D,L,452,-2.033512,0.0172,-1.1938372,0.001,0.0089
D,M,452,-1.8917313,0.0249,-0.99959,0.0094,0.0299
D,N,452,-1.6684418,0.0216759,-0.7342763,0.0253,0.0515
D,P,452,-2.0699272,0.0172,-1.2467148,0.0033,0.0167
D,Q,452,-1.8264465,0.0147,-0.9167137,0.0075,0.0264
D,R,452,-1.6169548,0.0147,-0.6805054,0.0029,0.0158
D,S,452,-1.8863068,0.0172,-0.9925416,0.1771,0.1501
D,T,452,-2.0257607,0.0172,-1.182734,0.0149,0.0385
D,V,452,-1.7650871,0.0172,-0.8427737,0.0127,0.0353
D,W,452,-1.9026337,0.0172,-1.013844,0.0072,0.0258
D,Y,452,-1.893177,0.0227524,-1.0014734,0.0119,0.0341
F,A,453,-1.8381958,0.0172,-0.9313123,0.001,0.0094
F,C,453,-1.9109001,0.0147,-1.0247294,0.0074,0.0285
F,D,453,-1.850132,0.0147,-0.9462863,0.0047,0.0221
F,E,453,-1.7675819,0.0172,-0.8457041,0.0062,0.0257
F,G,453,-1.71521,0.0172,-0.7855526,0.0209,0.0503
F,H,453,-1.8877144,0.0172,-0.9943678,0.004,0.0203
F,I,453,-1.8863106,0.0172,-0.9925465,0.0139,0.0402
F,K,453,-1.7088318,0.0172,-0.7784235,0.0025,0.0157
F,L,453,-1.4252892,0.0167692,-0.5049047,0.0495,0.0809
F,M,453,-1.6594124,0.0172,-0.724643,0.0209,0.0503
F,N,453,-1.8544312,0.0172,-0.9517149,0.0028,0.0168
F,P,453,-1.9553757,0.0172,-1.0844334,0.0064,0.0262
F,Q,453,-2.1011124,0.0172,-1.2929157,0.0079,0.0295
F,R,453,-1.921627,0.0172,-1.0389544,0.0011,0.0102
F,S,453,-1.9483337,0.0134353,-1.0748536,0.0106,0.0347
F,T,453,-1.7760086,0.0172,-0.85565,0.0041,0.0205
F,V,453,-1.7816658,0.0122857,-0.8623685,0.0036,0.0193
F,W,453,-1.8632965,0.0147,-0.9629677,0.0605,0.0903
F,Y,453,-1.6401939,0.0172,-0.7044271,0.0189,0.0476
H,A,454,-2.1782608,0.0172,-1.4106924,0.0016,0.014
H,C,454,-1.9179573,0.0172,-1.0340754,0.0026,0.018
H,D,454,-1.7677536,0.0172,-0.845906,0.0044,0.0243
H,E,454,-1.9174881,0.0172,-1.0334525,0.0049,0.0259
H,F,454,-1.9392357,0.0172,-1.062547,0.006,0.0288
H,G,454,-2.1428986,0.0172,-1.3561065,0.0029,0.0192
H,I,454,-2.2310524,0.0172,-1.4939933,0.0049,0.0259
H,K,454,-2.0675926,0.0172,-1.2432898,0.0072,0.0318
H,L,454,-2.0587463,0.0172,-1.2303549,0.0035,0.0213
H,M,454,-2.2401733,0.0172,-1.5085975,0.0091,0.0362
H,N,454,-2.048256,0.0172,-1.2151054,0.0032,0.0204
H,P,454,-2.0867233,0.0147,-1.2714947,0.0018,0.0149
H,Q,454,-1.9495201,0.0154226,-1.0764642,0.0074,0.0324
H,R,454,-2.1035614,0.0293044,-1.296579,0.0026,0.0182
H,S,454,-1.9701538,0.0172,-1.10469,0.0024,0.0174
H,T,454,-1.8923912,0.0172,-1.0004495,0.1515,0.17
H,V,454,-1.8346062,0.0172,-0.9268373,0.0019,0.0151
H,W,454,-1.9809227,0.0172,-1.1195807,0.0035,0.0216
H,Y,454,-1.8266449,0.0120483,-0.9169591,0.0058,0.0283
D,A,455,-1.8358116,0.0172,-0.9283386,0.0259,0.048
D,C,455,-1.9260406,0.0172,-1.0448397,0.0016,0.0102
D,E,455,-1.7978821,0.0083988,-0.8818102,0.2738,0.1756
D,F,455,-1.8422775,0.0172,-0.9364166,0.0033,0.0154
D,G,455,-1.6521645,0.0158495,-0.716973,0.0078,0.0248
D,H,455,-1.92173,0.0161398,-1.0390915,0.0138,0.0339
D,I,455,-1.8140755,0.0172,-0.9014947,0.0056,0.0208
D,K,455,-1.9665565,0.0172,-1.0997401,0.0069,0.0231
D,L,455,-2.0051575,0.0172,-1.1534858,0.0399,0.0609
D,M,455,-2.0955544,0.0172,-1.2846207,0.0274,0.0496
D,N,455,-1.558567,0.0105373,-0.6229291,0.0208,0.0426
D,P,455,-1.9546852,0.0172,-1.0834919,0.0025,0.0132
D,Q,455,-2.0076942,0.0172,-1.157066,0.0086,0.0262
D,R,455,-1.8592644,0.0147,-0.9578399,0.0067,0.0228
D,S,455,-1.8848915,0.0172,-0.9907074,0.0467,0.0664
D,T,455,-1.9833145,0.0172,-1.1229026,0.0142,0.0346
D,V,455,-1.865799,0.0176817,-0.9661585,0.0139,0.0342
D,W,455,-1.7938881,0.0172,-0.8769966,0.0087,0.0264
D,Y,455,-1.9593544,0.0173119,-1.0898667,0.0182,0.0396
L,A,456,-0.0144157,0.0172,-0.0352659,0.0219,0.0352
L,C,456,-0.2707787,0.0172,-0.0590919,0.0018,0.0088
L,D,456,-0.274456,0.0172,-0.0595282,0.0315,0.043
L,E,456,-0.1977005,0.0141055,-0.0510392,0.0185,0.032
L,F,456,-0.1958962,0.0205091,-0.0508546,0.1157,0.0878
L,G,456,-0.1663742,0.0128679,-0.0479243,0.0568,0.0594
L,H,456,-0.193531,0.0195098,-0.0506135,0.1155,0.0877
L,I,456,-0.4366036,0.0343813,-0.0821919,0.0429,0.0509
L,K,456,-0.0366478,0.0249,-0.0368887,0.0357,0.046
L,M,456,0.0010757,0.0147,-0.0341768,0.0783,0.0708
L,N,456,0.0141106,0.0249,-0.0332861,0.0503,0.0555
L,P,456,0.0014305,0.0147,-0.0341522,0.0012,0.0071
L,Q,456,-0.0866432,0.0149326,-0.0408104,0.0268,0.0393
L,R,456,-0.1247826,0.0213137,-0.0440741,0.0755,0.0694
L,S,456,1.4779053,0.022007,-0.0016572,0.0226,0.0357
L,T,456,-0.1362266,0.019956,-0.0451022,0.1011,0.0815
L,V,456,-0.0485954,0.0122857,-0.0377908,0.0215,0.0348
L,W,456,-0.3478584,0.0172,-0.0689192,0.006,0.0173
L,Y,456,-0.1805572,0.016152,-0.0493109,0.0209,0.0342
N,A,457,-1.6915665,0.0172,-0.7593411,0.012,0.0404
N,C,457,-2.0088425,0.0172,-1.1586886,0.0015,0.0129
N,D,457,-1.9070129,0.0175419,-1.0196023,0.0072,0.0304
N,E,457,-2.038269,0.0172,-1.200678,0.0024,0.0167
N,F,457,-1.870121,0.0172,-0.9716838,0.0018,0.0143
N,G,457,-1.9522247,0.0172,-1.080141,0.0013,0.0116
N,H,457,-1.9149895,0.0147,-1.0301392,0.0044,0.0232
N,I,457,-2.132801,0.0172,-1.3407044,0.0023,0.0164
N,K,457,-1.9754143,0.0172,-1.1119504,0.0231,0.0578
N,L,457,-1.9194069,0.0172,-1.0360011,0.0039,0.0217
N,M,457,-1.9724617,0.0172,-1.1078721,0.0419,0.0803
N,P,457,-2.0743446,0.0172,-1.2532083,0.0007,0.0083
N,Q,457,-2.0416527,0.0172,-1.2055562,0.15,0.1619
N,R,457,-2.006298,0.0172,-1.1550947,0.0007,0.0081
N,S,457,-1.9369926,0.0219744,-1.059525,0.0058,0.027
N,T,457,-1.9296837,0.0197454,-1.0497118,0.0116,0.0397
N,V,457,-1.7797394,0.0172,-0.860077,0.0019,0.0147
N,W,457,-1.9474411,0.0172,-1.0736427,0.0021,0.0154
N,Y,457,-1.886673,0.0172,-0.9930165,0.0019,0.0146
V,A,458,-2.047596,0.0135948,-1.2141492,0.0068,0.0267
V,C,458,-1.9210739,0.0172,-1.0382182,0.0035,0.0186
V,D,458,-1.8232155,0.0172,-0.9127238,0.0019,0.0134
V,E,458,-2.0829124,0.019726,-1.265851,0.0074,0.0281
V,F,458,-1.9340668,0.0172,-1.0555905,0.0017,0.0124
V,G,458,-2.0569801,0.0172,-1.2277806,0.0004,0.0058
V,H,458,-2.0216408,0.0172,-1.1768546,0.0072,0.0276
V,I,458,-1.566536,0.0249,-0.6305747,0.1771,0.1608
V,K,458,-1.7292671,0.0172,-0.8014156,0.0093,0.0318
V,L,458,-1.9730415,0.0166743,-1.1086723,0.1534,0.1486
V,M,458,-1.7144356,0.0206239,-0.7846847,0.0159,0.0427
V,N,458,-1.7628822,0.0172,-0.8401892,0.0032,0.0178
V,P,458,-1.9940071,0.0172,-1.1378186,0.0028,0.0165
V,Q,458,-1.8464241,0.0172,-0.9416193,0.0397,0.0707
V,R,458,-2.1026115,0.0172,-1.2951575,0.0017,0.0127
V,S,458,-1.9544487,0.0172,-1.0831696,0.0039,0.0196
V,T,458,-1.7544174,0.0172,-0.8303142,0.0032,0.0177
V,W,458,-1.966259,0.0172,-1.0993313,0.0022,0.0144
V,Y,458,-1.8274689,0.0172,-0.9179785,0.0017,0.0123
K,A,459,-1.799202,0.0166255,-0.8834046,0.0079,0.0273
K,C,459,-1.6558113,0.0172,-0.7208252,0.0033,0.0168
K,D,459,-1.4280739,0.0172,-0.5071831,0.0264,0.053
K,E,459,-1.526783,0.0122526,-0.5931008,0.0176,0.0424
K,F,459,-1.5249901,0.0172,-0.5914499,0.0018,0.012
K,G,459,-1.5079384,0.0172,-0.5759168,0.0083,0.0281
K,H,459,-1.535469,0.0172,-0.6011468,0.0162,0.0406
K,I,459,-1.6260338,0.0172,-0.6897829,0.0009,0.0084
K,L,459,-1.6082916,0.0172,-0.6717344,0.0059,0.0234
K,M,459,-1.595253,0.0173353,-0.6586835,0.0252,0.0518
K,N,459,-1.2634354,0.0172,-0.3856532,0.0284,0.0553
K,P,459,-1.6603622,0.0172,-0.7256523,0.0308,0.0577
K,Q,459,-1.5906143,0.0147,-0.6540839,0.0173,0.042
K,R,459,-0.9134712,0.0164477,-0.2060521,0.1078,0.115
K,S,459,-1.839035,0.0172,-0.9323603,0.0013,0.0103
K,T,459,-1.4724236,0.0151464,-0.5445384,0.0094,0.0301
K,V,459,-1.556633,0.0172,-0.6210836,0.0012,0.0097
K,W,459,-1.86269,0.0172,-0.9621954,0.0126,0.0353
K,Y,459,-1.6124802,0.0172,-0.6759652,0.0075,0.0265
N,A,460,-1.1558876,0.0172,-0.3199424,0.1383,0.1138
N,C,460,-1.29879,0.0147,-0.4095441,0.0032,0.0144
N,D,460,-1.2164803,0.0188005,-0.3557027,0.0133,0.0314
N,E,460,-1.2042732,0.0172,-0.3482408,0.0191,0.0384
N,F,460,-1.2788391,0.0172,-0.3959185,0.0011,0.0078
N,G,460,-1.126442,0.0158989,-0.3036939,0.0101,0.027
N,H,460,-1.3783531,0.0197292,-0.4676792,0.0175,0.0365
N,I,460,-1.3293381,0.0147,-0.4311392,0.0019,0.0107
N,K,460,-1.3627586,0.0225108,-0.4557979,0.2313,0.151
N,L,460,-1.3537674,0.0172,-0.4490566,0.0014,0.009
N,M,460,-1.3870964,0.0147,-0.4744462,0.0167,0.0355
N,P,460,-1.2601051,0.0172,-0.3834627,0.0008,0.0066
N,Q,460,-1.47546,0.0147,-0.54717,0.1453,0.117
N,R,460,-1.1560898,0.0172,-0.3200565,0.0126,0.0305
N,S,460,-0.3384323,0.0205527,-0.0676375,0.1226,0.1065
N,T,460,-1.1554565,0.0227658,-0.3196993,0.0812,0.0849
N,V,460,-1.277523,0.0147,-0.3950328,0.0095,0.0261
N,W,460,-1.2366142,0.0172,-0.3683004,0.0032,0.0142
N,Y,460,-1.3065758,0.0147,-0.4149634,0.0022,0.0116
L,A,461,-1.8646088,0.0172,-0.9646402,0.0016,0.0133
L,C,461,-1.6790543,0.0172,-0.7457089,0.0028,0.0179
L,D,461,-1.957695,0.0172,-1.0875988,0.0039,0.0215
L,E,461,-1.9523125,0.0172,-1.0802605,0.0044,0.0231
L,F,461,-1.9031982,0.0172,-1.0145852,0.0105,0.0372
L,G,461,-1.9359207,0.0172,-1.0580826,0.0012,0.0111
L,H,461,-2.0585022,0.0172,-1.229999,0.005,0.0248
L,I,461,-1.954937,0.0147,-1.0838352,0.2811,0.2266
L,K,461,-2.0228958,0.0172,-1.1786439,0.0026,0.0174
L,M,461,-1.9171982,0.0077118,-1.0330678,0.0074,0.0307
L,N,461,-1.8513069,0.0172,-0.947768,0.0045,0.0233
L,P,461,-1.8907509,0.0185489,-0.998314,0.0086,0.0332
L,Q,461,-1.8841629,0.0122857,-0.9897639,0.0121,0.0402
L,R,461,-1.7951317,0.0172,-0.8784936,0.002,0.0149
L,S,461,-1.7589493,0.0172,-0.8355918,0.0023,0.016
L,T,461,-1.9054756,0.0172,-1.0175788,0.0021,0.0152
L,V,461,-1.6852646,0.0172,-0.7524544,0.0066,0.0288
L,W,461,-1.8762779,0.0172,-0.9795872,0.0055,0.026
L,Y,461,-1.8871498,0.0172,-0.9936351,0.0053,0.0255
Y,A,462,-1.9814949,0.0172,-1.1203749,0.0018,0.0148
Y,C,462,-2.0332794,0.0179221,-1.1935032,0.004,0.0231
Y,D,462,-1.8889236,0.0172,-0.9959382,0.0078,0.033
Y,E,462,-1.700428,0.0172,-0.769096,0.0029,0.0191
Y,F,462,-1.8161964,0.0154262,-0.9040928,0.1701,0.1804
Y,G,462,-2.105873,0.0172,-1.3000415,0.0016,0.0137
Y,H,462,-2.030281,0.0229027,-1.1892024,0.0089,0.0356
Y,I,462,-1.9262581,0.01225,-1.0451302,0.0212,0.0574
Y,K,462,-1.9304123,0.0172,-1.0506877,0.0055,0.0273
Y,L,462,-1.9391327,0.0172,-1.0624081,0.0021,0.016
Y,M,462,-1.9417458,0.0172,-1.0659344,0.0054,0.0272
Y,N,462,-1.9604568,0.016212,-1.0913748,0.0033,0.0205
Y,P,462,-1.6840591,0.0172,-0.7511418,0.0022,0.0167
Y,Q,462,-2.0081863,0.0172,-1.1577612,0.0046,0.0249
Y,R,462,-2.0035477,0.0172,-1.1512168,0.0055,0.0272
Y,S,462,-1.9523468,0.0147,-1.0803071,0.0009,0.0102
Y,T,462,-1.9621773,0.0172,-1.0937308,0.0011,0.0112
Y,V,462,-1.8679581,0.0172,-0.9689164,0.0013,0.0122
Y,W,462,-1.9669456,0.0172,-1.1002749,0.004,0.0229
E,A,463,-1.7573738,0.0172,-0.8337546,0.0155,0.0329
E,C,463,-2.0374184,0.0172,-1.1994533,0.0014,0.0087
E,D,463,-1.6402283,0.0163918,-0.704463,0.2462,0.1505
E,F,463,-2.0398788,0.0172,-1.2029975,0.0151,0.0324
E,G,463,-1.6278152,0.016177,-0.6916135,0.0128,0.0296
E,H,463,-1.9399986,0.0172,-1.0635759,0.0088,0.024
E,I,463,-1.9020729,0.0147,-1.013108,0.0062,0.0198
E,K,463,-1.7999496,0.0233403,-0.8843084,0.0111,0.0274
E,L,463,-1.8633957,0.0172,-0.9630941,0.0026,0.0124
E,M,463,-1.9748611,0.0172,-1.1111856,0.0484,0.0615
E,N,463,-2.0073242,0.0172,-1.1565434,0.0943,0.0888
E,P,463,-1.8307114,0.0172,-0.9219967,0.0006,0.0053
E,Q,463,-1.8130531,0.0172,-0.900244,0.0859,0.0843
E,R,463,-1.975853,0.0172,-1.112557,0.0028,0.0127
E,S,463,-1.9281082,0.0185473,-1.0476032,0.0538,0.0652
E,T,463,-1.90242,0.0172,-1.0135635,0.0626,0.0709
E,V,463,-1.8228569,0.0171749,-0.9122817,0.0073,0.0218
E,W,463,-1.8001556,0.0172,-0.8845576,0.0111,0.0273
E,Y,463,-1.8023338,0.0172,-0.8871948,0.0677,0.074
K,A,464,-1.5125084,0.0172,-0.5800499,0.0704,0.0771
K,C,464,-1.807087,0.0172,-0.8929666,0.0017,0.0099
K,D,464,-1.9485817,0.0172,-1.0751902,0.0101,0.0265
K,E,464,-1.6148758,0.0151954,-0.6783933,0.0764,0.0806
K,F,464,-1.6342278,0.0172,-0.6982311,0.0119,0.029
K,G,464,-1.7536507,0.0147,-0.8294234,0.0699,0.0767
K,H,464,-1.6275635,0.0181008,-0.6913546,0.0093,0.0254
K,I,464,-1.6660843,0.0147,-0.7317528,0.0139,0.0315
K,L,464,-1.6288567,0.0147,-0.6926853,0.0038,0.0156
K,M,464,-1.5904236,0.0172,-0.6538953,0.015,0.033
K,N,464,-1.5699463,0.023206,-0.6338671,0.1054,0.0962
K,P,464,-1.8492088,0.0172,-0.945123,0.0032,0.014
K,Q,464,-1.4267616,0.022004,-0.5061084,0.0533,0.0661
K,R,464,-0.9926224,0.0243033,-0.2385022,0.0671,0.075
K,S,464,-1.4207993,0.0147,-0.5012476,0.0175,0.0358
K,T,464,-1.6872864,0.0172,-0.7546593,0.0227,0.0414
K,V,464,-1.445816,0.0147,-0.5218851,0.0036,0.0151
K,W,464,-1.6339035,0.0172,-0.6978954,0.0061,0.0201
K,Y,464,-1.8786736,0.0172,-0.9826727,0.0074,0.0223
V,A,465,-1.9936867,0.0254463,-1.1373701,0.0651,0.0881
V,C,465,-2.10672,0.0147,-1.3013113,0.0494,0.0757
V,D,465,-2.1685448,0.0172,-1.3955955,0.003,0.0163
V,E,465,-1.8943977,0.0172,-1.0030653,0.0067,0.0252
V,F,465,-1.9112396,0.0172,-1.0251779,0.0047,0.0207
V,G,465,-1.8761826,0.0172,-0.9794646,0.0014,0.0107
V,H,465,-2.0533257,0.0172,-1.222463,0.0055,0.0227
V,I,465,-1.2688026,0.0157946,-0.389205,0.0184,0.044
V,K,465,-1.7823906,0.0172,-0.8632316,0.007,0.0258
V,L,465,-2.0665855,0.0172,-1.2418138,0.021,0.0472
V,M,465,-1.615284,0.0172,-0.6788076,0.0139,0.0377
V,N,465,-2.1242905,0.0172,-1.327788,0.0045,0.0203
V,P,465,-1.6692734,0.0172,-0.7351678,0.0037,0.0182
V,Q,465,-1.6426849,0.0172,-0.7070253,0.0045,0.0202
V,R,465,-1.8895416,0.0172,-0.9967413,0.0017,0.012
V,S,465,-1.9094124,0.0172,-1.0227655,0.0117,0.0343
V,T,465,-1.8108978,0.0149361,-0.8976107,0.144,0.1363
V,W,465,-1.871891,0.0172,-0.973952,0.0045,0.0203
V,Y,465,-1.8935966,0.0172,-1.0020204,0.0039,0.0189
K,A,466,-1.4241409,0.0147,-0.5039674,0.0749,0.085
K,C,466,-1.3140755,0.0147,-0.4202381,0.0218,0.0432
K,D,466,-1.2646408,0.0172,-0.3864485,0.0055,0.0202
K,E,466,-1.3447723,0.0254825,-0.4423916,0.0117,0.0306
K,F,466,-1.6494598,0.0172,-0.714125,0.0137,0.0334
K,G,466,-1.3843842,0.01225,-0.4723389,0.0588,0.0744
K,H,466,-1.4395142,0.0172,-0.5166263,0.0323,0.0535
K,I,466,-1.3538895,0.0172,-0.4491476,0.0036,0.016
K,L,466,-1.3951149,0.0176007,-0.4807193,0.0041,0.0173
K,M,466,-1.4283409,0.0172,-0.507402,0.0125,0.0318
K,N,466,-1.2244835,0.0222467,-0.3606667,0.0248,0.0463
K,P,466,-1.3214912,0.0172,-0.4255067,0.0041,0.0173
K,Q,466,-1.4890709,0.0154252,-0.5590835,0.0178,0.0386
K,R,466,-0.1215172,0.0153087,-0.0437849,0.1305,0.1154
K,S,466,-1.3457031,0.0147,-0.4430776,0.009,0.0265
K,T,466,-1.3230133,0.0237791,-0.4265946,0.0083,0.0254
K,V,466,-1.3992424,0.0172,-0.4839734,0.0026,0.0135
K,W,466,-1.4269257,0.0222467,-0.5062427,0.0137,0.0334
K,Y,466,-1.5056725,0.0172,-0.5738756,0.0087,0.026
S,A,467,-1.0918884,0.0127,-0.2855324,0.1558,0.1088
S,C,467,-1.3490143,0.0219,-0.4455249,0.0143,0.0293
S,D,467,-1.1505089,0.0147,-0.3169203,0.0222,0.0373
S,E,467,-1.3765144,0.0249,-0.4662658,0.0398,0.0514
S,F,467,-1.2237282,0.0172,-0.3601958,0.0008,0.0059
S,G,467,-1.0522156,0.0110489,-0.2658449,0.0844,0.0777
S,H,467,-1.4824677,0.0122857,-0.5532798,0.0114,0.0259
S,I,467,-1.1883011,0.0172,-0.3386756,0.0178,0.033
S,K,467,-1.1302032,0.0172,-0.3057293,0.0811,0.076
S,L,467,-1.1581268,0.0172,-0.3212077,0.0128,0.0276
S,M,467,-1.3996315,0.0172,-0.4842811,0.0086,0.0221
S,N,467,-0.9735947,0.0109428,-0.2303111,0.0409,0.0522
S,P,467,-1.6141434,0.0172,-0.6776503,0.0011,0.0073
S,Q,467,-1.315876,0.0179261,-0.4215125,0.0189,0.0341
S,R,467,-1.2043419,0.0134943,-0.3482824,0.1291,0.0982
S,T,467,-1.1446152,0.0158991,-0.3136368,0.1231,0.0956
S,V,467,-1.3175201,0.0166411,-0.4226788,0.1096,0.0897
S,W,467,-1.3690491,0.0147,-0.4605616,0.0087,0.0223
S,Y,467,-1.3191109,0.0172,-0.4238098,0.0034,0.0132
Q,A,468,-1.7220383,0.01225,-0.7932321,0.0352,0.0514
Q,C,468,-2.0340157,0.0241565,-1.1945606,0.1338,0.1071
Q,D,468,-1.6984024,0.0147,-0.7668589,0.0023,0.0116
Q,E,468,-1.6453819,0.0147,-0.7098458,0.0074,0.0217
Q,F,468,-1.7465782,0.0249,-0.8212356,0.0016,0.0095
Q,G,468,-1.6173477,0.0147,-0.6809051,0.0024,0.0117
Q,H,468,-1.868267,0.0248787,-0.9693113,0.0049,0.0174
Q,I,468,-1.8021584,0.0208333,-0.8869823,0.0601,0.069
Q,K,468,-1.662754,0.0147,-0.728198,0.0097,0.0253
Q,L,468,-1.7071724,0.0201333,-0.7765758,0.1562,0.1167
Q,M,468,-1.7168236,0.0221901,-0.7873629,0.2016,0.1342
Q,N,468,-1.6678123,0.0172,-0.7336019,0.017,0.0345
Q,P,468,-1.9104385,0.0147,-1.0241198,0.0004,0.0041
Q,R,468,-1.683094,0.0261071,-0.7500921,0.0806,0.0811
Q,S,468,-1.9389801,0.0291174,-1.0622024,0.0979,0.0902
Q,T,468,-2.057125,0.0129173,-1.2279917,0.0233,0.041
Q,V,468,-1.656456,0.0124701,-0.7215077,0.0341,0.0506
Q,W,468,-1.6973457,0.0172,-0.7656935,0.0012,0.0079
Q,Y,468,-1.6235809,0.0172,-0.6872677,0.0018,0.0101
L,A,469,-2.0295944,0.0172,-1.1882188,0.0011,0.0108
L,C,469,-1.8817902,0.0172,-0.9866951,0.0045,0.0234
L,D,469,-2.0181732,0.0147,-1.1719179,0.0034,0.02
L,E,469,-1.7789688,0.0172,-0.8591614,0.0023,0.0163
L,F,469,-1.7418823,0.0122857,-0.8158281,0.0068,0.0293
L,G,469,-1.6998749,0.0147,-0.7684847,0.0021,0.0153
L,H,469,-1.7978821,0.0147,-0.8818102,0.0081,0.0324
L,I,469,-1.9582367,0.0128572,-1.0883389,0.0997,0.1285
L,K,469,-1.9393234,0.0172,-1.0626652,0.0017,0.0136
L,M,469,-1.5318756,0.0172,-0.5978085,0.0074,0.0307
L,N,469,-1.6024094,0.0172,-0.6658243,0.004,0.022
L,P,469,-1.8174744,0.0183432,-0.9056605,0.008,0.0321
L,Q,469,-1.7547035,0.0172,-0.8306467,0.0058,0.0268
L,R,469,-1.8715782,0.0172,-0.973551,0.0011,0.0106
L,S,469,-1.8754044,0.0222851,-0.9784636,0.0091,0.0344
L,T,469,-1.6127892,0.0172,-0.676278,0.0132,0.0423
L,V,469,-1.7724075,0.0159081,-0.8513907,0.0297,0.0661
L,W,469,-1.6805801,0.0172,-0.7473624,0.0073,0.0305
L,Y,469,-1.7296982,0.0172,-0.8019053,0.0024,0.0164
K,A,470,-1.5146484,0.0157526,-0.5819929,0.0515,0.0573
K,C,470,-1.5904465,0.0249,-0.653918,0.0042,0.0144
K,D,470,-1.5728073,0.0172,-0.6366387,0.0332,0.045
K,E,470,-1.3552094,0.0141211,-0.4501324,0.0107,0.0241
K,F,470,-1.3533058,0.0146332,-0.4487126,0.0481,0.0551
K,G,470,-1.4112663,0.0186651,-0.4935507,0.0658,0.0655
K,H,470,-1.4676247,0.0205351,-0.5403988,0.0161,0.0302
K,I,470,-1.4924049,0.0172,-0.5620311,0.0247,0.0383
K,L,470,-1.5190201,0.0172,-0.5859769,0.0229,0.0367
K,M,470,-1.496151,0.0195223,-0.5653568,0.0234,0.0371
K,N,470,-1.359581,0.012905,-0.4534063,0.1674,0.1095
K,P,470,-1.3586884,0.0172,-0.4527363,0.0015,0.0083
K,Q,470,-1.595726,0.0146813,-0.6591538,0.0624,0.0637
K,R,470,-0.4758072,0.0246123,-0.0888076,0.1205,0.0914
K,S,470,-1.4080582,0.0147,-0.4909812,0.0253,0.0387
K,T,470,-1.3290672,0.0174759,-0.4309437,0.0462,0.054
K,V,470,-1.4253578,0.0177201,-0.5049607,0.0119,0.0255
K,W,470,-1.6139145,0.0147,-0.6774182,0.0657,0.0655
K,Y,470,-1.7498703,0.0249,-0.8250404,0.0097,0.0228
N,A,471,-1.9784164,0.0143333,-1.1161054,0.0326,0.0481
N,C,471,-1.852623,0.0147,-0.9494294,0.0039,0.015
N,D,471,-1.7842445,0.0142923,-0.8654419,0.029,0.0451
N,E,471,-1.7481575,0.0266787,-0.8230594,0.0358,0.0506
N,F,471,-1.9557266,0.0172,-1.0849119,0.0099,0.025
N,G,471,-2.063717,0.0226901,-1.2376145,0.0323,0.0479
N,H,471,-2.101982,0.0197295,-1.2942159,0.004,0.0151
N,I,471,-1.8361969,0.0147,-0.9288187,0.002,0.0103
N,K,471,-1.9183311,0.0168863,-1.0345718,0.009,0.0237
N,L,471,-1.8570175,0.0255026,-0.9549896,0.0217,0.0385
N,M,471,-2.076851,0.0172,-1.2569002,0.0231,0.0398
N,P,471,-2.2381973,0.0172,-1.5054284,0.0009,0.0065
N,Q,471,-1.849453,0.0165564,-0.9454306,0.1898,0.1267
N,R,471,-1.8813362,0.0197295,-0.9861086,0.0099,0.025
N,S,471,-1.8477058,0.0129483,-0.943231,0.0458,0.058
N,T,471,-1.821495,0.0115411,-0.9106036,0.132,0.1038
N,V,471,-1.9955482,0.0172,-1.1399771,0.0249,0.0414
N,W,471,-2.1262665,0.0172,-1.3307816,0.071,0.0738
N,Y,471,-1.9721909,0.01225,-1.1074985,0.0288,0.0449
N,A,472,-2.1245003,0.0172,-1.3281057,0.0124,0.0421
N,C,472,-1.9640503,0.0172,-1.0962988,0.0464,0.0869
N,D,472,-1.9861526,0.0210449,-1.1268514,0.0069,0.0305
N,E,472,-1.9224625,0.0172,-1.040067,0.0017,0.0139
N,F,472,-2.0666122,0.0172,-1.2418529,0.0015,0.0134
N,G,472,-2.1226463,0.0172,-1.3252995,0.0034,0.0208
N,H,472,-1.9922066,0.0172,-1.1352995,0.0135,0.044
N,I,472,-1.9461021,0.0172,-1.0718276,0.0028,0.0185
N,K,472,-1.9500046,0.0197253,-1.0771224,0.0292,0.0674
N,L,472,-2.1266365,0.0172,-1.3313426,0.0003,0.0058
N,M,472,-2.0667229,0.0172,-1.2420151,0.006,0.0281
N,P,472,-1.8905525,0.0222505,-0.9980559,0.0013,0.0123
N,Q,472,-1.961628,0.0172,-1.0929783,0.0025,0.0174
N,R,472,-2.4146233,0.0172,-1.7988911,0.0004,0.0064
N,S,472,-2.0022202,0.0209001,-1.1493475,0.0183,0.0521
N,T,472,-1.9768372,0.0147,-1.1139187,0.021,0.0562
N,V,472,-1.9765549,0.0172,-1.113528,0.0032,0.0198
N,W,472,-1.8838081,0.0172,-0.9893047,0.0034,0.0208
N,Y,472,-1.9562607,0.0172,-1.0856406,0.0037,0.0218
A,C,473,-1.9938622,0.0172,-1.1376158,0.003,0.0175
A,D,473,-1.8200493,0.0110095,-0.9088243,0.005,0.0231
A,E,473,-2.0849342,0.0172,-1.2688436,0.0038,0.0198
A,F,473,-1.8418922,0.0147,-0.935934,0.1004,0.1204
A,G,473,-1.9898186,0.0172,-1.1319631,0.0527,0.0845
A,H,473,-1.7943001,0.0172,-0.8774924,0.0023,0.0152
A,I,473,-1.9276085,0.0172,-1.046935,0.0018,0.0131
A,K,473,-1.8798141,0.0172,-0.9841435,0.0026,0.0162
A,L,473,-1.9312248,0.0172,-1.0517767,0.0012,0.0106
A,M,473,-2.0254745,0.0172,-1.1823251,0.0079,0.0299
A,N,473,-1.9167099,0.0172,-1.0324199,0.0015,0.0119
A,P,473,-2.310257,0.0172,-1.6227959,0.001,0.0097
A,Q,473,-2.204319,0.0172,-1.4515451,0.0019,0.0136
A,R,473,-1.9522781,0.0172,-1.0802136,0.0022,0.0148
A,S,473,-1.6645279,0.0172,-0.73009,0.004,0.0206
A,T,473,-1.7821159,0.0219667,-0.8629044,0.0054,0.0242
A,V,473,-2.0239563,0.0252122,-1.1801571,0.0642,0.0942
A,W,473,-1.8822975,0.0172,-0.9873508,0.0021,0.0142
A,Y,473,-1.8797836,0.0172,-0.9841042,0.0843,0.1094
K,A,474,-1.868721,0.0176153,-0.969892,0.0691,0.0728
K,C,474,-1.7663918,0.0172,-0.8443054,0.0022,0.0111
K,D,474,-1.7477112,0.0172,-0.8225438,0.0036,0.0144
K,E,474,-1.691536,0.0223327,-0.7593077,0.1927,0.1279
K,F,474,-1.5823936,0.0146382,-0.6459885,0.0347,0.0498
K,G,474,-1.802845,0.0165939,-0.8878144,0.008,0.0222
K,H,474,-1.9200249,0.0186036,-1.0368227,0.0245,0.0411
K,I,474,-1.778183,0.0154286,-0.8582284,0.0133,0.0295
K,L,474,-1.987484,0.0180424,-1.1287064,0.0684,0.0724
K,M,474,-1.809578,0.0159054,-0.8960006,0.2335,0.1421
K,N,474,-1.6982765,0.015599,-0.7667199,0.0997,0.089
K,P,474,-1.7680817,0.0172,-0.846292,0.0008,0.0064
K,Q,474,-2.1099586,0.0159559,-1.3061721,0.0637,0.0695
K,R,474,-1.6019669,0.0200669,-0.6653812,0.0405,0.0543
K,S,474,-1.7297935,0.0172,-0.8020136,0.0001,0.0022
K,T,474,-1.6463776,0.0168859,-0.710889,0.0009,0.0067
K,V,474,-1.7297935,0.0101729,-0.8020136,0.0123,0.0282
K,W,474,-1.614788,0.0286444,-0.6783042,0.011,0.0264
K,Y,474,-1.693016,0.0227972,-0.7609311,0.0751,0.0762
E,A,475,-1.876751,0.0147,-0.9801961,0.0204,0.0442
E,C,475,-1.9045486,0.0172,-1.0163596,0.0019,0.0119
E,D,475,-1.8818436,0.01225,-0.9867641,0.0444,0.0679
E,F,475,-1.7916527,0.0172,-0.8743097,0.0024,0.0137
E,G,475,-1.7805862,0.020595,-0.8610838,0.0028,0.015
E,H,475,-1.7336426,0.0172,-0.8063955,0.002,0.0124
E,I,475,-1.8760605,0.0139127,-0.9793075,0.0739,0.0899
E,K,475,-1.8124161,0.0305581,-0.8994652,0.0116,0.0324
E,L,475,-1.6777725,0.0177075,-0.7443217,0.0078,0.0261
E,M,475,-1.9697838,0.0172,-1.1041803,0.0043,0.0187
E,N,475,-1.6776543,0.0147,-0.7441939,0.0463,0.0695
E,P,475,-1.8181725,0.0147,-0.9065176,0.0447,0.0681
E,Q,475,-1.512146,0.0147,-0.5797214,0.0213,0.0454
E,R,475,-1.7773666,0.0197302,-0.8572597,0.0015,0.0105
E,S,475,-1.9387283,0.0147,-1.061863,0.0129,0.0344
E,T,475,-1.8745003,0.0147,-0.9773015,0.0113,0.032
E,V,475,-1.6627235,0.0177857,-0.7281655,0.0883,0.0991
E,W,475,-1.9464531,0.0172,-1.0723033,0.0031,0.0157
E,Y,475,-1.9270515,0.0172,-1.0461903,0.0012,0.0093
I,A,476,-1.8710747,0.0172,-0.9729056,0.015,0.0297
I,C,476,-1.5520248,0.0249,-0.6167024,0.017,0.0318
I,D,476,-1.7996216,0.014732,-0.8839118,0.0124,0.0267
I,E,476,-1.6220703,0.0158706,-0.685722,0.0063,0.0185
I,F,476,-1.6924324,0.0206248,-0.7602907,0.0072,0.0199
I,G,476,-1.6688118,0.0147,-0.7346728,0.0038,0.014
I,H,476,-1.6581154,0.0172,-0.7232664,0.031,0.0443
I,K,476,-1.7708092,0.0125179,-0.8495045,0.0639,0.0659
I,L,476,-1.2359924,0.0376144,-0.3679059,0.1187,0.0926
I,M,476,-1.5938759,0.0244336,-0.6573156,0.1389,0.1009
I,N,476,-1.6742516,0.0124994,-0.7405203,0.018,0.0328
I,P,476,-1.4745865,0.0172,-0.546412,0.0019,0.0095
I,Q,476,-1.7259293,0.0158706,-0.7976302,0.0426,0.0527
I,R,476,-1.7729912,0.0096193,-0.8520802,0.0235,0.038
I,S,476,-2.0399704,0.0143961,-1.2031296,0.0989,0.0837
I,T,476,-1.5197983,0.0181496,-0.5866882,0.0774,0.0732
I,V,476,-0.9785728,0.0160794,-0.2324297,0.1765,0.1151
I,W,476,-1.8331757,0.0158706,-0.9250576,0.0149,0.0295
I,Y,476,-1.6608734,0.0154601,-0.7261959,0.0145,0.0292
G,A,477,-2.0837936,0.0147473,-1.2671549,0.0039,0.0179
G,C,477,-2.2095985,0.0172,-1.4598854,0.0103,0.0307
G,D,477,-1.8218842,0.0172,-0.9110829,0.0077,0.0261
G,E,477,-1.92416,0.0238149,-1.0423297,0.0119,0.0334
G,F,477,-1.888977,0.0210174,-0.9960075,0.0392,0.0642
G,H,477,-1.845665,0.0147473,-0.9406656,0.0207,0.0452
G,I,477,-1.9759674,0.0172,-1.1127152,0.0006,0.0067
G,K,477,-2.0606384,0.0172,-1.2331158,0.0151,0.038
G,L,477,-2.0641098,0.0158795,-1.2381891,0.0177,0.0414
G,M,477,-2.1627579,0.02408,-1.3866391,0.0109,0.0317
G,N,477,-1.8001251,0.0147,-0.8845207,0.0237,0.0487
G,P,477,-1.861412,0.0172,-0.9605691,0.0048,0.0203
G,Q,477,-2.100338,0.0172,-1.2917584,0.0163,0.0396
G,R,477,-1.8386574,0.0131875,-0.9318887,0.0249,0.05
G,S,477,-1.9679031,0.0249,-1.1015916,0.0171,0.0406
G,T,477,-1.8057823,0.0172,-0.89138,0.019,0.0431
G,V,477,-1.8101501,0.0158795,-0.8966983,0.0035,0.0169
G,W,477,-1.957489,0.0172,-1.0873174,0.0074,0.0257
G,Y,477,-1.9730148,0.0147473,-1.1086354,0.0407,0.0655
N,A,478,-2.1051826,0.0172,-1.2990069,0.0191,0.0424
N,C,478,-1.8548088,0.0158679,-0.9521926,0.0027,0.0144
N,D,478,-1.6135254,0.0178053,-0.6770238,0.0191,0.0424
N,E,478,-1.8862534,0.0172,-0.9924724,0.0031,0.0157
N,F,478,-1.7109375,0.0172,-0.7807724,0.0048,0.0198
N,G,478,-1.8812561,0.0158679,-0.9860051,0.0086,0.0274
N,H,478,-1.8572083,0.0190415,-0.9552314,0.1098,0.1108
N,I,478,-1.8525543,0.0172,-0.9493426,0.0117,0.0323
N,K,478,-1.8243332,0.0252995,-0.9141029,0.0277,0.052
N,L,478,-2.2326813,0.0172,-1.496597,0.0159,0.0382
N,M,478,-1.7673149,0.0172,-0.8453902,0.0157,0.0381
N,P,478,-1.8924408,0.0172,-1.0005141,0.0012,0.0093
N,Q,478,-1.9195366,0.0172,-1.0361735,0.0172,0.04
N,R,478,-1.8795509,0.0137397,-0.983804,0.0274,0.0517
N,S,478,-1.9503937,0.0130003,-1.0776511,0.0055,0.0214
N,T,478,-1.7782631,0.0147273,-0.8583235,0.0215,0.0452
N,V,478,-1.8192024,0.0172,-0.907783,0.0024,0.0135
N,W,478,-2.0590515,0.0172,-1.2308,0.0061,0.0225
N,Y,478,-1.9307632,0.0249,-1.0511579,0.053,0.0742
G,A,479,-2.2214355,0.0172,-1.4786616,0.0013,0.0101
G,C,479,-1.9407692,0.0172,-1.0646158,0.0111,0.0322
G,D,479,-2.018692,0.0172,-1.1726558,0.0052,0.0212
G,E,479,-1.9828911,0.0176501,-1.1223142,0.0135,0.0358
G,F,479,-2.138317,0.018788,-1.3491078,0.0037,0.0176
G,H,479,-2.0481071,0.0172,-1.2148896,0.0113,0.0325
G,I,479,-1.8868904,0.0172,-0.9932985,0.023,0.0479
G,K,479,-1.9670792,0.0172,-1.1004586,0.0268,0.0521
G,L,479,-1.9589462,0.0289096,-1.0893086,0.0757,0.0923
G,M,479,-2.207405,0.0172,-1.4564177,0.0182,0.0422
G,N,479,-2.0595856,0.0172,-1.2315792,0.0106,0.0314
G,P,479,-2.183632,0.0172,-1.4190701,0.0009,0.0081
G,Q,479,-2.17173,0.0172,-1.4005365,0.0258,0.0511
G,R,479,-1.942524,0.020563,-1.0669858,0.0755,0.0921
G,S,479,-1.9716339,0.0147,-1.1067302,0.0011,0.0092
G,T,479,-2.087452,0.0172,-1.2725752,0.0022,0.0133
G,V,479,-1.9689598,0.0172,-1.1030457,0.0012,0.0094
G,W,479,-2.0242157,0.0172,-1.1805274,0.0166,0.04
G,Y,479,-1.8915558,0.0172,-0.9993615,0.039,0.0641
C,A,480,-1.8646088,0.0172,-0.9646402,0.0013,0.0119
C,D,480,-2.1326065,0.0172,-1.3404085,0.0016,0.0135
C,E,480,-2.026001,0.0172,-1.1830774,0.0016,0.0137
C,F,480,-2.053482,0.0165189,-1.2226902,0.0332,0.0721
C,G,480,-1.9217796,0.0103833,-1.0391575,0.0037,0.0214
C,H,480,-1.8346786,0.0172,-0.9269274,0.0021,0.0157
C,I,480,-2.2854538,0.0172,-1.5819876,0.0017,0.0141
C,K,480,-1.9906769,0.0172,-1.1331617,0.0089,0.0349
C,L,480,-2.194973,0.0172,-1.4368327,0.0035,0.021
C,M,480,-2.0380325,0.0172,-1.2003374,0.0054,0.0266
C,N,480,-2.2471085,0.0172,-1.5197427,0.0029,0.019
C,P,480,-2.0591393,0.0172,-1.2309281,0.0034,0.0206
C,Q,480,-2.0521164,0.0172,-1.2207059,0.0022,0.0163
C,R,480,-1.9769707,0.0192539,-1.1141034,0.1158,0.1432
C,S,480,-1.9424324,0.0190747,-1.066862,0.0016,0.0138
C,T,480,-2.1117973,0.0172,-1.3089357,0.0021,0.016
C,V,480,-2.0323257,0.0172,-1.1921344,0.0099,0.0371
C,W,480,-1.9575272,0.0258987,-1.0873696,0.0139,0.0447
C,Y,480,-2.030529,0.0180454,-1.1895579,0.0101,0.0374
F,A,481,-1.9760933,0.0172,-1.1128894,0.0009,0.0087
F,C,481,-1.9261093,0.0172,-1.0449314,0.0127,0.0366
F,D,481,-2.1130905,0.0172,-1.3108811,0.0047,0.0212
F,E,481,-1.9613647,0.0172,-1.0926177,0.0026,0.0155
F,G,481,-1.8861275,0.0172,-0.9923091,0.0038,0.0188
F,H,481,-2.1224594,0.0172,-1.3250168,0.0082,0.0288
F,I,481,-2.0777473,0.0172,-1.2582217,0.0049,0.0217
F,K,481,-2.1645203,0.0172,-1.389364,0.0029,0.0161
F,L,481,-1.9966736,0.0121084,-1.1415548,0.1345,0.1341
F,M,481,-1.9573059,0.0158704,-1.0870674,0.0142,0.039
F,N,481,-2.0118484,0.0172,-1.1629418,0.0034,0.0177
F,P,481,-2.1266174,0.0172,-1.3313136,0.0028,0.0158
F,Q,481,-2.0553207,0.0172,-1.2253645,0.0024,0.0148
F,R,481,-1.9320068,0.0172,-1.0528253,0.0224,0.0501
F,S,481,-1.8638954,0.016389,-0.9637308,0.009,0.0303
F,T,481,-1.8809967,0.0147,-0.9856701,0.0033,0.0174
F,V,481,-1.8974037,0.0206243,-1.0069916,0.1607,0.1479
F,W,481,-1.8125725,0.0158704,-0.8996564,0.0018,0.0127
F,Y,481,-2.123146,0.0219,-1.3260555,0.0249,0.053
E,A,482,-1.9236794,0.0219,-1.0416888,0.0184,0.0368
E,C,482,-1.8964958,0.0172,-1.0058048,0.0009,0.007
E,D,482,-1.7122917,0.0121175,-0.7822854,0.4425,0.2114
E,F,482,-1.6203423,0.0158758,-0.6839567,0.0033,0.0144
E,G,482,-1.7109871,0.0217267,-0.7808278,0.0254,0.0439
E,H,482,-1.7047119,0.0158758,-0.7738415,0.0051,0.0181
E,I,482,-1.6435623,0.012138,-0.707942,0.0288,0.0471
E,K,482,-1.640171,0.0109208,-0.7044033,0.0681,0.0755
E,L,482,-1.8174896,0.0100727,-0.9056792,0.0603,0.0707
E,M,482,-1.7633018,0.0172,-0.8406807,0.0065,0.0207
E,N,482,-1.9314117,0.0147,-1.0520272,0.0518,0.065
E,P,482,-1.8232002,0.02064,-0.912705,0.0015,0.0091
E,Q,482,-1.9897499,0.0192606,-1.1318672,0.0147,0.0326
E,R,482,-1.9229584,0.014741,-1.0407277,0.0188,0.0372
E,S,482,-1.8613892,0.0172,-0.9605401,0.0235,0.0421
E,T,482,-1.5615997,0.0172,-0.6258308,0.032,0.0498
E,V,482,-1.8631706,0.0195473,-0.9628074,0.0225,0.0411
E,W,482,-1.8715324,0.014741,-0.9734923,0.0133,0.0308
E,Y,482,-2.0345306,0.0249,-1.1953003,0.0127,0.0301
F,A,483,-1.9158249,0.0172,-1.0312463,0.0006,0.0074
F,C,483,-2.15168,0.0172,-1.3695683,0.0024,0.0152
F,D,483,-1.9872551,0.0172,-1.1283873,0.0085,0.0307
F,E,483,-1.830349,0.0172,-0.921547,0.0048,0.0225
F,G,483,-1.9252396,0.0172,-1.0437702,0.0025,0.0158
F,H,483,-1.900177,0.0158869,-1.0106219,0.0364,0.0684
F,I,483,-2.0203896,0.0190643,-1.175072,0.0036,0.0193
F,K,483,-1.7451744,0.01476,-0.8196167,0.0256,0.0564
F,L,483,-1.8725319,0.0064461,-0.9747741,0.0355,0.0675
F,M,483,-2.0061302,0.0172,-1.1548579,0.0065,0.0265
F,N,483,-2.021511,0.0172,-1.1766696,0.0036,0.0191
F,P,483,-2.0783691,0.0172,-1.259139,0.021,0.0506
F,Q,483,-1.9896317,0.0172,-1.1317022,0.0356,0.0676
F,R,483,-2.0852966,0.0172,-1.2693804,0.0018,0.013
F,S,483,-1.9064751,0.0261598,-1.0188942,0.0071,0.0278
F,T,483,-2.0745163,0.0172,-1.253461,0.0038,0.0197
F,V,483,-1.8666,0.0194333,-0.9671811,0.0092,0.0322
F,W,483,-2.22221,0.0172,-1.4798938,0.0026,0.016
F,Y,483,-2.1518173,0.0158869,-1.3697793,0.029,0.0604
Y,A,484,-2.0754395,0.0147,-1.2548204,0.0058,0.0208
Y,C,484,-1.8115997,0.0474418,-0.8984678,0.0123,0.0315
Y,D,484,-1.7980499,0.0158723,-0.8820128,0.0048,0.0188
Y,E,484,-1.8582268,0.0172,-0.956523,0.0036,0.016
Y,F,484,-1.8198738,0.014735,-0.9086084,0.0542,0.0711
Y,G,484,-1.9285774,0.0158723,-1.0482309,0.0017,0.0106
Y,H,484,-1.9749794,0.032242,-1.1113491,0.0942,0.0963
Y,I,484,-1.8987083,0.0172,-1.0086984,0.0036,0.016
Y,K,484,-1.8214073,0.0172,-0.9104956,0.0025,0.0132
Y,L,484,-1.9978371,0.0202362,-1.1431871,0.2311,0.1578
Y,M,484,-1.9390335,0.0172,-1.0622744,0.0991,0.0991
Y,N,484,-1.6091843,0.0172,-0.6726345,0.0201,0.0412
Y,P,484,-2.0480232,0.0172,-1.214768,0.0018,0.011
Y,Q,484,-1.9737167,0.0172,-1.1096046,0.0064,0.0219
Y,R,484,-1.7242928,0.0149995,-0.7957785,0.0677,0.0803
Y,S,484,-1.8344078,0.0249,-0.9265904,0.001,0.0077
Y,T,484,-1.873394,0.0172,-0.9758805,0.004,0.017
Y,V,484,-1.7793007,0.0172,-0.8595557,0.0011,0.0082
Y,W,484,-1.9673767,0.0194157,-1.1008676,0.0498,0.0679
H,A,485,-1.9764366,0.0172,-1.1133643,0.0073,0.028
H,C,485,-2.2781296,0.0172,-1.5700182,0.015,0.0416
H,D,485,-2.0721169,0.0172,-1.2499315,0.0067,0.0266
H,E,485,-1.939045,0.0147,-1.0622899,0.0159,0.043
H,F,485,-2.119484,0.0172,-1.3205196,0.0032,0.0179
H,G,485,-1.8726616,0.0172,-0.9749405,0.0018,0.0128
H,I,485,-2.1282501,0.0172,-1.3337901,0.0021,0.0143
H,K,485,-2.0032158,0.0172,-1.1507493,0.0134,0.0391
H,L,485,-1.9882355,0.0172,-1.1297541,0.007,0.0274
H,M,485,-1.8496895,0.0172,-0.9457286,0.0038,0.0195
H,N,485,-2.2260628,0.0249,-1.4860301,0.0065,0.0263
H,P,485,-1.9025917,0.0158787,-1.0137889,0.0103,0.0338
H,Q,485,-1.9982643,0.0125608,-1.1437868,0.0105,0.0342
H,R,485,-2.0632439,0.0173628,-1.2369227,0.0191,0.0475
H,S,485,-1.9141579,0.0158787,-1.0290377,0.0022,0.0144
H,T,485,-2.0069923,0.0172,-1.1560747,0.0119,0.0366
H,V,485,-2.1413078,0.0172,-1.3536745,0.0228,0.0524
H,W,485,-2.038166,0.0172,-1.2005296,0.0019,0.0135
H,Y,485,-2.0099983,0.0159236,-1.160323,0.0968,0.1159
K,A,486,-1.707901,0.0165018,-0.7773868,0.07,0.0678
K,C,486,-1.7277603,0.0147369,-0.7997052,0.0066,0.0185
K,D,486,-1.6118507,0.0158735,-0.6753281,0.0452,0.0533
K,E,486,-1.866806,0.0490778,-0.9674442,0.0271,0.0402
K,F,486,-1.7321243,0.0158735,-0.8046652,0.0103,0.0236
K,G,486,-1.8467674,0.0169836,-0.9420508,0.0306,0.043
K,H,486,-1.4415092,0.0158735,-0.5182867,0.0196,0.0337
K,I,486,-1.6222458,0.0108519,-0.6859014,0.1773,0.1131
K,L,486,-1.7186661,0.0174981,-0.7894334,0.0698,0.0677
K,M,486,-1.7690659,0.012845,-0.8474503,0.0181,0.0322
K,N,486,-1.6654663,0.0139586,-0.7310922,0.0036,0.0133
K,P,486,-1.745678,0.0172,-0.8201972,0.0087,0.0216
K,Q,486,-1.7421455,0.0281928,-0.8161306,0.1033,0.084
K,R,486,-1.1980667,0.0156006,-0.3444974,0.0649,0.0651
K,S,486,-1.759964,0.0294295,-0.8367764,0.0795,0.0727
K,T,486,-1.6853104,0.0172576,-0.7525043,0.0209,0.0349
K,V,486,-1.6034393,0.0232036,-0.6668564,0.0453,0.0534
K,W,486,-1.6274376,0.0172,-0.6912252,0.001,0.0066
K,Y,486,-1.4870834,0.0172,-0.5573319,0.0374,0.048
C,A,487,-1.9566231,0.0172,-1.0861352,0.003,0.0207
C,D,487,-2.1135101,0.0172,-1.3115126,0.0038,0.0236
C,E,487,-2.0925446,0.0172,-1.2801396,0.0122,0.0451
C,F,487,-1.991909,0.0229077,-1.1348834,0.0041,0.0247
C,G,487,-2.1376877,0.02064,-1.3481478,0.0038,0.0238
C,H,487,-2.1557922,0.0172,-1.3758937,0.0024,0.0184
C,I,487,-1.9223366,0.0172,-1.0398993,0.0016,0.0146
C,K,487,-2.0389938,0.0172,-1.201722,0.0021,0.0172
C,L,487,-2.070366,0.015881,-1.247359,0.003,0.0209
C,M,487,-2.1363907,0.0172,-1.3461703,0.0032,0.0214
C,N,487,-2.1517563,0.0172,-1.3696856,0.0038,0.0237
C,P,487,-1.9644661,0.0172,-1.0968693,0.0012,0.0126
C,Q,487,-1.8774834,0.0172,-0.9811391,0.0036,0.0229
C,R,487,-2.0794601,0.0220889,-1.2607491,0.0146,0.0497
C,S,487,-2.1170082,0.0133364,-1.3167832,0.0139,0.0484
C,T,487,-2.070816,0.0172,-1.2480199,0.0239,0.0651
C,V,487,-1.9041328,0.0172,-1.0158131,0.0006,0.0088
C,W,487,-1.977314,0.015881,-1.1145786,0.0074,0.0343
C,Y,487,-1.9264259,0.0143281,-1.0453544,0.0056,0.0294
D,A,488,-1.3270149,0.0172,-0.4294654,0.011,0.0306
D,C,488,-1.235611,0.0172,-0.3676641,0.0074,0.0246
D,E,488,-1.0321007,0.0103378,-0.256323,0.0055,0.021
D,F,488,-1.2527466,0.0172,-0.3786588,0.0011,0.0087
D,G,488,-1.2533951,0.0305312,-0.3790802,0.0077,0.0252
D,H,488,-1.3299332,0.0172,-0.4315687,0.0111,0.0308
D,I,488,-1.338829,0.0172,-0.4380312,0.0016,0.0105
D,K,488,-1.196003,0.0172,-0.3432602,0.0028,0.0143
D,L,488,-1.2880058,0.0158806,-0.4021325,0.0028,0.0143
D,M,488,-1.3363495,0.0172,-0.4362222,0.0032,0.0156
D,N,488,-0.3454704,0.0135505,-0.0685923,0.2022,0.1517
D,P,488,-1.3258591,0.0121519,-0.4286346,0.0691,0.0841
D,Q,488,-1.1487312,0.0172,-0.3159269,0.004,0.0175
D,R,488,-1.2496758,0.0172,-0.3766688,0.0707,0.0851
D,S,488,-1.029644,0.0206555,-0.2551808,0.1541,0.1307
D,T,488,-1.3186302,0.0158806,-0.4234678,0.0152,0.0366
D,V,488,-1.23703,0.0222328,-0.3685644,0.001,0.0081
D,W,488,-1.3448143,0.0172,-0.4424226,0.0029,0.0148
D,Y,488,-1.3047371,0.0172,-0.4136784,0.0343,0.0572
N,A,489,-1.055748,0.0172,-0.2675486,0.0034,0.0196
N,C,489,-1.2737236,0.0172,-0.392485,0.0055,0.0254
N,D,489,0.0953026,0.0211476,-0.0282304,0.0261,0.0599
N,E,489,-1.1523247,0.0172,-0.3179378,0.0017,0.0134
N,F,489,-1.2326927,0.0172,-0.3658182,0.0051,0.0245
N,G,489,-1.2278366,0.0172,-0.3627635,0.0015,0.0124
N,H,489,-1.1642265,0.0158842,-0.3246761,0.0081,0.0314
N,I,489,-1.1613312,0.0147,-0.3230258,0.0043,0.0221
N,K,489,-1.1459084,0.0177065,-0.3143548,0.005,0.0242
N,L,489,-1.0645409,0.0172,-0.2718308,0.0011,0.0106
N,M,489,-1.0189476,0.0172,-0.2502595,0.0055,0.0254
N,P,489,-1.3096809,0.0172,-0.4171408,0.0092,0.0338
N,Q,489,-1.1831741,0.0158842,-0.3356524,0.0474,0.0831
N,R,489,-1.2383003,0.0147,-0.369372,0.0008,0.0091
N,S,489,-1.1037331,0.0222379,-0.2916497,0.0046,0.0232
N,T,489,-1.0115051,0.0147,-0.2468848,0.067,0.1005
N,V,489,-1.0711479,0.0172,-0.2750877,0.013,0.0408
N,W,489,-1.1899414,0.0172,-0.3396477,0.0084,0.0321
N,Y,489,-1.065052,0.0172,-0.2720816,0.0041,0.0217
E,A,490,-1.2764244,0.0103778,-0.3942947,0.1041,0.0831
E,C,490,-1.6141434,0.0158905,-0.6776503,0.0051,0.0159
E,D,490,-1.2016754,0.0165315,-0.3466699,0.0658,0.0645
E,F,490,-1.6060753,0.0210184,-0.6695033,0.006,0.0174
E,G,490,-1.5284042,0.0122553,-0.5945965,0.0359,0.0462
E,H,490,-1.706234,0.0249347,-0.7755322,0.0741,0.0689
E,I,490,-1.6128922,0.0160747,-0.6763823,0.0556,0.0588
E,K,490,-1.2496834,0.0127782,-0.3766738,0.0072,0.0191
E,L,490,-1.9116325,0.0188315,-1.0256971,0.0384,0.048
E,M,490,-1.357151,0.0184151,-0.4515842,0.0522,0.0568
E,N,490,-1.3870735,0.0124992,-0.4744284,0.2464,0.1334
E,P,490,-1.5248184,0.0203347,-0.5912919,0.0277,0.0401
E,Q,490,-1.4543457,0.0147664,-0.5290679,0.0107,0.0238
E,R,490,-1.4301834,0.0172503,-0.5089143,0.0437,0.0515
E,S,490,-1.6870384,0.0187816,-0.7543886,0.0346,0.0453
E,T,490,-1.4326477,0.0278539,-0.5109424,0.0494,0.0551
E,V,490,-1.4529343,0.0206729,-0.5278742,0.0208,0.0342
E,W,490,-1.9023132,0.0249,-1.0134233,0.0423,0.0506
E,Y,490,-1.6798592,0.012936,-0.7465809,0.0068,0.0186
C,A,491,-1.9638481,0.0172,-1.0960214,0.0022,0.0155
C,D,491,-2.0228615,0.0172,-1.178595,0.0039,0.0211
C,E,491,-1.9887657,0.0172,-1.1304937,0.0052,0.0249
C,F,491,-1.9753532,0.0114997,-1.1118659,0.0108,0.0371
C,G,491,-1.7531662,0.0172,-0.8288608,0.0038,0.0208
C,H,491,-1.9818459,0.0172,-1.1208622,0.0056,0.0257
C,I,491,-1.996315,0.0172,-1.141052,0.0071,0.0295
C,K,491,-1.77462,0.0172,-0.854006,0.0048,0.0237
C,L,491,-2.0565147,0.0172,-1.2271028,0.006,0.0269
C,M,491,-1.9518051,0.0172,-1.0795701,0.1553,0.1606
C,N,491,-2.0351562,0.0172,-1.1961993,0.0052,0.0248
C,P,491,-2.039425,0.0172,-1.2023434,0.0035,0.0199
C,Q,491,-2.0649643,0.0172,-1.2394396,0.0052,0.0248
C,R,491,-1.8459396,0.0217555,-0.9410105,0.0018,0.0137
C,S,491,-1.8544312,0.0172,-0.9517149,0.0039,0.0213
C,T,491,-2.018013,0.0172,-1.1716901,0.0072,0.0297
C,V,491,-1.9538841,0.0147709,-1.0824003,0.0019,0.0144
C,W,491,-1.7709236,0.0172,-0.8496395,0.0183,0.0496
C,Y,491,-1.9378815,0.0135167,-1.060722,0.0112,0.0378
M,A,492,-1.7838936,0.0172,-0.8650233,0.0012,0.0112
M,C,492,-1.8065109,0.0172,-0.8922658,0.0015,0.0126
M,D,492,-1.7885704,0.0172,-0.8706132,0.0022,0.0153
M,E,492,-1.6012955,0.0158724,-0.6647093,0.0042,0.0218
M,F,492,-1.8007507,0.0172,-0.8852776,0.0023,0.0159
M,G,492,-1.7782516,0.0172,-0.8583098,0.0015,0.0122
M,H,492,-1.7288818,0.0158724,-0.800978,0.0121,0.039
M,I,492,-1.4397087,0.0214276,-0.516788,0.0647,0.0984
M,K,492,-1.6025314,0.02752,-0.6659465,0.0091,0.0335
M,L,492,-1.8165665,0.0176675,-0.9045466,0.0132,0.041
M,N,492,-1.7798729,0.0172,-0.8602356,0.0044,0.0225
M,P,492,-1.7748871,0.0172,-0.8543221,0.0024,0.0161
M,Q,492,-1.6803703,0.0172,-0.7471349,0.1156,0.1353
M,R,492,-1.7121582,0.01764,-0.7821362,0.0008,0.0087
M,S,492,-1.7312317,0.0172,-0.8036491,0.0025,0.0163
M,T,492,-1.6147499,0.0244065,-0.6782655,0.0183,0.0492
M,V,492,-1.6362267,0.0280011,-0.7003028,0.0204,0.0521
M,W,492,-1.6352654,0.0172,-0.699306,0.002,0.0146
M,Y,492,-1.7109032,0.0172,-0.7807341,0.002,0.0146
E,A,493,-1.6299706,0.0230863,-0.6938329,0.147,0.1082
E,C,493,-1.7834778,0.0375,-0.8645274,0.0043,0.0155
E,D,493,-1.1450577,0.0132507,-0.3138823,0.108,0.0914
E,F,493,-1.9237404,0.0351708,-1.0417701,0.0055,0.0178
E,G,493,-1.4919205,0.0166948,-0.5616021,0.2316,0.139
E,H,493,-1.7184982,0.0178527,-0.7892446,0.0889,0.0821
E,I,493,-1.8215752,0.0147,-0.9107023,0.0053,0.0174
E,K,493,-1.3136635,0.0187335,-0.4199469,0.0152,0.0311
E,L,493,-1.6498947,0.0181998,-0.7145824,0.0039,0.0146
E,M,493,-1.7356682,0.0224992,-0.8087078,0.0352,0.0493
E,N,493,-1.5111427,0.0140476,-0.5788125,0.0439,0.0557
E,P,493,-1.8247147,0.0172,-0.9145739,0.001,0.007
E,Q,493,-1.970665,0.0230161,-1.1053944,0.0231,0.0391
E,R,493,-1.6226616,0.0222284,-0.6863267,0.0219,0.038
E,S,493,-1.8682327,0.0109466,-0.9692675,0.0627,0.0678
E,T,493,-1.9189758,0.0159355,-1.0354282,0.0102,0.0249
E,V,493,-1.6670227,0.0179833,-0.7327565,0.006,0.0186
E,W,493,-1.6746674,0.0172,-0.7409685,0.028,0.0435
E,Y,493,-1.8312645,0.0172,-0.9226831,0.0173,0.0334
S,A,494,-1.9448318,0.0326777,-1.0701073,0.1087,0.0944
S,C,494,-2.064537,0.0292237,-1.2388142,0.0076,0.0219
S,D,494,-2.0480576,0.0172,-1.2148179,0.0085,0.0233
S,E,494,-2.069561,0.0164878,-1.2461772,0.1011,0.0907
S,F,494,-2.165142,0.0172,-1.3903258,0.0079,0.0223
S,G,494,-2.0956001,0.0136217,-1.2846888,0.0063,0.0198
S,H,494,-1.8795357,0.0124947,-0.9837844,0.0567,0.066
S,I,494,-1.9762955,0.011589,-1.1131691,0.0051,0.0176
S,K,494,-1.9476395,0.0249,-1.0739118,0.0503,0.0618
S,L,494,-1.9357758,0.0159218,-1.0578877,0.0043,0.016
S,M,494,-2.166233,0.0147,-1.3920143,0.0583,0.067
S,N,494,-1.9520187,0.0114961,-1.0798607,0.0827,0.0812
S,P,494,-2.0222473,0.0172,-1.1777191,0.0013,0.0082
S,Q,494,-1.9596977,0.0252215,-1.0903362,0.042,0.056
S,R,494,-1.9210777,0.0167574,-1.0382232,0.054,0.0643
S,T,494,-1.9299736,0.0210179,-1.0501001,0.1595,0.1165
S,V,494,-1.9867058,0.0172,-1.1276219,0.0009,0.0068
S,W,494,-2.0122032,0.0147,-1.1634443,0.0022,0.011
S,Y,494,-2.1398087,0.0172,-1.3513846,0.0015,0.0091
V,A,495,-1.9267654,0.0133516,-1.045808,0.0114,0.0361
V,C,495,-1.493988,0.0172,-0.5634348,0.0046,0.0218
V,D,495,-1.8043709,0.0172,-0.8896656,0.0025,0.0157
V,E,495,-1.8805923,0.0222508,-0.9851479,0.0048,0.0225
V,F,495,-1.8594666,0.0158934,-0.9580967,0.003,0.0174
V,G,495,-1.6484375,0.0137972,-0.7130506,0.0343,0.0661
V,H,495,-1.6592712,0.0172,-0.7244931,0.0049,0.0228
V,I,495,-0.8636589,0.008528,-0.1877227,0.0811,0.1061
V,K,495,-1.8257866,0.0172,-0.915898,0.0028,0.0166
V,L,495,-1.7858162,0.0146829,-0.8673185,0.0072,0.028
V,M,495,-1.6999741,0.0172,-0.7685943,0.0061,0.0256
V,N,495,-1.4537277,0.0158934,-0.5285449,0.0032,0.0179
V,P,495,-1.8287468,0.0172,-0.9195608,0.014,0.0404
V,Q,495,-1.7396317,0.0172,-0.8132446,0.0037,0.0194
V,R,495,-1.679142,0.0172,-0.7458039,0.0176,0.0458
V,S,495,-1.6126175,0.0172,-0.6761042,0.036,0.0679
V,T,495,-1.559124,0.0172,-0.6234613,0.0042,0.021
V,W,495,-2.0061874,0.0172,-1.1549386,0.0037,0.0194
V,Y,495,-1.7414665,0.0172,-0.8153504,0.0081,0.0299
R,A,496,-1.3554802,0.0172,-0.4503347,0.0038,0.02
R,C,496,-1.4567413,0.0172,-0.5310986,0.0106,0.0349
R,D,496,-1.0085564,0.0172,-0.2455589,0.0046,0.0221
R,E,496,-1.1721954,0.0172,-0.3292549,0.0403,0.0729
R,F,496,-1.1426315,0.0172,-0.3125381,0.0056,0.0246
R,G,496,-1.1462364,0.031867,-0.3145371,0.0018,0.0133
R,H,496,-1.4377785,0.0172,-0.515185,0.0018,0.0133
R,I,496,-1.4220505,0.0157497,-0.5022647,0.0063,0.0264
R,K,496,0.0676346,0.0135831,-0.0298619,0.4386,0.2708
R,L,496,-1.1827583,0.0172,-0.3354082,0.0011,0.01
R,M,496,-1.2741318,0.0172,-0.3927581,0.016,0.0439
R,N,496,-1.1786957,0.0172,-0.3330302,0.003,0.0176
R,P,496,-1.4303246,0.0172,-0.5090303,0.0021,0.0143
R,Q,496,-1.3929939,0.0172,-0.4790537,0.0101,0.0341
R,S,496,-1.2369881,0.0190671,-0.3685378,0.0036,0.0192
R,T,496,-1.1846733,0.0172,-0.3365341,0.0034,0.0187
R,V,496,-1.1492653,0.0172,-0.3162251,0.0149,0.0422
R,W,496,-1.381855,0.0172,-0.4703804,0.0021,0.0142
R,Y,496,-1.4400406,0.0172,-0.517064,0.0042,0.021
N,A,497,-1.838211,0.0122706,-0.9313312,0.0424,0.0523
N,C,497,-1.9860268,0.0249,-1.1266762,0.0069,0.0193
N,D,497,-2.0079994,0.0273254,-1.1574971,0.006,0.0178
N,E,497,-1.7174454,0.0172625,-0.7880612,0.0612,0.064
N,F,497,-2.2034607,0.009785,-1.4501912,0.022,0.0365
N,G,497,-1.9928436,0.0139905,-1.1361904,0.0571,0.0616
N,H,497,-2.0939903,0.0107546,-1.282291,0.023,0.0373
N,I,497,-1.9553947,0.0151198,-1.0844593,0.1498,0.1046
N,K,497,-2.086525,0.0130322,-1.2712007,0.0555,0.0606
N,L,497,-1.8848724,0.017494,-0.9906827,0.0357,0.0475
N,M,497,-1.757267,0.0161519,-0.8336302,0.1615,0.1091
N,P,497,-1.809227,0.0172,-0.8955727,0,0.0008
N,Q,497,-1.6994896,0.0191335,-0.768059,0.1359,0.0992
N,R,497,-2.044609,0.0108522,-1.2098266,0.0199,0.0345
N,S,497,-1.8046074,0.0198391,-0.8899527,0.1086,0.0877
N,T,497,-1.9311943,0.014391,-1.0517358,0.0414,0.0516
N,V,497,-2.1032524,0.0093748,-1.2961166,0.0374,0.0488
N,W,497,-1.9620895,0.0158736,-1.0936105,0.001,0.0068
N,Y,497,-1.7766609,0.0164939,-0.856423,0.0061,0.018
G,A,498,-1.9123611,0.0190116,-1.0266603,0.0646,0.0755
G,C,498,-2.1215744,0.0172,-1.3236784,0.0021,0.0116
G,D,498,-2.0656242,0.0172,-1.2404057,0.02,0.0396
G,E,498,-1.809906,0.0205038,-0.8964006,0.0406,0.0585
G,F,498,-1.8695755,0.0172,-0.9709854,0.0058,0.02
G,H,498,-2.1993942,0.0172,-1.4437842,0.033,0.0521
G,I,498,-1.853981,0.0172,-0.9511455,0.0135,0.0319
G,K,498,-1.9514694,0.0172,-1.0791135,0.0108,0.0283
G,L,498,-1.9540443,0.0158804,-1.0826185,0.009,0.0256
G,M,498,-2.149231,0.0172,-1.3658077,0.0355,0.0543
G,N,498,-1.8026543,0.0147488,-0.8875833,0.0335,0.0526
G,P,498,-1.9728088,0.0172,-1.1083511,0.0018,0.0104
G,Q,498,-1.9957733,0.0158804,-1.1402926,0.0233,0.0431
G,R,498,-2.0403214,0.013069,-1.2036356,0.0222,0.042
G,S,498,-1.930191,0.0114774,-1.0503913,0.0534,0.068
G,T,498,-1.98946,0.0158804,-1.1314625,0.0179,0.0373
G,V,498,-1.9960442,0.032149,-1.1406723,0.0046,0.0177
G,W,498,-2.083561,0.0172,-1.2668106,0.0153,0.0342
G,Y,498,-1.9951897,0.0172,-1.1394748,0.0293,0.0489
T,A,499,-1.8337364,0.0166056,-0.9257549,0.0082,0.0217
T,C,499,-1.9810791,0.015891,-1.1197977,0.0207,0.0361
T,D,499,-2.058323,0.0086303,-1.2297377,0.0531,0.0605
T,E,499,-2.1231308,0.0171461,-1.3260325,0.0477,0.057
T,F,499,-1.9474144,0.0360589,-1.0736065,0.0166,0.0319
T,G,499,-1.979805,0.0152258,-1.1180301,0.0128,0.0277
T,H,499,-1.7453003,0.0172,-0.8197618,0.0045,0.0156
T,I,499,-1.9591064,0.01486,-1.0895276,0.1377,0.1021
T,K,499,-1.8861656,0.0172,-0.9923585,0.0287,0.0431
T,L,499,-1.8931656,0.0123688,-1.0014586,0.083,0.0773
T,M,499,-1.7493019,0.0203837,-0.8243826,0.1716,0.1153
T,N,499,-1.7358818,0.0128226,-0.8089519,0.0035,0.0135
T,P,499,-1.7462349,0.015891,-0.8208395,0.0004,0.004
T,Q,499,-1.8585968,0.0406,-0.9569925,0.1421,0.1039
T,R,499,-2.0288086,0.0260458,-1.1870935,0.0118,0.0265
T,S,499,-1.9953613,0.014619,-1.1397152,0.0915,0.0816
T,V,499,-2.042923,0.0109678,-1.2073902,0.116,0.093
T,W,499,-2.021305,0.0172,-1.176376,0.0028,0.0121
T,Y,499,-2.099266,0.0147,-1.2901572,0.0179,0.0333
Y,A,500,-1.8656654,0.0172,-0.965988,0.0017,0.0133
Y,C,500,-2.011135,0.0181718,-1.1619316,0.0171,0.0478
Y,D,500,-1.8878822,0.0172,-0.9945856,0.0041,0.0219
Y,E,500,-1.7301483,0.0147,-0.8024169,0.0066,0.0283
Y,F,500,-1.6635323,0.0172,-0.7290277,0.0095,0.0346
Y,G,500,-2.0187836,0.0172,-1.1727861,0.0012,0.011
Y,H,500,-1.9739914,0.0253952,-1.109984,0.0136,0.0422
Y,I,500,-1.861866,0.0172,-0.9611466,0.0025,0.0165
Y,K,500,-1.9552536,0.0172,-1.0842669,0.0039,0.0211
Y,L,500,-1.8947754,0.0147,-1.0035582,0.0299,0.0652
Y,M,500,-1.8867645,0.0172,-0.9931352,0.0168,0.0473
Y,N,500,-1.751545,0.0190503,-0.8269802,0.0056,0.0258
Y,P,500,-2.0283127,0.0172,-1.1863836,0.0111,0.0378
Y,Q,500,-1.9148483,0.0172,-1.0299521,0.0097,0.0351
Y,R,500,-1.9252243,0.0172,-1.0437498,0.0011,0.0106
Y,S,500,-2.0747185,0.0172,-1.2537587,0.011,0.0375
Y,T,500,-2.0818977,0.0172,-1.2643504,0.0035,0.02
Y,V,500,-2.1088562,0.0172,-1.3045165,0.0013,0.0117
Y,W,500,-2.1578293,0.0172,-1.3790321,0.0353,0.0713
D,A,501,-1.808548,0.0136947,-0.8947453,0.0431,0.0533
D,C,501,-1.8815498,0.0158777,-0.9863845,0.0061,0.0181
D,E,501,-1.5776634,0.0137618,-0.6413628,0.0184,0.0334
D,F,501,-1.6344109,0.0172,-0.6984207,0.0051,0.0165
D,G,501,-1.5458069,0.0182906,-0.6108263,0.0019,0.0096
D,H,501,-1.8225975,0.0172,-0.9119619,0.0696,0.0694
D,I,501,-1.7243996,0.0147,-0.7958992,0.0154,0.0303
D,K,501,-1.6902275,0.0176964,-0.7578744,0.0878,0.0788
D,L,501,-1.7446594,0.0137618,-0.8190233,0.033,0.046
D,M,501,-1.8765335,0.0124959,-0.9799161,0.1202,0.0937
D,N,501,-0.8318443,0.0184608,-0.1768043,0.1358,0.1002
D,P,501,-1.7123909,0.0147,-0.7823963,0.0079,0.021
D,Q,501,-1.8028793,0.0172,-0.887856,0.0141,0.0288
D,R,501,-1.5912857,0.0158777,-0.6547482,0.0189,0.0339
D,S,501,-1.489109,0.012044,-0.5591172,0.2288,0.1335
D,T,501,-1.540844,0.0219,-0.6061654,0.0126,0.0271
D,V,501,-1.805233,0.0171749,-0.8907125,0.0175,0.0325
D,W,501,-1.7564087,0.0147,-0.8326305,0.0294,0.0432
D,Y,501,-1.8048248,0.0114009,-0.8902167,0.0309,0.0444
Y,A,502,-1.9199333,0.0175032,-1.0367009,0.1058,0.0892
Y,C,502,-1.8369255,0.0192778,-0.9297272,0.018,0.0337
Y,D,502,-1.6758537,0.0158813,-0.7422484,0.0079,0.0214
Y,E,502,-1.7970238,0.0298901,-0.8807744,0.0156,0.0312
Y,F,502,-1.7241974,0.01764,-0.7956706,0.0212,0.0369
Y,G,502,-1.7212448,0.0172,-0.7923372,0.0804,0.0767
Y,H,502,-1.9636612,0.0381908,-1.095765,0.1759,0.118
Y,I,502,-1.9197197,0.0172,-1.0364169,0.005,0.0166
Y,K,502,-1.8108406,0.0158813,-0.8975409,0.0032,0.0131
Y,L,502,-1.6615906,0.0129115,-0.726959,0.0452,0.0559
Y,M,502,-2.0441895,0.0172,-1.2092201,0.0073,0.0205
Y,N,502,-1.9569092,0.0158813,-1.0865257,0.0207,0.0364
Y,P,502,-2.0359726,0.0158813,-1.1973731,0.0311,0.0455
Y,Q,502,-1.9888878,0.0172,-1.130664,0.0258,0.041
Y,R,502,-1.7817726,0.0172,-0.8624956,0.0106,0.0251
Y,S,502,-1.7489624,0.025823,-0.82399,0.0204,0.0361
Y,T,502,-1.8346825,0.0172,-0.9269323,0.0265,0.0417
Y,V,502,-1.7722778,0.0121539,-0.8512375,0.0242,0.0396
Y,W,502,-1.8569756,0.019431,-0.9549364,0.0568,0.0634
P,A,503,-2.020729,0.0172,-1.1755554,0.0271,0.0389
P,C,503,-2.11594,0.0172,-1.3151727,0.1684,0.1061
P,D,503,-2.1654778,0.0158953,-1.3908454,0.0212,0.0339
P,E,503,-2.165985,0.0172,-1.3916304,0.0504,0.0546
P,F,503,-1.8911171,0.0147747,-0.9987905,0.0538,0.0567
P,G,503,-1.9202995,0.0109238,-1.0371879,0.0234,0.0358
P,H,503,-2.107067,0.0172,-1.3018317,0.0389,0.0474
P,I,503,-1.9698715,0.0284977,-1.1043011,0.1049,0.0818
P,K,503,-1.8807487,0.0177296,-0.9853498,0.0462,0.0521
P,L,503,-1.8281403,0.0184393,-0.9188096,0.0466,0.0523
P,M,503,-2.0647545,0.0158953,-1.2391325,0.1005,0.0799
P,N,503,-2.0942497,0.0172,-1.2826772,0.0189,0.0318
P,Q,503,-2.0615501,0.0147,-1.2344472,0.0044,0.0144
P,R,503,-1.7830505,0.0171015,-0.864018,0.0553,0.0575
P,S,503,-1.5050697,0.0243489,-0.5733334,0.0199,0.0328
P,T,503,-1.9498749,0.0172424,-1.0769462,0.0285,0.0399
P,V,503,-1.7288094,0.0248512,-0.8008958,0.0349,0.0446
P,W,503,-2.144638,0.0177296,-1.358768,0.0098,0.0223
P,Y,503,-2.0855255,0.02562,-1.2697195,0.0103,0.0228
K,A,504,-1.4153976,0.0222398,-0.496875,0.0283,0.0434
K,C,504,-1.5832825,0.0172,-0.6468604,0.0034,0.0137
K,D,504,-1.148201,0.0147,-0.3156311,0.0054,0.0174
K,E,504,-1.4372253,0.0295783,-0.5147263,0.0084,0.0223
K,F,504,-1.5138245,0.0158856,-0.5812443,0.0317,0.0462
K,G,504,-1.4395294,0.0160356,-0.5166389,0.0332,0.0474
K,H,504,-1.3785858,0.0228956,-0.4678583,0.0629,0.0674
K,I,504,-1.5152893,0.0194284,-0.5825757,0.0207,0.0366
K,L,504,-1.5557785,0.0131275,-0.6202695,0.163,0.1137
K,M,504,-1.075882,0.0147578,-0.2774421,0.0346,0.0485
K,N,504,-1.4719582,0.0137795,-0.5441359,0.0069,0.02
K,P,504,-1.5960579,0.0158856,-0.6594839,0.0007,0.0056
K,Q,504,-1.170063,0.01764,-0.3280243,0.0212,0.037
K,R,504,-0.6221962,0.0098354,-0.1182836,0.2585,0.1465
K,S,504,-1.2956161,0.0129669,-0.4073514,0.0478,0.0579
K,T,504,-1.2698898,0.0232228,-0.3899277,0.017,0.0328
K,V,504,-1.4452438,0.0125029,-0.5214059,0.0198,0.0356
K,W,504,-1.6027908,0.0202935,-0.6662064,0.0099,0.0244
K,Y,504,-1.3582077,0.0207132,-0.4523758,0.0758,0.0747
Y,A,505,-2.0892143,0.0172,-1.2751904,0.0045,0.02
Y,C,505,-1.8554535,0.0318624,-0.9530085,0.011,0.0325
Y,D,505,-1.8836212,0.0151544,-0.9890628,0.0067,0.0247
Y,E,505,-2.0353851,0.0172,-1.1965284,0.0063,0.024
Y,F,505,-1.7056007,0.012912,-0.7748285,0.0366,0.0628
Y,G,505,-1.948986,0.0172,-1.075739,0.0018,0.012
Y,H,505,-1.8993683,0.0203394,-1.0095625,0.022,0.0475
Y,I,505,-1.9405708,0.0172,-1.064348,0.0205,0.0457
Y,K,505,-2.0612488,0.0172,-1.2340071,0.0106,0.0318
Y,L,505,-1.8315544,0.0147507,-0.9230431,0.0019,0.0123
Y,M,505,-1.9009094,0.0172,-1.0115818,0.0157,0.0394
Y,N,505,-1.8780861,0.0172,-0.9819155,0.0125,0.0348
Y,P,505,-2.0937996,0.0172,-1.2820071,0.0048,0.0206
Y,Q,505,-1.9769287,0.0172,-1.1140453,0.0504,0.0749
Y,R,505,-1.7535629,0.0172,-0.8293214,0.0134,0.0361
Y,S,505,-1.8903236,0.024972,-0.9977581,0.0036,0.0174
Y,T,505,-1.6798134,0.0172,-0.7465312,0.0298,0.0561
Y,V,505,-2.0489883,0.0172,-1.2161667,0.0011,0.009
Y,W,505,-1.8354645,0.0172,-0.9279061,0.0618,0.0838
S,A,506,-1.8641243,0.0156387,-0.9640225,0.0996,0.0856
S,C,506,-1.9371758,0.0229657,-1.0597716,0.0156,0.0309
S,D,506,-1.9614906,0.02352,-1.0927901,0.0012,0.0074
S,E,506,-1.6438408,0.0250517,-0.7082332,0.0365,0.0493
S,F,506,-1.9033165,0.025494,-1.0147406,0.0274,0.0421
S,G,506,-1.496624,0.0146071,-0.5657777,0.0149,0.0301
S,H,506,-2.0509834,0.0125063,-1.2190608,0.1568,0.1099
S,I,506,-1.8754692,0.0159175,-0.9785469,0.0193,0.0348
S,K,506,-1.9375839,0.0172,-1.0603212,0.0092,0.0231
S,L,506,-1.7967796,0.0138659,-0.8804798,0.2437,0.1401
S,M,506,-1.869648,0.014813,-0.9710782,0.0039,0.0144
S,N,506,-1.6698799,0.0159175,-0.7358185,0.0162,0.0316
S,P,506,-1.9070435,0.0254531,-1.0196426,0.0026,0.0115
S,Q,506,-1.7070656,0.0249,-0.776457,0.0192,0.0346
S,R,506,-1.9245186,0.0115947,-1.042808,0.0158,0.0312
S,T,506,-1.6236076,0.0194713,-0.6872951,0.0454,0.0556
S,V,506,-1.8525162,0.0138518,-0.9492945,0.0306,0.0448
S,W,506,-1.7564507,0.0179129,-0.8326794,0.1352,0.1013
S,Y,506,-1.6485443,0.0172,-0.7131628,0.0496,0.0584
E,A,507,-1.7533875,0.0159169,-0.8291178,0.0759,0.0685
E,C,507,-1.7304955,0.0200944,-0.8028116,0.0222,0.0349
E,D,507,-1.5884361,0.0651365,-0.6519319,0.0481,0.0533
E,F,507,-2.024498,0.0147,-1.1809304,0.0338,0.0439
E,G,507,-1.837059,0.0182537,-0.9298937,0.072,0.0665
E,H,507,-1.8627281,0.0159169,-0.9622439,0.0196,0.0325
E,I,507,-1.8199997,0.0191671,-0.9087633,0.1831,0.1112
E,K,507,-1.4070816,0.0134628,-0.490201,0.0372,0.0463
E,L,507,-2.0046692,0.0161414,-1.1527973,0.1585,0.1027
E,M,507,-2.0300903,0.0172,-1.1889292,0.0077,0.0195
E,N,507,-2.0393143,0.0195079,-1.2021839,0.0092,0.0214
E,P,507,-1.786869,0.0246869,-0.868577,0.0264,0.0383
E,Q,507,-1.9336357,0.0166206,-1.0550115,0.0114,0.0241
E,R,507,-1.7075844,0.0236984,-0.7770343,0.0572,0.0586
E,S,507,-1.709259,0.014812,-0.7788997,0.0241,0.0365
E,T,507,-1.79076,0.0138505,-0.8732381,0.0395,0.0478
E,V,507,-1.9094048,0.0155662,-1.0227554,0.0345,0.0444
E,W,507,-1.9239578,0.0172,-1.04206,0.0348,0.0446
E,Y,507,-1.8735046,0.0138505,-0.9760225,0.0181,0.0311
E,A,508,-1.6229706,0.0229163,-0.6866429,0.2882,0.159
E,C,508,-1.7711067,0.0172,-0.8498554,0.0077,0.0216
E,D,508,-1.5335732,0.0220031,-0.5993839,0.0629,0.0688
E,F,508,-1.918354,0.0129836,-1.0346022,0.0461,0.0581
E,G,508,-1.6945419,0.0159186,-0.7626072,0.0041,0.0154
E,H,508,-1.7519951,0.02064,-0.827502,0.0063,0.0195
E,I,508,-1.6792068,0.0283608,-0.745874,0.0765,0.0766
E,K,508,-1.767807,0.0129161,-0.8459689,0.0073,0.0211
E,L,508,-1.7828484,0.0190616,-0.8637771,0.1457,0.1092
E,M,508,-1.755909,0.0147973,-0.8320488,0.012,0.0277
E,N,508,-1.7356911,0.0172,-0.808734,0.0041,0.0153
E,P,508,-1.9006462,0.0159084,-1.0112368,0.0086,0.0231
E,Q,508,-1.7254143,0.0249,-0.7970471,0.0598,0.067
E,R,508,-1.6528854,0.0159084,-0.7177334,0.0013,0.0083
E,S,508,-1.8512077,0.0114581,-0.9476428,0.033,0.0483
E,T,508,-1.6675186,0.0192633,-0.7332874,0.0159,0.0323
E,V,508,-1.810257,0.0170822,-0.8968288,0.0487,0.0598
E,W,508,-1.891552,0.0159084,-0.9993566,0.0189,0.0355
E,Y,508,-1.9334068,0.0147,-1.0547041,0.0103,0.0254
S,A,509,-1.0958061,0.0232855,-0.2875433,0.0989,0.0996
S,C,509,-1.891346,0.0175829,-0.9990884,0.0384,0.0593
S,D,509,-1.7094536,0.0172,-0.7791167,0.0007,0.0066
S,E,509,-1.5579414,0.0172,-0.6223317,0.0004,0.0048
S,F,509,-1.7732811,0.0147,-0.8524227,0.0008,0.0073
S,G,509,-1.9026985,0.0116711,-1.0139291,0.089,0.094
S,H,509,-1.6892395,0.0172,-0.7567933,0.0003,0.0043
S,I,509,-1.6374779,0.0134969,-0.7016018,0.1319,0.1167
S,K,509,-1.5441399,0.0172,-0.6092579,0.0058,0.0209
S,L,509,-1.836071,0.018174,-0.9286618,0.162,0.1307
S,M,509,-1.5739899,0.0172,-0.6377869,0.0186,0.0398
S,N,509,-1.5062943,0.0172,-0.5744352,0.001,0.0082
S,P,509,-1.7533493,0.0178252,-0.8290734,0.0003,0.0043
S,Q,509,-1.7567787,0.0172,-0.8330613,0.0029,0.0142
S,R,509,-1.4950333,0.0148544,-0.564363,0.0087,0.0261
S,T,509,-1.5088806,0.0172645,-0.5767671,0.298,0.1828
S,V,509,-1.7038231,0.0118665,-0.7728553,0.0551,0.0723
S,W,509,-1.6721573,0.0172,-0.7382653,0.0007,0.0066
S,Y,509,-1.8268318,0.0172,-0.9171903,0.0014,0.0097
K,A,510,-1.5437241,0.0210609,-0.6088671,0.1074,0.0802
K,C,510,-1.3997192,0.0172,-0.4843504,0.005,0.0149
K,D,510,-1.4229698,0.0159747,-0.503013,0.0111,0.023
K,E,510,-1.425045,0.0122862,-0.5047052,0.0566,0.0564
K,F,510,-1.442646,0.0160971,-0.5192347,0.054,0.055
K,G,510,-1.5272255,0.0211623,-0.5935088,0.0669,0.0619
K,H,510,-1.763813,0.0103346,-0.8412797,0.0526,0.0542
K,I,510,-1.5083771,0.0219,-0.5763126,0.0306,0.0403
K,L,510,-1.7132416,0.0148094,-0.7833479,0.0571,0.0567
K,M,510,-1.5419044,0.0188463,-0.6071591,0.0505,0.053
K,N,510,-1.1045685,0.0156675,-0.2920854,0.0565,0.0564
K,P,510,-1.3864746,0.0172,-0.4739624,0.0011,0.0065
K,Q,510,-1.5095444,0.0127909,-0.5773668,0.0348,0.0432
K,R,510,-0.8229332,0.0132501,-0.1738518,0.0333,0.0421
K,S,510,-1.3704224,0.0156675,-0.4616068,0.0863,0.0712
K,T,510,-1.450985,0.0179977,-0.5262289,0.0327,0.0418
K,V,510,-1.5871086,0.0202783,-0.6506229,0.0734,0.0651
K,W,510,-1.6030464,0.0204214,-0.6664626,0.0712,0.064
K,Y,510,-1.632698,0.0223645,-0.6966484,0.0389,0.0459
L,A,511,-1.8488541,0.0296208,-0.9446763,0.0753,0.0711
L,C,511,-1.8282547,0.0147,-0.9189513,0.0255,0.0392
L,D,511,-1.887558,0.0149265,-0.9941648,0.0046,0.0153
L,E,511,-1.7427864,0.0149265,-0.8168674,0.0283,0.0416
L,F,511,-1.7966843,0.0195094,-0.8803649,0.0194,0.0337
L,G,511,-1.948803,0.0173972,-1.0754905,0.0609,0.0633
L,H,511,-1.9529572,0.022204,-1.081138,0.0158,0.0302
L,I,511,-1.5916176,0.0172,-0.6550768,0.0159,0.0302
L,K,511,-1.9446831,0.0172,-1.069906,0.018,0.0323
L,M,511,-1.6500206,0.02352,-0.7147149,0.1569,0.1065
L,N,511,-1.8200607,0.0140012,-0.9088383,0.0305,0.0433
L,P,511,-1.8931923,0.0159828,-1.0014934,0.0333,0.0454
L,Q,511,-1.8196793,0.0149265,-0.9083693,0.0117,0.0255
L,R,511,-1.7764626,0.0159828,-0.856188,0.0179,0.0323
L,S,511,-1.7716026,0.0349959,-0.8504405,0.1016,0.0839
L,T,511,-1.6400528,0.0196293,-0.7042801,0.0644,0.0653
L,V,511,-1.8001709,0.0160234,-0.8845761,0.0776,0.0723
L,W,511,-2.0555038,0.0147,-1.225631,0.0068,0.019
L,Y,511,-1.7806206,0.0172,-0.8611247,0.0064,0.0183
N,A,512,-1.6419258,0.0292875,-0.7062328,0.0242,0.0398
N,C,512,-1.6991692,0.008082,-0.7677052,0.0125,0.0277
N,D,512,-1.6346245,0.0204117,-0.6986419,0.015,0.0306
N,E,512,-1.6482735,0.0219,-0.7128783,0.0172,0.033
N,F,512,-1.8474007,0.0194749,-0.9428472,0.014,0.0295
N,G,512,-1.7006226,0.0396051,-0.7693111,0.0171,0.0329
N,H,512,-1.7931786,0.0181118,-0.8761432,0.0098,0.0241
N,I,512,-1.5708809,0.0186962,-0.6347715,0.3701,0.1781
N,K,512,-1.1752396,0.0164398,-0.3310184,0.1188,0.0954
N,L,512,-1.7199783,0.0148052,-0.7909101,0.022,0.0377
N,M,512,-1.8479729,0.0172,-0.943567,0.0348,0.0485
N,P,512,-1.7988205,0.0159433,-0.8829436,0.0016,0.0089
N,Q,512,-1.9792328,0.0147,-1.1172368,0.0573,0.0638
N,R,512,-1.6072121,0.0201242,-0.670647,0.0735,0.0732
N,S,512,-1.2908325,0.0192048,-0.4040646,0.0482,0.058
N,T,512,-1.6983986,0.0167509,-0.7668547,0.0218,0.0375
N,V,512,-1.5874519,0.0221088,-0.6509612,0.0575,0.064
N,W,512,-1.6624565,0.0172,-0.727881,0.006,0.0185
N,Y,512,-1.6714783,0.0237414,-0.7375352,0.0166,0.0323
R,A,513,-1.874485,0.0141198,-0.9772818,0.0349,0.0473
R,C,513,-1.838932,0.0209151,-0.9322317,0.0046,0.0156
R,D,513,-2.0274277,0.0172,-1.1851173,0.011,0.0251
R,E,513,-1.7982483,0.0172,-0.8822524,0.0157,0.0305
R,F,513,-1.9366608,0.0284023,-1.0590784,0.025,0.0395
R,G,513,-1.9601936,0.060985,-1.0910147,0.0049,0.016
R,H,513,-1.9196625,0.0192409,-1.0363409,0.0557,0.0612
R,I,513,-1.8876572,0.0318846,-0.9942936,0.0668,0.0676
R,K,513,-1.7640343,0.0150875,-0.841539,0.0906,0.08
R,L,513,-1.9640923,0.0121189,-1.0963564,0.0315,0.0447
R,M,513,-2.4222527,0.0172,-1.8120258,0.0222,0.0369
R,N,513,-2.0775108,0.0150162,-1.257873,0.0203,0.0351
R,P,513,-1.8789482,0.0172,-0.9830267,0.004,0.0145
R,Q,513,-2.1271172,0.0173987,-1.3320715,0.0508,0.0582
R,S,513,-1.7931633,0.0102278,-0.8761248,0.0365,0.0485
R,T,513,-1.7116699,0.0210226,-0.7815904,0.0329,0.0458
R,V,513,-2.0213165,0.0249,-1.1763924,0.0141,0.0288
R,W,513,-2.1136742,0.0254256,-1.3117597,0.2557,0.1415
R,Y,513,-2.0154915,0.0406,-1.1681076,0.0267,0.0408
E,A,514,-1.8179626,0.0161412,-0.9062599,0.0108,0.0265
E,C,514,-1.8566742,0.0172,-0.9545545,0.0015,0.0089
E,D,514,-1.6118355,0.0249,-0.6753128,0.0179,0.0349
E,F,514,-1.7647133,0.0162265,-0.8423352,0.0176,0.0347
E,G,514,-1.7277565,0.0143976,-0.7997009,0.029,0.0456
E,H,514,-2.0445328,0.0172,-1.2097164,0.0093,0.0244
E,I,514,-1.8925018,0.0192193,-1.0005935,0.3602,0.1822
E,K,514,-1.5644302,0.0164951,-0.6285478,0.0179,0.035
E,L,514,-1.7448616,0.0224225,-0.8192562,0.0164,0.0333
E,M,514,-1.668026,0.0172,-0.7338308,0.0258,0.0428
E,N,514,-1.6475067,0.016016,-0.7120733,0.0566,0.0658
E,P,514,-1.848217,0.0172,-0.9438742,0.0203,0.0375
E,Q,514,-1.6376839,0.0219,-0.7018158,0.0125,0.0287
E,R,514,-1.568367,0.02058,-0.6323409,0.1254,0.102
E,S,514,-1.8912163,0.0169942,-0.9989196,0.0646,0.0709
E,T,514,-1.703064,0.02064,-0.7720137,0.0384,0.0532
E,V,514,-1.7065582,0.0212626,-0.7758927,0.0034,0.0139
E,W,514,-1.8849182,0.0172,-0.990742,0.004,0.0154
E,Y,514,-1.9479332,0.0192193,-1.0743102,0.0132,0.0296
K,A,515,-1.0369911,0.0150066,-0.2586101,0.0191,0.0337
K,C,515,-1.2350006,0.0172,-0.3672773,0.0009,0.0064
K,D,515,-1.0831375,0.0130945,-0.2810844,0.0309,0.0439
K,E,515,-0.1755753,0.0143165,-0.0488194,0.0232,0.0375
K,F,515,-1.0617828,0.0219,-0.2704812,0.0168,0.0314
K,G,515,-0.9120865,0.0183047,-0.2055215,0.0902,0.0792
K,H,515,-1.0185738,0.0172,-0.2500891,0.0154,0.0299
K,I,515,-0.9513206,0.0210859,-0.2210412,0.0338,0.0462
K,L,515,-1.058136,0.0156671,-0.2687057,0.0105,0.0243
K,M,515,-0.9960594,0.0171629,-0.240009,0.0422,0.0521
K,N,515,-1.1229897,0.0111287,-0.3018358,0.3275,0.1609
K,P,515,-1.2329941,0.017918,-0.3660085,0.053,0.0591
K,Q,515,-1.0827141,0.0218241,-0.2808707,0.0307,0.0438
K,R,515,-0.7543068,0.0467968,-0.1525869,0.0131,0.0274
K,S,515,-0.9624634,0.0304315,-0.2256361,0.0492,0.0568
K,T,515,-0.9296608,0.0164954,-0.2123481,0.0586,0.0625
K,V,515,-1.083149,0.0126017,-0.2810902,0.0716,0.0697
K,W,515,-1.1562004,0.0141071,-0.3201189,0.0065,0.0187
K,Y,515,-1.074482,0.0198795,-0.276744,0.0333,0.0458
I,A,516,-1.7229233,0.0172,-0.7942311,0.0008,0.0088
I,C,516,-1.5854225,0.0172,-0.6489629,0.0005,0.0068
I,D,516,-1.7474632,0.01764,-0.8222573,0.0018,0.0138
I,E,516,-1.6651039,0.0172,-0.7307051,0.0051,0.0245
I,F,516,-1.7798004,0.0172,-0.8601495,0.0006,0.0073
I,G,516,-1.3104935,0.0172,-0.4177121,0.0019,0.0142
I,H,516,-1.6314354,0.0172,-0.6953441,0.0017,0.0135
I,K,516,-1.8063698,0.0172,-0.8920942,0.1508,0.1585
I,L,516,-1.4633484,0.0141091,-0.53673,0.0308,0.0662
I,M,516,-1.670845,0.0207904,-0.7368547,0.0136,0.0422
I,N,516,-1.6902542,0.0172,-0.7579036,0.0068,0.0289
I,P,516,-1.6824379,0.0172,-0.749379,0.0008,0.0087
I,Q,516,-1.5649567,0.0172,-0.6290541,0.0027,0.0173
I,R,516,-1.6915169,0.0172,-0.7592868,0.003,0.0183
I,S,516,-1.7982635,0.0172,-0.8822707,0.0008,0.0086
I,T,516,-1.9517136,0.0390211,-1.0794456,0.0024,0.0164
I,V,516,-1.2334366,0.0189613,-0.366288,0.2412,0.2052
I,W,516,-1.951767,0.0172,-1.0795183,0.0021,0.0151
I,Y,516,-1.681076,0.0172,-0.7479003,0.0008,0.0087
D,A,517,-1.7632828,0.0268508,-0.8406584,0.038,0.0458
D,C,517,-1.7461205,0.0172,-0.8207075,0.0769,0.0674
D,E,517,-1.2514801,0.0127807,-0.3778371,0.0152,0.0277
D,F,517,-2.027649,0.0264737,-1.1854339,0.0412,0.0478
D,G,517,-1.7616158,0.019928,-0.8387071,0.0297,0.04
D,H,517,-1.6738434,0.0211339,-0.7400804,0.0606,0.0591
D,I,517,-1.8242378,0.0169563,-0.9139851,0.0277,0.0384
D,K,517,-1.8958168,0.0119746,-1.0049178,0.0923,0.0745
D,L,517,-1.6863365,0.0189431,-0.7536228,0.0718,0.0649
D,M,517,-1.6796684,0.03096,-0.7463741,0.0303,0.0404
D,N,517,-1.4484749,0.0168085,-0.5241161,0.0088,0.0204
D,P,517,-1.8341789,0.0142741,-0.9263055,0.0072,0.0183
D,Q,517,-1.8177185,0.0125465,-0.9059602,0.1054,0.0801
D,R,517,-1.8528328,0.0117836,-0.9496944,0.0962,0.0762
D,S,517,-1.7937508,0.0134879,-0.8768314,0.0875,0.0723
D,T,517,-1.5603676,0.0231731,-0.6246507,0.0366,0.0448
D,V,517,-1.6976357,0.0206576,-0.7660132,0.0252,0.0365
D,W,517,-1.980896,0.0181586,-1.1195436,0.0064,0.0171
D,Y,517,-1.8792648,0.0142516,-0.983435,0.053,0.0549
G,A,518,-2.1515923,0.0321478,-1.3694336,0.0864,0.0737
G,C,518,-2.1355438,0.0172,-1.3448798,0.0001,0.0016
G,D,518,-2.014408,0.0159513,-1.16657,0.0134,0.0264
G,E,518,-2.0150642,0.0196735,-1.1675011,0.0161,0.0293
G,F,518,-1.6964531,0.014122,-0.7647101,0.0172,0.0303
G,H,518,-1.8886871,0.0172,-0.9956309,0.0357,0.0453
G,I,518,-1.8667488,0.0161661,-0.9673711,0.132,0.0931
G,K,518,-1.9053879,0.0216777,-1.0174634,0.0069,0.0184
G,L,518,-2.070366,0.0140106,-1.247359,0.0292,0.0406
G,M,518,-1.8813782,0.0202595,-0.9861628,0.116,0.0867
G,N,518,-1.9474487,0.0468446,-1.073653,0.0275,0.0393
G,P,518,-2.1788177,0.0240594,-1.41156,0.0544,0.0571
G,Q,518,-1.9444504,0.0124821,-1.0695911,0.1134,0.0856
G,R,518,-2.0612717,0.0206796,-1.2340405,0.0433,0.0504
G,S,518,-1.8749123,0.0178748,-0.977831,0.0655,0.0633
G,T,518,-1.8357544,0.0173986,-0.9282673,0.0975,0.0788
G,V,518,-1.8913231,0.0186981,-0.9990586,0.0464,0.0524
G,W,518,-1.9542427,0.015476,-1.0828889,0.0413,0.0492
G,Y,518,-1.9426117,0.0319026,-1.0671044,0.016,0.0292
V,A,519,-1.746048,0.0196936,-0.8206239,0.0556,0.0755
V,C,519,-1.7666473,0.0172,-0.8446056,0.0023,0.013
V,D,519,-1.9784966,0.0172,-1.1162165,0.002,0.0122
V,E,519,-1.9303474,0.0200617,-1.0506008,0.0093,0.0283
V,F,519,-2.0947037,0.0172,-1.2833533,0.0263,0.05
V,G,519,-1.8719711,0.0167836,-0.9740548,0.0021,0.0125
V,H,519,-1.7980995,0.0172,-0.8820727,0.0038,0.0173
V,I,519,-1.2363396,0.0208813,-0.3681261,0.0787,0.0914
V,K,519,-1.7896385,0.0159763,-0.871893,0.0037,0.0169
V,L,519,-2.0088272,0.0140834,-1.158667,0.1738,0.1412
V,M,519,-1.8407516,0.0138387,-0.9345064,0.0173,0.0398
V,N,519,-1.6795349,0.0172,-0.7462294,0.0053,0.0207
V,P,519,-2.006279,0.0172,-1.1550679,0.0098,0.029
V,Q,519,-2.0238724,0.0172,-1.1800373,0.0082,0.0263
V,R,519,-1.7353821,0.0159763,-0.8083809,0.015,0.0367
V,S,519,-1.9342041,0.0159763,-1.055775,0.0011,0.0086
V,T,519,-2.004177,0.0157996,-1.1521035,0.064,0.0816
V,W,519,-1.8189278,0.0172,-0.9074455,0.0025,0.0138
V,Y,519,-2.0188065,0.0172,-1.1728187,0.0107,0.0305
K,A,520,-1.4554176,0.0154268,-0.5299758,0.0143,0.0325
K,C,520,-1.6353683,0.0172,-0.6994126,0.001,0.0075
K,D,520,-1.6940308,0.0239146,-0.7620455,0.017,0.0357
K,E,520,-0.918541,0.0189017,-0.2080054,0.283,0.1677
K,F,520,-1.6608696,0.0160324,-0.7261918,0.0054,0.019
K,G,520,-1.5874329,0.0172,-0.6509425,0.0043,0.0167
K,H,520,-1.7084961,0.0202925,-0.7780495,0.3574,0.1906
K,I,520,-1.5881157,0.0120731,-0.6516158,0.0111,0.0282
K,L,520,-1.5070648,0.0284348,-0.5751292,0.0095,0.026
K,M,520,-1.6876984,0.0172,-0.7551091,0.0236,0.0428
K,N,520,-1.5561867,0.0232253,-0.6206583,0.029,0.048
K,P,520,-1.6726189,0.0138665,-0.7387619,0.0129,0.0307
K,Q,520,-1.5083542,0.0219032,-0.5762919,0.011,0.0281
K,R,520,-1.1497765,0.0247614,-0.3165107,0.0503,0.0649
K,S,520,-1.6243286,0.0119917,-0.6880337,0.0524,0.0664
K,T,520,-1.4283371,0.0152896,-0.5073988,0.0226,0.0418
K,V,520,-1.5454216,0.015924,-0.6104635,0.0237,0.0429
K,W,520,-1.5008583,0.0172,-0.5695565,0.0083,0.0241
K,Y,520,-1.7629662,0.0172,-0.8402876,0.0036,0.0153
L,A,521,-1.7857208,0.0172,-0.8672045,0.0063,0.0209
L,C,521,-1.733223,0.0172,-0.8059171,0.0009,0.0074
L,D,521,-2.0395966,0.0172,-1.2025907,0.0012,0.0083
L,E,521,-1.9914894,0.0140021,-1.1342969,0.0025,0.0127
L,F,521,-1.8500671,0.0225073,-0.9462045,0.0105,0.0278
L,G,521,-1.8766975,0.0219,-0.9801272,0.0072,0.0226
L,H,521,-1.966774,0.0172,-1.1000391,0.0142,0.0328
L,I,521,-1.7925491,0.0166229,-0.8753865,0.0957,0.0936
L,K,521,-1.7711983,0.0172,-0.8499635,0.0016,0.01
L,M,521,-1.5569191,0.0176892,-0.6213564,0.0763,0.0827
L,N,521,-1.7654686,0.0159832,-0.8432214,0.0023,0.012
L,P,521,-1.8443832,0.0159832,-0.9390564,0.0018,0.0105
L,Q,521,-1.726551,0.0159832,-0.7983343,0.1485,0.1192
L,R,521,-1.7653809,0.0159832,-0.8431185,0.0053,0.019
L,S,521,-1.7608147,0.0299525,-0.8377704,0.0728,0.0806
L,T,521,-1.7362938,0.0168025,-0.8094228,0.1407,0.1158
L,V,521,-1.4514465,0.0241764,-0.5266181,0.2596,0.1621
L,W,521,-1.881607,0.0243016,-0.9864584,0.0178,0.0371
L,Y,521,-1.8436279,0.0172,-0.938109,0.0027,0.0131
E,A,522,-1.0927162,0.0148722,-0.2859563,0.0832,0.0774
E,C,522,-1.386486,0.0172,-0.4739713,0.0021,0.0103
E,D,522,-0.8987732,0.0174912,-0.2004823,0.0137,0.0287
E,F,522,-1.7021255,0.0159516,-0.7709741,0.0084,0.022
E,G,522,-1.413517,0.0201606,-0.4953596,0.0263,0.0411
E,H,522,-1.3887215,0.0249,-0.4757124,0.0099,0.024
E,I,522,-1.6135445,0.0159516,-0.6770431,0.0014,0.0081
E,K,522,-0.8841667,0.0152617,-0.1950822,0.0339,0.0472
E,L,522,-1.5237732,0.0172,-0.5903312,0.1026,0.0869
E,M,522,-1.381134,0.02352,-0.4698233,0.0247,0.0397
E,N,522,-1.2644958,0.0243172,-0.3863528,0.0426,0.0536
E,P,522,-1.5486298,0.0172,-0.613489,0.0006,0.0053
E,Q,522,-1.3365936,0.0210261,-0.4364001,0.0156,0.0308
E,R,522,-1.2219925,0.0159516,-0.3591155,0.0213,0.0366
E,S,522,-1.5541916,0.0176401,-0.6187597,0.0999,0.0856
E,T,522,-1.2450371,0.0191419,-0.3736791,0.0553,0.0618
E,V,522,-1.1085701,0.0159149,-0.2941801,0.0685,0.0696
E,W,522,-1.4604683,0.0172,-0.5342697,0.0997,0.0855
E,Y,522,-1.3178978,0.0172,-0.4229471,0.0235,0.0386
S,A,523,-1.7388382,0.0305185,-0.812335,0.0172,0.0313
S,C,523,-1.767189,0.0172,-0.8452422,0.0032,0.0125
S,D,523,-1.5401039,0.022649,-0.6054726,0.0749,0.0702
S,E,523,-1.598465,0.0141524,-0.6618818,0.0125,0.0263
S,F,523,-1.7255058,0.02064,-0.7971507,0.0283,0.0411
S,G,523,-1.6912994,0.0210676,-0.7590484,0.0179,0.032
S,H,523,-1.5931244,0.0163135,-0.65657,0.102,0.0832
S,I,523,-1.9383507,0.0147,-1.0613541,0.115,0.0889
S,K,523,-1.7839317,0.0249,-0.8650687,0.0499,0.0561
S,L,523,-1.6620979,0.0141256,-0.7274991,0.014,0.0279
S,M,523,-1.7691689,0.0172,-0.8475716,0.0231,0.0367
S,N,523,-1.6880684,0.016048,-0.7555132,0.0069,0.0189
S,P,523,-1.6050758,0.026408,-0.6684988,0.0876,0.0765
S,Q,523,-1.7471542,0.0170821,-0.8219005,0.0214,0.0352
S,R,523,-1.7174911,0.0151887,-0.7881126,0.2154,0.1255
S,T,523,-1.7780533,0.0184077,-0.8580745,0.0279,0.0408
S,V,523,-1.7324333,0.0102265,-0.8050172,0.044,0.0524
S,W,523,-1.9397278,0.0172,-1.0632106,0.0071,0.0192
S,Y,523,-1.7675056,0.0240703,-0.8456144,0.0282,0.0411
M,A,524,-1.1947479,0.0159304,-0.3425096,0.0303,0.0417
M,C,524,-1.4616547,0.0172,-0.5352821,0.0252,0.0377
M,D,524,-1.3993416,0.0138812,-0.4840518,0.03,0.0415
M,E,524,-1.5087242,0.0172,-0.5766259,0.0224,0.0353
M,F,524,-1.6354332,0.0172,-0.6994799,0.0072,0.019
M,G,524,-1.5695915,0.0232666,-0.633524,0.0379,0.0472
M,H,524,-1.3751907,0.0172,-0.4652503,0.014,0.0273
M,I,524,-0.7522392,0.0091305,-0.1519851,0.0338,0.0443
M,K,524,-1.2289963,0.0305387,-0.3634911,0.0091,0.0215
M,L,524,-1.0596008,0.0142168,-0.2694177,0.0758,0.0691
M,N,524,-1.6808891,0.0252025,-0.7476976,0.0934,0.0775
M,P,524,-1.7965164,0.0223026,-0.8801624,0.0807,0.0715
M,Q,524,-1.6409492,0.0249,-0.7052142,0.1543,0.1022
M,R,524,-1.4562149,0.0219894,-0.5306519,0.0083,0.0205
M,S,524,-1.4044456,0.0146645,-0.4881,0.0303,0.0417
M,T,524,-1.0715866,0.0157968,-0.2753051,0.0664,0.0642
M,V,524,-1.0685501,0.0179698,-0.2738031,0.1391,0.0965
M,W,524,-1.5683098,0.0191165,-0.6322856,0.012,0.0251
M,Y,524,-1.3971176,0.0172,-0.4822961,0.0164,0.0298
G,A,525,-1.6861496,0.0294103,-0.753419,0.0208,0.038
G,C,525,-1.7614517,0.0172,-0.8385151,0.0105,0.0261
G,D,525,-1.5696259,0.0139464,-0.6335573,0.1453,0.1106
G,E,525,-1.4095726,0.0138198,-0.4921928,0.027,0.0438
G,F,525,-1.7913094,0.0172,-0.8738975,0.0521,0.0629
G,H,525,-1.7082443,0.0172,-0.777769,0.0202,0.0374
G,I,525,-1.6872673,0.0139464,-0.7546384,0.0122,0.0283
G,K,525,-1.5837746,0.0172,-0.6473435,0.0062,0.0195
G,L,525,-1.843708,0.019517,-0.9382095,0.0083,0.023
G,M,525,-1.9295921,0.02408,-1.0495891,0.0084,0.0232
G,N,525,-1.7884674,0.0172,-0.8704898,0.0013,0.0084
G,P,525,-1.8184586,0.0172,-0.906869,0.1783,0.1238
G,Q,525,-1.7301903,0.0172,-0.8024646,0.0115,0.0275
G,R,525,-1.6367188,0.0182187,-0.7008135,0.0117,0.0277
G,S,525,-1.7737541,0.0215216,-0.8529818,0.1841,0.126
G,T,525,-1.7184868,0.0131192,-0.7892317,0.0218,0.039
G,V,525,-1.7302017,0.015959,-0.8024776,0.0097,0.025
G,W,525,-1.7603798,0.0172,-0.8372621,0.0086,0.0234
G,Y,525,-1.7907562,0.0255343,-0.8732335,0.0242,0.0413
V,A,526,-1.7411461,0.0173213,-0.8149824,0.0565,0.0596
V,C,526,-1.5694923,0.01395,-0.6334281,0.0047,0.0151
V,D,526,-1.5915146,0.0191526,-0.6549748,0.0126,0.0261
V,E,526,-1.7450752,0.0234303,-0.8195023,0.0144,0.0281
V,F,526,-1.6263618,0.0176152,-0.6901197,0.0419,0.0505
V,G,526,-1.6694107,0.0173451,-0.7353151,0.0169,0.0307
V,H,526,-1.7459831,0.0159605,-0.8205491,0.0112,0.0244
V,I,526,-0.7185478,0.0170776,-0.1424848,0.148,0.1011
V,K,526,-1.7179832,0.0172,-0.7886656,0.0204,0.0341
V,L,526,-1.5831909,0.0656524,-0.6467705,0.1429,0.0992
V,M,526,-1.3306122,0.0076666,-0.4320593,0.0641,0.0638
V,N,526,-1.5856056,0.0172,-0.649143,0.0222,0.0357
V,P,526,-1.7630501,0.0190962,-0.8403858,0.0923,0.078
V,Q,526,-1.7003441,0.0211382,-0.7690032,0.0227,0.0361
V,R,526,-1.8540993,0.0172,-0.9512951,0.0089,0.0215
V,S,526,-1.6098671,0.0175988,-0.6733236,0.0161,0.0299
V,T,526,-1.2681541,0.0308993,-0.3887744,0.0147,0.0284
V,W,526,-1.7159843,0.0128601,-0.7864209,0.0634,0.0634
V,Y,526,-1.7762566,0.0125132,-0.8559439,0.1099,0.0859
Y,A,527,-1.9809608,0.023912,-1.1196335,0.0109,0.0251
Y,C,527,-1.7694855,0.0238868,-0.8479445,0.0088,0.0224
Y,D,527,-1.7862434,0.0192415,-0.867829,0.0057,0.0176
Y,E,527,-1.696373,0.0197695,-0.7646219,0.0556,0.0616
Y,F,527,-1.7157745,0.0176879,-0.7861856,0.0919,0.0812
Y,G,527,-1.853405,0.0211107,-0.9504174,0.0284,0.0425
Y,H,527,-1.6025276,0.0207621,-0.6659427,0.1072,0.0883
Y,I,527,-1.5988235,0.0224485,-0.6622394,0.054,0.0606
Y,K,527,-1.9499435,0.0172,-1.0770394,0.0022,0.0104
Y,L,527,-1.8539848,0.0160346,-0.9511503,0.0212,0.0362
Y,M,527,-1.7963066,0.0150171,-0.8799094,0.0325,0.0459
Y,N,527,-1.9032784,0.0180206,-1.0146906,0.0042,0.015
Y,P,527,-1.9396439,0.0150171,-1.0630975,0.0132,0.0279
Y,Q,527,-1.8401108,0.029051,-0.9337049,0.0116,0.026
Y,R,527,-1.6196213,0.0172,-0.6832211,0.0118,0.0262
Y,S,527,-1.6673126,0.0146997,-0.7330668,0.0361,0.0485
Y,T,527,-1.9655876,0.0199663,-1.098409,0.1299,0.0982
Y,V,527,-1.6678238,0.0180206,-0.7336142,0.0707,0.0703
Y,W,527,-1.680481,0.0172,-0.7472549,0.0392,0.0508
Q,A,528,-1.5359077,0.0175442,-0.6015552,0.0406,0.0538
Q,C,528,-1.5891609,0.0149694,-0.6526475,0.0019,0.0099
Q,D,528,-1.6291275,0.0210957,-0.6929642,0.1443,0.1081
Q,E,528,-1.5706863,0.01764,-0.6345831,0.0536,0.0627
Q,F,528,-1.5961876,0.0192088,-0.659613,0.0193,0.0357
Q,G,528,-1.7249947,0.0177358,-0.7965723,0.3488,0.1756
Q,H,528,-1.7762642,0.0168205,-0.8559529,0.0657,0.0701
Q,I,528,-1.7570267,0.0160073,-0.8333502,0.0054,0.0177
Q,K,528,-1.5531731,0.0094738,-0.6177921,0.0112,0.0265
Q,L,528,-1.7711487,0.0149414,-0.849905,0.0054,0.0177
Q,M,528,-1.6369247,0.0149694,-0.7010273,0.0168,0.0331
Q,N,528,-1.6022224,0.0200911,-0.665637,0.0152,0.0314
Q,P,528,-1.6919708,0.0175401,-0.7597844,0.0252,0.0414
Q,R,528,-1.1671562,0.0287333,-0.3263531,0.0322,0.0474
Q,S,528,-1.6271248,0.0216415,-0.6909036,0.0404,0.0537
Q,T,528,-1.7426682,0.0161582,-0.8167315,0.0147,0.0308
Q,V,528,-1.6194191,0.0160073,-0.6830149,0.028,0.0439
Q,W,528,-1.500103,0.0149694,-0.5688811,0.0175,0.0339
Q,Y,528,-1.6462288,0.0249,-0.710733,0.0032,0.0132
I,A,529,-2.0186653,0.0147,-1.1726178,0.0096,0.0237
I,C,529,-1.906311,0.0159578,-1.0186781,0.0504,0.059
I,D,529,-1.8789406,0.0159578,-0.9830169,0.0044,0.0154
I,E,529,-1.8251991,0.0172,-0.9151721,0.0043,0.0152
I,F,529,-1.826725,0.0188386,-0.9170582,0.1287,0.0987
I,G,529,-2.1878242,0.0159578,-1.4256244,0.0217,0.0371
I,H,529,-1.9153061,0.0172,-1.0305587,0.0573,0.0633
I,K,529,-1.8579941,0.0172,-0.9562278,0.0235,0.0388
I,L,529,-1.829773,0.0172,-0.9208327,0.0408,0.0525
I,M,529,-1.663166,0.0159578,-0.7286371,0.0747,0.0732
I,N,529,-1.9226532,0.0172,-1.0403211,0.0102,0.0245
I,P,529,-1.9177208,0.0172,-1.0337614,0.003,0.0124
I,Q,529,-1.7630005,0.0172,-0.8403278,0.0367,0.0495
I,R,529,-2.0168533,0.0172,-1.1700417,0.0034,0.0135
I,S,529,-1.8415146,0.0238128,-0.9354613,0.0175,0.033
I,T,529,-1.8145103,0.0194384,-0.902027,0.0399,0.0519
I,V,529,-1.5159073,0.0287741,-0.5831381,0.025,0.0401
I,W,529,-1.740757,0.0154169,-0.8145357,0.1166,0.0935
I,Y,529,-1.9566078,0.0139438,-1.0861143,0.0349,0.0482
L,A,530,-1.9002914,0.0172,-1.0107718,0.0161,0.0492
L,C,530,-1.7896271,0.02064,-0.8718793,0.0314,0.071
L,D,530,-1.9309502,0.0172,-1.0514086,0.0017,0.0143
L,E,530,-1.8839645,0.0172,-0.9895071,0.0066,0.0301
L,F,530,-1.7786407,0.0172417,-0.8587718,0.0273,0.0657
L,G,530,-1.98069,0.0172,-1.1192577,0.0005,0.0072
L,H,530,-1.784584,0.0172,-0.865847,0.0027,0.0185
L,I,530,-1.928009,0.0172,-1.0474705,0.0073,0.0319
L,K,530,-1.9694519,0.0159117,-1.1037232,0.0071,0.0314
L,M,530,-1.8867416,0.0108745,-0.9931055,0.0102,0.0384
L,N,530,-1.8851585,0.0172,-0.9910533,0.0015,0.0135
L,P,530,-2.1078072,0.0323542,-1.3029421,0.0013,0.0125
L,Q,530,-1.8411751,0.0159117,-0.9350363,0.0033,0.0206
L,R,530,-1.9409294,0.0159117,-1.064832,0.0055,0.0273
L,S,530,-1.9895897,0.0172,-1.1316435,0.001,0.0107
L,T,530,-1.937767,0.0172,-1.0605678,0.0132,0.0441
L,V,530,-1.7940102,0.0172,-0.8771435,0.0026,0.018
L,W,530,-2.1170082,0.0172,-1.3167832,0.0088,0.0353
L,Y,530,-1.9769135,0.0172,-1.1140243,0.0049,0.0255
A,C,531,-1.7645836,0.0172,-0.8421831,0.0198,0.0506
A,D,531,-1.6394577,0.0172,-0.7036605,0.0043,0.022
A,E,531,-1.8213463,0.0172,-0.9104205,0.0072,0.029
A,F,531,-2.0644646,0.0172,-1.2387083,0.0011,0.0101
A,G,531,-1.6914291,0.0158676,-0.7591905,0.0144,0.0424
A,H,531,-1.7665482,0.0172,-0.8444892,0.0049,0.0235
A,I,531,-1.8315811,0.0159089,-0.9230762,0.0185,0.0486
A,K,531,-1.68219,0.0172,-0.7491097,0.0061,0.0264
A,L,531,-1.77174,0.0254542,-0.8506026,0.02,0.0508
A,M,531,-1.7958069,0.0172,-0.8793071,0.0035,0.0196
A,N,531,-1.8534737,0.0172,-0.9505042,0.0047,0.0229
A,P,531,-1.9857025,0.0147981,-1.1262246,0.0015,0.0125
A,Q,531,-1.752449,0.0172,-0.8280285,0.0031,0.0181
A,R,531,-1.8120499,0.0172,-0.8990177,0.0009,0.009
A,S,531,-1.2149124,0.0175927,-0.3547369,0.0853,0.1128
A,T,531,-1.5182915,0.0158595,-0.5853115,0.0296,0.0631
A,V,531,-1.6184425,0.0196918,-0.6820196,0.0115,0.0375
A,W,531,-2.0524826,0.0172,-1.2212378,0.002,0.0144
A,Y,531,-2.1464767,0.0172,-1.3615842,0.0012,0.011
I,A,532,-1.7918663,0.0172,-0.8745662,0.0229,0.0403
I,C,532,-1.758213,0.0172,-0.8347329,0.0098,0.0253
I,D,532,-1.7272491,0.0172,-0.7991255,0.0087,0.0237
I,E,532,-1.9213295,0.0172,-1.0385583,0.0223,0.0397
I,F,532,-1.6817474,0.0191147,-0.7486291,0.0615,0.0694
I,G,532,-2.0797195,0.0172,-1.2611321,0.0371,0.0526
I,H,532,-1.9972153,0.0172,-1.1423146,0.0734,0.0765
I,K,532,-1.9207077,0.0172,-1.0377309,0.0218,0.0392
I,L,532,-1.8704643,0.0172,-0.9721235,0.021,0.0385
I,M,532,-1.962223,0.0172,-1.0937934,0.0325,0.0489
I,N,532,-1.8891716,0.0172,-0.9962604,0.0152,0.0322
I,P,532,-2.0378265,0.0172,-1.2000408,0.0097,0.0251
I,Q,532,-1.7769318,0.0172,-0.8567441,0.0153,0.0323
I,R,532,-1.9822769,0.0172,-1.1214608,0.0325,0.0489
I,S,532,-1.8803673,0.0159289,-0.9848574,0.0094,0.0248
I,T,532,-1.9866028,0.024508,-1.1274784,0.0406,0.0552
I,V,532,-1.8613319,0.0248308,-0.9604672,0.0202,0.0377
I,W,532,-1.9363098,0.0172,-1.0586061,0.0251,0.0424
I,Y,532,-1.6958809,0.0172,-0.7640801,0.0093,0.0246
Y,A,533,-2.0336723,0.0207691,-1.1940674,0.0263,0.0449
Y,C,533,-2.0447655,0.0219155,-1.2100528,0.0278,0.0463
Y,D,533,-2.2776184,0.0159158,-1.5691842,0.0133,0.0309
Y,E,533,-2.064701,0.0172,-1.2390542,0.0266,0.0451
Y,F,533,-2.0258293,0.0172,-1.182832,0.0187,0.0372
Y,G,533,-2.0806274,0.0172,-1.262473,0.0109,0.0277
Y,H,533,-2.0858498,0.0200785,-1.2702,0.0603,0.0709
Y,I,533,-2.1983757,0.0172,-1.4421814,0.0098,0.0261
Y,K,533,-1.8204117,0.0172,-0.9092701,0.0096,0.0259
Y,L,533,-2.1560974,0.0249,-1.3763636,0.0255,0.0441
Y,M,533,-1.9021187,0.0172,-1.0131681,0.0163,0.0345
Y,N,533,-1.651825,0.0210106,-0.7166151,0.0353,0.0528
Y,P,533,-2.0047417,0.0172,-1.1528995,0.0144,0.0322
Y,Q,533,-2.1133385,0.0172,-1.3112544,0.015,0.0329
Y,R,533,-1.9446526,0.0172,-1.0698647,0.0076,0.0227
Y,S,533,-2.0278282,0.01481,-1.1856903,0.0165,0.0347
Y,T,533,-1.9191551,0.0172,-1.0356664,0.012,0.0291
Y,V,533,-2.0365105,0.0172,-1.1981468,0.0802,0.0829
Y,W,533,-2.115631,0.0172,-1.314707,0.0208,0.0394
S,A,534,-2.1842003,0.0249,-1.4199578,0.0204,0.0388
S,C,534,-1.9409943,0.0172,-1.0649196,0.0162,0.0341
S,D,534,-2.2313843,0.0172,-1.4945237,0.0138,0.0312
S,E,534,-1.9435806,0.0172,-1.0684143,0.0643,0.0728
S,F,534,-2.1280441,0.0172,-1.3334775,0.0079,0.0231
S,G,534,-1.9445381,0.0172,-1.0697098,0.0309,0.0487
S,H,534,-2.0889778,0.0172,-1.2748393,0.0133,0.0305
S,I,534,-2.1946335,0.0172,-1.4362995,0.0556,0.0672
S,K,534,-2.0858154,0.0172,-1.270149,0.0206,0.0389
S,L,534,-2.0225677,0.0158983,-1.178176,0.0554,0.0671
S,M,534,-1.9741707,0.0172,-1.1102316,0.0233,0.0417
S,N,534,-2.1399956,0.0172,-1.35167,0.0137,0.0311
S,P,534,-2.0166473,0.0293659,-1.169749,0.0132,0.0305
S,Q,534,-2.0360641,0.0172,-1.1975047,0.0713,0.077
S,R,534,-1.9447174,0.0172,-1.0699524,0.0048,0.0174
S,T,534,-1.8386192,0.0194749,-0.931841,0.0232,0.0416
S,V,534,-2.1269417,0.0172,-1.3318053,0.0036,0.015
S,W,534,-1.7818642,0.0172,-0.8626047,0.0223,0.0407
S,Y,534,-2.1107254,0.0172,-1.3073243,0.0083,0.0237
T,A,535,-1.7004395,0.0179236,-0.7691087,0.0392,0.0516
T,C,535,-1.9698982,0.0147001,-1.1043379,0.0613,0.066
T,D,535,-1.849884,0.0172,-0.9459737,0.0077,0.0211
T,E,535,-2.0247688,0.0172,-1.1813171,0.0255,0.0408
T,F,535,-2.3038254,0.0172,-1.6121738,0.0258,0.041
T,G,535,-1.9391441,0.0129982,-1.0624235,0.1996,0.1263
T,H,535,-1.8024902,0.0172,-0.8873843,0.0283,0.0431
T,I,535,-2.103794,0.0262528,-1.2969272,0.0152,0.0307
T,K,535,-2.0897484,0.0172,-1.2759835,0.0969,0.0849
T,L,535,-1.925087,0.0172,-1.0435665,0.0139,0.0292
T,M,535,-2.0531921,0.0172,-1.2222688,0.0206,0.0362
T,N,535,-2.0236473,0.0109326,-1.1797161,0.0137,0.0289
T,P,535,-1.9955864,0.0159139,-1.1400307,0.0299,0.0445
T,Q,535,-2.0044975,0.0172,-1.1525552,0.0067,0.0195
T,R,535,-1.8526497,0.0172,-0.9494631,0.0012,0.0077
T,S,535,-1.8221169,0.0166124,-0.9113696,0.0595,0.0649
T,V,535,-1.9751816,0.0172,-1.1116287,0.0661,0.0688
T,W,535,-2.1001282,0.0172,-1.2914449,0.0176,0.0333
T,Y,535,-2.0846176,0.0172,-1.2683747,0.0032,0.013
V,A,536,-1.0622177,0.0127347,-0.2706936,0.0604,0.0835
V,C,536,-1.6721992,0.0172,-0.7383104,0.0635,0.0858
V,D,536,-1.8177643,0.02988,-0.9060164,0.0076,0.0268
V,E,536,-1.797432,0.0172,-0.8812669,0.0005,0.0059
V,F,536,-1.9115105,0.02988,-1.0255359,0.0791,0.0969
V,G,536,-1.8060455,0.0177354,-0.8916999,0.0034,0.0172
V,H,536,-1.8116875,0.0172,-0.898575,0.0123,0.0348
V,I,536,-1.2047844,0.0202308,-0.3485507,0.0726,0.0924
V,K,536,-1.7499008,0.0172,-0.8250757,0.0004,0.0052
V,L,536,-1.5640411,0.0177234,-0.6281738,0.0341,0.061
V,M,536,-1.95784,0.0172,-1.0877969,0.005,0.0212
V,N,536,-1.7462692,0.0172,-0.8208791,0.0514,0.0764
V,P,536,-1.7391891,0.0172,-0.8127372,0.0002,0.0035
V,Q,536,-1.7592964,0.0172,-0.8359969,0.0004,0.0053
V,R,536,-1.7597656,0.0172,-0.8365447,0.0004,0.0054
V,S,536,-1.7530937,0.0172,-0.8287767,0.0007,0.0074
V,T,536,-1.6056519,0.0147795,-0.6690776,0.0247,0.0511
V,W,536,-1.7075996,0.0172,-0.7770512,0.004,0.0187
V,Y,536,-1.873333,0.0172,-0.9758022,0.0019,0.0126
A,C,537,-1.9942131,0.0249,-1.138107,0.0401,0.0828
A,D,537,-1.8238602,0.008602,-0.9135191,0.0049,0.0262
A,E,537,-1.7916031,0.0172,-0.8742501,0.0013,0.0127
A,F,537,-2.0738487,0.0172,-1.2524785,0.0005,0.0077
A,G,537,-1.8963203,0.0172,-1.0055755,0.0022,0.0166
A,H,537,-1.822216,0.0172,-0.9114917,0.0025,0.018
A,I,537,-2.0684052,0.0172,-1.2444814,0.0173,0.0522
A,K,537,-1.9626923,0.0172,-1.0944366,0.0013,0.0125
A,L,537,-1.777214,0.0147,-0.8570788,0.012,0.0427
A,M,537,-1.8505592,0.0172,-0.9468249,0.0122,0.043
A,N,537,-1.9692993,0.0172,-1.1035131,0.0013,0.0125
A,P,537,-2.010769,0.0172,-1.1614135,0.0005,0.0075
A,Q,537,-1.6385078,0.0172,-0.7026722,0.0016,0.0143
A,R,537,-1.7455101,0.0172,-0.8200036,0.0005,0.0072
A,S,537,-1.7474022,0.0158975,-0.8221869,0.0078,0.0335
A,T,537,-1.8275604,0.0217573,-0.9180917,0.0474,0.0908
A,V,537,-1.6888771,0.0157412,-0.756397,0.022,0.0595
A,W,537,-1.9697075,0.0172,-1.1040752,0.0015,0.0134
A,Y,537,-1.984375,0.0172,-1.1243772,0.0011,0.0113
S,A,538,-2.0291748,0.0328434,-1.1876178,0.1428,0.1306
S,C,538,-1.9347725,0.0158771,-1.0565388,0.0258,0.0509
S,D,538,-2.033432,0.0172,-1.1937223,0.0614,0.0821
S,E,538,-2.0119019,0.0172,-1.1630175,0.0008,0.0077
S,F,538,-2.0934448,0.0172,-1.281479,0.0008,0.0078
S,G,538,-2.1201057,0.0198626,-1.3214587,0.0135,0.0357
S,H,538,-1.8948708,0.0172,-1.0036827,0.0007,0.0072
S,I,538,-2.007187,0.0151714,-1.1563497,0.0042,0.0189
S,K,538,-1.9371338,0.0172,-1.0597151,0.0054,0.0215
S,L,538,-1.960949,0.0172,-1.0920485,0.0324,0.0578
S,M,538,-1.8795319,0.0172,-0.9837795,0.0031,0.0158
S,N,538,-2.0316467,0.0207778,-1.1911604,0.0379,0.0629
S,P,538,-1.9158821,0.0172,-1.0313221,0.0016,0.0111
S,Q,538,-1.884861,0.0172,-0.9906679,0.003,0.0157
S,R,538,-1.907341,0.02352,-1.0200345,0.0016,0.0109
S,T,538,-1.7678261,0.0203204,-0.8459913,0.0793,0.0945
S,V,538,-1.837513,0.0124958,-0.9304601,0.064,0.084
S,W,538,-1.8687057,0.0172,-0.9698724,0.0014,0.0101
S,Y,538,-1.9241219,0.0172,-1.0422789,0.0012,0.0095
S,A,539,-1.9797134,0.0172,-1.1179031,0.0737,0.1065
S,C,539,-1.8319778,0.0172,-0.9235689,0.0065,0.028
S,D,539,-2.0502968,0.0172,-1.2180644,0.0033,0.0192
S,E,539,-2.2146492,0.0172,-1.4678841,0.0012,0.0109
S,F,539,-1.983223,0.0172,-1.1227754,0.0023,0.0158
S,G,539,-2.011673,0.0172,-1.1626934,0.0134,0.0417
S,H,539,-1.9002075,0.0172,-1.0106618,0.0029,0.018
S,I,539,-1.9328003,0.0172,-1.05389,0.0017,0.0136
S,K,539,-1.9599571,0.0172,-1.0906911,0.0042,0.0222
S,L,539,-1.9692917,0.0207686,-1.1035027,0.0272,0.0615
S,M,539,-1.9441643,0.0172,-1.0692039,0.0061,0.0272
S,N,539,-1.8893127,0.0172,-0.9964438,0.0054,0.0253
S,P,539,-2.025257,0.0292444,-1.1820144,0.0054,0.0254
S,Q,539,-1.8147545,0.0172,-0.902326,0.0033,0.0192
S,R,539,-1.9559746,0.0172,-1.0852503,0.0009,0.0096
S,T,539,-1.9768486,0.0192217,-1.1139344,0.0544,0.0902
S,V,539,-1.8268623,0.0158939,-0.917228,0.0083,0.0321
S,W,539,-2.0696754,0.0172,-1.2463451,0.0061,0.027
S,Y,539,-1.944809,0.0172,-1.0700764,0.0034,0.0198
L,A,540,-2.256916,0.0235407,-1.5355633,0.0615,0.0715
L,C,540,-2.1644402,0.0158711,-1.3892401,0.0131,0.0305
L,D,540,-1.9763031,0.0172,-1.1131796,0.0003,0.004
L,E,540,-1.9711571,0.0172,-1.1060727,0.001,0.0074
L,F,540,-2.1218643,0.0265351,-1.3241167,0.1472,0.1155
L,G,540,-1.9787865,0.0137383,-1.1166182,0.0079,0.0232
L,H,540,-2.056221,0.0172,-1.2266751,0.0016,0.0096
L,I,540,-1.8750114,0.0170854,-0.9779584,0.1401,0.1124
L,K,540,-1.9857559,0.0172,-1.126299,0.0004,0.0042
L,M,540,-2.0785599,0.0078497,-1.2594205,0.0661,0.0743
L,N,540,-1.964035,0.0172,-1.0962778,0.0021,0.0112
L,P,540,-1.7967987,0.019421,-0.8805029,0.0019,0.0104
L,Q,540,-1.7969627,0.02408,-0.8807007,0.0041,0.0161
L,R,540,-1.9661789,0.0176794,-1.0992213,0.0081,0.0234
L,S,540,-1.8314667,0.0072001,-0.9229342,0.0631,0.0724
L,T,540,-1.8744316,0.0206943,-0.9772132,0.0603,0.0707
L,V,540,-1.817749,0.0328817,-0.9059976,0.1587,0.1203
L,W,540,-1.9209366,0.0172,-1.0380354,0.028,0.0464
L,Y,540,-2.0962563,0.0176794,-1.2856668,0.0149,0.0328
V,A,541,-2.0108833,0.0249,-1.1615753,0.0085,0.0266
V,C,541,-1.9726143,0.0172,-1.1080827,0.0138,0.0346
V,D,541,-1.7871399,0.0172,-0.868901,0.0038,0.0171
V,E,541,-1.7832069,0.02064,-0.8642044,0.0024,0.0132
V,F,541,-1.876606,0.0169452,-0.9800094,0.062,0.0791
V,G,541,-1.9224052,0.0172,-1.0399907,0.0009,0.0078
V,H,541,-1.9967155,0.0172,-1.1416136,0.0023,0.0128
V,I,541,-1.3065147,0.0101518,-0.4149206,0.2973,0.1875
V,K,541,-1.8588142,0.0172,-0.9572684,0.001,0.008
V,L,541,-1.8333435,0.0170581,-0.9252663,0.05,0.0703
V,M,541,-2.0058784,0.019234,-1.1545026,0.0259,0.049
V,N,541,-2.092846,0.0172,-1.280588,0.0024,0.0131
V,P,541,-2.079525,0.0159769,-1.2608449,0.0207,0.0433
V,Q,541,-1.9750404,0.0158641,-1.1114335,0.0027,0.014
V,R,541,-1.7756653,0.0158641,-0.8552434,0.0005,0.0053
V,S,541,-1.9173851,0.0158641,-1.0333158,0.0009,0.0078
V,T,541,-1.8509674,0.0327918,-0.9473397,0.1622,0.1343
V,W,541,-1.7449188,0.0189398,-0.8193221,0.0472,0.0682
V,Y,541,-1.7850113,0.0172,-0.8663571,0.0067,0.0232
L,A,542,-1.8305359,0.017515,-0.9217789,0.0809,0.0839
L,C,542,-1.807148,0.0137424,-0.8930408,0.0205,0.0394
L,D,542,-1.8960724,0.0172,-1.0052516,0.0038,0.0155
L,E,542,-1.8111839,0.0172,-0.89796,0.0055,0.0191
L,F,542,-2.1334076,0.0227411,-1.3416273,0.0261,0.045
L,G,542,-1.8451309,0.0190429,-0.9399949,0.03,0.0487
L,H,542,-1.8048134,0.0194098,-0.8902029,0.0044,0.0169
L,I,542,-1.7413559,0.0076574,-0.8152234,0.0549,0.0678
L,K,542,-1.9614754,0.0158691,-1.0927693,0.0033,0.0145
L,M,542,-1.9009628,0.0238428,-1.0116519,0.2436,0.1538
L,N,542,-1.9537506,0.0172,-1.0822184,0.0008,0.0067
L,P,542,-1.7493134,0.0462769,-0.8243959,0.0055,0.0192
L,Q,542,-1.8827667,0.0172,-0.9879574,0.0084,0.0242
L,R,542,-1.864975,0.0151933,-0.9651072,0.0006,0.0055
L,S,542,-2.0841866,0.0181497,-1.2677366,0.0278,0.0466
L,T,542,-1.98666,0.0230315,-1.1275581,0.0982,0.0933
L,V,542,-1.8948975,0.0117621,-1.0037175,0.0354,0.0532
L,W,542,-1.7278938,0.0172,-0.7998567,0.0015,0.0093
L,Y,542,-2.043457,0.0147294,-1.2081616,0.0517,0.0656
L,A,543,-1.7948837,0.0218684,-0.878195,0.4005,0.2167
L,C,543,-1.6745071,0.0172,-0.7407957,0.011,0.03
L,D,543,-1.84655,0.0172,-0.9417775,0.0014,0.0096
L,E,543,-1.7007408,0.0172,-0.7694418,0.0007,0.0065
L,F,543,-1.9068451,0.0156103,-1.0193813,0.0141,0.0344
L,G,543,-1.7593422,0.012497,-0.8360504,0.0157,0.0365
L,H,543,-1.7927742,0.0172,-0.875657,0.0013,0.0094
L,I,543,-1.4954414,0.0147,-0.5647257,0.0484,0.0678
L,K,543,-1.7909622,0.0172,-0.8734807,0.0636,0.0788
L,M,543,-1.7416382,0.0137471,-0.8155476,0.0204,0.0422
L,N,543,-1.6447754,0.0172,-0.7092108,0.0051,0.0198
L,P,543,-1.6272469,0.0172,-0.6910291,0.0004,0.005
L,Q,543,-1.8683968,0.0172,-0.9694773,0.0008,0.0069
L,R,543,-1.7369881,0.0172,-0.8102168,0.0003,0.0038
L,S,543,-1.9042664,0.0207351,-1.0159887,0.1585,0.1302
L,T,543,-1.858326,0.0154619,-0.9566489,0.0169,0.038
L,V,543,-1.4221001,0.0121245,-0.502305,0.0379,0.0593
L,W,543,-1.8405533,0.0378716,-0.9342583,0.0092,0.0272
L,Y,543,-1.6392479,0.0114912,-0.7034421,0.0189,0.0404
V,A,544,-1.8318405,0.0295315,-0.9233984,0.021,0.053
V,C,544,-1.9535027,0.0172,-1.0818808,0.0016,0.013
V,D,544,-1.803421,0.0158711,-0.8885129,0.0038,0.0206
V,E,544,-1.9443436,0.0172,-1.0694465,0.002,0.0147
V,F,544,-1.8508987,0.0147004,-0.947253,0.0079,0.031
V,G,544,-1.818428,0.0201099,-0.9068314,0.0067,0.0283
V,H,544,-1.8147087,0.0172,-0.9022699,0.0015,0.0124
V,I,544,-1.2655907,0.0137318,-0.3870763,0.0074,0.0298
V,K,544,-1.8000526,0.0172,-0.884433,0.002,0.0145
V,L,544,-2.042328,0.0147328,-1.206531,0.0007,0.0083
V,M,544,-1.857338,0.0172,-0.9553958,0.0082,0.0316
V,N,544,-2.0833206,0.0147,-1.2664549,0.0207,0.0526
V,P,544,-1.9834175,0.0172,-1.1230458,0.0017,0.0133
V,Q,544,-1.8289146,0.0172,-0.9197687,0.0013,0.0114
V,R,544,-1.8027344,0.0172,-0.8876803,0.0004,0.0064
V,S,544,-1.9511337,0.0137468,-1.078657,0.0205,0.0523
V,T,544,-1.6601982,0.0172,-0.7254779,0.0409,0.0765
V,W,544,-2.070671,0.0172,-1.247807,0.0306,0.0652
V,Y,544,-2.178257,0.0172,-1.4106865,0.0432,0.0788
S,A,545,-1.7522507,0.0185716,-0.8277985,0.0311,0.0576
S,C,545,-2.1067963,0.0172,-1.3014257,0.0025,0.0144
S,D,545,-1.9590797,0.0172,-1.0894911,0.1773,0.1499
S,E,545,-1.9954681,0.0172,-1.1398649,0.0014,0.0103
S,F,545,-2.0979538,0.0135777,-1.2881984,0.0486,0.0736
S,G,545,-2.0850258,0.0172,-1.2689792,0.0005,0.0061
S,H,545,-1.9921265,0.0172,-1.1351875,0.0077,0.0266
S,I,545,-2.0474968,0.0172,-1.2140055,0.0006,0.0063
S,K,545,-1.9370422,0.0172,-1.0595918,0.0019,0.0123
S,L,545,-1.8206558,0.012493,-0.9095705,0.0573,0.0805
S,M,545,-1.9292603,0.0172,-1.0491449,0.0041,0.0189
S,N,545,-2.080017,0.0172,-1.2615714,0.0022,0.0133
S,P,545,-1.9264412,0.0183478,-1.0453748,0.0259,0.0521
S,Q,545,-1.9827538,0.0172,-1.1221234,0.008,0.0272
S,R,545,-1.9480209,0.0172,-1.0744292,0.0066,0.0245
S,T,545,-1.8010559,0.0121414,-0.885647,0.0783,0.0957
S,V,545,-1.8552704,0.0147,-0.9527767,0.0017,0.0118
S,W,545,-1.9895973,0.0172,-1.1316542,0.0049,0.0209
S,Y,545,-1.8468208,0.0080028,-0.9421179,0.0061,0.0234
L,A,546,-1.9633675,0.0172,-1.0953623,0.0025,0.0199
L,C,546,-2.009472,0.0158668,-1.1595786,0.0013,0.0138
L,D,546,-1.8520164,0.0172,-0.9486634,0.0065,0.0336
L,E,546,-2.0643234,0.0172,-1.2385017,0.0007,0.0102
L,F,546,-2.1017494,0.0147,-1.2938681,0.0171,0.0573
L,G,546,-2.0184288,0.0172,-1.1722814,0.0014,0.0145
L,H,546,-1.887291,0.0172,-0.9938183,0.0009,0.0116
L,I,546,-1.898613,0.0172,-1.0085737,0.0013,0.0138
L,K,546,-2.064766,0.0172,-1.2391494,0.0005,0.0083
L,M,546,-2.0949821,0.0172,-1.283768,0.0039,0.0252
L,N,546,-2.009594,0.0172,-1.1597511,0.0004,0.0071
L,P,546,-1.8308067,0.0251143,-0.9221149,0.006,0.0322
L,Q,546,-1.9119225,0.0164347,-1.0260804,0.0024,0.0194
L,R,546,-1.8948402,0.0179346,-1.0036427,0.0023,0.0191
L,S,546,-1.976963,0.02058,-1.1140928,0.001,0.0118
L,T,546,-1.8443489,0.0172,-0.9390134,0.0031,0.0224
L,V,546,-2.0068588,0.0190401,-1.1558863,0.0084,0.0386
L,W,546,-2.048191,0.0172,-1.2150112,0.0167,0.0564
L,Y,546,-2.111576,0.0172,-1.3086029,0.0323,0.0813
G,A,547,-2.1855278,0.0176843,-1.4220324,0.0369,0.079
G,C,547,-2.3201904,0.0172,-1.6392558,0.0011,0.0116
G,D,547,-1.9881058,0.0158735,-1.1295733,0.0021,0.0165
G,E,547,-2.0391045,0.0133064,-1.2018815,0.0176,0.0525
G,F,547,-2.1321259,0.0172,-1.3396776,0.0014,0.0129
G,H,547,-2.0561028,0.0172,-1.226503,0.0016,0.014
G,I,547,-2.1537094,0.0172,-1.3726882,0.0018,0.0151
G,K,547,-2.2333412,0.0172,-1.4976524,0.0025,0.0178
G,L,547,-2.0452728,0.0172,-1.2107865,0.0013,0.0124
G,M,547,-2.1176376,0.0172,-1.3177326,0.0636,0.1065
G,N,547,-2.000965,0.0172,-1.1475816,0.0023,0.0171
G,P,547,-2.1223488,0.0172,-1.3248495,0.0008,0.0098
G,Q,547,-1.907608,0.0172,-1.0203863,0.0027,0.0187
G,R,547,-1.9230995,0.0149811,-1.0409158,0.0053,0.0272
G,S,547,-1.9264908,0.0172,-1.0454411,0.0015,0.0137
G,T,547,-1.9004211,0.0172,-1.0109418,0.0371,0.0792
G,V,547,-2.0484276,0.0172,-1.215354,0.005,0.0263
G,W,547,-1.9083328,0.0172,-1.0213416,0.0042,0.0239
G,Y,547,-1.9054337,0.0172,-1.0175236,0.0017,0.0146
A,C,548,-2.094078,0.0172,-1.2824216,0.0028,0.0231
A,D,548,-1.9243927,0.0172,-1.0426401,0.0017,0.0173
A,E,548,-1.9333191,0.0168778,-1.0545864,0.0062,0.0356
A,F,548,-1.8129196,0.0172,-0.9000807,0.0007,0.0109
A,G,548,-1.7702065,0.0079537,-0.848794,0.0031,0.0244
A,H,548,-1.8180656,0.0172,-0.9063863,0.0022,0.0203
A,I,548,-1.8518066,0.0172,-0.9483986,0.0006,0.0097
A,K,548,-1.7395592,0.0172,-0.8131615,0.0007,0.0108
A,L,548,-1.9580574,0.0172,-1.0880939,0.0004,0.0084
A,M,548,-2.060917,0.0172,-1.2335225,0.0021,0.0199
A,N,548,-1.7031174,0.0172,-0.7720729,0.0009,0.0125
A,P,548,-2.0056992,0.0158813,-1.1542498,0.0003,0.0067
A,Q,548,-1.7348251,0.0172,-0.8077449,0.0048,0.031
A,R,548,-1.8692207,0.0172,-0.9705313,0.0005,0.009
A,S,548,-1.7849922,0.0239822,-0.8663343,0.0049,0.0315
A,T,548,-1.6862373,0.0206216,-0.7535146,0.0167,0.0615
A,V,548,-1.9991951,0.0121,-1.1450939,0.0024,0.0214
A,W,548,-1.732254,0.0172,-0.8048129,0.0128,0.0532
A,Y,548,-1.9000397,0.0172,-1.010442,0.0047,0.0308
I,A,549,-1.3681068,0.0181815,-0.4598455,0.0704,0.0883
I,C,549,-1.6376915,0.021256,-0.7018237,0.0629,0.083
I,D,549,-1.650898,0.0172,-0.7156384,0.0025,0.0142
I,E,549,-1.736515,0.0172,-0.8096757,0.0015,0.0105
I,F,549,-1.6529503,0.0178586,-0.7178018,0.01,0.0302
I,G,549,-1.5708122,0.0172,-0.634705,0.0034,0.0166
I,H,549,-1.6842766,0.0172,-0.7513785,0.0724,0.0897
I,K,549,-1.6624985,0.0172,-0.7279258,0.0013,0.0098
I,L,549,-1.1747131,0.0175994,-0.3307129,0.1316,0.1245
I,M,549,-1.5254021,0.0172,-0.5918289,0.0148,0.0374
I,N,549,-1.8267784,0.0158784,-0.9171242,0.006,0.0227
I,P,549,-1.8923035,0.0172,-1.0003352,0.0006,0.0063
I,Q,549,-1.7504425,0.0172,-0.8257028,0.0017,0.0113
I,R,549,-1.6391411,0.0172,-0.703331,0.0007,0.007
I,S,549,-1.7439079,0.0147,-0.8181578,0.0084,0.0274
I,T,549,-1.4890938,0.0203706,-0.5591037,0.0076,0.0259
I,V,549,-1.1455841,0.0309597,-0.3141746,0.0531,0.0756
I,W,549,-1.678833,0.0158784,-0.7454693,0.0099,0.03
I,Y,549,-1.7237625,0.0210169,-0.795179,0.0047,0.0198
S,A,550,-2.20961,0.0147,-1.4599036,0.0736,0.0763
S,C,550,-1.9366608,0.0143014,-1.0590784,0.1138,0.097
S,D,550,-1.9159355,0.0172,-1.0313929,0.0022,0.0112
S,E,550,-2.0827484,0.0172,-1.2656084,0.0032,0.0136
S,F,550,-2.2236443,0.0147338,-1.4821769,0.0293,0.046
S,G,550,-1.8738022,0.012841,-0.9764047,0.1456,0.1111
S,H,550,-2.0003128,0.0172,-1.1466645,0.0022,0.011
S,I,550,-1.9350052,0.0211899,-1.0568516,0.0091,0.0242
S,K,550,-2.1740608,0.0172,-1.4041573,0.0024,0.0115
S,L,550,-1.959549,0.0192961,-1.0901329,0.1488,0.1124
S,M,550,-2.1381378,0.0172,-1.3488344,0.0574,0.0666
S,N,550,-1.907917,0.0175426,-1.0207935,0.0172,0.0343
S,P,550,-1.9474068,0.0172,-1.0735962,0.0025,0.0118
S,Q,550,-2.0439377,0.0172,-1.2088562,0.0834,0.0817
S,R,550,-1.7964935,0.0143901,-0.8801348,0.0023,0.0112
S,T,550,-2.0564423,0.019046,-1.2269973,0.083,0.0815
S,V,550,-1.7681236,0.018334,-0.8463413,0.0201,0.0374
S,W,550,-1.9933662,0.0172,-1.1369216,0.0081,0.0226
S,Y,550,-1.8118515,0.0172,-0.8987753,0.0013,0.0084
F,A,551,-1.9825592,0.0108697,-1.121853,0.0479,0.0596
F,C,551,-1.9336815,0.0172,-1.055073,0.0068,0.0204
F,D,551,-2.1334915,0.0172,-1.341755,0.0022,0.0108
F,E,551,-2.0506134,0.0206299,-1.2185238,0.0811,0.0796
F,G,551,-1.9289474,0.0137506,-1.0487261,0.038,0.0524
F,H,551,-1.889595,0.0172,-0.9968107,0.0104,0.0257
F,I,551,-1.9952278,0.0200472,-1.1395282,0.0845,0.0814
F,K,551,-1.9091606,0.0172,-1.0224333,0.0018,0.0099
F,L,551,-1.7101479,0.009693,-0.7798911,0.0593,0.067
F,M,551,-1.942688,0.0249,-1.0672075,0.0068,0.0204
F,N,551,-1.8069077,0.0172,-0.8927484,0.0173,0.0341
F,P,551,-1.9068108,0.0172,-1.0193362,0.005,0.0171
F,Q,551,-2.1807327,0.0172,-1.4145451,0.0254,0.042
F,R,551,-1.9130707,0.0158728,-1.0275988,0.0003,0.0035
F,S,551,-2.1249352,0.0154757,-1.3287644,0.0147,0.0311
F,T,551,-1.9602737,0.0235771,-1.0911243,0.0327,0.0483
F,V,551,-1.817337,0.0108697,-0.9054919,0.202,0.1314
F,W,551,-1.8964157,0.0172,-1.0057002,0.0097,0.0248
F,Y,551,-2.0174026,0.0158728,-1.1708223,0.1135,0.0957
W,A,552,-2.1898422,0.0147,-1.4287843,0.0187,0.0404
W,C,552,-2.0202675,0.0189828,-1.1748982,0.012,0.0316
W,D,552,-1.8996811,0.0172,-1.0099722,0.0118,0.0314
W,E,552,-2.097725,0.0172,-1.2878571,0.0055,0.0207
W,F,552,-1.8434105,0.0256328,-0.9378364,0.1699,0.136
W,G,552,-1.9525375,0.0160332,-1.0805667,0.0234,0.0458
W,H,552,-2.1649666,0.0172,-1.3900544,0.0048,0.019
W,I,552,-1.9633789,0.0172,-1.0953779,0.0359,0.0578
W,K,552,-2.0532913,0.0172,-1.222413,0.0051,0.0198
W,L,552,-1.8504944,0.0137497,-0.9467432,0.0067,0.023
W,M,552,-1.9019585,0.0172,-1.0129578,0.0713,0.0844
W,N,552,-1.8609657,0.0172,-0.9600016,0.0057,0.021
W,P,552,-1.9992752,0.0172,-1.1452064,0.0013,0.0092
W,Q,552,-2.0434456,0.0285702,-1.2081451,0.0148,0.0356
W,R,552,-1.9723549,0.0364964,-1.1077247,0.0043,0.018
W,S,552,-1.9188843,0.01764,-1.0353066,0.003,0.0148
W,T,552,-1.9880676,0.0172,-1.12952,0.005,0.0196
W,V,552,-1.8719978,0.0172,-0.974089,0.018,0.0395
W,Y,552,-2.0324745,0.0172,-1.1923479,0.0679,0.0821
M,A,553,-1.7209396,0.0194708,-0.7919931,0.1401,0.1248
M,C,553,-1.7694588,0.0172,-0.847913,0.0014,0.0098
M,D,553,-1.8939476,0.0172,-1.0024782,0.0025,0.0136
M,E,553,-1.7548599,0.0172,-0.8308285,0.0028,0.0146
M,F,553,-1.7233162,0.0172,-0.7946748,0.0049,0.0197
M,G,553,-1.8773079,0.0246246,-0.980913,0.1423,0.1258
M,H,553,-2.201458,0.0172,-1.4470342,0.0171,0.0393
M,I,553,-1.8970451,0.0284407,-1.0065228,0.0258,0.0493
M,K,553,-1.8928642,0.0172,-1.0010657,0.0057,0.0216
M,L,553,-1.754242,0.0294,-0.8301103,0.0094,0.0282
M,N,553,-1.9069748,0.0172,-1.0195522,0.008,0.0259
M,P,553,-1.866333,0.0172,-0.9668401,0.0012,0.009
M,Q,553,-1.6222267,0.0172,-0.6858819,0.004,0.0177
M,R,553,-1.8947067,0.0190435,-1.0034685,0.0873,0.0962
M,S,553,-1.9769249,0.0154445,-1.11404,0.0634,0.0807
M,T,553,-1.8779182,0.0158696,-0.9816991,0.0232,0.0464
M,V,553,-1.7908516,0.0159536,-0.873348,0.0013,0.0095
M,W,553,-1.6395073,0.0147,-0.7037121,0.0067,0.0234
M,Y,553,-1.9234962,0.0172,-1.0414445,0.0007,0.007
C,A,554,-2.164631,0.0261454,-1.3895352,0.0702,0.0814
C,D,554,-2.218563,0.0172,-1.4740955,0.0036,0.0159
C,E,554,-1.9462852,0.0172,-1.0720757,0.0023,0.0125
C,F,554,-2.046856,0.0162202,-1.2130775,0.0265,0.0477
C,G,554,-2.0032082,0.0149939,-1.1507386,0.0027,0.0137
C,H,554,-2.0239143,0.0172,-1.1800971,0.0027,0.0137
C,I,554,-2.0673485,0.0254388,-1.2429319,0.2162,0.1511
C,K,554,-2.0657005,0.0172,-1.2405174,0.0023,0.0125
C,L,554,-2.0523949,0.0160913,-1.2211104,0.0943,0.0958
C,M,554,-1.8954048,0.0219,-1.0043797,0.0361,0.0565
C,N,554,-1.9415894,0.0172,-1.0657232,0.0026,0.0134
C,P,554,-1.9636879,0.0172,-1.0958017,0.0013,0.0093
C,Q,554,-1.9351349,0.0147,-1.0570259,0.0133,0.0326
C,R,554,-2.0855942,0.0223139,-1.2698212,0.0051,0.0193
C,S,554,-2.3872108,0.0174928,-1.7519823,0.0144,0.0341
C,T,554,-1.8918076,0.02064,-0.9996894,0.0146,0.0343
C,V,554,-2.0351715,0.0147,-1.1962213,0.1084,0.1034
C,W,554,-1.8217583,0.014726,-0.9109279,0.0122,0.031
C,Y,554,-2.2749252,0.013027,-1.5647933,0.0056,0.0203
S,A,555,-1.8461227,0.0328378,-0.9412405,0.0797,0.0753
S,C,555,-1.8110161,0.0172,-0.8977551,0.0015,0.0085
S,D,555,-2.0075111,0.021009,-1.1568074,0.0517,0.0593
S,E,555,-1.7545509,0.012879,-0.8304693,0.1034,0.0868
S,F,555,-2.018013,0.0140469,-1.1716901,0.0119,0.0264
S,G,555,-1.8065987,0.0247357,-0.8923726,0.0105,0.0247
S,H,555,-1.9882355,0.0172,-1.1297541,0.0145,0.0295
S,I,555,-1.7680435,0.015869,-0.846247,0.0129,0.0277
S,K,555,-1.7308044,0.0222165,-0.803163,0.0096,0.0235
S,L,555,-1.9125328,0.0192714,-1.0268873,0.0459,0.0556
S,M,555,-1.7288322,0.0172289,-0.8009217,0.0529,0.0601
S,N,555,-1.8861198,0.015869,-0.9922992,0.0117,0.0262
S,P,555,-1.8999863,0.0181462,-1.010372,0.0007,0.0054
S,Q,555,-1.7955208,0.0212902,-0.8789624,0.1953,0.1231
S,R,555,-1.7848167,0.0346937,-0.8661248,0.0107,0.0249
S,T,555,-1.9058342,0.03066,-1.0180506,0.0261,0.0407
S,V,555,-2.0450745,0.0169651,-1.2104997,0.036,0.0486
S,W,555,-2.0528908,0.0219313,-1.2218309,0.0273,0.0417
S,Y,555,-1.7643166,0.0078795,-0.84187,0.1556,0.1087
N,A,556,-1.9098167,0.0172,-1.023299,0.007,0.021
N,C,556,-2.0766487,0.0172,-1.256602,0.0033,0.0138
N,D,556,-1.8618393,0.0321953,-0.9611127,0.0153,0.0324
N,E,556,-2.1819954,0.0147,-1.416515,0.0027,0.0124
N,F,556,-2.0106812,0.0172,-1.1612893,0.0035,0.0145
N,G,556,-2.0305977,0.0176716,-1.1896563,0.0011,0.0075
N,H,556,-1.9281883,0.0147,-1.0477104,0.0256,0.043
N,I,556,-1.8871384,0.0180897,-0.9936203,0.1003,0.0912
N,K,556,-1.9004669,0.0153898,-1.0110018,0.0314,0.0482
N,L,556,-1.8735657,0.0121131,-0.976101,0.0502,0.0623
N,M,556,-2.0199814,0.0158673,-1.1744908,0.0558,0.0661
N,P,556,-1.9764786,0.0172,-1.1134224,0.0003,0.0034
N,Q,556,-1.993969,0.0172,-1.1377653,0.0046,0.0167
N,R,556,-2.0119476,0.0158673,-1.1630823,0.0179,0.0353
N,S,556,-1.9661942,0.0199229,-1.0992423,0.0519,0.0635
N,T,556,-1.9401016,0.0235621,-1.0637149,0.0619,0.07
N,V,556,-1.999836,0.015522,-1.1459944,0.0804,0.0808
N,W,556,-2.286583,0.0172,-1.5838363,0.0088,0.024
N,Y,556,-1.9779778,0.0158673,-1.1154978,0.2283,0.1433
G,A,557,-1.8413963,0.0158735,-0.9353132,0.0221,0.0531
G,C,557,-1.9628067,0.0172,-1.0945934,0.0008,0.0086
G,D,557,-1.7814522,0.0172,-0.8621142,0.0092,0.0327
G,E,557,-1.9173965,0.0185552,-1.0333309,0.0117,0.0374
G,F,557,-1.9923172,0.0172,-1.1354542,0.0052,0.0239
G,H,557,-1.9507141,0.0172,-1.0780865,0.0109,0.0359
G,I,557,-1.8227501,0.0172,-0.91215,0.001,0.0098
G,K,557,-1.8318443,0.01764,-0.9234031,0.0131,0.0398
G,L,557,-1.9593735,0.0172,-1.0898928,0.0024,0.0157
G,M,557,-1.9073677,0.0172,-1.0200697,0.0029,0.0174
G,N,557,-1.8602829,0.0172,-0.9591337,0.0445,0.0779
G,P,557,-1.9596939,0.0172,-1.090331,0.0006,0.0076
G,Q,557,-1.9190025,0.0158735,-1.0354637,0.0912,0.1156
G,R,557,-1.7610245,0.0114379,-0.8380156,0.0164,0.0449
G,S,557,-2.101303,0.0219,-1.2932007,0.005,0.0233
G,T,557,-2.0101776,0.0172,-1.1605767,0.0019,0.0136
G,V,557,-1.9040298,0.0172,-1.0156777,0.0114,0.0368
G,W,557,-1.7689323,0.0172,-0.847293,0.0062,0.0265
G,Y,557,-1.9404716,0.0172,-1.0642141,0.0019,0.0136
S,A,558,-2.0741425,0.0147275,-1.2529108,0.0258,0.0468
S,C,558,-1.9224777,0.015868,-1.0400873,0.0015,0.0097
S,D,558,-1.9103203,0.0172,-1.0239638,0.0012,0.0086
S,E,558,-1.9766464,0.0172,-1.1136546,0.03,0.0508
S,F,558,-1.6920395,0.0169611,-0.7598597,0.0792,0.0867
S,G,558,-1.8802185,0.015868,-0.9846654,0.001,0.0078
S,H,558,-1.881321,0.0147275,-0.9860889,0.0047,0.0184
S,I,558,-2.0951462,0.0172,-1.2840125,0.0148,0.0345
S,K,558,-1.8729668,0.0172,-0.9753322,0.0025,0.013
S,L,558,-1.920208,0.0261599,-1.0370662,0.048,0.0658
S,M,558,-2.2189484,0.0219,-1.4747078,0.0174,0.0376
S,N,558,-1.5729408,0.015868,-0.6367682,0.0133,0.0325
S,P,558,-2.0643501,0.0202636,-1.2385407,0.0014,0.0095
S,Q,558,-1.8045692,0.0375,-0.8899063,0.2895,0.1767
S,R,558,-2.0026817,0.0172,-1.1499972,0.0014,0.0094
S,T,558,-1.6541672,0.0257529,-0.7190867,0.1151,0.1064
S,V,558,-1.8140526,0.0175835,-0.9014667,0.0407,0.0601
S,W,558,-2.0150757,0.0249,-1.1675174,0.0032,0.015
S,Y,558,-2.1057587,0.010106,-1.2998702,0.0127,0.0317
L,A,559,-2.0171318,0.0172,-1.1704375,0.003,0.0189
L,C,559,-1.9828072,0.0172,-1.1221976,0.0378,0.0756
L,D,559,-1.8845482,0.0172,-0.9902628,0.0008,0.009
L,E,559,-1.9724197,0.0172,-1.1078141,0.0011,0.011
L,F,559,-1.9957314,0.0146659,-1.1402339,0.0076,0.0313
L,G,559,-1.6357269,0.0172,-0.6997844,0.0005,0.0071
L,H,559,-1.8671951,0.0172,-0.9679412,0.0022,0.0159
L,I,559,-2.0201912,0.015867,-1.1747895,0.0112,0.0387
L,K,559,-1.8976212,0.0172,-1.0072761,0.0038,0.0213
L,M,559,-1.7073402,0.0147257,-0.7767625,0.0164,0.0476
L,N,559,-1.8417778,0.0172,-0.9357908,0.0011,0.0107
L,P,559,-2.2301788,0.0172,-1.4925978,0.0007,0.0081
L,Q,559,-1.7926826,0.0172,-0.875547,0.0619,0.099
L,R,559,-1.9684143,0.0172,-1.1022949,0.0004,0.0066
L,S,559,-1.9926224,0.0313511,-1.135881,0.0015,0.0126
L,T,559,-1.9073524,0.0172,-1.0200495,0.0036,0.0208
L,V,559,-2.019596,0.0137228,-1.1739422,0.1016,0.13
L,W,559,-1.9962654,0.0172,-1.1409824,0.0096,0.0355
L,Y,559,-2.0066147,0.0172,-1.1555417,0.0019,0.0148
Q,A,560,-1.7129669,0.0158669,-0.7830405,0.0138,0.0335
Q,C,560,-1.8585968,0.0172,-0.9569925,0.0064,0.022
Q,D,560,-2.0576782,0.0172,-1.2287978,0.004,0.017
Q,E,560,-2.0201492,0.0171587,-1.1747297,0.014,0.0339
Q,F,560,-2.0056572,0.0172,-1.1541906,0.0018,0.011
Q,G,560,-1.9744949,0.0172,-1.1106796,0.026,0.0475
Q,H,560,-2.0434418,0.0142557,-1.2081396,0.0102,0.0284
Q,I,560,-2.119938,0.0172,-1.3212053,0.0029,0.0144
Q,K,560,-1.78088,0.0100337,-0.8614333,0.0207,0.0419
Q,L,560,-1.7148132,0.02064,-0.7851078,0.0085,0.0258
Q,M,560,-2.0374298,0.0172,-1.1994697,0.0874,0.0926
Q,N,560,-1.8507271,0.01764,-0.9470366,0.0099,0.028
Q,P,560,-1.9718933,0.01764,-1.1070879,0.0121,0.0312
Q,R,560,-1.9410019,0.0172,-1.0649299,0.0356,0.0565
Q,S,560,-1.7998314,0.0228297,-0.8841655,0.0486,0.0671
Q,T,560,-1.9077911,0.0210174,-1.0206276,0.047,0.0658
Q,V,560,-1.9515038,0.0231626,-1.0791603,0.1063,0.103
Q,W,560,-2.1256676,0.0172,-1.329874,0.0035,0.0159
Q,Y,560,-2.124569,0.0172,-1.3282097,0.0025,0.013
C,A,561,-1.9314651,0.015866,-1.0520988,0.0484,0.0675
C,D,561,-2.0513382,0.0172,-1.2195758,0.0018,0.0112
C,E,561,-1.9266701,0.0172,-1.0456806,0.0021,0.0119
C,F,561,-2.0735855,0.0410913,-1.2520912,0.0921,0.0962
C,G,561,-1.8376656,0.0147,-0.9306505,0.0051,0.0195
C,H,561,-1.917736,0.015866,-1.0337816,0.0033,0.0154
C,I,561,-1.9755516,0.0130815,-1.1121402,0.1304,0.1165
C,K,561,-1.8272781,0.0172,-0.9177424,0.003,0.0146
C,L,561,-1.8764648,0.015866,-0.9798277,0.0839,0.0914
C,M,561,-1.9623909,0.0219,-1.0940235,0.017,0.038
C,N,561,-1.9353485,0.0172,-1.0573131,0.004,0.0171
C,P,561,-1.9601402,0.0172,-1.0909416,0.0009,0.0074
C,Q,561,-2.122696,0.0172,-1.3253747,0.0122,0.0317
C,R,561,-2.1267204,0.0213297,-1.3314698,0.0028,0.0141
C,S,561,-2.1012802,0.0147241,-1.2931666,0.0007,0.0066
C,T,561,-2.0256271,0.0172,-1.1825431,0.0029,0.0143
C,V,561,-2.0719757,0.012223,-1.2497239,0.0855,0.0923
C,W,561,-1.9401398,0.0172,-1.0637664,0.0143,0.0346
C,Y,561,-1.9325333,0.0179306,-1.0535317,0.058,0.0746
R,A,562,-1.9109459,0.0194094,-1.0247899,0.0486,0.0595
R,C,562,-1.86903,0.0172,-0.9702873,0.0031,0.0131
R,D,562,-2.027359,0.0124992,-1.185019,0.0253,0.0415
R,E,562,-1.8241158,0.0141036,-0.9138345,0.0268,0.0429
R,F,562,-1.8426132,0.0172,-0.9368371,0.0048,0.0166
R,G,562,-1.984169,0.0188259,-1.1240907,0.0092,0.0238
R,H,562,-1.7712326,0.023167,-0.8500039,0.036,0.0504
R,I,562,-1.8557816,0.0210168,-0.9534239,0.0251,0.0413
R,K,562,-1.3962822,0.0168211,-0.4816379,0.0401,0.0535
R,L,562,-1.7882233,0.0224282,-0.8701975,0.034,0.0489
R,M,562,-2.0818977,0.0172,-1.2643504,0.0632,0.0687
R,N,562,-1.9256325,0.012943,-1.0442947,0.0286,0.0444
R,P,562,-2.0036087,0.0158658,-1.1513027,0.001,0.0072
R,Q,562,-1.8498077,0.0158658,-0.9458775,0.0861,0.0814
R,S,562,-1.8015938,0.0158127,-0.8862983,0.0445,0.0566
R,T,562,-1.9386063,0.0309057,-1.0616986,0.1195,0.0975
R,V,562,-1.9777412,0.0157327,-1.1151701,0.025,0.0413
R,W,562,-1.8063927,0.0172,-0.892122,0.0038,0.0147
R,Y,562,-2.0360565,0.0224998,-1.1974938,0.004,0.0151
I,A,563,-1.9136086,0.0172,-1.0283106,0.158,0.1605
I,C,563,-1.9622116,0.0172,-1.0937778,0.0042,0.0218
I,D,563,-1.7558289,0.0172,-0.8319556,0.0029,0.0177
I,E,563,-1.5423851,0.0172,-0.60761,0.0105,0.0361
I,F,563,-1.6898766,0.0172,-0.7574903,0.0081,0.0313
I,G,563,-1.6198425,0.0172,-0.6834467,0.0008,0.0089
I,H,563,-1.7502594,0.0172,-0.8254908,0.0023,0.0157
I,K,563,-1.6724243,0.01764,-0.7385525,0.0036,0.0201
I,L,563,-2.028202,0.0222135,-1.1862252,0.0443,0.0797
I,M,563,-1.481926,0.0152582,-0.5528057,0.0177,0.0481
I,N,563,-1.9418869,0.0172,-1.066125,0.002,0.0145
I,P,563,-1.8532753,0.0172,-0.9502535,0.0019,0.0139
I,Q,563,-1.9234085,0.0172,-1.0413276,0.0026,0.0167
I,R,563,-1.7996407,0.0147254,-0.8839349,0.0004,0.0062
I,S,563,-1.8718452,0.0147254,-0.9738933,0.0011,0.0107
I,T,563,-1.8887825,0.0207722,-0.9957548,0.0035,0.0196
I,V,563,-1.2322235,0.0289494,-0.3655221,0.0505,0.0857
I,W,563,-1.7468796,0.0172,-0.8215835,0.0036,0.0199
I,Y,563,-1.6747284,0.0172,-0.7410343,0.002,0.0145
C,A,564,-2.0155602,0.0172,-1.1682051,0.0064,0.0247
C,D,564,-1.8237228,0.0172,-0.9133496,0.006,0.0238
C,E,564,-2.0301476,0.0172,-1.1890113,0.0061,0.0241
C,F,564,-2.0673828,0.01919,-1.2429822,0.0253,0.0526
C,G,564,-2.0512695,0.0222134,-1.2194761,0.0073,0.0265
C,H,564,-1.9060287,0.0172,-1.0183065,0.0205,0.0468
C,I,564,-1.8135223,0.0172,-0.9008178,0.0318,0.0596
C,K,564,-2.1135979,0.0172,-1.3116448,0.0042,0.0195
C,L,564,-1.9095116,0.0172,-1.0228963,0.0133,0.0369
C,M,564,-1.9638023,0.0172,-1.0959586,0.0125,0.0357
C,N,564,-1.9519081,0.0172,-1.0797102,0.1113,0.1187
C,P,564,-1.986866,0.0172,-1.1278451,0.0029,0.0159
C,Q,564,-1.9161758,0.0172,-1.0317115,0.0047,0.0209
C,R,564,-1.9833641,0.0281517,-1.1229716,0.0027,0.0153
C,S,564,-2.1315994,0.0128731,-1.3388771,0.0093,0.0304
C,T,564,-2.0551834,0.0172,-1.2251647,0.0107,0.0327
C,V,564,-1.7441826,0.0172,-0.8184741,0.005,0.0216
C,W,564,-1.9681625,0.0158667,-1.1019485,0.0122,0.0352
C,Y,564,-2.039627,0.0135541,-1.2026345,0.0113,0.0338
I,A,565,-1.9886208,0.0158645,-1.1302915,0.0125,0.0374
I,C,565,-1.8757133,0.0172,-0.9788609,0.0155,0.0421
I,D,565,-1.7232285,0.0172,-0.7945757,0.0037,0.0191
I,E,565,-1.8606644,0.0172,-0.9596185,0.0022,0.0143
I,F,565,-1.9746323,0.0172,-1.1108694,0.0158,0.0425
I,G,565,-1.7403488,0.0172,-0.8140672,0.0005,0.0064
I,H,565,-1.56464,0.0172,-0.6287495,0.0021,0.014
I,K,565,-1.7055702,0.0172,-0.7747946,0.0012,0.0104
I,L,565,-1.7688828,0.0156575,-0.8472347,0.3804,0.2443
I,M,565,-1.7246628,0.02064,-0.7961969,0.0239,0.0534
I,N,565,-1.7709808,0.0147215,-0.8497069,0.0049,0.0222
I,P,565,-1.9054909,0.0172,-1.0175989,0.0006,0.0068
I,Q,565,-1.7242584,0.0172,-0.7957396,0.003,0.0171
I,R,565,-1.8124886,0.0172,-0.8995538,0.0004,0.0059
I,S,565,-1.8448677,0.0158645,-0.9396644,0.0011,0.0099
I,T,565,-1.7737808,0.0248508,-0.8530134,0.0135,0.0389
I,V,565,-1.7155533,0.0192129,-0.7859375,0.0348,0.0656
I,W,565,-1.7742271,0.0172,-0.8535412,0.0121,0.0367
I,Y,565,-1.5867729,0.0172,-0.6502922,0.0163,0.0433
